,Name,Term,ES,NES,NOM p-val,FDR q-val,FWER p-val,Tag %,Gene %,Lead_genes,Tissue,cell_type
0,logFC,E2F Targets,0.749229935538069,2.6971681618872494,0.001,0.001,0.001,38/67,11.13%,STMN1;HMGB2;SMC4;TUBB;DNMT1;HMGA1;RANBP1;DUT;H2AZ1;UBE2S;CBX5;DEK;RBBP7;RFC1;CKS2;JPT1;TMPO;PSIP1;PRKDC;RAN;DDX39A;ANP32E;SLBP;PA2G4;RAD21;LBR;NAA38;DCK;TP53;SMC1A;KPNA2;USP1;PDS5B;NBN;NASP;PRIM2;TFRC;SMC3,Colon,B cell
1,logFC,G2-M Checkpoint,0.6054611904154058,2.2719637152149996,0.001,0.001,0.001,35/77,18.11%,STMN1;SMC4;NSD2;HMGA1;H2AZ1;UBE2S;HMGN2;H2AZ2;CKS2;SNRPD1;JPT1;TMPO;DDX39A;RAD21;LBR;SMC1A;KPNA2;CUL3;ODC1;BUB3;PDS5B;SRSF10;MTF2;NASP;PRIM2;DBF4;RPA2;TOP1;SRSF2;SMARCC1;XPO1;SFPQ;GSPT1;HNRNPD;ILF3,Colon,B cell
2,logFC,TNF-alpha Signaling via NF-kB,-0.5680605714673764,-2.1678139149206053,0.001,0.001,0.001,38/65,25.45%,AREG;KLF2;SLC2A3;CD69;JUNB;FOS;ZBTB10;SMAD3;BTG1;PDE4B;DUSP1;IRF1;PNRC1;SAT1;BIRC3;CD83;PER1;NR4A2;JUN;CD44;NFE2L2;SIK1;NAMPT;ZFP36;KDM6B;FOSB;B4GALT1;IER5;BTG2;EIF1;IER2;MARCKS;NFKB2;GCH1;EGR1;LITAF;NFKBIA;REL,Colon,B cell
3,logFC,Interferon Alpha Response,-0.622152032346051,-2.035324812415905,0.001,0.002406532015470563,0.004,19/31,20.83%,IFITM1;SELL;IFITM2;EPSTI1;IRF1;TXNIP;NUB1;IRF9;PARP14;SAMD9;B2M;CD47;CASP8;SP110;IRF2;HLA-C;BST2;CD74;PSME1,Colon,B cell
4,logFC,KRAS Signaling Dn,-0.7337745078418609,-2.0316699012859174,0.004140786749482402,0.0016043546769803753,0.004,8/15,10.40%,TENT5C;SIDT1;SKIL;PRKN;NR4A2;CAMK1D;SLC16A7;TCL1A,Colon,B cell
5,logFC,Myc Targets V1,0.4918479226090019,2.019422756449566,0.001,0.0010973936899862826,0.004,57/141,19.69%,RANBP1;DUT;H2AZ1;DEK;PRDX3;SNRPD1;LDHA;PSMD1;RAN;CBX3;PA2G4;SRPK1;PSMD14;PSMA4;COX5A;VDAC1;PPM1G;KPNA2;HSPD1;CCT5;SNRPA1;PSMB2;PSMA6;PABPC4;ODC1;USP1;BUB3;CCT2;YWHAQ;YWHAE;PSMB3;PSMD7;ILF2;PPIA;IARS1;TXNL4A;NDUFAB1;UBE2L3;HNRNPR;SRSF2;HNRNPA2B1;DHX15;SMARCC1;XPO1;PSMA7;UBA2;CANX;ERH;EIF4A1;PSMD8;GSPT1;HNRNPD;CCT3;SNRPG;EIF4H;PTGES3;ACP1,Colon,B cell
6,logFC,Oxidative Phosphorylation,0.46706989902746987,1.8439646319974878,0.001,0.009259259259259259,0.041,47/102,26.70%,PRDX3;SLC25A5;LDHA;OGDH;ACADM;COX8A;COX5A;NDUFS8;VDAC1;LDHB;NDUFS6;ATP5MF;ATP5MC3;MRPL11;NDUFB1;NDUFA2;ATP5F1C;NDUFAB1;ATP5F1B;ETFB;NDUFB3;NDUFC2;ATP5F1A;UQCR10;MDH1;ATP5PF;NDUFS7;COX6A1;VDAC2;NDUFA6;NDUFB6;PHB2;ATP5MG;ABCB7;UQCRQ;NDUFB8;ATP5PD;NDUFC1;HADHA;NDUFB4;NDUFA4;ETFA;COX6B1;COX6C;UQCRFS1;NDUFV2;NDUFV1,Colon,B cell
7,logFC,Interferon Gamma Response,-0.4321289566507502,-1.7019367905620952,0.001,0.032187365706918776,0.101,24/73,14.08%,ARL4A;CD69;IFITM2;BTG1;AUTS2;PDE4B;EPSTI1;IRF1;TXNIP;IRF9;GPR18;PARP14;BANK1;MX2;B2M;NAMPT;CASP4;HLA-DQA1;CASP8;SP110;LYSMD2;HLA-A;STAT3;IRF2,Colon,B cell
8,logFC,IL-6/JAK/STAT3 Signaling,-0.5346489934839843,-1.7014212482108138,0.006263048016701462,0.02574989256553502,0.101,13/25,24.45%,IL10RB;IRF1;IFNAR1;JUN;IL2RG;IRF9;CD44;LTB;STAT3;ITGA4;TGFB1;IFNGR1;IL4R,Colon,B cell
9,logFC,Apoptosis,-0.4405895675616708,-1.661422884162095,0.0045045045045045045,0.03790287924366137,0.172,29/56,25.98%,APP;SC5D;CD69;DPYD;BNIP3L;IRF1;TXNIP;PDCD4;SAT1;BIRC3;JUN;CD44;GPX1;CYLD;CASP4;CASP8;LGALS3;PAK1;BTG2;BCL10;ADD1;GPX4;GCH1;CDKN1B;IFNGR1;PSEN1;NEDD9;DNAJC3;ISG20,Colon,B cell
10,logFC,Inflammatory Response,-0.4522859902362738,-1.6047971266004224,0.012684989429175475,0.052943704340352386,0.265,24/42,29.65%,IFITM1;SELL;CD69;PDE4B;GPR132;IRF1;IFNAR1;CD55;EMP3;CD48;NAMPT;RAF1;HIF1A;BTG2;CYBB;BST2;GCH1;IL4R;PSEN1;NFKBIA;IFNGR2;GPR183;CCR7;TAPBP,Colon,B cell
11,logFC,Fatty Acid Metabolism,0.4519037416619183,1.5674836499498725,0.02727272727272727,0.10320987654320989,0.443,14/43,13.32%,YWHAH;H2AZ1;GRHPR;SMS;LDHA;ACADM;S100A10;HSPH1;PRDX6;ODC1;NBN;HSP90AA1;LGALS1;ACSL4,Colon,B cell
12,logFC,Apical Surface,-0.6756244420029057,-1.5297103289337641,0.05458089668615984,0.08994413407821229,0.45,5/8,21.84%,APP;IL2RG;ATP8B1;B4GALT1;ADAM10,Colon,B cell
13,logFC,Epithelial Mesenchymal Transition,-0.5321769217453792,-1.52631966272825,0.05422993492407809,0.08222317719524423,0.458,6/17,8.90%,AREG;SAT1;JUN;EMP3;CD44;NOTCH2,Colon,B cell
14,logFC,Mitotic Spindle,0.38511644928432254,1.4783029596945214,0.02456140350877193,0.16598079561042525,0.686,21/81,14.38%,SMC4;CCDC88A;RFC1;MYO1E;TUBGCP3;SMC1A;CEP192;CNTRL;ABR;NIN;NF1;SPTAN1;YWHAE;CAPZB;CDK5RAP2;SMC3;CLIP1;TRIO;RICTOR;STK38L;PREX1,Colon,B cell
15,logFC,Spermatogenesis,0.5273763828573613,1.4325812863386842,0.0779467680608365,0.19188712522045856,0.789,6/17,10.79%,MAST2;TOPBP1;CAMK4;LPIN1;TLE4;DBF4,Colon,B cell
16,logFC,Estrogen Response Early,-0.4232222188132878,-1.401804554696995,0.07112068965517242,0.17904598195100987,0.761,9/31,10.65%,AREG;FOS;FCMR;ABLIM1;CHPT1;AFF1;CD44;KDM4B;TFF3,Colon,B cell
17,logFC,Hedgehog Signaling,0.7166342554415741,1.3857613708103886,0.11608961303462322,0.2205761316872428,0.865,2/5,8.37%,CDK6;NF1,Colon,B cell
18,logFC,Apical Junction,0.41859148767330856,1.3504898863440342,0.10408921933085502,0.2412437128486511,0.914,8/36,10.96%,YWHAH;CD86;ARPC2;ACTG1;NF1;PFN1;GNAI2;SYK,Colon,B cell
19,logFC,Glycolysis,0.3991638112695671,1.3474994643578038,0.08984375,0.22082304526748972,0.918,12/45,14.97%,STMN1;EXT1;PKM;HS2ST1;LDHA;PGAM1;TPI1;NASP;PPIA;UGP2;ENO1;FUT8,Colon,B cell
20,logFC,Notch Signaling,-0.6542721363394794,-1.3382062144144773,0.1328125,0.24218463101144663,0.874,3/6,8.90%,MAML2;FBXW11;NOTCH2,Colon,B cell
21,logFC,UV Response Dn,-0.36176382233320653,-1.3094553058648046,0.08962264150943396,0.2634149835267154,0.916,18/46,27.68%,SMAD3;DUSP1;NEK7;NOTCH2;RASA2;CELF2;AKT3;TGFBR2;RUNX1;PHF3;FYN;MAP2K5;CDKN1B;SIPA1L1;GRK5;SPOP;ADD3;PDLIM5,Colon,B cell
22,logFC,Estrogen Response Late,-0.4042771036193749,-1.3006017469803282,0.13934426229508196,0.25611054180027104,0.926,9/28,13.27%,AREG;FOS;CHPT1;PDCD4;AFF1;CD44;TFF3;LARGE1;ZFP36,Colon,B cell
23,logFC,Cholesterol Homeostasis,0.45323105249051526,1.298630793626685,0.16061185468451242,0.258211747100636,0.953,7/21,13.66%,NIBAN1;FABP5;ANXA5;ACTG1;ALCAM;FDPS;SREBF2,Colon,B cell
24,logFC,mTORC1 Signaling,0.34396622416308,1.2899413894907519,0.0994671403197158,0.2470507544581619,0.959,20/81,11.85%,NIBAN1;GAPDH;LDHA;DDX39A;PSMD14;PSMA4;TCEA1;TPI1;HSPD1;PRDX1;ACTR3;TBK1;PSMD13;HSPA4;TFRC;PPA1;GSK3B;STIP1;PPIA;ARPC5L,Colon,B cell
25,logFC,Angiogenesis,-0.6628327814548726,-1.2866169154194549,0.17857142857142858,0.2546626557799742,0.935,1/5,0.45%,APP,Colon,B cell
26,logFC,UV Response Up,-0.3594988570727868,-1.2366341599566628,0.13636363636363635,0.3108437186649477,0.976,16/38,28.26%,JUNB;FOS;BTG1;IRF1;PPP1R2;AGO2;FOSB;CCND3;BTG2;HLA-F;DDX21;GCH1;SELENOW;NFKBIA;NUP58;TMBIM6,Colon,B cell
27,logFC,Myc Targets V2,0.45391234273945374,1.1556014066659634,0.27422680412371137,0.41918328584995246,0.995,3/13,6.87%,CBX3;PA2G4;HSPD1,Colon,B cell
28,logFC,Hypoxia,-0.30531059810758826,-1.1398685687241867,0.22784810126582278,0.4541577137945853,0.997,10/52,6.40%,PLAC8;SLC2A3;FOS;BTG1;BNIP3L;CXCR4;DUSP1;PNRC1;JUN;DDIT4,Colon,B cell
29,logFC,Reactive Oxygen Species Pathway,-0.3771263876750855,-1.124765448552192,0.2927835051546392,0.4574534239995956,0.997,5/21,13.66%,JUNB;PDLIM1;FTL;HHEX;PRNP,Colon,B cell
30,logFC,KRAS Signaling Up,-0.32588843128884337,-1.1070730972886116,0.29411764705882354,0.4672014515589934,0.998,11/36,16.36%,CXCR4;PIGR;CD37;BIRC3;IL2RG;CCSER2;ITGB2;LAPTM5;SDCCAG8;MAP3K1;STRN,Colon,B cell
31,logFC,heme Metabolism,-0.29702125402339613,-1.0946434380225794,0.2946236559139785,0.4669938705810508,0.999,18/53,20.14%,TENT5C;YPEL5;BNIP3L;NEK7;CIR1;KDM7A;ELL2;SDCBP;CAST;FBXO34;MARCHF8;CLCN3;USP15;DCAF10;CCND3;BTG2;TNRC6B;ADD1,Colon,B cell
32,logFC,Allograft Rejection,-0.27436677927596065,-1.0890882217230342,0.29336734693877553,0.4533906317146541,0.999,34/76,30.15%,IL2RG;RPL9;ITGB2;HLA-DOA;RPS3A;RPS9;GPR65;B2M;RPL39;CD79A;LTB;RPS19;CD47;HLA-DRA;HLA-DQA1;HLA-A;HLA-E;HIF1A;LY86;EIF3D;CCND3;BCL10;CD74;HLA-DOB;TGFB1;IFNGR1;IL4R;HLA-DMA;MRPL3;IFNGR2;GALNT1;CTSS;TAPBP;IL16,Colon,B cell
33,logFC,Adipogenesis,0.29574829042078915,1.0678145054568375,0.3524305555555556,0.5599647266313933,1.0,21/61,22.03%,TKT;PRDX3;RTN3;ACADM;COX8A;CCNG2;SSPN;UBQLN1;NDUFAB1;ETFB;UQCR10;DDT;HIBCH;COX6A1;YWHAG;TALDO1;UCP2;UQCRQ;DNAJC15;NABP1;REEP5,Colon,B cell
34,logFC,Wnt-beta Catenin Signaling,0.514277154798174,1.0407649506694583,0.4186991869918699,0.575528120713306,1.0,3/6,27.76%,TP53;ADAM17;RBPJ,Colon,B cell
35,logFC,Coagulation,0.43195469715209717,1.0401433664715871,0.3932806324110672,0.5407407407407407,1.0,6/10,24.23%,PLEK;CTSH;WDR1;RAC1;LGMN;GNB2,Colon,B cell
36,logFC,p53 Pathway,-0.28308655614218714,-1.0346426239302473,0.365702479338843,0.5376307119323879,1.0,24/50,24.81%,APP;FOS;BTG1;DEF6;TXNIP;SAT1;JUN;DDIT4;RPS12;PRMT2;RPL18;FAM162A;KIF13B;RPL36;IER5;CCND3;BTG2;RACK1;ZFP36L1;TGFB1;RB1;CCNK;PPM1D;RHBDF2,Colon,B cell
37,logFC,IL-2/STAT5 Signaling,-0.2888653581711756,-1.024607236812286,0.3927765237020316,0.5324452084228621,1.0,13/47,15.99%,ARL4A;SELL;SLC2A3;SNX9;CD83;BMPR2;CD44;CD48;GPR65;LTB;PRNP;ADAM19;AHNAK,Colon,B cell
38,logFC,PI3K/AKT/mTOR  Signaling,0.2963145317543775,1.0189830436363465,0.4227353463587922,0.5470346163156621,1.0,16/47,23.00%,CAMK4;PFN1;ACTR3;CFL1;TBK1;MAPKAP1;MAP3K7;GSK3B;CAB39;RAC1;SMAD2;CLTC;CSNK2B;AP2M1;PPP1CA;ACTR2,Colon,B cell
39,logFC,Myogenesis,-0.33631285133930255,-1.0068416503927908,0.4598393574297189,0.5427252854019917,1.0,5/22,13.66%,APP;ABLIM1;BIN1;LARGE1;PRNP,Colon,B cell
40,logFC,Pancreas Beta Cells,-0.4686927960484885,-0.9996152356505458,0.4760956175298805,0.53384901876522,1.0,3/7,21.50%,AKT3;SPCS1;FOXO1,Colon,B cell
41,logFC,Bile Acid Metabolism,-0.3555311830615693,-0.9581830943225891,0.5117647058823529,0.5906110872367856,1.0,3/15,5.87%,NR3C2;HSD17B11;PNPLA8,Colon,B cell
42,logFC,Complement,0.26676526886322316,0.9301450179219741,0.5557586837294333,0.6882944673068129,1.0,9/51,10.07%,CALM3;PLEK;RASGRP1;ANXA5;CTSH;EHD1;PFN1;USP14;GNAI2,Colon,B cell
43,logFC,Androgen Response,0.27094342040494046,0.9084031519619853,0.6022514071294559,0.6947801602772363,1.0,5/41,4.67%,STK39;UBE2J1;SMS;PA2G4;CDK6,Colon,B cell
44,logFC,TGF-beta Signaling,-0.2705589484345938,-0.8496543336455188,0.7065462753950339,0.7724504975042147,1.0,5/28,9.46%,JUNB;SMAD3;SKIL;BMPR2;SPTBN1,Colon,B cell
45,logFC,Pperoxisome,0.2662829502966139,0.8071820482100309,0.75390625,0.8419753086419753,1.0,5/25,15.69%,YWHAH;PRDX1;FDPS;ACSL4;SMARCC1,Colon,B cell
46,logFC,Unfolded Protein Response,-0.20322949398974632,-0.7211300897141353,0.9311111111111111,0.9259800410638399,1.0,14/46,28.96%,DNAJB9;DDIT4;HSP90B1;RPS14;SSR1;DDX10;DCP1A;SPCS1;HERPUD1;DNAJC3;EIF2AK3;SLC30A5;EIF4E;HSPA9,Colon,B cell
47,logFC,Xenobiotic Metabolism,-0.22148074530611236,-0.6852134954428126,0.896328293736501,0.9247099269445638,1.0,10/27,29.40%,FABP1;DHRS7;SPINT2;TPST1;GCH1;CYFIP2;PDLIM5;TMBIM6;ELOVL5;MARCHF6,Colon,B cell
48,logFC,DNA Repair,0.18801258533419615,0.6597709629595738,0.9567567567567568,0.9811091514795217,1.0,17/54,24.65%,DUT;MPC2;TP53;RALA;POLR2J;RBX1;RPA2;RPA3;POLR2E;RRM2B;TAF10;HCLS1;XPC;GTF2A2;ADRM1;DGUOK;ARL6IP1,Colon,B cell
49,logFC,Protein Secretion,0.17637309937795811,0.6161636017123666,0.9722222222222222,0.9607557052001496,1.0,24/53,35.72%,ANP32E;SSPN;AP2S1;SNAP23;TPD52;RAB14;DOP1A;COPE;CLTC;AP2M1;AP1G1;CLTA;STX16;COPB2;STX12;AP3S1;ARFGEF2;SGMS1;AP2B1;ARF1;TMED10;SOD1;GBF1;TMX1,Colon,B cell
0,logFC,Oxidative Phosphorylation,0.7142248566403521,3.185625467065724,0.001,0.001,0.001,79/105,22.16%,ATP5F1D;NDUFAB1;NDUFB3;ATP5MC3;ISCU;COX5A;GPX4;NDUFA3;ATP5F1E;COX6B1;PHB2;MDH2;ATP5MC2;ATP5MG;COX6A1;ATP5PF;COX6C;ATP5MC1;SLC25A6;UQCRH;ATP6V1G1;NDUFA6;COX7C;NDUFB5;NDUFA4;NDUFB2;NDUFS6;LDHB;NDUFS8;ATP5F1C;ATP5ME;ATP5PD;VDAC1;NDUFB8;UQCRB;NDUFB4;SLC25A5;COX4I1;COX5B;ATP5PO;NDUFS7;COX7B;ATP6V1F;ATP6V0B;ATP5MF;VDAC2;UQCR11;NDUFC1;NDUFC2;NDUFA2;ECH1;COX7A2;NDUFV2;UQCR10;ATP5F1A;COX8A;NDUFB7;TOMM22;MGST3;ETFB;UQCRQ;NDUFA1;ATP5F1B;COX17;SLC25A3;ATP6V0E1;LDHA;ATP6V0C;SUCLG1;POLR2F;ATP6V1D;IDH2;BAX;NDUFB1;NDUFB6;COX7A2L;ATP5PB;VDAC3;CYCS,Colon,CD4T
1,logFC,Myc Targets V1,0.5860589570714265,2.6989440320572804,0.001,0.001,0.001,87/133,30.58%,C1QBP;NDUFAB1;COX5A;NHP2;RPS2;RPS5;RPLP0;DUT;PCBP1;SNRPD2;PSMA7;PHB2;RACK1;RPL14;RPS6;RPL6;RPL18;RPS3;EEF1B2;RPS10;RPL22;RANBP1;PSMA2;PSMD8;FBL;RPL34;PSMA6;VDAC1;SSBP1;PPIA;LSM7;NPM1;PA2G4;EIF3D;PSMB3;RAN;CBX3;HNRNPA1;PSMA4;SNRPG;SET;ERH;SERBP1;EPRS1;SLC25A3;LDHA;SNRPB2;SNRPD3;SNRPD1;CCT7;EIF2S2;EIF4H;HSP90AB1;TUFM;DEK;UBE2L3;H2AZ1;PPM1G;ILF2;TXNL4A;HSPE1;VDAC3;PSMB2;PSMD7;ACP1;EIF4A1;CCT3;CCT5;NOP56;PSMC6;GLO1;CLNS1A;RSL1D1;BUB3;SRSF1;CNBP;PGK1;EIF4G2;U2AF1;EIF1AX;HNRNPR;GNL3;ABCE1;RAD23B;CCT4;DDX21;HNRNPU,Colon,CD4T
2,logFC,Interferon Alpha Response,0.6367876617995066,2.2581976771710828,0.001,0.001,0.001,13/30,16.31%,PSME1;PSMB8;PSME2;LY6E;PSMB9;IFITM2;ISG20;HLA-C;IFITM1;B2M;ISG15;BST2;TXNIP,Colon,CD4T
3,logFC,UV Response Dn,-0.4648727781512306,-2.1678876118843746,0.001,0.0018942981625307822,0.003,31/53,26.98%,ATXN1;MAP2K5;DYRK1A;GRK5;PRKCA;SIPA1L1;SCAF8;FYN;SMAD3;AKT3;RUNX1;SYNJ2;ADD3;ATP2B1;PIK3CD;PRKCE;BCKDHB;CDK13;PRDM2;NR1D2;NR3C1;CELF2;PTEN;ABCC1;RASA2;IGF1R;TGFBR2;INPP4B;SYNE1;TOGARAM1;ATP2B4,Colon,CD4T
4,logFC,DNA Repair,0.5169644922404597,1.9878294144249904,0.001,0.0023417147206041622,0.008,22/45,19.32%,APRT;GUK1;GPX4;DUT;POLR2J;GTF2A2;POLR2K;DAD1;POLE4;POLR1D;EDF1;MPC2;POLR3GL;NME3;COX17;RBX1;TMED2;BCAP31;EIF1B;RPA3;VPS28;POLR2F,Colon,CD4T
5,logFC,Allograft Rejection,0.44850748034394744,1.938403622109101,0.001,0.0023417147206041622,0.01,45/83,31.98%,LTB;CAPG;WAS;RPS9;PSMB10;RPS19;TIMP1;RPL39;RPS3A;RPL9;CD40LG;CD3E;CD3D;EIF5A;NPM1;EIF3D;SOCS1;B2M;GZMA;CD7;CD3G;IL2RG;HLA-A;CCL5;HCLS1;HLA-E;CD2;PTPN6;CD4;CSK;GPR65;LCK;CD74;FLNA;ITGB2;TRAT1;IL2RA;ABCE1;ZAP70;CCND2;IL2RB;IL16;EIF3A;CTSS;IL27RA,Colon,CD4T
6,logFC,Adipogenesis,0.4824298679640655,1.934449454665882,0.001,0.001951428933836802,0.01,29/57,23.62%,CHCHD10;NDUFAB1;TALDO1;GPX4;MDH2;COX6A1;SOD1;ATP5PO;COX7B;UQCR11;PLIN2;ECH1;UQCR10;COX8A;NDUFB7;MGST3;ETFB;DHRS7;UQCRQ;DDT;UCP2;UBC;SUCLG1;ARL4A;GHITM;STOM;REEP5;SCP2;CMPK1,Colon,CD4T
7,logFC,Reactive Oxygen Species Pathway,0.5906274254843286,1.9091387052500333,0.001,0.0028435107321621972,0.017,11/21,17.66%,GPX4;LAMTOR5;NDUFA6;SOD1;NDUFB4;PRDX2;TXN;FTL;JUNB;PRDX1;LSP1,Colon,CD4T
8,logFC,mTORC1 Signaling,0.4177433694802235,1.7785770391925095,0.001,0.014928431343851535,0.096,52/80,35.57%,SDF2L1;CORO1A;ENO1;GAPDH;ATP5MC1;PPIA;PPA1;SERP1;PDAP1;PSMA4;TPI1;EPRS1;TCEA1;CALR;LDHA;DDIT4;PRDX1;TUBA4A;CTSC;PSMD13;ACTR3;EIF2S2;SSR1;ATP6V1D;HSPE1;UFM1;BHLHE40;CACYBP;PSMC6;XBP1;M6PR;PGK1;SEC11A;ITGB2;ERO1A;ACTR2;CCT6A;NMT1;HSP90B1;CXCR4;HSPA5;PPP1R15A;CANX;CYB5B;PSMD12;BTG2;PNP;PSMD14;PSMA3;UBE2D3;TXNRD1;HSPD1,Colon,CD4T
9,logFC,E2F Targets,0.42714480677130523,1.6806038225704543,0.005657708628005658,0.039548959725759184,0.254,23/51,27.10%,DUT;RANBP1;POLE4;PA2G4;RAN;CTCF;SNRPB;ANP32E;TUBB;HMGB2;RPA3;DEK;H2AZ1;DNMT1;PSIP1;LYAR;JPT1;TMPO;NAA38;NOP56;RAD21;SRSF1;PNN,Colon,CD4T
10,logFC,Myc Targets V2,0.5922218966388655,1.6442442861988829,0.019543973941368076,0.05292275268565407,0.356,8/12,28.94%,NPM1;PA2G4;CBX3;HSPE1;NOP56;GNL3;DUSP2;WDR43,Colon,CD4T
11,logFC,Interferon Gamma Response,0.39095254128217855,1.6431862470160912,0.010471204188481676,0.04853735966343173,0.359,23/76,17.07%,PSME1;PSMB8;PSME2;LY6E;PSMB9;VAMP8;PSMB10;PSMA2;IFITM2;SRI;NFKBIA;MT2A;ISG20;SOCS1;B2M;GZMA;ISG15;HLA-B;HLA-A;BST2;TXNIP;CCL5;VAMP5,Colon,CD4T
12,logFC,Epithelial Mesenchymal Transition,0.4950524244959067,1.6237552684227554,0.02821316614420063,0.05249343832020997,0.397,7/24,11.37%,IL32;CAPG;VIM;TIMP1;LGALS1;EMP3;PPIB,Colon,CD4T
13,logFC,p53 Pathway,0.39050477357832863,1.5719378413769105,0.02857142857142857,0.07205276063397423,0.515,23/56,24.99%,S100A4;ISCU;RPS12;RACK1;VAMP8;RPL18;HINT1;RPL36;LDHB;S100A10;SOCS1;H1-2;RPS27L;TXNIP;DDIT4;CD81;BTG1;BAX;STOM;SLC3A2;JUN;DCXR;FAM162A,Colon,CD4T
14,logFC,Inflammatory Response,0.3934800265704592,1.5382435627481472,0.02556818181818182,0.08563985263923794,0.61,25/50,33.82%,LY6E;TIMP1;SRI;NFKBIA;EMP3;CD48;IFITM1;RHOG;BST2;CCL5;CCL20;CXCR6;LCK;SELENOS;RGS1;GPR183;IL7R;IL18R1;PSEN1;ATP2C1;IL2RB;PTGER4;KCNA3;TAPBP;BTG2,Colon,CD4T
15,logFC,Cholesterol Homeostasis,0.5039528298144286,1.518566811579997,0.04560260586319218,0.09273190293592483,0.676,6/17,12.63%,ACTG1;S100A11;ANXA5;PNRC1;ECH1;PMVK,Colon,CD4T
16,logFC,Glycolysis,0.38007650591692727,1.4701519909970397,0.03468208092485549,0.12030559377103883,0.78,16/43,20.61%,PGLS;MIF;TALDO1;ENO1;PKM;MDH2;SOD1;PPIA;TXN;ISG20;TPI1;LDHA;DDIT4;CITED2;PGAM1;HAX1,Colon,CD4T
17,logFC,Mitotic Spindle,-0.29606442684121576,-1.4643990057924592,0.009389671361502348,0.23931300119972215,0.523,45/76,44.34%,CLASP1;ABL1;DOCK2;ARFGEF1;PREX1;NCK2;CSNK1D;ARHGEF3;CEP192;SSH2;ARHGAP10;NEDD9;ARHGAP5;LATS1;MYO9B;DYNC1H1;EPB41;EZR;ROCK1;AKAP13;TLK1;RASA2;STAU1;CLIP1;RAPGEF6;NF1;HOOK3;RICTOR;ACTN4;KLC1;RASA1;NCK1;KIFAP3;SPTAN1;SOS1;CDK5RAP2;APC;YWHAE;PAFAH1B1;RANBP9;DLG1;PCM1;RABGAP1;CDC27;PCGF5,Colon,CD4T
18,logFC,Angiogenesis,0.7410989188110633,1.4505334961057212,0.0695970695970696,0.12913867944508248,0.818,2/4,5.32%,S100A4;TIMP1,Colon,CD4T
19,logFC,Pperoxisome,0.4415904737010285,1.4456086671791923,0.07704160246533127,0.12625745201924107,0.834,10/22,23.21%,YWHAH;PRDX5;SOD1;TSPO;ECH1;FIS1;PRDX1;GSTK1;IDH2;SCP2,Colon,CD4T
20,logFC,Apical Junction,0.383363169427224,1.4201782754230932,0.08251748251748252,0.13816116851564558,0.867,16/36,25.69%,PFN1;ACTG1;YWHAH;RAC2;ACTB;MYL12B;GNAI2;ICAM2;CAP1;ARPC2;CNN2;TIAL1;RHOF;VASP;CD99;ADAM23,Colon,CD4T
21,logFC,Fatty Acid Metabolism,0.3783312197121517,1.374653785477441,0.08588957055214724,0.1727600035125721,0.931,13/35,22.71%,MIF;PSME1;YWHAH;MDH2;LGALS1;OSTC;ERP29;S100A10;ECH1;LDHA;SUCLG1;H2AZ1;PRDX6,Colon,CD4T
22,logFC,Unfolded Protein Response,0.3451349899471483,1.3647557545577924,0.08100558659217877,0.17423472623542874,0.942,25/48,32.59%,NHP2;RPS14;PDIA6;BANF1;NPM1;LSM4;SERP1;SPCS1;EEF2;CALR;DDIT4;SPCS3;SSR1;SRPRA;EIF4A1;NOP56;XBP1;SEC11A;ERO1A;EIF4A2;EIF4A3;HERPUD1;HSP90B1;HSPA5;ATF4,Colon,CD4T
23,logFC,Hypoxia,0.3232572874010347,1.3149062516596846,0.09562841530054644,0.22065339162783765,0.975,30/61,33.94%,MIF;S100A4;ENO1;GAPDH;PRDX5;MT2A;ISG20;PNRC1;PLIN2;TPI1;LDHA;DDIT4;ANXA2;CITED2;JMJD6;BTG1;ZFP36;BHLHE40;JUN;FAM162A;PGK1;DUSP1;ERO1A;UGP2;CXCR4;HSPA5;PPP1R15A;FOS;ETS1;TNFAIP3,Colon,CD4T
24,logFC,KRAS Signaling Dn,-0.4264322142368879,-1.2972937164175646,0.16666666666666666,0.4100103134011071,0.842,6/13,17.28%,DTNB;PRKN;CAMK1D;SLC16A7;CDKAL1;NR4A2,Colon,CD4T
25,logFC,Coagulation,0.4793722576084881,1.2876035700475212,0.18211920529801323,0.2439964925186033,0.987,4/11,14.97%,ISCU;TIMP1;CAPN2;RAC1,Colon,CD4T
26,logFC,Hedgehog Signaling,-0.6351897790233583,-1.2652907427963849,0.1905781584582441,0.3607059417819031,0.873,3/4,33.76%,NF1;CDK6;RASA1,Colon,CD4T
27,logFC,Xenobiotic Metabolism,0.35989163848289607,1.2589414315893437,0.14203730272596843,0.2693459785928246,0.991,12/30,25.17%,PSMB10;GSTO1;MT2A;ECH1;DHRS7;TMBIM6;DDT;SSR3;ACP1;SAR1B;DCXR;ID2,Colon,CD4T
28,logFC,UV Response Up,0.3257465076743719,1.2268859364710871,0.18695652173913044,0.30254954190205774,0.997,21/43,33.82%,AP2S1;NFKBIA;CLTB;ATP6V1F;SELENOW;PDAP1;TMBIM6;JUNB;TUBA4A;AQP3;BTG1;HLA-F;BSG;EIF2S3;CDC5L;DDX21;HNRNPU;DNAJA1;CYB5B;FOS;BTG2,Colon,CD4T
29,logFC,Complement,0.3059223697013235,1.1970218497875569,0.20027063599458728,0.33166786379326263,0.999,14/52,19.38%,PFN1;CALM3;PSMB9;WAS;TIMP1;ANXA5;CD40LG;CALM1;GZMA;RHOG;GNAI2;CCL5;CTSC;LGALS3,Colon,CD4T
30,logFC,Notch Signaling,-0.510270419521039,-1.184177183738435,0.284796573875803,0.42179705752352087,0.951,3/6,7.02%,PRKCA;FBXW11;MAML2,Colon,CD4T
31,logFC,Apoptosis,0.2846976998130112,1.1516912526677454,0.2435723951285521,0.3907628027289649,1.0,16/62,25.43%,GPX4;GPX1;TIMP1;SOD1;TSPO;HSPB1;ISG20;VDAC2;TXNIP;BCAP31;HMGB2;LGALS3;BAX;CD2;JUN;SATB1,Colon,CD4T
32,logFC,Wnt-beta Catenin Signaling,-0.4254006019357507,-1.1307807211404586,0.32407407407407407,0.4450548294079266,0.981,4/8,30.49%,CUL1;CTNNB1;ADAM17;LEF1,Colon,CD4T
33,logFC,Estrogen Response Early,-0.25621251517837684,-1.0398409805388373,0.39880952380952384,0.5562922270632065,0.995,15/31,42.06%,MED13L;B4GALT1;ADD3;AFF1;BCL2;NRIP1;IL6ST;IGF1R;RRP12;ELF1;ELOVL5;SLC7A5;FKBP5;TFF3;CD44,Colon,CD4T
34,logFC,IL-2/STAT5 Signaling,0.24689386312850437,1.0318525011776938,0.41719342604298354,0.5944191920247888,1.0,13/73,15.84%,LTB;GPX4;TNFRSF4;CAPG;GSTO1;CD48;PLIN2;SOCS1;HOPX;GLIPR2;PHLDA1;CST7;BATF,Colon,CD4T
35,logFC,Pancreas Beta Cells,0.41811236755331116,1.018062224239242,0.4421052631578947,0.5998019636085421,1.0,3/8,16.87%,SRP14;SPCS1;SRP9,Colon,CD4T
36,logFC,PI3K/AKT/mTOR  Signaling,0.25746608016735495,0.9700609629471774,0.523943661971831,0.6736722965391407,1.0,12/45,19.53%,PFN1;ARPC3;CFL1;YWHAB;PPP1CA;CSNK2B;RAC1;IL2RG;ARHGDIA;CALR;ACTR3;AP2M1,Colon,CD4T
37,logFC,Estrogen Response Late,0.22276790850900802,0.7853590612890099,0.7803030303030303,1.0,1.0,10/29,26.02%,COX6C;ISG20;ETFB;BATF;IDH2;PTPN6;ZFP36;DCXR;ID2;XBP1,Colon,CD4T
38,logFC,heme Metabolism,-0.1695859733100445,-0.7759925724215144,0.8475836431226765,1.0,1.0,14/52,21.31%,FBXO34;TFDP2;TFRC;FOXO3;ELL2;AGPAT4;DCAF10;MARK3;KDM7A;EPB41;USP15;CCND3;NR3C1;TNRC6B,Colon,CD4T
39,logFC,IL-6/JAK/STAT3 Signaling,0.22571674747673162,0.7757932003088586,0.7820895522388059,0.9980095424874864,1.0,8/27,29.90%,LTB;SOCS1;IL2RG;HAX1;SOCS3;JUN;IL2RA;IL18R1,Colon,CD4T
40,logFC,Spermatogenesis,0.25012815174521885,0.7629648343039922,0.7754777070063694,0.990509846289491,1.0,2/17,3.30%,TALDO1;PEBP1,Colon,CD4T
41,logFC,Bile Acid Metabolism,0.24982190126639778,0.7436315287476313,0.7959866220735786,0.9894777803988146,1.0,6/15,24.17%,PRDX5;SOD1;GSTK1;IDH2;SCP2;LCK,Colon,CD4T
42,logFC,Apical Surface,-0.24509592478799563,-0.6601647822371685,0.8952380952380953,1.0,1.0,5/9,28.12%,ADIPOR2;B4GALT1;NCOA6;ADAM10;CRYBG1,Colon,CD4T
43,logFC,G2-M Checkpoint,-0.12487694610292473,-0.6240384977578748,0.9959514170040485,0.9575677211593104,1.0,7/70,9.56%,SLC12A2;ABL1;CUL5;CUL3;SMARCC1;SMAD3;PRIM2,Colon,CD4T
44,logFC,KRAS Signaling Up,0.1566970452501676,0.5969880473394482,0.9776847977684798,1.0,1.0,21/46,33.94%,PSMB8;GYPC;LAPTM5;PRDM1;IL2RG;LCP1;CCL20;CD37;ID2;SATB1;ITGB2;IL7R;ERO1A;GFPT2;CCND2;CXCR4;CTSS;PPP1R15A;BIRC3;ETS1;TNFAIP3,Colon,CD4T
45,logFC,Myogenesis,0.1804848264793468,0.5530145922500749,0.9692058346839546,1.0,1.0,5/17,29.70%,TPM3;LSP1;BHLHE40;GABARAPL2;EIF4A2,Colon,CD4T
46,logFC,Androgen Response,0.14837871601880298,0.5468331393439764,0.9791976225854383,1.0,1.0,10/40,26.83%,MYL12A;PA2G4;DBI;B2M;TMEM50A;SPCS3;VAPA;MAF;XRCC5;UBE2J1,Colon,CD4T
47,logFC,Protein Secretion,0.1327051863210582,0.5312202483694676,0.9945578231292517,1.0,1.0,13/55,26.86%,AP2S1;SOD1;ANP32E;CD63;TMED2;CTSC;AP2M1;COPE;CLTA;RAB14;ARFGAP3;ARF1;M6PR,Colon,CD4T
48,logFC,TNF-alpha Signaling via NF-kB,0.12650977965222931,0.5310006727342793,0.9974259974259975,1.0,1.0,26/78,33.94%,NFKBIA;EIF1;PNRC1;PHLDA1;JUNB;CCL5;KLF2;BTG1;CCL20;SOCS3;ZFP36;BHLHE40;JUN;ID2;GPR183;DUSP1;DUSP2;IL7R;SIK1;GFPT2;PPP1R15A;PTGER4;BIRC3;FOS;BTG2;TNFAIP3,Colon,CD4T
49,logFC,TGF-beta Signaling,0.146752816887478,0.4733316553989406,0.9937597503900156,0.9964581564850862,1.0,4/23,15.99%,PPP1CA;FKBP1A;RHOA;JUNB,Colon,CD4T
0,logFC,E2F Targets,0.8802973712490482,3.047603892541935,0.001,0.001,0.001,151/195,8.71%,KIF18B;GINS4;CDK1;DIAPH3;BUB1B;MYBL2;RRM2;BRCA2;KIF2C;CIT;RAD51AP1;AURKB;ASF1B;DEPDC1;PLK1;DSCC1;KIF4A;CDCA3;MELK;ORC6;TCF19;TK1;BRCA1;HMMR;MKI67;DLGAP5;CENPM;E2F8;PLK4;TOP2A;HELLS;TRIP13;RFC3;TACC3;CDC20;SPAG5;MAD2L1;CENPE;BIRC5;ATAD2;TIMELESS;STMN1;LIG1;CDKN3;GINS1;RACGAP1;UBE2T;POLA2;MCM2;MCM6;CDCA8;MCM5;HMGB2;PSMC3IP;MCM7;CHEK1;SPC24;PTTG1;MCM4;PCNA;CDC25A;CCNB2;MMS22L;MCM3;DNMT1;CCNE1;RFC2;SMC4;DCLRE1B;MXD3;BARD1;SPC25;LMNB1;TUBB;CDKN2C;NCAPD2;CHEK2;POLE;DONSON;WDR90;PSIP1;EZH2;H2AZ1;POLD1;DUT;CDC25B;CKS1B;NUP107;NASP;PRIM2;CSE1L;TUBG1;SHMT1;RAD51C;CTPS1;RANBP1;TMPO;NAP1L1;UNG;H2AX;USP1;RPA2;TIPIN;LYAR;MRE11;RPA1;CBX5;CDK4;POLD2;MSH2;ANP32E;CKS2;KPNA2;DEK;RPA3;SLBP;WEE1;EXOSC8;PRKDC;MTHFD2;UBE2S;SMC1A;PRPS1;PAICS;POLD3;NOP56;NUP205;KIF22;AURKA;RFC1;RBBP7;SMC3;DDX39A;SSRP1;RAD1;RAD21;MLH1;HMGA1;DCK;NOLC1;PA2G4;TP53;SNRPB;PDS5B;RAN;LBR;XPO1;BRMS1L;UBR7;CNOT9;NME1,Colon,Crypt stem cell
1,logFC,G2-M Checkpoint,0.8428891099935195,2.9466199528346735,0.001,0.001,0.001,106/195,7.75%,EXO1;TTK;NDC80;NEK2;POLQ;CDC45;CDK1;MYBL2;UBE2C;BRCA2;KIF15;KIF2C;PBK;AURKB;BUB1;PLK1;CCNA2;NUSAP1;KIF4A;KIF11;PRC1;ORC6;KNL1;HMMR;RAD54L;MKI67;CDC6;PLK4;TOP2A;TACC3;CDC20;GINS2;MAD2L1;TPX2;E2F1;CENPE;BIRC5;CCNF;STMN1;TRAIP;KIF20B;CDKN3;CDC7;RACGAP1;POLA2;MCM2;MCM6;MCM5;CENPF;SMC2;CHEK1;CHAF1A;FBXO5;PTTG1;CDC25A;CCNB2;MCM3;RBL1;TROAP;SMC4;INCENP;BARD1;CENPA;LMNB1;CDKN2C;DTYMK;STIL;POLE;KIF23;MAP3K20;EZH2;H2AZ1;CDC25B;CKS1B;SAP30;NASP;PRIM2;TMPO;H2AX;RPA2;FANCC;CDK4;NSD2;CKS2;E2F2;KPNA2;UBE2S;SMC1A;TFDP1;DBF4;SLC7A5;ODF2;HMGN2;KIF22;DKC1;AURKA;CASP8AP2;DDX39A;RAD21;HMGA1;BUB3;KPNB1;NOLC1;E2F3;SNRPD1;PDS5B,Colon,Crypt stem cell
2,logFC,Mitotic Spindle,0.723410631983232,2.5243301955339486,0.001,0.001,0.001,54/190,6.66%,TTK;NDC80;ANLN;NEK2;CDK1;BRCA2;KIF15;KIF2C;BUB1;PLK1;NUSAP1;KIF4A;KIF11;PRC1;DLGAP5;TOP2A;TPX2;CENPE;BIRC5;KIF20B;RACGAP1;KNTC1;CENPJ;CENPF;FBXO5;ECT2;CCNB2;SMC4;SASS6;INCENP;TIAM1;LMNB1;KIF23;ARAP3;CEP72;CNTRL;CEP131;CDK5RAP2;SAC3D1;GEMIN4;TUBGCP3;PKD2;SMC1A;TBCD;CKAP5;FSCN1;KIF22;CEP250;CNTROB;AURKA;RFC1;SMC3;MYH10;CEP192,Colon,Crypt stem cell
3,logFC,Spermatogenesis,0.7411040812895197,2.251177381471356,0.001,0.001,0.001,19/68,5.85%,TTK;NEK2;CDK1;NCAPH;KIF2C;BUB1;DMC1;CDKN3;RFC4;CCNB2;SCG5;PARP2;GRM8;EZH2;RPL39L;TOPBP1;DBF4;HSPA4L;AURKA,Colon,Crypt stem cell
4,logFC,Myc Targets V1,0.6427602896122396,2.2240813348442847,0.001,0.001,0.001,73/199,17.19%,CDC45;CCNA2;TYMS;CDC20;MAD2L1;RFC4;MCM2;MCM6;MCM5;MCM7;MCM4;PCNA;CDK2;RRM1;H2AZ1;DUT;CTPS1;RANBP1;NAP1L1;USP1;PRPS2;POLE3;CDK4;POLD2;KPNA2;DEK;TFDP1;CAD;NOP56;BUB3;KPNB1;SRM;NOLC1;PA2G4;HPRT1;SNRPD1;RAN;CBX3;XPO1;IARS1;NME1;LSM2;TRIM28;HNRNPR;PRDX4;HSPD1;SF3B3;HNRNPD;UBA2;FBL;GLO1;IMPDH2;SMARCC1;SNRPA;ILF2;SET;ABCE1;RUVBL2;SNRPA1;GNL3;PPM1G;SRPK1;RNPS1;HNRNPA3;CCT2;XPOT;NHP2;HDAC2;NPM1;RRP9;SYNCRIP;SERBP1;SNRPG,Colon,Crypt stem cell
5,logFC,Oxidative Phosphorylation,-0.5238142867585237,-2.2235247731682937,0.001,0.001,0.001,121/199,29.64%,RETSAT;ACAA1;MGST3;CASP7;ALAS1;ATP6V1D;SLC25A20;ACAA2;PHYH;PDK4;HADHB;LDHA;MPC1;VDAC2;ATP6AP1;COX6A1;NDUFC1;SLC25A5;SURF1;ATP1B1;IDH3A;POR;FDX1;NDUFA1;UQCR11;ATP6V0C;MRPL34;COX7A2;CYCS;COX6B1;ACADVL;SDHB;UQCRQ;COX7B;COX5B;NDUFB3;DECR1;SDHD;COX8A;ATP5F1E;UQCR10;ETFA;SDHC;NDUFB7;UQCRB;COX7C;ATP6V0E1;ACAT1;COX6C;ETFDH;NDUFA8;ATP5F1B;NDUFA3;ATP5MG;UQCRC2;ATP5PF;ATP6V1E1;ACO2;ATP5F1D;HCCS;SLC25A3;UQCRFS1;HADHA;NDUFA5;NDUFS2;IDH1;NDUFB2;NDUFA2;VDAC1;NDUFB4;AIFM1;DLD;CPT1A;ATP5PB;NDUFB1;NDUFS1;ATP5MC3;GLUD1;MRPL35;COX4I1;ATP5F1C;ATP6V1G1;BDH2;NDUFB8;SDHA;NDUFB5;NDUFS3;IDH3G;NDUFS7;ATP5PD;ATP5F1A;ATP5PO;PDHB;NDUFA4;COX5A;MFN2;NDUFV2;ACADSB;CYB5A;NDUFC2;SUCLA2;COX17;ISCA1;ECHS1;MDH2;ATP5MC2;BAX;OGDH;NDUFS4;UQCRC1;NDUFA7;ATP6V1C1;NDUFV1;ATP5MF;IDH3B;SUCLG1;SLC25A6;SLC25A4;CYB5R3;UQCRH;NDUFS6,Colon,Crypt stem cell
6,logFC,Myc Targets V2,0.7288098043156531,2.1431885503309647,0.001,0.001,0.001,37/57,17.47%,PLK1;PLK4;MCM5;MCM4;TCOF1;TMEM97;UNG;CDK4;MAP3K6;NOP56;DUSP2;SRM;NOLC1;PA2G4;CBX3;UTP20;MRTO4;PPRC1;SLC29A2;HSPD1;LAS1L;MYBBP1A;PUS1;IPO4;RCL1;EXOSC5;PRMT3;RRP12;GNL3;BYSL;NOP2;GRWD1;SORD;SLC19A1;NPM1;RRP9;WDR43,Colon,Crypt stem cell
7,logFC,Adipogenesis,-0.5095623778354185,-2.114805324248917,0.001,0.001,0.001,79/167,23.63%,MYLK;STOM;SSPN;SULT1A1;ACOX1;MGLL;RETSAT;ARL4A;CRAT;RIOK3;ABCA1;TST;ATP1B3;MGST3;ITGA7;CMBL;PLIN2;ESRRA;DHRS7;ACAA2;PHYH;NABP1;SQOR;ALDOA;DGAT1;CCNG2;ME1;IFNGR1;GHITM;PPARG;SCP2;COX6A1;CPT2;APLP2;IDH3A;POR;UQCR11;MIGA2;EPHX2;BAZ2A;SLC66A3;UBC;SOWAHC;ACADS;SDHB;UQCRQ;COX7B;PDCD4;DECR1;CHCHD10;COX8A;CMPK1;UQCR10;CAT;ALDH2;SDHC;NDUFB7;TOB1;RNF11;ACO2;DNAJC15;NDUFA5;IDH1;AIFM1;DLD;PGM1;GADD45A;REEP5;ADCY6;SOD1;NDUFS3;IDH3G;SLC27A1;REEP6;COQ5;ATP5PO;CD151;MTCH2;DRAM2,Colon,Crypt stem cell
8,logFC,Xenobiotic Metabolism,-0.5074511909885971,-2.0461460187727423,0.001,0.001,0.001,59/139,18.41%,HMOX1;CDA;FABP1;HSD17B2;CA2;UPP1;GCNT2;XDH;AKR1C2;SLC46A3;ACOX1;RETSAT;AKR1C3;PINK1;ACSM1;TMEM176B;NQO1;SERTAD1;CBR1;ALAS1;ACOX2;ACP2;ENTPD5;SLC35D1;ID2;PAPSS2;CYP2J2;LEAP2;GABARAPL1;DHRS7;CFB;CYP2C18;MAOA;PDK4;UGDH;CYP27A1;ABHD6;TNFRSF1A;POR;ASL;PTGR1;ABCC3;TMBIM6;BCAR1;PPARD;SAR1B;EPHX1;DDAH2;CAT;ALDH2;CROT;SPINT2;ETFDH;GSTM4;ACO2;DHRS1;IDH1;MT2A;ACOX3,Colon,Crypt stem cell
9,logFC,Interferon Alpha Response,-0.5352412652870543,-2.0270712723070132,0.001,0.001,0.001,34/81,21.22%,IFI27;OAS1;OASL;ISG15;BATF2;SAMD9;GBP2;CCRL2;HERC6;B2M;PARP12;SAMD9L;ISG20;IRF7;IRF9;HLA-C;TXNIP;TENT5A;DDX60;UBA7;IFI35;SP110;TRIM14;TRIM21;RSAD2;MX1;LGALS3BP;IL7;CASP1;IRF2;IL4R;TAP1;TRAFD1;LPAR6,Colon,Crypt stem cell
10,logFC,Interferon Gamma Response,-0.48947795077073214,-2.0194899241169004,0.001,0.001,0.001,55/141,19.97%,IFI27;CDKN1A;SSPN;UPP1;OASL;ISG15;METTL7B;BATF2;ARL4A;VAMP5;LATS2;MVP;EIF4E3;HERC6;CASP7;SRI;B2M;SPPL2A;VAMP8;PARP12;MYD88;SAMD9L;ISG20;IRF7;IRF9;SOCS1;TNFSF10;CFB;HLA-A;TXNIP;BTG1;HLA-B;HLA-DRB1;APOL6;DDX60;IFI35;SP110;TRIM14;TRIM21;RSAD2;CASP4;MX1;LGALS3BP;IL7;BPGM;CASP1;IRF2;TNFAIP3;MT2A;IL4R;NFKBIA;CD69;TOR1B;TAP1;STAT4,Colon,Crypt stem cell
11,logFC,Coagulation,-0.5454268098349335,-1.9445116037942596,0.001,0.001,0.002,33/63,21.38%,MEP1A;CTSE;GDA;LRP1;CAPN2;GSN;ACOX2;HMGCS2;GNG12;MMP15;CFB;CAPN5;ANXA1;FURIN;DUSP6;FYN;P2RY1;MSRB2;CFI;CTSO;BMP1;RAC1;PRSS23;S100A13;LAMP2;CPQ;TIMP1;ANG;CLU;CTSK;RABIF;CASP9;CD9,Colon,Crypt stem cell
12,logFC,Bile Acid Metabolism,-0.5359030309355439,-1.9229579247878692,0.001,0.001,0.002,32/70,15.05%,SLC23A1;SULT1B1;NR1H4;RETSAT;SLC22A18;OPTN;ABCA1;ABCA5;AMACR;PEX11A;EFHC1;PHYH;PEX26;ALDH1A1;PEX19;CYP27A1;NR1I2;SCP2;PAOX;SULT2B1;NUDT12;EPHX2;PECR;ABCD3;SLC27A2;GSTK1;PEX11G;RXRA;PEX16;CAT;CROT;PNPLA8,Colon,Crypt stem cell
13,logFC,Hypoxia,-0.4629620323170742,-1.8919159293754626,0.001,0.0013162093171665604,0.004,40/146,12.00%,HMOX1;EDN2;PLAC8;CDKN1A;STBD1;GCNT2;SELENBP1;GLRX;MXI1;ADM;ALDOB;UGP2;ADORA2B;PPARGC1A;NDRG1;EFNA1;HK2;ISG20;PLIN2;B4GALNT2;IDS;PCK1;ALDOA;CCNG2;P4HA2;BTG1;LDHA;CITED2;IRS2;NFIL3;TPBG;SULT2B1;NDST2;IER3;ANXA2;PNRC1;NDST1;CA12;DDIT3;FAM162A,Colon,Crypt stem cell
14,logFC,Fatty Acid Metabolism,-0.47113336871737305,-1.8906190436627783,0.001,0.0011699638374813872,0.004,50/133,19.32%,CA4;FABP1;HPGD;CA2;LGALS1;AQP7;FABP2;ACOX1;MGLL;RETSAT;TP53INP2;ACAA1;CRAT;CD1D;ACOT8;PRDX6;CBR1;HMGCS2;S100A10;GABARAPL1;EHHADH;SLC22A5;ACAA2;MAOA;ALDOA;ME1;HADHB;ALDH1A1;LDHA;UGDH;HMGCL;CPT2;ACADS;ACADVL;ALDH3A2;DECR1;SDHD;EPHX1;SDHC;ETFDH;ACO2;GSTZ1;SERINC1;HCCS;IDH1;DLD;CPT1A;HSD17B11;AUH;ALAD,Colon,Crypt stem cell
15,logFC,KRAS Signaling Up,-0.4877100246188531,-1.8851773321604612,0.001,0.0013162093171665604,0.005,39/106,15.97%,MALL;PTPRR;CA2;TSPAN1;ABCB1;IL2RG;EMP1;NR1H4;HKDC1;GLRX;SEMA3B;TMEM176B;FUCA1;TMEM176A;CTSS;HDAC9;SPON1;ACE;VWA5A;BTBD3;ID2;CFB;KLF4;SLPI;EREG;DUSP6;USH1C;TSPAN7;PRDM1;BMP2;F2RL1;BIRC3;HBEGF;TRIB1;CROT;PRELID3B;PIGR;CCL20;BPGM,Colon,Crypt stem cell
16,logFC,DNA Repair,0.5382666302386518,1.8311297272075666,0.001,0.001,0.008,33/142,10.81%,TYMS;FEN1;RFC3;RAD51;LIG1;RFC4;POLA2;ZWINT;PCNA;PRIM1;RFC2;RFC5;POLA1;DDB2;POLD1;DUT;RPA2;SAC3D1;RPA3;POLD3;ALYREF;SSRP1;TP53;HPRT1;NME4;DGCR8;UMPS;NME1;POLR2D;REV3L;AAAS;CSTF3;IMPDH2,Colon,Crypt stem cell
17,logFC,heme Metabolism,-0.44781307697734485,-1.8261009579940564,0.001,0.0028717294192724956,0.012,45/155,15.97%,CA1;SLC30A10;ABCG2;SLC6A8;CA2;SLC6A9;CTSE;SELENBP1;MXI1;RIOK3;OPTN;MARCHF2;SLC30A1;MGST3;LRP10;ATG4A;BSG;IGSF3;GDE1;PPP2R5B;CAST;YPEL5;HTATIP2;NCOA4;P4HA2;AGPAT4;ABCB6;NFE2L1;MKRN1;ENDOD1;H1-0;HAGH;TMEM9B;KDM7A;KAT2B;MOSPD1;XK;KHNYN;SLC22A4;PGLS;CAT;LAMP2;CCDC28A;MARCHF8;BPGM,Colon,Crypt stem cell
18,logFC,TNF-alpha Signaling via NF-kB,-0.43899195134029206,-1.7996441788462443,0.001,0.003509891512444161,0.016,85/151,30.04%,CDKN1A;SGK1;IL18;KLF2;SERPINB8;ABCA1;PHLDA2;CCRL2;EFNA1;IFNGR2;DNAJB4;ID2;MXD1;TSC22D1;KLF4;JAG1;BTG1;TUBB2A;GADD45B;B4GALT1;AREG;RHOB;LITAF;MARCKS;IRS2;RCAN1;NFIL3;PLK2;BMP2;TNIP2;IER3;DUSP5;PNRC1;SAT1;EDN1;TNIP1;F2RL1;BIRC3;ATP2B1;HBEGF;BIRC2;KLF6;TRIB1;DUSP1;JUNB;CEBPD;CCL20;EIF1;LAMB3;TNFAIP3;ZFP36;NFKBIA;EGR1;CD69;GADD45A;TAP1;CCND1;MCL1;IER2;CFLAR;B4GALT5;FOS;RNF19B;IL6ST;SOCS3;CEBPB;BHLHE40;PLAUR;PDLIM5;PTPRE;MAP2K3;EHD1;FOSL2;PLPP3;NFE2L2;JUN;KLF9;IFIH1;NFKBIE;PPP1R15A;SDC4;SQSTM1;KLF10;EGR2;IRF1,Colon,Crypt stem cell
19,logFC,Myogenesis,-0.4512305778791989,-1.7242098659914358,0.001,0.006479799715281528,0.032,32/101,13.66%,SLC6A8;MYLK;AK1;CDKN1A;SSPN;FKBP1B;MEF2C;TNNC2;CKB;CRAT;OCEL1;CDH13;NQO1;ITGA7;GSN;MAPRE3;VIPR1;PSEN2;MYOM1;RIT1;GADD45B;FOXO4;ACHE;ATP6AP1;SH3BGR;GABARAPL2;IFRD1;PLXNB2;HBEGF;BDKRB2;KLF5;FLII,Colon,Crypt stem cell
20,logFC,p53 Pathway,-0.4108355838186105,-1.7123688159753039,0.001,0.007333166195642265,0.038,55/172,15.00%,HMOX1;CDKN2B;AK1;STOM;CDKN1A;UPP1;TAX1BP3;OSGIN1;RETSAT;FUCA1;DGKA;ABAT;CTSD;CDH13;ZMAT3;VAMP8;MXD4;VWA5A;NDRG1;S100A10;SLC35D1;BAK1;CGRRF1;KIF13B;MXD1;SOCS1;TSC22D1;SERTAD3;KLF4;SFN;TXNIP;MKNK2;BTG1;EPS8L2;PDGFA;PLK2;TCN2;BMP2;H2AJ;PERP;CEBPA;IER3;PRKAB1;SAT1;DDIT3;FAM162A;PLXNB2;ABHD4;HBEGF;RXRA;RAP2B;EPHX1;TOB1;VDR;HEXIM1,Colon,Crypt stem cell
21,logFC,Complement,-0.4203761679769348,-1.6737450334132928,0.001,0.008423739629865987,0.047,54/128,20.96%,CDA;CA2;CASP5;LGALS3;PRSS3;HSPA1A;CTSL;LRP1;CTSD;CDH13;PRSS36;CTSS;CASP7;C4BPB;SIRT6;DYRK2;IRF7;DOCK4;CPM;MMP15;CFB;MSRB1;DUSP6;ME1;GNG2;FYN;TIMP2;FDX1;CTSO;PPP2CB;DUSP5;GMFB;CASP4;RHOG;CALM1;S100A13;LAMP2;CD55;STX4;PRKCD;PCLO;CASP1;CPQ;IRF2;TIMP1;ANG;TNFAIP3;SH2B3;CLU;HSPA5;SRC;XPNPEP1;RABIF;CASP9,Colon,Crypt stem cell
22,logFC,Inflammatory Response,-0.4270424481698478,-1.6510913797277496,0.001,0.009213465220165922,0.055,35/96,18.87%,MEP1A;CDKN1A;IL18;ABCA1;ADM;CCRL2;SRI;CD14;ADORA2B;P2RY2;IFNGR2;IRF7;MXD1;SCARF1;TNFSF10;FZD5;EREG;TPBG;SELENOS;SLC4A4;TLR3;EDN1;HRH1;ATP2B1;HBEGF;P2RX4;RHOG;KLF6;CD55;CCL20;RGS1;TIMP1;IL4R;NFKBIA;CD69,Colon,Crypt stem cell
23,logFC,IL-6/JAK/STAT3 Signaling,-0.47186712015052207,-1.6336527772662846,0.015772870662460567,0.010684522692293254,0.068,13/55,9.02%,CNTFR;HMOX1;IL2RG;ACVRL1;IL10RB;CD14;MYD88;IFNGR2;IRF9;BAK1;SOCS1;IFNGR1;TNFRSF1A,Colon,Crypt stem cell
24,logFC,mTORC1 Signaling,0.47860737330354,1.631739809257967,0.001,0.009756032457826181,0.155,32/180,9.77%,RRM2;BUB1;PLK1;CCNF;MCM2;MCM4;CDC25A;DHFR;PHGDH;TMEM97;TUBG1;UNG;SLC1A4;RPA1;POLR3G;MTHFD2;SLC7A5;GMPS;NUP205;ELOVL5;AURKA;DDX39A;SLC6A6;SHMT2;HPRT1;PSMG1;EEF1E1;TUBA4A;NUPR1;CACYBP;HSPD1;GGA2,Colon,Crypt stem cell
25,logFC,Androgen Response,-0.4304335443759701,-1.6068741402684124,0.00398406374501992,0.013162093171665603,0.086,24/86,15.42%,SELENOP;SLC26A2;HPGD;KRT19;SGK1;KRT8;PLPP1;B2M;MYL12A;NDRG1;IQGAP2;TMPRSS2;TSC22D1;INPP4B;NCOA4;B4GALT1;HMGCR;H1-0;SAT1;MERTK;GPD1L;TMEM50A;UAP1;ZMIZ1,Colon,Crypt stem cell
26,logFC,KRAS Signaling Dn,-0.4409264650488404,-1.5787454201980526,0.003367003367003367,0.01537886675847244,0.104,16/66,7.92%,CNTFR;ABCB11;SELENOP;EDN2;SGK1;HSD11B2;SYNPO;AKR1B10;TENM2;SLC25A23;MTHFR;UGT2B17;MAST3;GPRC5C;SLC29A3;SPHK2,Colon,Crypt stem cell
27,logFC,TGF-beta Signaling,-0.4742029939288196,-1.5697946668224034,0.006493506493506494,0.01618937460114869,0.116,25/47,31.70%,ID1;SLC20A1;IFNGR2;ID2;ID3;FURIN;BMP2;SKIL;SMAD7;PPM1A;CDH1;JUNB;FKBP1A;XIAP;HIPK2;APC;CDK9;PPP1CA;BCAR3;SPTBN1;BMPR2;PPP1R15A;KLF10;RHOA;THBS1,Colon,Crypt stem cell
28,logFC,Protein Secretion,-0.38804907764108426,-1.517107274243428,0.001,0.02444388731880755,0.18,50/94,31.78%,SSPN;DST;ABCA1;CD63;CLN5;KRT18;CAV2;TSPAN8;STX12;SNAP23;ATP1A1;GALC;RAB9A;TSG101;CLTC;YKT6;LAMP2;AP2M1;STX7;TMED10;VAMP3;CLCN3;RAB14;ATP7A;SOD1;AP3S1;YIPF6;RAB2A;GOLGA4;KIF1B;VPS4B;ARF1;RER1;VAMP7;COPE;SEC22B;COPB2;ARCN1;TPD52;USO1;COPB1;GOSR2;RAB5A;NAPA;CTSC;ATP6V1H;ERGIC3;VAMP4;AP1G1;CLTA,Colon,Crypt stem cell
29,logFC,Epithelial Mesenchymal Transition,-0.39418362381845223,-1.4771348992930164,0.011152416356877323,0.03326419910657307,0.245,21/86,11.22%,IL32;SLC6A8;MYLK;LGALS1;ANPEP;LAMA1;DST;LRP1;FUCA1;LAMA3;MATN2;ID2;GADD45B;CAPG;AREG;RHOB;PLOD2;TNFRSF11B;VIM;BMP1;SAT1,Colon,Crypt stem cell
30,logFC,Estrogen Response Early,-0.34489147169341905,-1.4116521345541801,0.0044444444444444444,0.05047376598873505,0.358,50/146,17.78%,TFF1;SLC26A2;KRT19;KRT8;SLC16A1;SEMA3B;TJP3;OPN3;SLC1A1;RAB17;FLNB;ABAT;RHOD;MINDY1;P2RY2;PEX11A;RAPGEFL1;KCNK5;FRK;PAPSS2;TSKU;SLC22A5;KLF4;SFN;KRT18;MYOF;B4GALT1;AREG;CLDN7;UGCG;RARA;TPBG;TTC39A;ENDOD1;SULT2B1;DYNLT3;CA12;SLC27A2;ESRP2;PRSS23;NPY1R;TOB1;SNX24;RETREG1;KRT15;CANT1;DHRS3;FHL2;OVOL2;ABHD2,Colon,Crypt stem cell
31,logFC,Allograft Rejection,-0.3638082689594948,-1.3893661416644882,0.027149321266968326,0.05615826419910658,0.401,35/95,20.33%,IL2RG;IL18;GBP2;PRKCB;CD1D;PTPRC;CTSS;HDAC9;B2M;HLA-E;IFNGR2;IRF7;SOCS1;HLA-A;EREG;CAPG;IFNGR1;BCL10;ACHE;SRGN;TLR3;ELF4;UBE2D1;EIF4G3;HCLS1;IL7;NCK1;TIMP1;IL4R;SOCS5;FLNA;TAP1;STAT4;FYB1;LY75,Colon,Crypt stem cell
32,logFC,Apical Junction,-0.35476976299447716,-1.3786288451548976,0.04081632653061224,0.0572814294830887,0.419,36/112,20.14%,RHOF;COL17A1;CRAT;LAMA3;PTPRC;MYL12B;CAP1;LIMA1;MSN;WASL;RRAS;ITGA3;SHC1;B4GALT1;CRB3;CLDN7;ARPC2;TNFRSF11B;SGCE;BMP1;RSU1;VASP;CTNNA1;ACTB;CLDN4;MAPK13;CDH1;LDLRAP1;STX4;LAMB3;ITGB4;PBX2;IKBKG;ACTG1;SRC;FYB1,Colon,Crypt stem cell
33,logFC,Reactive Oxygen Species Pathway,-0.42295580102710156,-1.3671956576073319,0.054878048780487805,0.06074812233076433,0.452,27/44,34.57%,GLRX;PRDX6;NQO1;FTL;SELENOS;PRDX1;CAT;PDLIM1;LAMTOR5;JUNB;NDUFS2;NDUFB4;SOD1;SRXN1;HMOX2;PFKP;ATOX1;MSRA;GCLC;GLRX2;EGLN2;SBNO2;SOD2;TXN;G6PD;GCLM;PTPA,Colon,Crypt stem cell
34,logFC,Apoptosis,-0.33936915971608667,-1.3602285379717793,0.02586206896551724,0.06122810749485925,0.466,53/125,21.35%,HMOX1;CDKN1A;EMP1;IL18;HSPB1;RETSAT;LGALS3;SLC20A1;RNASEL;BCL2L10;CASP7;CD14;GSN;PPP2R5B;ISG20;PSEN2;TNFSF10;ANXA1;KRT18;EREG;TXNIP;GADD45B;RHOB;IFNGR1;RARA;BCL10;VDAC2;H1-0;BMP2;TIMP2;SMAD7;IER3;SAT1;BIRC3;DDIT3;PDCD4;CASP4;ERBB2;TSPO;CASP1;ERBB3;TIMP1;BCL2L2;CLU;XIAP;CD69;GADD45A;TAP1;CTH;CCND1;SOD1;CASP9;MCL1,Colon,Crypt stem cell
35,logFC,Unfolded Protein Response,0.4127353714574198,1.3168405127176697,0.07652399481193256,0.16335682254964765,0.931,31/104,19.77%,CKS1B;H2AX;SLC1A4;GEMIN4;EIF4EBP1;MTHFD2;EXOSC9;SLC7A5;NOP56;EXOSC2;DKC1;NOLC1;IARS1;TSPYL2;DCP2;KHSRP;EXOSC5;PDIA5;NFYB;NOP14;BANF1;FUS;XPOT;NHP2;NPM1;RRP9;LSM4;DDX10;NFYA;FKBP14;EIF2S1,Colon,Crypt stem cell
36,logFC,Pperoxisome,-0.3255017872876417,-1.1906964963223168,0.1289198606271777,0.17420970462211685,0.839,35/88,22.08%,ABCB1;HSD11B2;ACOX1;RETSAT;ACAA1;CRAT;ACOT8;MVP;PEX11A;UGT2B17;EHHADH;ALDH1A1;NR1I2;HMGCL;BCL10;SCP2;SULT2B1;EPHX2;ABCD3;SLC27A2;GSTK1;PRDX1;CAT;TSPO;DHRS3;ABCC5;IDH1;FIS1;HSD17B11;PEX11B;SEMA3C;SOD1;HRAS;CLN8;VPS4B,Colon,Crypt stem cell
37,logFC,Hedgehog Signaling,-0.4203023805908235,-1.1798417100060257,0.23842592592592593,0.18027528992364059,0.853,2/21,2.13%,CNTFR;UNC5C,Colon,Crypt stem cell
38,logFC,UV Response Up,-0.2855270428657868,-1.1574515499430686,0.13023255813953488,0.20208200382897257,0.894,26/126,9.68%,HMOX1;SLC6A8;CDKN2B;CA2;ABCB1;SULT1A1;CLCN2;PLCL1;ACAA1;TST;CLTB;C4BPB;BSG;ALAS1;BAK1;HLA-F;MAOA;FURIN;ALDOA;DGAT1;BTG1;NAT1;RHOB;SELENOW;EPCAM;BMP2,Colon,Crypt stem cell
39,logFC,Cholesterol Homeostasis,-0.31912668656134013,-1.1445106929239093,0.19607843137254902,0.21229182534944518,0.911,25/63,26.16%,ETHE1;LGALS3;SEMA3B;TP53INP1;ANTXR2;JAG1;PPARG;HMGCR;NFIL3;PNRC1;TM7SF2;ACSS2;ERRFI1;MAL2;CLU;ACTG1;CD9;S100A11;HMGCS1;PLAUR;CPEB2;ABCA2;IDI1;SC5D;GNAI1,Colon,Crypt stem cell
40,logFC,IL-2/STAT5 Signaling,-0.2865682512891959,-1.1442711470307518,0.16842105263157894,0.20590449505424377,0.911,33/132,13.54%,CA2;ABCB1;SMPDL3A;EMP1;ARL4A;ENPP1;PLPP1;AMACR;ANXA4;NDRG1;HK2;PLEC;PLIN2;MXD1;SOCS1;GABARAPL1;TNFSF10;CTSZ;FURIN;AHNAK;GADD45B;CAPG;RHOB;SOCS2;IFNGR1;NFIL3;ETFBKMT;BMP2;TTC39B;P2RX4;NT5E;CAPN3;KLF6,Colon,Crypt stem cell
41,logFC,Estrogen Response Late,0.3354772496937805,1.1316458532644542,0.2340966921119593,0.44673553277813366,1.0,30/141,11.91%,CDC6;PLK4;TOP2A;CDC20;GINS2;IL17RB;TIAM1;XRCC3;STIL;SNX10;SLC1A4;SLC7A5;HSPA4L;ELOVL5;IDH2;DUSP2;BTG3;NXT1;CD44;HPRT1;ARL3;METTL3;SCUBE2;EGR3;FKBP5;MDK;SLC24A3;PPIF;ATP2B4;BCL2,Colon,Crypt stem cell
42,logFC,Glycolysis,0.32866041237354204,1.1063823267198643,0.28233830845771146,0.45739910313901344,1.0,18/161,7.45%,CDK1;DEPDC1;HMMR;STMN1;HS6ST2;CENPA;SAP30;NASP;CLN6;PRPS1;B4GALT2;AURKA;PAXIP1;GALK1;CD44;POLR3K;TPST1;XYLT2,Colon,Crypt stem cell
43,logFC,Apical Surface,0.3840950178755432,0.9758947036569087,0.4878048780487805,0.7182406221083351,1.0,8/26,17.74%,BRCA1;DCBLD2;PCSK9;EPHB4;RTN4RL1;AKAP7;CROCC;GSTM3,Colon,Crypt stem cell
44,logFC,PI3K/AKT/mTOR  Signaling,0.30078703301701454,0.9478698202175027,0.5639300134589502,0.7269727656498958,1.0,5/91,3.73%,CDK1;E2F1;CDK2;TIAM1;CDK4,Colon,Crypt stem cell
45,logFC,Wnt-beta Catenin Signaling,0.31849335641469445,0.8484270233321374,0.6793650793650794,0.8919801104298222,1.0,20/33,31.48%,SKP2;TP53;KAT2A;NOTCH1;DLL1;CSNK1E;HDAC2;PTCH1;TCF7;MYC;CUL1;FZD8;RBPJ;DVL2;MAML1;FZD1;CCND2;NCOR2;AXIN2;ADAM17,Colon,Crypt stem cell
46,logFC,UV Response Dn,0.25310369320931436,0.8256752522225637,0.7615894039735099,0.8757135739198519,1.0,19/112,13.35%,NRP1;HAS2;SCN8A;TGFBR3;CAP2;DLC1;CCN1;CELF2;GRK5;VAV2;SFMBT1;PTPRM;LTBP1;IGF1R;ATP2B4;KIT;TFPI;CACNA1A;TENT4A,Colon,Crypt stem cell
47,logFC,Angiogenesis,0.3331710208824104,0.7545831694036499,0.7410071942446043,0.9328638826606876,1.0,2/13,9.39%,NRP1;VAV2,Colon,Crypt stem cell
48,logFC,Notch Signaling,-0.24930775943719713,-0.7392896699227743,0.8715846994535519,0.9365028717294193,1.0,9/27,21.69%,DTX4;PSEN2;FZD5;JAG1;PPARD;PSENEN;CCND1;SKP1;WNT5A,Colon,Crypt stem cell
49,logFC,Pancreas Beta Cells,0.26032082651350325,0.5773827091336154,0.9303571428571429,0.9897768524450139,1.0,6/12,29.06%,SYT13;SRPRB;FOXA2;ELP4;HNF1A;SRP9,Colon,Crypt stem cell
0,logFC,E2F Targets,0.6638626235108513,2.649636510800845,0.001,0.001,0.001,70/145,16.67%,HELLS;RRM2;RFC3;MMS22L;DIAPH3;MKI67;STMN1;LMNB1;TK1;LIG1;CENPE;CDK4;MCM3;ATAD2;NAP1L1;NME1;HMMR;TOP2A;BRCA1;PRDX4;POLD2;TACC3;PAICS;PTTG1;DNMT1;PRKDC;MYC;UNG;SHMT1;MSH2;CSE1L;NOLC1;CENPM;BRMS1L;MCM7;MCM4;TP53;NUP107;HMGB2;LYAR;MRE11;PSIP1;EZH2;CHEK2;DUT;NOP56;RANBP1;RFC2;BARD1;NUP205;DONSON;CBX5;HNRNPD;ASF1A;MTHFD2;LBR;KPNA2;SSRP1;IPO7;NCAPD2;ILF3;TMPO;PMS2;SMC4;EXOSC8;TRA2B;PA2G4;TIPIN;SYNCRIP;PRIM2,Colon,Enterocyte
1,logFC,Myc Targets V2,0.6863876991373573,2.3102831912107082,0.001,0.001,0.001,34/46,23.32%,CDK4;RCL1;SRM;EXOSC5;PPRC1;WDR43;MRTO4;MYC;UNG;UTP20;NOLC1;SLC29A2;MCM4;GNL3;PUS1;NOP2;RRP12;NOP56;PPAN;TCOF1;HSPD1;PRMT3;TFB2M;NPM1;MPHOSPH10;PA2G4;GRWD1;NOP16;MYBBP1A;NDUFAF4;LAS1L;FARSA;HSPE1;WDR74,Colon,Enterocyte
2,logFC,G2-M Checkpoint,0.5733837797440133,2.256920347701235,0.001,0.001,0.001,74/146,24.24%,TPX2;MKI67;STMN1;LMNB1;SLC12A2;PRC1;CENPE;CDK4;MCM3;CENPF;HMMR;TOP2A;KIF20B;SMC2;TACC3;MAP3K20;PTTG1;NUSAP1;MNAT1;MYC;RBL1;EFNA5;NOLC1;DKC1;SLC7A1;DTYMK;KNL1;WRN;EZH2;FANCC;SMARCC1;DBF4;BARD1;CHAF1A;TGFB1;E2F3;HNRNPD;ORC5;ODF2;DMD;TENT4A;LBR;RASAL2;KPNA2;SLC7A5;ILF3;TMPO;ATRX;CBX1;NCL;SMC4;TRA2B;KIF23;SYNCRIP;PRMT5;PRIM2;STIL;NASP;LIG3;CUL4A;CCND1;TFDP1;HMGN2;PDS5B;CKS2;CUL1;ABL1;ODC1;XPO1;CUL5;SNRPD1;GSPT1;HNRNPU;TNPO2,Colon,Enterocyte
3,logFC,Oxidative Phosphorylation,-0.42531984411694695,-2.2566496076727844,0.001,0.001,0.001,111/200,31.72%,MAOB;ACAA1;CASP7;VDAC2;SLC25A5;ACAA2;RETSAT;LDHA;SLC25A20;COX17;ALAS1;VDAC1;HADHB;MGST3;ATP6V1D;ATP1B1;ATP6V0C;COX6A1;PHYH;UQCRQ;SDHD;ECHS1;FDX1;ATP6V0E1;BAX;UQCR11;COX7A2;ATP5PF;ACADM;NDUFA1;ATP6V1E1;SLC25A3;POR;GPX4;NDUFV2;COX5B;COX8A;CYCS;ATP6AP1;NDUFA2;COX5A;COX7B;ACADVL;ATP6V0B;MRPL34;SURF1;COX6B1;IDH3A;CYB5A;ACAT1;HCCS;HADHA;MPC1;NDUFS2;NDUFB3;COX6C;NDUFB7;ATP5F1B;SDHB;CPT1A;ETFDH;ATP6V1G1;CYB5R3;IDH3G;NDUFA3;HTRA2;UQCR10;ATP5PD;MRPS11;ETFA;ATP6V1C1;NDUFB1;UQCRFS1;ATP5MF;ATP6V1F;ATP5F1D;ACO2;NDUFA6;NDUFB2;ATP5ME;COX4I1;TCIRG1;UQCRC1;NDUFC1;COX7C;ATP5MC3;ATP5F1E;POLR2F;TIMM8B;NDUFS3;MDH1;MDH2;ATP5MG;SDHA;ATP5F1C;ETFB;ISCU;UQCRB;ISCA1;DECR1;MFN2;NDUFB4;NDUFA4;NDUFS7;DLD;COX15;UQCRC2;NDUFS6;SDHC;ATP5PO;NDUFAB1,Colon,Enterocyte
4,logFC,Adipogenesis,-0.44038425607800574,-2.255163650610697,0.001,0.001,0.001,74/156,25.38%,MYLK;PLIN2;STOM;ACOX1;ACAA2;SULT1A1;RIOK3;RETSAT;IFNGR1;TST;GHITM;CRAT;GADD45A;ATP1B3;ITGA7;ALDOA;ARL4A;MGST3;MGLL;COX6A1;PHYH;UQCRQ;CPT2;ECHS1;UBC;DGAT1;MIGA2;UQCR11;DHRS7;ACADM;APLP2;SOD1;POR;GPX4;SCP2;BAZ2A;CMBL;PDCD4;CMPK1;COX8A;COX7B;DDT;IDH3A;ANGPTL4;JAGN1;SLC25A1;ALDH2;ESRRA;UCK1;CCNG2;CD151;NDUFB7;CHCHD10;SDHB;ACADS;PGM1;IDH3G;UQCR10;SSPN;PPARG;TALDO1;SOWAHC;ACO2;RNF11;UQCRC1;GPD2;PFKL;TOB1;CHUK;NDUFS3;DRAM2;PIM3;MDH2;ABCA1,Colon,Enterocyte
5,logFC,Interferon Gamma Response,-0.4436586602372995,-2.21090195495823,0.001,0.001,0.001,63/137,21.81%,OASL;MYD88;SRI;IFIT1;CASP7;METTL7B;VAMP5;PIM1;IFI27;VAMP8;UPP1;CDKN1A;EIF4E3;MVP;TXNIP;MT2A;LATS2;IFIT2;ARL4A;B2M;SECTM1;HLA-DRB1;PARP12;TRIM21;TNFSF10;IRF7;IFNAR2;DDX60;SP110;APOL6;ISG15;RBCK1;PFKP;HLA-A;CMPK2;OGFR;SOCS1;SPPL2A;LGALS3BP;ZNFX1;IFI35;PARP14;TAP1;HLA-B;ISG20;IRF1;PSME1;CASP3;BTG1;NFKBIA;PSMB10;TRIM14;PSMB8;SSPN;IRF2;IRF9;HLA-DMA;NMI;MX1;SAMD9L;TAPBP;TNFAIP3;PSME2,Colon,Enterocyte
6,logFC,Interferon Alpha Response,-0.4864735248322562,-2.210712688176361,0.001,0.001,0.001,52/79,32.36%,OASL;OAS1;IFI27;TXNIP;IFIT2;B2M;PARP12;TRIM21;IRF7;DDX60;CCRL2;PARP9;SP110;GBP2;ISG15;CMPK2;HLA-C;NUB1;OGFR;LGALS3BP;SAMD9;IFI35;PARP14;TAP1;ISG20;IRF1;PSME1;TRIM14;PSMB8;MVB12A;IRF2;IRF9;NMI;MX1;SAMD9L;CNP;TENT5A;PSME2;UBA7;PSMB9;BATF2;TMEM140;IL4R;PLSCR1;LAP3;TRIM25;MOV10;ADAR;PSMA3;RSAD2;CASP8;STAT2,Colon,Enterocyte
7,logFC,UV Response Up,-0.4278498143086462,-2.102373874716986,0.001,0.001,0.001,50/114,20.78%,HMOX1;ACAA1;SLC6A8;SULT1A1;CLCN2;CDKN2B;RHOB;CA2;TST;ABCB1;CEBPG;ALAS1;BSG;ALDOA;CLTB;NAT1;BAK1;ATF3;SELENOW;CDC34;YKT6;DGAT1;PRKCD;POLR2H;EPCAM;APOM;FURIN;MARK2;UROD;TMBIM6;BCL2L11;HLA-F;GRINA;TAP1;CYB5B;PRKACA;FOS;IRF1;MAOA;CASP3;BTG1;NFKBIA;CCND3;DNAJB1;ATP6V1C1;AP2S1;ATP6V1F;TUBA4A;JUNB;CNP,Colon,Enterocyte
8,logFC,Hypoxia,-0.41381263183716327,-2.0811941057650447,0.001,0.001,0.001,68/133,27.80%,VLDLR;EDN2;PLIN2;HMOX1;STBD1;PLAC8;ALDOB;MXI1;UGP2;EFNA1;GLRX;PIM1;ADM;CDKN1A;SLC2A1;LDHA;NDRG1;MT2A;ADORA2B;ALDOA;ZFP36;IDS;DUSP1;ATF3;P4HA2;PFKP;KLF6;PLAUR;VEGFA;SULT2B1;SDC4;JUN;DDIT3;NOCT;ANGPTL4;SLC25A1;NFIL3;ISG20;MYH9;FOS;CCNG2;MT1E;BTG1;ERRFI1;PGM1;SELENBP1;DDIT4;IER3;GAPDH;TNFAIP3;PCK1;P4HA1;TPI1;PFKL;BHLHE40;CA12;NDST2;ANXA2;FOSL2;HK2;PGK1;LXN;SCARB1;PPP1R15A;VHL;B4GALNT2;PNRC1;ERO1A,Colon,Enterocyte
9,logFC,Bile Acid Metabolism,-0.4726560880309075,-2.0783752857882583,0.001,0.001,0.001,32/65,25.38%,AMACR;SLC23A1;RETSAT;PEX26;DHCR24;HSD17B11;SLC22A18;ACSL5;PHYH;OPTN;SULT1B1;SLC27A2;SOD1;RXRA;SCP2;SULT2B1;NR1I2;PEX11A;PXMP2;IDI1;NEDD4;PEX19;CYP27A1;ABCA5;PEX16;ABCD3;NPC1;PECR;PAOX;GSTK1;NR1H4;ABCA1,Colon,Enterocyte
10,logFC,TNF-alpha Signaling via NF-kB,-0.4073039009015236,-2.047209307463418,0.001,0.001,0.001,81/140,27.65%,SGK1;RCAN1;EFNA1;KLF2;CDKN1A;RHOB;PHLDA2;IFNGR2;GADD45A;IFIT2;HBEGF;ZFP36;LITAF;TNIP1;IL18;DUSP1;TRIB1;ATF3;DUSP5;KLF4;CCL20;TNIP2;MXD1;CCRL2;GADD45B;B4GALT1;ATP2B1;SERPINB8;TUBB2A;KLF6;KLF10;PLAUR;VEGFA;TSC22D1;B4GALT5;SDC4;JUN;AREG;EGR1;TAP1;NFIL3;BIRC3;MARCKS;IER2;FOS;IRF1;BIRC2;EIF1;BTG1;F2RL1;NFKBIA;MAP2K3;MCL1;LAMB3;RNF19B;GEM;DNAJB4;TRIP10;EDN1;IER3;JUNB;SAT1;BCL3;ICOSLG;TNFAIP3;PMEPA1;CEBPB;RELB;BHLHE40;ZC3H12A;SQSTM1;RELA;FOSL2;CEBPD;ABCA1;BMP2;PLK2;IER5;PPP1R15A;PNRC1;PTPRE,Colon,Enterocyte
11,logFC,Fatty Acid Metabolism,-0.4061460742696501,-2.0035956870863196,0.001,0.001,0.001,43/124,18.19%,FABP2;ACAA1;CA4;FABP1;PRDX6;AQP7;ACOX1;ACOT8;ACAA2;HPGD;RETSAT;CA2;S100A10;LGALS1;LDHA;CRAT;DHCR24;ALDOA;SLC22A5;HADHB;MGLL;HSD17B11;ACSL5;CPT2;SDHD;ECHS1;YWHAH;SERINC1;ACADM;UROD;IDI1;ACADVL;TP53INP2;HCCS;MAOA;PSME1;CBR1;CPT1A;ETFDH;HMGCS2;ACADS;HMGCS1;IDH3G,Colon,Enterocyte
12,logFC,Xenobiotic Metabolism,-0.3963624184802468,-1.9788105974124248,0.001,0.001,0.001,56/129,21.71%,CYP4F2;HMOX1;HSD17B2;DDAH2;FABP1;LEAP2;PC;ACOX1;CDA;SLC46A3;UPP1;RETSAT;CA2;TMEM176B;CYP2S1;ALAS1;MT2A;NQO1;PINK1;PPARD;TNFRSF1A;PMM1;SPINT2;PGRMC1;XDH;BCAR1;DHRS1;DHRS7;CYP2C18;SAR1B;POR;PAPSS2;TMBIM6;ACP2;SERTAD1;ENTPD5;JUP;ABHD6;DDT;CNDP2;CYB5A;ALDH2;MAOA;CYP27A1;BLVRB;PSMB10;CBR1;ETFDH;ENPEP;SLC35B1;SLC35D1;ACO2;PTS;ACOX2;NPC1;HES6,Colon,Enterocyte
13,logFC,heme Metabolism,-0.3835301505120989,-1.9376245186772163,0.001,0.001,0.003,56/148,21.19%,SLC30A10;ABCG2;SLC6A8;PC;MXI1;SLC6A9;MPP1;RIOK3;SLC30A1;CA2;SLC2A1;HEBP1;HTATIP2;SLC10A3;CA1;BSG;IGSF3;MGST3;LRP10;ENDOD1;ATG4A;NFE2L1;NCOA4;CCDC28A;MARCHF2;GDE1;OPTN;SLC22A4;P4HA2;MKRN1;TMEM9B;HAGH;UROD;AGPAT4;ARL2BP;KAT2B;LAMP2;KHNYN;PPP2R5B;MOSPD1;BLVRB;ADIPOR1;PGLS;MAP2K3;PSMD9;SLC25A37;CCND3;SELENBP1;HTRA2;ALAD;CIR1;DCAF11;CAST;HDGF;H1-0;EIF2AK1,Colon,Enterocyte
14,logFC,Myc Targets V1,0.4381904621312673,1.789690363998232,0.001,0.006566523605150215,0.058,89/186,30.26%,CDK4;NAP1L1;NME1;PRDX4;IARS1;SRM;POLD2;FBL;RRM1;MYC;ABCE1;NOLC1;NHP2;MCM7;IMPDH2;MCM4;GNL3;RSL1D1;RPS2;LSM2;APEX1;RPS6;DUT;NOP56;PRPS2;SMARCC1;RANBP1;C1QBP;HSPD1;RPL6;DDX21;CCT2;HNRNPD;RPL22;RPLP0;NPM1;EIF3B;KPNA2;RPS5;SF3B3;HNRNPA1;TRA2B;PA2G4;SYNCRIP;UBA2;SRPK1;RPS3;NOP16;CLNS1A;SET;RPL14;POLE3;SSB;TFDP1;EIF1AX;EEF1B2;HNRNPC;RPL34;CUL1;ODC1;XPO1;PWP1;HSPE1;SNRPD1;SNRPD2;GSPT1;HNRNPU;PCNA;HNRNPR;RPS10;RACK1;DDX18;G3BP1;PHB2;EIF3J;HPRT1;MRPL9;CCT4;SNRPA;TOMM70;SERBP1;EIF3D;PABPC1;EXOSC7;ORC2;DHX15;HNRNPA3;PSMD14;RPL18,Colon,Enterocyte
15,logFC,Reactive Oxygen Species Pathway,-0.45863194177209915,-1.784796117317961,0.001,0.005365853658536585,0.017,23/42,29.32%,PRDX6;GLRX;NQO1;SELENOS;PRDX1;SRXN1;PDLIM1;SOD1;PFKP;FTL;GPX4;EGLN2;CDKN2D;LAMTOR5;NDUFS2;JUNB;NDUFA6;ATOX1;TXNRD1;GLRX2;HMOX2;MSRA;NDUFB4,Colon,Enterocyte
16,logFC,Complement,-0.3501553702734813,-1.763350035213995,0.001,0.0060537836147592245,0.021,54/121,23.39%,PRSS36;CASP7;CDA;SIRT6;PIM1;CA2;LGALS3;RHOG;MMP15;DYRK2;CTSD;CASP5;RABIF;MSRB1;PFN1;PPP2CB;DUSP5;CTSL;PRSS3;IRF7;CD59;LRP1;CDH13;CTSS;FDX1;PRKCD;GMFB;TIMP2;DUSP6;PLAUR;CALM1;LAMP2;CALM3;HSPA1A;GNB2;SRC;COL4A2;IRF1;STX4;CASP3;S100A13;PPP4C;IRF2;CPM;TNFAIP3;CASP9;GPD2;CEBPB;CTSB;DOCK4;CTSO;CASP10;ATOX1;PSMB9,Colon,Enterocyte
17,logFC,Apoptosis,-0.35510081174601943,-1.7373769689641818,0.001,0.007154471544715447,0.027,51/117,21.31%,HMOX1;BMF;EMP1;CASP7;SLC20A1;VDAC2;RARA;HSPB1;RETSAT;CDKN1A;RHOB;LGALS3;RNASEL;IFNGR1;TXNIP;GADD45A;BCL10;IL18;ATF3;TNFSF10;KRT18;BAX;GADD45B;SOD1;TIMP2;GPX4;BCL2L11;SMAD7;PDCD4;PPP2R5B;JUN;DDIT3;ERBB2;TAP1;BIRC3;XIAP;ERBB3;ISG20;IRF1;CASP3;BCL2L2;NEDD9;TNFRSF12A;MCL1;PSEN2;BCL2L1;IER3;SC5D;H1-0;SAT1;BCAP31,Colon,Enterocyte
18,logFC,Inflammatory Response,-0.3675016002881848,-1.7100855566230138,0.005154639175257732,0.007392953929539295,0.029,35/84,22.20%,P2RY2;SRI;MEP1A;ADM;CDKN1A;BDKRB1;RHOG;IFNGR2;TLR3;ADORA2B;SELENOS;HBEGF;TNFRSF1B;IL18;TNFSF10;IRF7;CCL20;MXD1;CCRL2;SLC31A2;ATP2B1;KLF6;PLAUR;P2RX4;FZD5;IFNAR1;IRF1;ADRM1;NFKBIA;SLC31A1;EDN1;NMI;TAPBP;ICOSLG;ACVR1B,Colon,Enterocyte
19,logFC,Coagulation,-0.37356452359076253,-1.6082923281836063,0.01702127659574468,0.015873983739837397,0.068,25/57,22.58%,C8G;MEP1A;PRSS23;CAPN2;MMP15;GDA;GNG12;RABIF;LRP1;RAC1;FURIN;WDR1;DUSP6;LAMP2;MSRB2;GNB2;BMP1;CAPN5;S100A13;HMGCS2;CD9;ACOX2;CASP9;CTSB;CTSO,Colon,Enterocyte
20,logFC,Myogenesis,-0.33723583229255194,-1.5951422790864331,0.001,0.01620277379244381,0.073,42/86,25.98%,FKBP1B;MYLK;AK1;TNNC2;SLC6A8;PC;CKB;CDKN1A;MAPRE3;CRAT;FOXO4;FXYD1;NQO1;ITGA7;BDKRB2;HBEGF;GABARAPL2;OCEL1;CDH13;PLXNB2;GADD45B;ACHE;ATP6AP1;COL4A2;FLII;ERBB3;MYH9;VIPR1;TPM3;PSEN2;MEF2D;SSPN;ITGB4;RIT1;HDAC5;SORBS3;BHLHE40;MYOM1;MYO1C;BAG1;AKT2;SIRT2,Colon,Enterocyte
21,logFC,Pperoxisome,-0.3420921389836968,-1.587600237340473,0.00546448087431694,0.01570009033423668,0.075,23/84,11.80%,ACAA1;ACOX1;ACOT8;RETSAT;CRAT;MVP;DHCR24;ABCB1;HRAS;BCL10;PRDX1;HSD17B11;ACSL5;DHRS3;SLC27A2;YWHAH;SOD1;VPS4B;SCP2;SULT2B1;NR1I2;PEX11A;IDI1,Colon,Enterocyte
22,logFC,KRAS Signaling Up,-0.32125163281843033,-1.5168804732608232,0.005714285714285714,0.026735130509199827,0.137,36/96,18.10%,HKDC1;MALL;PRKG2;PCSK1N;EMP1;GLRX;IL2RG;CA2;PTPRR;TMEM176B;ABCB1;SEMA3B;FUCA1;TSPAN1;HBEGF;TMEM176A;TNFRSF1B;PRELID3B;TRIB1;KLF4;CCL20;CTSS;TOR1AIP2;DUSP6;USH1C;PLAUR;EPB41L3;JUP;TSPAN7;ANGPTL4;BIRC3;PRDM1;CPE;F2RL1;PSMB8;VWA5A,Colon,Enterocyte
23,logFC,Cholesterol Homeostasis,-0.34145908084004517,-1.478109141096452,0.02586206896551724,0.03559349593495935,0.186,31/59,34.35%,CBS;ETHE1;LGALS3;SEMA3B;MAL2;ATF3;ACTG1;PLAUR;IDI1;CXCL16;NFIL3;ERRFI1;TNFRSF12A;HMGCS1;PPARG;TP53INP1;CD9;SC5D;FDFT1;PNRC1;PCYT2;PLSCR1;HMGCR;FDPS;ACSS2;MVD;ANTXR2;CHKA;CTNNB1;CYP51A1;PDK3,Colon,Enterocyte
24,logFC,PI3K/AKT/mTOR  Signaling,-0.3169148568933083,-1.4711851050963738,0.011111111111111112,0.03475029036004646,0.189,32/87,22.45%,SFN;MYD88;DUSP3;IL2RG;CDKN1A;SLC2A1;ARHGDIA;RALB;HRAS;ARPC3;TNFRSF1A;PFN1;PPP1CA;CFL1;RAC1;YWHAB;MKNK2;AP2M1;PITX2;DDIT3;CAB39;ACTR3;RPS6KA1;CSNK2B;ACTR2;MAP2K3;MKNK1;CLTC;IRAK4;ARF1;UBE2D3;RIT1,Colon,Enterocyte
25,logFC,IL-6/JAK/STAT3 Signaling,-0.3519120473258289,-1.4596378043853462,0.03017241379310345,0.0359349593495935,0.204,21/51,20.06%,HMOX1;CNTFR;MYD88;PIM1;IL10RB;IL2RG;IFNGR1;IFNGR2;TNFRSF1A;TNFRSF1B;BAK1;ACVRL1;SOCS1;JUN;IFNAR1;IRF1;IL13RA1;TNFRSF12A;TNFRSF21;IRF9;CD9,Colon,Enterocyte
26,logFC,Protein Secretion,-0.3161030384792479,-1.4589552228276084,0.005813953488372093,0.03437256981265465,0.204,30/90,21.33%,AP3S1;CD63;RER1;CLN5;RAB9A;DST;RAB14;KRT18;YKT6;AP2M1;TSPAN8;STX12;SOD1;VPS4B;VAMP3;LAMP2;VAMP7;CLTA;COPE;STX7;RAB22A;ATP1A1;SSPN;TMED10;AP2S1;TSG101;CLTC;SNAP23;TMX1;ARF1,Colon,Enterocyte
27,logFC,Apical Junction,-0.31184023256823407,-1.4519165901147448,0.0064516129032258064,0.03487804878048781,0.215,34/102,15.95%,RHOF;MYL12B;COL17A1;CRB3;RRAS;ACTB;VAV2;CRAT;CAP1;HRAS;CLDN7;ARPC2;CLDN4;PFN1;MDK;B4GALT1;YWHAH;VASP;ACTG1;WASL;SHC1;PCDH1;CDH1;MAPK13;LIMA1;JUP;ITGA3;SRC;INSIG1;LAMA3;BMP1;MYH9;LDLRAP1;STX4,Colon,Enterocyte
28,logFC,Wnt-beta Catenin Signaling,0.4725785393015676,1.3923967882719763,0.09012875536480687,0.1786928264868179,0.859,6/26,8.28%,CCND2;NOTCH1;MYC;PTCH1;TP53;CSNK1E,Colon,Enterocyte
29,logFC,Spermatogenesis,0.4077118151244614,1.3749390389370917,0.07989690721649484,0.16718577559779274,0.896,16/50,18.76%,GRM8;SLC12A2;EZH2;PIAS2;DBF4;GSTM3;PSMG1;CFTR;MLF1;PACRG;SPATA6;LPIN1;CLPB;BRAF;TOPBP1;PHF7,Colon,Enterocyte
30,logFC,Mitotic Spindle,0.34094736265050507,1.3645217197331794,0.048152295632698766,0.15438031006393974,0.907,36/161,17.91%,TPX2;LMNB1;PRC1;KNTC1;CENPE;SORBS2;CENPF;TOP2A;KIF20B;CNTRL;PKD2;NUSAP1;TBCD;PALLD;CKAP5;ECT2;TIAM1;CDC42EP1;TUBGCP5;PLEKHG2;CEP57;CDK5RAP2;LRPPRC;FARP1;RASAL2;CNTROB;MID1;BIN1;CEP250;SMC4;KIF23;CEP192;RASA2;ALMS1;ALS2;EPB41,Colon,Enterocyte
31,logFC,TGF-beta Signaling,-0.32525509432975924,-1.3605775266212485,0.07083333333333333,0.062530081300813,0.35,27/47,33.09%,SLC20A1;IFNGR2;ID1;PPP1CA;FURIN;KLF10;FKBP1A;SMAD7;CDH1;RHOA;XIAP;HDAC1;PPM1A;CDK9;JUNB;UBE2D3;TJP1;PMEPA1;FNTA;BMP2;PPP1R15A;NCOR2;SMAD3;BCAR3;SPTBN1;APC;CTNNB1,Colon,Enterocyte
32,logFC,Apical Surface,0.4604479463938383,1.334999334419295,0.11849710982658959,0.16624770079705703,0.945,11/24,22.94%,DCBLD2;PKHD1;BRCA1;EPHB4;EFNA5;GSTM3;TMEM8B;FLOT2;AKAP7;CROCC;APP,Colon,Enterocyte
33,logFC,p53 Pathway,-0.25637714278497975,-1.322709168670811,0.009345794392523364,0.0795247029393371,0.438,61/160,19.16%,HMOX1;AK1;STOM;SFN;TAX1BP3;H1-2;VAMP8;UPP1;RETSAT;CDKN2B;CDKN1A;S100A10;NDRG1;TXNIP;FUCA1;OSGIN1;CTSD;HRAS;GADD45A;DGKA;ABHD4;HBEGF;EPS8L2;PMM1;CEBPA;BAK1;ATF3;TCN2;KLF4;CDH13;PLXNB2;MXD1;VDR;BAX;CGRRF1;MKNK2;PDGFA;H2AJ;SLC3A2;RXRA;TSC22D1;SOCS1;TRAF4;JUN;DDIT3;PERP;TAP1;HEXIM1;HINT1;FOS;BTG1;ST14;SDC1;WRAP73;ZMAT3;VWA5A;CCND3;RNF19B;DDIT4;RAP2B;NUDT15,Colon,Enterocyte
34,logFC,Epithelial Mesenchymal Transition,-0.2916279240409899,-1.3123856271611767,0.04838709677419355,0.08386630532971996,0.468,26/71,14.91%,MYLK;SERPINE2;IL32;SLC6A8;LAMA1;ANPEP;RHOB;LGALS1;FUCA1;GADD45A;PLOD2;DST;CD59;LRP1;GADD45B;CAPG;PLAUR;VEGFA;PFN2;SDC4;JUN;AREG;COL4A2;LAMA3;PLOD3;BMP1,Colon,Enterocyte
35,logFC,Estrogen Response Late,-0.2572627657634535,-1.257788995805804,0.07518796992481203,0.1145993031358885,0.583,43/124,17.36%,KRT19;SFN;SGK1;SLC26A2;CKB;OPN3;PRSS23;CA2;FLNB;TST;SEMA3B;SLC22A5;TJP3;ZFP36;PLAAT3;FRK;ASS1;PKP3;KCNK5;KLF4;MDK;SLC27A2;PAPSS2;SULT2B1;PDCD4;CDH1;GALE;NBL1;MAPK13;AREG;LSR;PERP;FGFR3;SCNN1A;RAPGEFL1;ISG20;FOS;CPE;COX6C;BLVRB;ST14;SLC16A1;HMGCS2,Colon,Enterocyte
36,logFC,Estrogen Response Early,-0.24637539734217012,-1.2468201026355716,0.03125,0.11792542753013736,0.607,42/135,14.72%,P2RY2;KRT19;SFN;SLC26A2;OPN3;KRT8;RARA;RHOD;PRSS23;SLC1A1;SLC2A1;FLNB;SEMA3B;SLC22A5;CLDN7;TJP3;RAB17;PLAAT3;FRK;ENDOD1;KCNK5;TSKU;KLF4;KRT18;MINDY1;UGCG;DHRS3;B4GALT1;SLC27A2;KLF10;FHL2;ASB13;PAPSS2;SULT2B1;PEX11A;NBL1;AREG;RETREG1;LAD1;ELF3;SCNN1A;RAPGEFL1,Colon,Enterocyte
37,logFC,Androgen Response,-0.2609568261584415,-1.2087252599119414,0.12435233160621761,0.14750135501355016,0.703,30/84,22.13%,MAF;KRT19;SGK1;SLC26A2;KRT8;HPGD;MYL12A;DHCR24;NDRG1;PLPP1;B2M;TMEM50A;SELENOP;NCOA4;VAPA;B4GALT1;TMPRSS2;TSC22D1;IDI1;INSIG1;ADRM1;HMGCS1;CCND3;IQGAP2;PTK2B;GPD1L;H1-0;SAT1;DBI;PMEPA1,Colon,Enterocyte
38,logFC,Unfolded Protein Response,0.31488365155154935,1.1874670000613672,0.2038369304556355,0.3686518155187683,0.999,17/100,13.65%,DDX10;IARS1;EXOSC5;PDIA5;EIF4EBP1;EXOSC2;NOLC1;DKC1;NHP2;TSPYL2;NOP56;SRPRB;NOP14;NPM1;FKBP14;MTHFD2;SLC7A5,Colon,Enterocyte
39,logFC,IL-2/STAT5 Signaling,0.2908681366462228,1.1382727331979958,0.23897911832946636,0.4291796443899448,1.0,32/119,17.14%,CD44;BCL2;RORA;CCND2;EEF1AKMT1;GLIPR2;LRIG1;MYC;SCN9A;PTCH1;SLC29A2;SLC39A8;PUS1;CD81;NOP2;CKAP4;IGF1R;PLAGL1;TIAM1;ALCAM;UMPS;DCPS;LCLAT1;POU2F1;TWSG1;IL3RA;ITGA6;MUC1;XBP1;IFITM3;IL1R2;CD83,Colon,Enterocyte
40,logFC,DNA Repair,0.2839371596363151,1.1024782968624474,0.31058823529411766,0.46596733738364643,1.0,32/127,21.70%,RFC3;LIG1;POLA1;NME1;PDE4B;ERCC8;IMPDH2;REV3L;TP53;DUT;POLB;DDB2;RFC2;NME4;HCLS1;UMPS;NELFCD;SMAD5;POLR1C;CSTF3;SSRP1;POLL;RRM2B;POLR2D;APRT;SF3A3;POLR3C;BCAM;ITPA;ERCC3;DDB1;POLH,Colon,Enterocyte
41,logFC,Notch Signaling,-0.32950426036042146,-1.0994757351894227,0.334375,0.27475478625753996,0.899,10/21,25.63%,PSENEN;PPARD;ARRB1;DTX4;FZD5;PSEN2;APH1A;TCF7L2;SKP1;DTX2,Colon,Enterocyte
42,logFC,Glycolysis,-0.22238934724876258,-1.0961794781455307,0.16964285714285715,0.2713109756097561,0.902,42/144,19.75%,VLDLR;PC;ALDOB;MXI1;UGP2;GLRX;EGLN3;DSC2;SLC16A3;LDHA;ADORA2B;ALDOA;BPNT1;PLOD2;B3GNT3;PPP2CB;P4HA2;MPI;PYGB;B4GALT1;SOD1;RBCK1;PFKP;VEGFA;GNPDA1;GALE;PSMC4;CLDN3;CHPF2;ELF3;ANGPTL4;CYB5A;ISG20;CAPN5;PGAM1;IL13RA1;SDC1;PGLS;ME2;DDIT4;IER3;TALDO1,Colon,Enterocyte
43,logFC,UV Response Dn,0.2871277550763952,1.0781185780810427,0.33414337788578374,0.47893930104230525,1.0,32/102,25.13%,PLCB4;TGFBR3;MYC;CELF2;PRKAR2B;FYN;SLC7A1;PTPRM;IGF1R;ARHGEF9;KCNMA1;ATP2B4;MAGI2;TENT4A;PRKCA;ATRX;MGMT;DDAH1;RASA2;ATP2C1;MET;NFIB;APBB2;RUNX1;TGFBR2;F3;BMPR1A;ICA1;ADD3;TOGARAM1;BCKDHB;DLC1,Colon,Enterocyte
44,logFC,Allograft Rejection,0.2809465593614284,1.047261873238533,0.38650306748466257,0.5031608734613027,1.0,15/87,11.45%,PRKCG;NME1;SRGN;BRCA1;PTPRC;CCND2;ABCE1;GLMN;AARS1;RPS3A;HCLS1;RPS19;TGFB1;MRPL3;NPM1,Colon,Enterocyte
45,logFC,KRAS Signaling Dn,0.2913673849954725,1.0112245747016357,0.4417098445595855,0.5401524043093632,1.0,10/53,9.85%,DTNB;CAPN9;MSH5;MACROH2A2;IGFBP2;FGGY;PRKN;BARD1;COQ8A;CDKAL1,Colon,Enterocyte
46,logFC,Angiogenesis,-0.3289726192821546,-1.0087157731697778,0.43714285714285717,0.42796747967479676,0.972,4/13,11.49%,SLCO2A1;VAV2;PDGFA;VEGFA,Colon,Enterocyte
47,logFC,Hedgehog Signaling,0.2971193075453821,0.8240009452366476,0.7127329192546584,0.8736464336807684,1.0,4/18,9.01%,CDK6;PTCH1;DPYSL2;ADGRG1,Colon,Enterocyte
48,logFC,mTORC1 Signaling,0.1761831269978333,0.7118681352435614,0.9600912200684151,0.9792719190680564,1.0,23/165,16.17%,RRM2;NUPR1;UNG;ACACA;EEF1E1;MCM4;GMPS;PSMG1;HSPD1;QDPR;TOMM40;NUP205;PNO1;HMBS;MTHFD2L;AK4;GGA2;IFI30;MTHFD2;SLC7A5;XBP1;LTA4H;SLC37A4,Colon,Enterocyte
49,logFC,Pancreas Beta Cells,0.22304418571486662,0.5321219381497931,0.9686468646864687,0.9960760269773146,1.0,2/10,16.35%,SRPRB;ELP4,Colon,Enterocyte
0,logFC,TNF-alpha Signaling via NF-kB,0.7379516445463525,3.025904508563677,0.001,0.001,0.001,98/149,13.15%,GCH1;BIRC3;FOSL1;CD83;CXCL2;TNFAIP3;MAP3K8;CXCL1;GFPT2;NR4A3;MYC;PTGS2;PLAUR;TNFAIP6;NFKB1;ZC3H12A;PFKFB3;TIPARP;PDE4B;NAMPT;MAFF;TNFAIP2;TRIB1;DUSP5;RCAN1;SOD2;NFIL3;TAP1;IRS2;CDKN1A;SPSB1;AREG;KDM6B;NFKBIA;NR4A2;SGK1;G0S2;IRF1;ICAM1;CCL2;PANX1;IFIH1;DUSP1;B4GALT5;LDLR;RIPK2;IER3;REL;LITAF;PHLDA2;RELB;KLF6;CD69;CD44;EHD1;STAT5A;IER5;MCL1;NR4A1;NFKB2;IFIT2;KLF4;B4GALT1;ATF3;SOCS3;IL15RA;KLF9;FOSB;EGR1;GADD45A;IFNGR2;BIRC2;PPP1R15A;KLF10;ZFP36;ZBTB10;ABCA1;TANK;DNAJB4;TRIP10;FOSL2;SQSTM1;MAP2K3;BTG2;BTG1;CCNL1;MARCKS;IL6ST;RNF19B;PHLDA1;IER2;NFE2L2;EGR2;TNIP1;SDC4;PTGER4;NFAT5;RELA,Colon,Fibroblast
1,logFC,Interferon Gamma Response,0.692392676247991,2.8098380849929225,0.001,0.001,0.001,79/140,16.10%,GCH1;MX1;TDRD7;TNFAIP3;PTPN6;PTPN1;IFIT3;STAT4;HELZ2;PTGS2;TNFAIP6;NFKB1;PDE4B;BATF2;CCL7;NAMPT;HLA-DRB1;TNFAIP2;MX2;CD74;VAMP8;SOD2;TAP1;CDKN1A;NFKBIA;IRF1;ICAM1;PIM1;PML;CCL2;IFIH1;RIPK2;LAP3;HERC6;STAT1;ISG20;IRF8;EPSTI1;RIPK1;CD69;CASP3;IFIT2;TNFSF10;IFNAR2;SOCS3;IL15RA;EIF2AK2;TRIM14;ZNFX1;WARS1;LATS2;CASP4;NLRC5;STAT2;NOD1;PARP14;IRF7;NCOA3;BTG1;PLSCR1;TRIM25;VCAM1;STAT3;SP110;APOL6;PNPT1;SAMHD1;IFI30;SLC25A28;IL7;HIF1A;ARID5B;IFI44;IRF9;IL4R;TRAFD1;GBP4;CFH;BPGM,Colon,Fibroblast
2,logFC,Interferon Alpha Response,0.6728445192558299,2.4925824607607265,0.001,0.001,0.001,39/77,15.72%,MX1;TDRD7;NCOA7;IFIT3;HELZ2;BATF2;CD74;TAP1;IRF1;IFIH1;RIPK2;LAP3;HERC6;ISG20;EPSTI1;OAS1;IFIT2;EIF2AK2;TRIM14;WARS1;ELF1;STAT2;PARP14;SAMD9;IRF7;PLSCR1;TRIM25;SP110;PNPT1;IFI30;SLC25A28;IL7;IFI44;TMEM140;IRF9;IL4R;CNP;TRAFD1;GBP4,Colon,Fibroblast
3,logFC,Inflammatory Response,0.6327280877930623,2.4174865181853424,0.001,0.001,0.001,42/90,13.84%,GCH1;HRH1;ICAM4;RGS1;MYC;PLAUR;TNFAIP6;NFKB1;PDE4B;CCL7;NAMPT;CDKN1A;NFKBIA;C5AR1;IRF1;ICAM1;CCL2;OSMR;LDLR;RIPK2;PSEN1;KLF6;CD55;CD69;ACVR1B;TNFSF10;IL15RA;EIF2AK2;HAS2;IFNGR2;RGS16;ABCA1;GNAI3;IRF7;BTG2;AHR;PTGER4;LYN;RELA;ADM;KIF1B;HIF1A,Colon,Fibroblast
4,logFC,Allograft Rejection,0.6003755164290241,2.276085200160531,0.001,0.001,0.001,31/86,14.87%,SRGN;HLA-DRA;PTPN6;STAT4;PRKCG;CCL7;CD74;TAP1;ICAM1;CCL2;HDAC9;RIPK2;CTSS;STAT1;IRF8;HLA-E;DYRK3;UBE2D1;IFNAR2;IFNGR2;WARS1;CCL13;EIF3A;TGFB1;IRF7;BCL10;TAP2;LYN;IL7;HIF1A;IL4R,Colon,Fibroblast
5,logFC,UV Response Up,0.5746604459072359,2.1978826677750005,0.001,0.001,0.001,40/87,17.29%,GCH1;CXCL2;RAB27A;SOD2;TAP1;TFRC;POLG2;NFKBIA;IRF1;ICAM1;DNAJB1;AGO2;CHKA;DDX21;CASP3;NR4A1;GLS;ATF3;FOSB;SQSTM1;DNAJA1;RRAD;BTG2;BTG1;IL6ST;H2AX;MGAT1;EIF5;NUP58;LYN;PTPRD;NXF1;AMD1;HSPA13;CNP;BTG3;ATP6V1C1;TARS1;JUNB;FOS,Colon,Fibroblast
6,logFC,Androgen Response,0.5479470190555498,2.0242882018090396,0.001,0.001,0.003,33/77,19.56%,ELL2;IQGAP2;UAP1;SGK1;MAP7;RPS6KA3;FKBP5;NDRG1;ELOVL5;CDK6;LIFR;B4GALT1;ANKH;HMGCS1;ZBTB10;GNAI3;INSIG1;ACSL3;NGLY1;IDI1;GUCY1A1;ITGAV;SLC38A2;ARID5B;DNAJB9;UBE2J1;TNFAIP8;KRT8;INPP4B;RRP12;PDLIM5;SAT1;ADAMTS1,Colon,Fibroblast
7,logFC,IL-6/JAK/STAT3 Signaling,0.5720570286773654,1.9939862935668573,0.001,0.001,0.003,23/48,14.87%,MAP3K8;CXCL1;PTPN1;CCL7;IRF1;PIM1;OSMR;STAT1;CD44;ACVR1B;SOCS3;IL15RA;IFNGR2;TGFB1;STAT2;PTPN11;IL6ST;STAT3;IL13RA1;IL7;JUN;IRF9;IL4R,Colon,Fibroblast
8,logFC,Apoptosis,0.5003758884122206,1.9752695905511075,0.001,0.001,0.003,47/106,19.49%,GCH1;BIRC3;SOD2;TAP1;CDKN1A;IRF1;ETF1;CYLD;IER3;HGF;ISG20;PSEN1;CD69;CD44;CASP3;MCL1;SLC20A1;ATF3;TNFSF10;EMP1;NEDD9;ANKH;SPTAN1;GADD45A;PAK1;KRT18;CASP4;SQSTM1;DNAJA1;BTG2;DDIT3;PDCD4;BCL10;LMNA;RELA;SATB1;SMAD7;ANXA1;JUN;DPYD;BTG3;CTNNB1;GADD45B;GPX1;PPP3R1;SAT1;LGALS3,Colon,Fibroblast
9,logFC,Cholesterol Homeostasis,0.5924694988886872,1.9231408409260817,0.001,0.001,0.005,21/40,19.49%,ACAT2;PLAUR;ERRFI1;NFIL3;NIBAN1;LDLR;CPEB2;FABP5;STX5;CHKA;ATF3;HMGCS1;PLSCR1;IDI1;SREBF2;ATF5;PNRC1;PPARG;CTNNB1;LGMN;LGALS3,Colon,Fibroblast
10,logFC,Hypoxia,0.4756859773234036,1.917989947184198,0.001,0.001,0.005,59/130,23.09%,LDHC;TNFAIP3;PLAUR;PFKFB3;TIPARP;ERRFI1;MAFF;PRKCA;NFIL3;IRS2;CDKN1A;PIM1;DUSP1;IER3;NOCT;ISG20;NDRG1;KLF6;ATF3;JMJD6;ERO1A;PPP1R15A;GBE1;ZFP36;CCNG2;FOSL2;BTG1;DDIT3;DDIT4;CP;TES;SDC4;ANXA2;LARGE1;ADM;JUN;PNRC1;FOXO3;PGF;GYS1;GLRX;FOS;ETS1;EGFR;NEDD4L;CITED2;MT1E;MT2A;P4HA1;AMPD3;GPI;AKAP12;HK1;SLC2A3;KDM3A;PLIN2;EXT1;PAM;CSRP2,Colon,Fibroblast
11,logFC,p53 Pathway,0.4722856479101908,1.9034867293894882,0.001,0.001,0.007,53/128,20.55%,SLC19A2;VAMP8;TAP1;PITPNC1;CDKN1A;KIF13B;BAIAP2;IER3;CSRNP2;SESN1;NDRG1;IER5;PVT1;KLF4;ACVR1B;ATF3;ZMAT3;GADD45A;PPP1R15A;RGS16;TGFB1;TOB1;RRAD;BTG2;BTG1;DNTTIP2;DDIT3;RNF19B;DDIT4;HEXIM1;ERCC5;IFI30;TSPYL2;TP53;JUN;CDKN2AIP;STOM;APAF1;MKNK2;FOXO3;TRAFD1;SLC35D1;NINJ1;SLC3A2;ZFP36L1;FOS;FBXW7;MXD1;RB1;SAT1;PLK3;FGF13;PTPN14,Colon,Fibroblast
12,logFC,IL-2/STAT5 Signaling,0.4819094887489355,1.882287429892866,0.001,0.001185753708175233,0.011,52/108,22.90%,CD83;MAP3K8;CDC42SE2;MYC;MAFF;NFKBIZ;NFIL3;PIM1;NRP1;IKZF4;IRF8;NDRG1;XBP1;KLF6;CD44;NOP2;CASP3;MYO1E;TNFSF10;EMP1;PLAGL1;RGS16;MAPKAPK2;NCOA3;SLC1A5;AHR;PLSCR1;DHRS3;PHLDA1;IGF1R;RABGAP1L;ITGAV;DENND5A;SNX14;IL4R;GBP4;BMPR2;PRNP;GADD45B;TNFRSF1B;GALM;DCPS;CYFIP1;MXD1;SWAP70;P4HA1;P2RX4;RHOB;IL18R1;SLC2A3;PLIN2;HUWE1,Colon,Fibroblast
13,logFC,mTORC1 Signaling,0.43644442532771044,1.7757171770562017,0.001,0.00360345932094811,0.035,51/135,22.42%,NAMPT;NFIL3;TFRC;CDKN1A;NIBAN1;ETF1;LDLR;XBP1;ELOVL5;NFKBIB;HMGCS1;ERO1A;WARS1;PPP1R15A;PITPNB;GBE1;ADIPOR2;PIK3R3;LTA4H;PPA1;SLC1A5;SQSTM1;MAP2K3;INSIG1;BTG2;ACSL3;DDIT3;IDI1;DDIT4;HSPA9;TES;IFI30;DDX39A;PSMD12;TBK1;UFM1;SDF2L1;MTHFD2;GLRX;IDH1;LGMN;ACTR3;SERP1;GSK3B;TOMM40;P4HA1;SKAP2;GPI;UBE2D3;SLC2A3;PNO1,Colon,Fibroblast
14,logFC,Estrogen Response Early,0.44497965048438676,1.679217562913373,0.001,0.009248878923766817,0.093,34/90,18.15%,MYC;TIPARP;SLC19A2;PAPSS2;AREG;FKBP5;XBP1;UGCG;ELOVL5;CD44;NRIP1;KLF4;B4GALT1;SLC16A1;KRT18;ELF1;KLF10;KDM4B;AFF1;TOB1;DHRS3;IL6ST;TGIF2;IGF1R;SNX24;KAZN;SH3BP5;ABLIM1;NAV2;HSPB8;ISG20L2;FOS;KRT8;RRP12,Colon,Fibroblast
15,logFC,TGF-beta Signaling,0.48984102651956757,1.677467219393279,0.003305785123966942,0.008758408071748878,0.094,26/49,24.39%,THBS1;SKIL;SLC20A1;ARID4B;TGFBR1;IFNGR2;PPP1R15A;KLF10;TGFB1;SPTBN1;BCAR3;SMAD7;BMPR2;CTNNB1;JUNB;PPP1CA;SMURF2;TJP1;SMURF1;UBE2D3;HDAC1;PPM1A;ID2;SKI;RAB31;SMAD3,Colon,Fibroblast
16,logFC,Myogenesis,-0.387044602291233,-1.6116881633176954,0.005747126436781609,0.03997093023255814,0.135,29/99,18.37%,MYH11;TAGLN;APOD;TPM2;DAPK2;CKB;KCNH1;DMD;SORBS1;SMTN;PDLIM7;DENND2B;COX7A1;COL6A3;COL6A2;IGFBP3;OCEL1;PPP1R3C;PDE4DIP;SGCA;MYLK;SSPN;ADCY9;PLXNB2;LSP1;ATP6AP1;GABARAPL2;MEF2C;AEBP1,Colon,Fibroblast
17,logFC,KRAS Signaling Up,0.4119625767967351,1.5782155779509126,0.0015923566878980893,0.021432339752044314,0.219,33/91,17.47%,BIRC3;TNFAIP3;GFPT2;PTGS2;PLAUR;PIGR;TRIB1;G0S2;HSD11B1;NRP1;HDAC9;MAP7;CTSS;IRF8;KLF4;EMP1;ANKH;ERO1A;PPP1R15A;RGS16;GPNMB;MTMR10;LY96;GUCY1A1;RABGAP1L;PRDM1;SATB1;ADAM17;CFH;BPGM;GLRX;TNFRSF1B;ETS1,Colon,Fibroblast
18,logFC,Complement,0.3811539823734489,1.5189171942381157,0.01023391812865497,0.03441081215744893,0.34,34/114,17.15%,TNFAIP3;CXCL1;PLAUR;MAFF;DUSP5;TFPI2;IRF1;PIM1;LAP3;CTSS;PCLO;PSEN1;CD55;EHD1;DOCK10;CASP3;ZFPM2;KIF2A;CASP4;LTA4H;GNAI3;IRF7;PLSCR1;DOCK4;CP;APOBEC3G;FYN;LYN;CFH;VCPIP1;CALM1;USP15;DGKH;CBLB,Colon,Fibroblast
19,logFC,G2-M Checkpoint,0.3874998567833878,1.517842700237226,0.0029985007496251873,0.033337266934151524,0.345,33/108,19.59%,MYC;NUP98;PML;EZH2;KPNA2;NOLC1;CCNT1;JPT1;TGFB1;SYNCRIP;MARCKS;H2AX;TENT4A;GSPT1;TOP1;AMD1;ATF5;HIF1A;SLC12A2;FOXN3;CUL4A;DDX39A;H2AZ1;RASAL2;SFPQ;HSPA8;G3BP1;CUL3;TFDP1;YTHDC1;SRSF2;MT2A;BCL3,Colon,Fibroblast
20,logFC,Unfolded Protein Response,0.379301228662414,1.4525191078766075,0.026905829596412557,0.05850616591928251,0.544,27/87,20.42%,NABP1;ERN1;CCL2;XBP1;ATF6;NOLC1;ATF3;EIF2AK3;ERO1A;DCP1A;BAG3;ATP6V0D1;DDIT4;H2AX;HSPA9;DCP2;TSPYL2;HERPUD1;SHC1;DNAJB9;MTHFD2;TARS1;SRPRA;YWHAZ;SERP1;NFYA;EIF4A1,Colon,Fibroblast
21,logFC,heme Metabolism,0.36534268270280695,1.4488617379266133,0.011041009463722398,0.057655349135169766,0.556,30/113,16.75%,ELL2;ICAM4;TENT5C;MFHAS1;SLC66A2;TFRC;BACH1;FBXO34;SDCBP;YPEL5;NARF;TSPAN5;KLF3;DAAM1;CLIC2;MAP2K3;BTG2;BMP2K;GCLM;AGPAT4;SIDT2;TOP1;MARCHF2;RNF19A;CAST;FOXO3;BPGM;KDM7A;LPIN2;USP15,Colon,Fibroblast
22,logFC,PI3K/AKT/mTOR  Signaling,0.3932246987390064,1.4473744807899074,0.021875,0.055544231553200166,0.557,29/76,23.50%,PLCB1;CDKN1A;RPS6KA3;RIPK1;PPP2R1B;NFKBIB;PIK3R3;STAT2;NOD1;MKNK1;SQSTM1;PTPN11;MAP2K3;DDIT3;RALB;MAPK9;MAPK8;GNA14;MKNK2;TBK1;EGFR;PPP1CA;ACTR3;GSK3B;SMAD2;ARHGDIA;UBE2D3;PRKAR2A;CFL1,Colon,Fibroblast
23,logFC,Epithelial Mesenchymal Transition,-0.3192759184284708,-1.4438953684394777,0.011940298507462687,0.07505031305903398,0.408,31/140,11.47%,TAGLN;ACTA2;POSTN;SNTB1;WNT5A;MYL9;FLNA;TPM2;ANPEP;HTRA1;PDGFRB;TPM1;MMP14;ECM1;COL16A1;COL6A3;MGP;P3H1;COL6A2;FBN2;MCM7;SGCB;IGFBP3;VEGFA;MMP2;ITGA2;PDLIM4;PCOLCE;CALD1;PLOD3;MYLK,Colon,Fibroblast
24,logFC,KRAS Signaling Dn,0.4495045785396841,1.4401194578918284,0.0554675118858954,0.05635845193994931,0.575,9/32,11.05%,MX1;TENT5C;NR4A2;SGK1;SKIL;BTG2;CLSTN3;PTGFR;PTPRJ,Colon,Fibroblast
25,logFC,Estrogen Response Late,0.382266405002018,1.4377304038882308,0.0319634703196347,0.05506119207772795,0.587,21/82,10.84%,PTPN6;CHST8;PAPSS2;AREG;TFPI2;SGK1;FKBP5;ISG20;XBP1;FABP5;ELOVL5;CD44;NRIP1;KLF4;SLC16A1;UGDH;ZFP36;AFF1;TOB1;IL6ST;PDCD4,Colon,Fibroblast
26,logFC,Mitotic Spindle,0.32561632206278524,1.2993256445865349,0.0744047619047619,0.15644618834080717,0.916,40/129,26.00%,PLEKHG2;EZR;MID1;CLIP1;MYO1E;ARF6;CNTRL;NEDD9;SPTAN1;STK38L;DOCK4;WASF1;MARCKS;SPTBN1;ARHGEF3;PPP4R2;TUBGCP3;KIF1B;RASAL2;ALS2;TRIO;ABR;PDLIM5;CDC42EP4;FSCN1;PCGF5;ARHGDIA;STAU1;DLG1;CD2AP;ACTN4;LATS1;NIN;SSH2;PCNT;SYNPO;SMC4;CDC42;CSNK1D;CLIP2,Colon,Fibroblast
27,logFC,UV Response Dn,0.3032700632450462,1.214960085472725,0.14449213161659513,0.2644769748189031,0.984,36/121,19.44%,MYC;NFKB1;PRKCA;KCNMA1;NRP1;DUSP1;LDLR;CELF2;SIPA1L1;HAS2;RND3;PIK3R3;KALRN;DAB2;INSIG1;RUNX1;PTGFR;TENT4A;IGF1R;PRKCE;FYN;ANXA2;SMAD7;PPARG;ADGRL2;DYRK1A;NIPBL;INPP4B;CITED2;PDLIM5;YTHDC1;ATXN1;MT1E;WDR37;TJP1;PRDM2,Colon,Fibroblast
28,logFC,Oxidative Phosphorylation,-0.26352592636372274,-1.2119670824995166,0.06,0.23274448419797256,0.899,79/186,31.76%,MRPL35;COX11;IDH2;NDUFA4;MTX2;TIMM10;IDH3B;ABCB7;GOT2;NDUFB1;PDK4;NDUFA1;VDAC2;MRPS12;ISCU;NDUFS3;NQO2;SLC25A12;NDUFB6;ATP6AP1;MRPS11;PRDX3;NDUFB8;MRPS30;MDH1;IMMT;HSD17B10;NDUFS7;ATP5ME;COX17;SURF1;ETFB;ACADVL;NDUFB4;NDUFAB1;ATP5PB;NDUFA3;PDHB;ATP5PO;TOMM70;MGST3;UQCR11;NDUFS4;ACADSB;NDUFS6;ETFA;UQCRC2;SDHA;ATP5F1D;NDUFS8;NDUFA8;BDH2;ATP6V0E1;CYB5R3;ALDH6A1;NDUFA5;ATP5PF;UQCRH;SUCLG1;NDUFB7;ATP5PD;MRPL34;NNT;SDHB;PDHA1;COX7A2;COX6B1;LDHB;NDUFA7;DECR1;ECHS1;SLC25A11;ETFDH;ECI1;COX6C;RHOT2;UQCRB;COX6A1;NDUFB5,Colon,Fibroblast
29,logFC,Hedgehog Signaling,0.4409110202641511,1.1934464484204244,0.2465753424657534,0.29210264075734926,0.994,4/17,5.27%,PML;NRP1;CDK6;NRP2,Colon,Fibroblast
30,logFC,Spermatogenesis,0.35407320380191737,1.1724091139552268,0.22165820642978004,0.3174547565663036,0.998,7/42,8.00%,LDHC;MAP7;EZH2;TULP2;STRBP;BRAF;LPIN1,Colon,Fibroblast
31,logFC,Xenobiotic Metabolism,0.28544628091737784,1.1022676414495627,0.2859375,0.4453378691820009,1.0,23/101,18.36%,GCH1;PAPSS2;HSD11B1;PPARD;TDO2;IRF8;ELOVL5;NPC1;UGDH;TPST1;MAN1A1;PTGR1;SLC1A5;PGD;ACOX1;ASL;SLC35D1;NINJ1;MCCC2;LPIN2;IDH1;SERTAD1;PDLIM5,Colon,Fibroblast
32,logFC,Pperoxisome,0.30339407038915167,1.074222119382352,0.35403726708074534,0.49476831091180873,1.0,13/56,18.65%,SOD2;ELOVL5;PABPC1;ACOX1;DHRS3;IDI1;BCL10;CADM1;CLN8;ACSL4;IDH1;SLC35B2;ATXN1,Colon,Fibroblast
33,logFC,Glycolysis,0.26830915060038296,1.058906466995178,0.35302806499261447,0.5137060610444091,1.0,23/109,18.30%,LDHC;IRS2;IER3;ISG20;CD44;B4GALT1;HOMER1;TPST1;KIF2A;ERO1A;EXT2;SLC16A3;DDIT4;IL13RA1;B4GALT4;PYGL;PMM2;HS2ST1;GYS1;GLRX;EGFR;IDH1;CITED2,Colon,Fibroblast
34,logFC,E2F Targets,0.2694418826550241,1.0577533002743458,0.33987915407854985,0.5005430213004484,1.0,29/107,26.47%,MYC;TFRC;CDKN1A;EZH2;KPNA2;NOLC1;JPT1;IPO7;SYNCRIP;HELLS;H2AX;GSPT1;TP53;DDX39A;H2AZ1;BRMS1L;DCTPP1;MTHFD2;POLD3;SRSF2;NUP153;EED;MLH1;SMC4;NOP56;UBR7;NAP1L1;HMGB2;EIF2S1,Colon,Fibroblast
35,logFC,Coagulation,-0.2686837297136465,-1.0471196899056066,0.3641160949868074,0.4484850178890876,0.991,10/63,10.95%,MMP11;F3;PLAT;HTRA1;PEF1;MMP14;CD9;MMP2;ITGA2;CSRP1,Colon,Fibroblast
36,logFC,Myc Targets V2,0.33190699387264566,1.015677804757488,0.45166666666666666,0.5830445712732708,1.0,4/29,5.21%,MYC;PPRC1;NOLC1;NOP2,Colon,Fibroblast
37,logFC,Notch Signaling,0.35840952676689397,1.0130161869019245,0.4469178082191781,0.5725319836454762,1.0,10/21,25.70%,PRKCA;PPARD;DTX4;FZD7;DLL1;MAML2;CUL1;CCND1;TCF7L2;NOTCH1,Colon,Fibroblast
38,logFC,Reactive Oxygen Species Pathway,0.30889775325007907,1.0036967702833672,0.4682274247491639,0.5787556053811659,1.0,8/36,17.17%,SOD2;SBNO2;MBP;MSRA;GCLM;PRNP;JUNB;GLRX,Colon,Fibroblast
39,logFC,Adipogenesis,0.24344967751402974,0.9988415043022345,0.4642335766423358,0.57346163428002,1.0,29/154,16.60%,NABP1;PFKFB3;PPP1R15B;PIM3;LIFR;STAT5A;GADD45A;ATP1B3;GBE1;CS;ADIPOR2;ABCA1;TANK;LPCAT3;TOB1;CCNG2;SLC1A5;ACOX1;GPHN;PDCD4;RTN3;CMPK1;YWHAG;ESYT1;STOM;PPARG;HSPB8;DNAJB9;BCL6,Colon,Fibroblast
40,logFC,Angiogenesis,-0.342854967164517,-0.9979742543416618,0.44549763033175355,0.4550536672629696,0.996,3/18,10.26%,POSTN;VEGFA;JAG1,Colon,Fibroblast
41,logFC,Bile Acid Metabolism,0.27877418151630545,0.9572445220237576,0.5085324232081911,0.6574960610835051,1.0,9/46,11.14%,CYP7B1;NPC1;PNPLA8;ABCA9;ABCA1;BCAR3;IDI1;GCLM;PXMP2,Colon,Fibroblast
42,logFC,Apical Junction,0.23271354468533922,0.9086874729591295,0.6596701649175413,0.7573533750295021,1.0,25/97,22.63%,ICAM4;SYK;ICAM1;BAIAP2;VASP;SLIT2;B4GALT1;NECTIN2;PIK3R3;INSIG1;ARPC2;MPZL1;VCAM1;CADM3;CNTN1;CTNNA1;SHC1;EGFR;TJP1;FSCN1;NEGR1;DLG1;SKAP2;ACTN4;GNAI2,Colon,Fibroblast
43,logFC,Wnt-beta Catenin Signaling,0.3041536954062268,0.8786282124801666,0.6422182468694096,0.8046596527538231,1.0,9/23,21.01%,MYC;PPARD;TCF7;MAML1;TP53;ADAM17;CTNNB1;DLL1;CUL1,Colon,Fibroblast
44,logFC,Fatty Acid Metabolism,0.218183526941486,0.8483468069404145,0.7737556561085973,0.8503012892376682,1.0,12/100,10.40%,ACAT2;G0S2;TDO2;ELOVL5;TP53INP2;UGDH;HMGCS1;PPARA;ADIPOR2;GLUL;ACOX1;IDI1,Colon,Fibroblast
45,logFC,Apical Surface,0.29354260568387947,0.7953296525900763,0.7277486910994765,0.9310059608443618,1.0,4/18,12.97%,PLAUR;B4GALT1;ADIPOR2;LYN,Colon,Fibroblast
46,logFC,Pancreas Beta Cells,0.3171507223595844,0.7688886734696132,0.7779690189328744,0.9476764360452701,1.0,6/11,34.89%,FOXO1;ELP4;DPP4;MAFB;AKT3;STXBP1,Colon,Fibroblast
47,logFC,DNA Repair,0.1717718088197777,0.6786889064101463,0.9772727272727273,1.0,1.0,17/111,17.79%,PDE4B;SUPT5H;SDCBP;GTF2B;ARL6IP1;POLR2A;ELL;RALA;ERCC5;NT5C3A;VPS37B;TP53;POLA1;TAF9;NELFB;POLD3;ERCC8,Colon,Fibroblast
48,logFC,Protein Secretion,0.1734958161935661,0.6669475596384107,0.9724770642201835,0.990623726049735,1.0,22/84,28.68%,GBF1;RPS6KA3;KRT18;RAB5A;ABCA1;AP1G1;SGMS1;NAPA;KIF1B;STAM;EGFR;ATP1A1;GOLGA4;ADAM10;PAM;STX12;DNM1L;RAB22A;SEC24D;GLA;ARCN1;MAPK1,Colon,Fibroblast
49,logFC,Myc Targets V1,0.15293480942690885,0.6379546462001332,1.0,0.9793535127055306,1.0,44/182,29.28%,MYC;ETF1;KPNA2;NOLC1;DDX21;STARD7;PABPC1;HNRNPC;SYNCRIP;GSPT1;TCP1;H2AZ1;G3BP1;TFDP1;SRSF2;PCBP1;C1QBP;NCBP1;EIF4A1;CUL1;RUVBL2;PRPS2;PWP1;HSPD1;FBL;DHX15;SRSF3;NOP56;EEF1B2;HPRT1;RSL1D1;NAP1L1;MRPL9;COX5A;EIF2S1;EIF4E;VDAC1;NCBP2;SERBP1;CDK2;HNRNPU;HNRNPA2B1;IFRD1;FAM120A,Colon,Fibroblast
0,logFC,TNF-alpha Signaling via NF-kB,-0.43316102177115856,-1.7847647877194606,0.001,0.055180397453212425,0.061,36/87,20.69%,DENND5A;ATF3;FOS;ATP2B1;PHLDA2;SGK1;BTG1;B4GALT1;SQSTM1;PNRC1;KLF2;CSF1;DUSP1;BCL2A1;IRF1;NR4A1;IRS2;ICAM1;KLF6;SOD2;DUSP2;IER2;TNFAIP3;BIRC3;CD69;JUN;ABCA1;PLAUR;BTG3;FOSB;AREG;NR4A2;RELB;NAMPT;PPP1R15A;GADD45B,Colon,Mast cell
1,logFC,PI3K/AKT/mTOR  Signaling,0.4937242662860149,1.7411677178794938,0.002242152466367713,0.1243927755864646,0.104,20/39,22.93%,ARHGDIA;CALR;GNA14;MAPKAP1;CFL1;MAPK8;PFN1;AP2M1;CLTC;UBE2N;YWHAB;ARF1;TBK1;ACTR3;RPS6KA3;PIKFYVE;ITPR2;PIN1;PRKCB;UBE2D3,Colon,Mast cell
2,logFC,Epithelial Mesenchymal Transition,0.5087419373865534,1.7197665161862374,0.002066115702479339,0.07498443014324269,0.122,10/32,9.30%,CADM1;THBS1;PMEPA1;LGALS1;ITGAV;ADAM12;CALU;DST;CAPG;ID2,Colon,Mast cell
3,logFC,Mitotic Spindle,0.40972314233565105,1.6643527209246443,0.001,0.08215348418794546,0.188,24/73,19.60%,CLIP2;ARHGDIA;KLC1;LRPPRC;SPTBN1;ABL1;RASAL2;DST;TLK1;ARHGEF12;CLASP1;LMNB1;PPP4R2;CAPZB;ABI1;TRIO;ROCK1;CDC42;PAFAH1B1;DOCK2;CSNK1D;DYNC1H1;GSN;NIN,Colon,Mast cell
4,logFC,TGF-beta Signaling,0.5035204570088522,1.629072527695476,0.022267206477732792,0.08283163794893086,0.249,14/26,28.41%,THBS1;PMEPA1;SPTBN1;ID2;IFNGR2;HIPK2;ARID4B;TGFB1;UBE2D3;SKI;TRIM33;FKBP1A;XIAP;SKIL,Colon,Mast cell
5,logFC,Angiogenesis,0.6948480579135792,1.61773256479951,0.022964509394572025,0.07440315549096949,0.272,5/8,16.17%,ITGAV;PRG2;PTK2;VEGFA;CCND2,Colon,Mast cell
6,logFC,Apical Junction,0.4505128263358861,1.5795341134356555,0.014736842105263158,0.08525361566673587,0.348,15/38,16.99%,MSN;KCNH2;RSU1;ACTG1;STX4;PFN1;PTK2;GNAI2;AKT3;CD99;TRAF1;VASP;CAP1;ARHGEF6;ACTB,Colon,Mast cell
7,logFC,Androgen Response,0.42066099233931237,1.5773049391994374,0.01639344262295082,0.07490139090720366,0.354,10/47,8.81%,ELK4;PMEPA1;PLPP1;AKAP12;NCOA4;TSC22D1;ITGAV;ABHD2;ABCC4;XRCC6,Colon,Mast cell
8,logFC,UV Response Up,-0.37658520935848117,-1.3758314071260365,0.07835820895522388,0.8794906424850473,0.85,12/42,12.47%,ATF3;ALAS1;FOS;BTG1;PLCL1;SQSTM1;DNAJB1;IRF1;NR4A1;ICAM1;SOD2;DNAJA1,Colon,Mast cell
9,logFC,Spermatogenesis,-0.5006270094734009,-1.349078437138081,0.142578125,0.6896134799665573,0.89,6/13,24.12%,TULP2;MLF1;ARL4A;VDAC3;ADCYAP1;PEBP1,Colon,Mast cell
10,logFC,Allograft Rejection,0.34946891326279295,1.3213227164849048,0.07515657620041753,0.3656217562798422,0.917,18/50,22.76%,HCLS1;TAPBP;HLA-A;KRT1;IFNAR2;CD74;CAPG;ABI1;IFNGR2;EIF5A;LCP2;UBE2N;CCND2;IFNGR1;STAT1;TGFB1;IL18;PRKCB,Colon,Mast cell
11,logFC,Cholesterol Homeostasis,-0.4586689706347634,-1.320777755438901,0.11992263056092843,0.5961605247925912,0.924,6/17,22.07%,ATF3;LGALS3;PNRC1;PLAUR;STX5;FDPS,Colon,Mast cell
12,logFC,KRAS Signaling Up,0.3768222166666873,1.3081695830172644,0.11553784860557768,0.34992734066846587,0.931,14/33,20.79%,AKAP12;GALNT3;PLAT;USP12;LAPTM5;ID2;MAP3K1;TRAF1;CCND2;RABGAP1L;DOCK2;SDCCAG8;NIN;ADAM17,Colon,Mast cell
13,logFC,Myc Targets V1,0.288061428411279,1.2757829340455367,0.07535641547861507,0.37573593522939586,0.951,34/124,24.45%,KPNB1;PSMD14;PSMD1;VDAC1;TCP1;NOP56;DHX15;RPS2;SRSF7;EIF4A1;CCT5;XRCC6;RAD23B;CUL1;EIF2S1;UBE2L3;TXNL4A;SRSF2;SYNCRIP;COX5A;EIF4G2;PGK1;DUT;PSMB3;RPS6;SRSF3;PABPC4;HNRNPA1;SSB;PSMD7;PSMA6;SET;LDHA;PRDX3,Colon,Mast cell
14,logFC,Interferon Gamma Response,0.33069228823872837,1.2734626354483563,0.11790393013100436,0.3471794968577198,0.952,7/57,4.49%,HLA-DRB1;CD38;ISG15;TAPBP;HLA-A;IFNAR2;CD74,Colon,Mast cell
15,logFC,p53 Pathway,-0.3215240882543569,-1.2003855355013238,0.17813765182186234,0.8822072158981286,0.991,11/55,9.27%,ATF3;HEXIM1;FOS;DCXR;BTG1;CDKN2AIP;SOCS1;H2AJ;PITPNC1;TSPYL2;FOXO3,Colon,Mast cell
16,logFC,Hypoxia,-0.3117261638377269,-1.1845680632293316,0.19408502772643252,0.78752331339636,0.994,16/57,16.46%,ATF3;FOS;BTG1;NDST2;PNRC1;DUSP1;IRS2;FOXO3;KLF6;KLHL24;UGP2;TNFAIP3;JUN;BNIP3L;PLAUR;RBPJ,Colon,Mast cell
17,logFC,Reactive Oxygen Species Pathway,-0.392308085023314,-1.168305731745101,0.24670433145009416,0.7263195612028335,0.996,7/20,23.06%,PRNP;SOD2;PRDX2;ATOX1;PRDX1;GPX4;MBP,Colon,Mast cell
18,logFC,mTORC1 Signaling,0.2833150437862783,1.152897479345497,0.21428571428571427,0.571974257836828,0.998,22/76,24.32%,PSMD14;CALR;HSPA4;ENO1;CCT6A;PITPNB;STIP1;ADIPOR2;IMMT;P4HA1;TBK1;ACTR3;PGK1;USO1;SLC7A5;ATP2A2;TFRC;UFM1;BHLHE40;GAPDH;UBE2D3;LDHA,Colon,Mast cell
19,logFC,IL-2/STAT5 Signaling,-0.29128264779235613,-1.1255044086271249,0.23827392120075047,0.7707215898128497,0.998,12/60,9.63%,GALM;DENND5A;PRNP;IL13;SOCS1;CSF1;GPR65;POU2F1;ARL4A;NFKBIZ;PHTF2;KLF6,Colon,Mast cell
20,logFC,DNA Repair,-0.3267738474644578,-1.1239429385997524,0.2826086956521739,0.6896134799665573,0.998,22/42,29.46%,MPG;ERCC1;GTF2B;REV3L;DGUOK;POLR2A;STX3;SRSF6;TAF10;MPC2;ARL6IP1;SUPT4H1;TMED2;GPX4;USP11;POLR2J;POLR2F;VPS28;COX17;RBX1;POLE4;GTF2A2,Colon,Mast cell
21,logFC,Myc Targets V2,0.4327679523153629,1.115696794563033,0.3319672131147541,0.6227687197585474,0.999,2/11,5.48%,WDR43;NOP56,Colon,Mast cell
22,logFC,Pperoxisome,0.3436331661066075,1.0897099865952389,0.34591194968553457,0.6413120199294167,0.999,5/24,13.99%,CADM1;GSTK1;TSPO;ACSL4;SLC23A2,Colon,Mast cell
23,logFC,Oxidative Phosphorylation,-0.25728895694343024,-1.0772178607447063,0.3142292490118577,0.7543584796449934,0.999,26/107,19.60%,ALAS1;ATP1B1;RHOT1;SLC25A3;PHYH;NDUFA2;ETFB;NDUFC1;ATP6V0E1;ATP5PB;ATP5ME;MPC1;VDAC3;NDUFC2;ATP6V1G1;HADHA;ATP6V1D;COX7A2;UQCRFS1;COX4I1;ATP5MF;NDUFB7;NDUFB8;UQCR11;ISCU;ATP5MC2,Colon,Mast cell
24,logFC,Glycolysis,0.29589244102595635,1.0683811647751076,0.3383947939262473,0.6531977025811363,0.999,16/40,26.46%,ECD;PKM;ENO1;CHST2;PGAM1;FUT8;P4HA1;VEGFA;PGK1;MDH1;KIF2A;TALDO1;MIF;LDHA;NASP;HDLBP,Colon,Mast cell
25,logFC,Estrogen Response Early,-0.3037802281700426,-1.0594298052538602,0.37169811320754714,0.7328574184835037,1.0,13/40,29.10%,GAB2;FOS;B4GALT1;TBC1D30;DEPTOR;DLC1;AREG;TGIF2;RRP12;ELF1;NRIP1;MED13L;EGR3,Colon,Mast cell
26,logFC,Xenobiotic Metabolism,-0.321861502590191,-1.0414997734508957,0.3836978131212724,0.7195382339700302,1.0,5/29,9.90%,FABP1;ALAS1;DCXR;LPIN2;ASL,Colon,Mast cell
27,logFC,Coagulation,0.3387503653249258,1.030397702361021,0.4190064794816415,0.7075565704795516,1.0,7/20,27.81%,THBS1;PLAT;FYN;GSN;PROS1;DUSP6;WDR1,Colon,Mast cell
28,logFC,Interferon Alpha Response,0.3238469717594066,1.0121964450449683,0.44234800838574423,0.7154465190684952,1.0,4/22,15.01%,ISG15;CD74;GMPR;PROCR,Colon,Mast cell
29,logFC,Wnt-beta Catenin Signaling,0.4314861587443492,1.0103749421177455,0.4694736842105263,0.6798975849422185,1.0,3/8,20.79%,CUL1;CCND2;ADAM17,Colon,Mast cell
30,logFC,UV Response Dn,-0.2804626452789274,-1.0083164906379987,0.43227091633466136,0.7492779649445673,1.0,7/43,14.12%,GRK5;ATP2B1;DUSP1;MAPK14;BMPR1A;PRDM2;DLC1,Colon,Mast cell
31,logFC,Estrogen Response Late,-0.27721834914646226,-0.9708846627583235,0.4950884086444008,0.788352029988148,1.0,10/38,18.61%,FOS;SGK1;DCXR;ETFB;JAK1;PTPN6;DUSP2;BTG3;DNAJC1;AREG,Colon,Mast cell
32,logFC,KRAS Signaling Dn,0.3949302102206188,0.9499515571556753,0.5208747514910537,0.7893709777870044,1.0,2/9,4.45%,KRT1;CHST2,Colon,Mast cell
33,logFC,E2F Targets,0.2493107326650341,0.9437742824776746,0.5508130081300813,0.7656549719742578,1.0,21/49,31.90%,SNRPB;NOP56;XRCC6;SMC6;LMNB1;EIF2S1;SRSF2;SYNCRIP;AK2;DUT;TFRC;PDS5B;PRIM2;NASP;PRKDC;PNN;EXOSC8;PA2G4;HMGB2;NUP153;RFC1,Colon,Mast cell
34,logFC,heme Metabolism,-0.2514526755992817,-0.9107141765752301,0.6038095238095238,0.8822638111775678,1.0,11/45,16.33%,TFDP2;ADD1;NARF;FOXO3;H4C3;LPIN2;PRDX2;MARCHF8;SLC11A2;BNIP3L;BLVRA,Colon,Mast cell
35,logFC,Adipogenesis,0.22543705914967246,0.9081973752894359,0.6424116424116424,0.8133969967476299,1.0,12/67,16.00%,APOE;CAVIN1;RAB34;YWHAG;GPHN;TKT;ADIPOR2;DNAJC15;LTC4S;IMMT;PIM3;AK2,Colon,Mast cell
36,logFC,Myogenesis,0.29276557593764807,0.9020858870434384,0.5916666666666667,0.7896880366882443,1.0,14/22,31.08%,KCNH2;ADAM12;MEF2A;GSN;TGFB1;ITGB1;BHLHE40;MAPRE3;RB1;BAG1;SPTAN1;MYH9;SORBS1;TPM3,Colon,Mast cell
37,logFC,Protein Secretion,-0.24383871994253317,-0.8887028810215917,0.657608695652174,0.8793314682616246,1.0,12/49,16.60%,NAPA;ATP1A1;STX16;SNX2;CLTA;ANP32E;ABCA1;MON2;M6PR;GBF1;COPB2;STAM,Colon,Mast cell
38,logFC,IL-6/JAK/STAT3 Signaling,-0.27953630051388534,-0.8465231455818989,0.701195219123506,0.9238347084926968,1.0,7/23,13.49%,SOCS1;CSF1;IRF1;HAX1;PTPN2;JUN;A2M,Colon,Mast cell
39,logFC,Apoptosis,-0.2176548663709834,-0.8306457295151519,0.782608695652174,0.9063734002186635,1.0,18/61,23.29%,ATF3;LGALS3;SQSTM1;ADD1;IRF1;SOD2;BIRC3;DNAJA1;GPX1;CD69;JUN;BNIP3L;BTG3;TIMP3;IFITM3;GADD45B;GPX4;CREBBP,Colon,Mast cell
40,logFC,Unfolded Protein Response,0.23475469679412114,0.8263345267867889,0.7584033613445378,0.9178579487503498,1.0,11/42,20.32%,CALR;LSM4;NOP56;CNOT4;EIF4A1;EIF2S1;CNOT2;EEF2;VEGFA;SLC7A5;DCP1A,Colon,Mast cell
41,logFC,Inflammatory Response,-0.23241127600594108,-0.8232948633867576,0.7745098039215687,0.87399494298161,1.0,11/44,15.14%,ATP2B1;CSF1;IRF1;ICAM1;KLF6;GNAI3;RAF1;CD69;SLC11A2;ABCA1;PLAUR,Colon,Mast cell
42,logFC,Complement,-0.22860783636369483,-0.8106992636392277,0.791828793774319,0.8516033185413854,1.0,11/45,16.23%,LGALS3;CPM;IRF1;GNG2;TNFAIP3;GNAI3;RAF1;PLAUR;PLA2G4A;DOCK10;ATOX1,Colon,Mast cell
43,logFC,G2-M Checkpoint,0.19953042962281975,0.7840483301962851,0.8580375782881002,0.955470209674071,1.0,13/65,20.22%,KPNB1;EWSR1;ABL1;RASAL2;RAD23B;CUL1;LMNB1;SRSF2;SYNCRIP;PAFAH1B1;SLC7A5;TGFB1;FOXN3,Colon,Mast cell
44,logFC,Notch Signaling,0.3306111707741741,0.7651518834026243,0.7594433399602386,0.9444550550134939,1.0,2/8,14.78%,CUL1;FBXW11,Colon,Mast cell
45,logFC,Apical Surface,-0.36046475939911365,-0.7628340059784429,0.7635574837310195,0.8800970204790386,1.0,3/6,22.43%,B4GALT1;PLAUR;LYN,Colon,Mast cell
46,logFC,Hedgehog Signaling,0.3353994831402667,0.7232290218672003,0.7780082987551867,0.9617859823381932,1.0,3/6,28.37%,VEGFA;OPHN1;MYH9,Colon,Mast cell
47,logFC,Fatty Acid Metabolism,0.1709300290802579,0.6199413734897232,0.9877049180327869,1.0,1.0,10/43,24.51%,LGALS1;ACSL4;ADIPOR2;LTC4S;RAP1GDS1;ACADVL;MDH1;MIF;LDHA;SUCLG1,Colon,Mast cell
48,logFC,Bile Acid Metabolism,0.20019130815187935,0.570688320625141,0.9666666666666667,0.9816068092173552,1.0,3/16,13.99%,GSTK1;NR3C2;SLC23A2,Colon,Mast cell
49,logFC,Pancreas Beta Cells,-0.22784070808788537,-0.48178571573874396,0.9717741935483871,0.9953694771367934,1.0,3/6,33.72%,SEC11A;SRP14;SPCS1,Colon,Mast cell
0,logFC,G2-M Checkpoint,-0.40011023075901975,-1.9588237486908613,0.001,0.004962095106822881,0.004,61/183,16.07%,SAP30;CDC20;AURKA;CKS2;DKC1;CHMP1A;CCNB2;BUB1;KPNA2;KATNA1;KIF2C;NEK2;NUSAP1;UBE2C;HUS1;TTK;CDC25B;TOP2A;PBK;KIF20B;CENPF;HMMR;TMPO;PLK1;PTTG1;CDK1;SQLE;MKI67;MT2A;CDKN3;TPX2;PRMT5;CENPA;JPT1;KIF15;CCNA2;UBE2S;LBR;CKS1B;CENPE;TROAP;HMGB3;INCENP;KNL1;BUB3;RAD21;DTYMK;CUL4A;LMNB1;PRC1;NOTCH2;MAD2L1;KIF22;ILF3;BIRC5;RACGAP1;SNRPD1;NCL;ORC5;KIF5B;MARCKS,Colon,Transit amplifying cell
1,logFC,Oxidative Phosphorylation,-0.3927478190364326,-1.907477087638794,0.001,0.0043418332184700205,0.007,119/194,37.06%,ATP6V1C1;PDHB;MFN2;VDAC2;DLAT;GOT2;TIMM13;PHB2;NDUFA9;IDH3B;HTRA2;SDHB;MRPL15;GRPEL1;ACADVL;IMMT;SLC25A11;ATP5MF;COX11;ACAA2;HADHA;NDUFS1;UQCRFS1;NDUFB8;NDUFA5;CYC1;TOMM22;IDH2;COX7A2L;NDUFB3;BDH2;NDUFB4;NDUFS8;NDUFS2;PDHA1;SLC25A5;ATP5MC1;NDUFA7;COX4I1;COX6B1;SLC25A3;DLD;MGST3;PRDX3;ETFB;ACAA1;UQCRQ;NDUFA6;UQCR10;IDH3G;ATP5F1D;AIFM1;VDAC3;OXA1L;TIMM17A;ECHS1;ATP5MC3;ATP5MC2;ATP6V0C;ATP5F1A;HSD17B10;PMPCA;NDUFB7;VDAC1;COX7A2;ISCA1;ATP5ME;COX5A;COX8A;PHYH;HSPA9;ATP5F1B;ATP6V1D;ECH1;NDUFS3;COX6A1;ATP5PO;GPI;ATP5PF;PDK4;SUCLG1;ATP5PD;NDUFA1;COX5B;TIMM50;TOMM70;SDHD;NDUFB6;ACADSB;MRPS15;ATP5F1C;SLC25A6;COX7C;UQCRB;MRPS12;COX6C;IDH3A;ATP5PB;COX7B;MDH2;UQCR11;CPT1A;MRPL34;NDUFS6;SURF1;HADHB;ETFA;CYCS;UQCRH;NDUFS4;MRPL11;COX17;TIMM10;BAX;MRPL35;MPC1;SDHA;NDUFB2;ECI1,Colon,Transit amplifying cell
2,logFC,Allograft Rejection,0.5201880904812586,1.8690359425459906,0.0014534883720930232,0.08746125669202592,0.088,12/65,12.82%,PTPRC;ETS1;CD74;HLA-DRA;PRKCG;ELF4;JAK2;HLA-E;BRCA1;IFNGR2;UBE2D1;TAP2,Colon,Transit amplifying cell
3,logFC,Myc Targets V1,-0.3789779235315068,-1.8514981949484606,0.001,0.004135079255685735,0.01,97/195,32.20%,CDC20;KPNA2;HDGF;RRP9;RAN;PWP1;MRPS18B;HPRT1;MRPL9;CCT5;CCNA2;GOT2;AIMP2;PSMC4;PHB2;BUB3;SNRPA1;PSMC6;EIF1AX;PTGES3;NME1;PSMD1;C1QBP;NHP2;NOP16;HNRNPA1;DDX18;ABCE1;STARD7;PSMD14;ERH;MAD2L1;CCT4;CCT2;HSPE1;SRSF3;SNRPD1;SSBP1;CYC1;CCT3;DDX21;HSPD1;SRPK1;IMPDH2;SNRPD3;H2AZ1;PRPF31;SERBP1;EIF3B;NOP56;ODC1;PPIA;TXNL4A;PSMD7;HSP90AB1;SLC25A3;TCP1;PSMA4;PA2G4;PRDX3;SF3B3;SET;VDAC3;COPS5;GNL3;PSMA2;KARS1;LSM7;HDAC2;ILF2;GSPT1;G3BP1;PSMD8;VDAC1;SRSF1;SNRPD2;CCT7;HNRNPA3;COX5A;ORC2;RSL1D1;SYNCRIP;YWHAE;GLO1;PSMB2;EIF4H;RPLP0;HNRNPU;TOMM70;PSMA7;HNRNPA2B1;APEX1;SNRPB2;RPS3;SNRPG;TUFM;SRSF2,Colon,Transit amplifying cell
4,logFC,Notch Signaling,-0.5299162902706565,-1.6757954596571745,0.007371007371007371,0.021709166092350105,0.065,10/21,21.44%,SAP30;NOTCH1;ARRB1;APH1A;DTX4;NOTCH2;DTX2;PSENEN;LFNG;FZD5,Colon,Transit amplifying cell
5,logFC,UV Response Dn,0.43096352475563626,1.6151062984978888,0.009985734664764621,0.293491124260355,0.43,43/94,28.81%,NR3C1;ATXN1;ATP2B4;DLC1;CELF2;RUNX1;SMAD7;TGFBR2;CITED2;FHL2;PRDM2;NEK7;KCNMA1;ZMIZ1;RASA2;PTPN21;PEX14;MIOS;WDR37;LTBP1;CDK13;PPARG;BMPR1A;PIK3R3;DYRK1A;TJP1;TENT4A;MGLL;PRKCE;ADD3;TOGARAM1;DUSP1;ARHGEF9;INPP4B;KALRN;PTEN;SCAF8;BCKDHB;ATRX;VAV2;MGMT;SFMBT1;MAP2K5,Colon,Transit amplifying cell
6,logFC,TNF-alpha Signaling via NF-kB,0.3960873954514442,1.5392590056761108,0.014492753623188406,0.32369681600450834,0.621,43/120,24.84%,TNFAIP3;TNFAIP8;SOCS3;MAP3K8;KLF2;DUSP2;MXD1;CD44;GADD45B;NR4A2;RELB;TANK;MCL1;PLAUR;LITAF;KDM6B;CEBPD;SIK1;F2RL1;REL;IFNGR2;IL6ST;BTG1;FOSL1;RNF19B;EHD1;CCNL1;IRF1;JUN;ZFP36;LAMB3;JUNB;BIRC3;B4GALT1;PNRC1;IL18;SQSTM1;PFKFB3;IRS2;RELA;FOSB;DUSP1;HBEGF,Colon,Transit amplifying cell
7,logFC,IL-6/JAK/STAT3 Signaling,0.4762490176743249,1.534009473465957,0.05646359583952452,0.2481825866441251,0.629,14/38,14.07%,IRF9;SOCS3;TNFRSF12A;PTPN1;MAP3K8;CD44;ACVRL1;TNFRSF21;IL10RB;IL17RB;IFNGR2;IL6ST;IRF1;JUN,Colon,Transit amplifying cell
8,logFC,KRAS Signaling Up,0.42095799630964703,1.5039256674530657,0.033946251768033946,0.23461256692025922,0.688,24/71,21.72%,TNFAIP3;ETS1;ST6GAL1;SDCCAG8;ANO1;TSPAN7;RABGAP1L;NIN;ATG10;EPB41L3;PLAUR;PTBP2;AVL9;F2RL1;TSPAN1;MTMR10;ADAM17;GLRX;MAP3K1;BIRC3;CROT;DCBLD2;CBL;EMP1,Colon,Transit amplifying cell
9,logFC,E2F Targets,-0.30878269278248166,-1.4977197662711197,0.001,0.06922122674017918,0.244,54/181,17.94%,CDC20;AURKA;CKS2;CCNB2;KPNA2;DEPDC1;KIF2C;BUB1B;HUS1;NCAPD2;DLGAP5;CDC25B;EXOSC8;TOP2A;HMMR;TMPO;PLK1;RAN;PTTG1;CDK1;MKI67;CDKN3;SPAG5;CDCA3;JPT1;POLE4;UBE2S;LBR;CKS1B;CHEK2;CENPE;TUBG1;HMGB3;ASF1A;RAD21;EED;NME1;POLD1;LMNB1;ANP32E;CCP110;KIF18B;MXD3;MAD2L1;KIF22;ILF3;BIRC5;RACGAP1;PAICS;NAA38;HMGB2;SNRPB;H2AZ1;CIT,Colon,Transit amplifying cell
10,logFC,Myogenesis,0.4307814417911009,1.485802586452117,0.05718475073313783,0.22060674368366676,0.734,15/61,12.04%,MEF2C;CFD;EPHB3;PDE4DIP;GADD45B;MEF2A;VIPR1;PLXNB2;SOD3;SORBS1;DAPK2;OCEL1;RB1;ABLIM1;ITGB5,Colon,Transit amplifying cell
11,logFC,heme Metabolism,0.3878649247972144,1.475947766366963,0.024128686327077747,0.20004025278750553,0.754,28/113,19.42%,NR3C1;CA1;TENT5C;SEC14L1;BMP2K;RAP1GAP;ALDH1L1;ENDOD1;GCLM;GCLC;BACH1;NUDT4;NEK7;CDR2;OPTN;MFHAS1;ARL2BP;FBXO34;FOXO3;PDZK1IP1;EPB41;DAAM1;NNT;BNIP3L;YPEL5;RNF19A;GMPS;ELL2,Colon,Transit amplifying cell
12,logFC,Hypoxia,0.3882115994076727,1.4707009248952798,0.03419972640218878,0.1799943646097492,0.765,27/107,17.20%,NR3C1;TNFAIP3;ISG20;ETS1;RORA;GBE1;XPNPEP1;NAGK;PLAC8;PLAUR;CITED2;PPARGC1A;ERRFI1;BCL2;GCNT2;RBPJ;WSB1;HK2;BTG1;FOXO3;JUN;GPC3;CCNG2;ZFP36;BNIP3L;GLRX;MAP3K1,Colon,Transit amplifying cell
13,logFC,Epithelial Mesenchymal Transition,0.4319715279479458,1.4694081184767522,0.05891016200294551,0.1620988697911775,0.77,10/55,7.45%,TNFAIP3;IL32;BASP1;TNFRSF12A;SNTB1;CD44;GADD45B;COPA;CALU;PLAUR,Colon,Transit amplifying cell
14,logFC,Mitotic Spindle,-0.3008912434846124,-1.4643174369447265,0.001,0.07567195037904893,0.305,40/164,16.07%,CNTROB;AURKA;CCNB2;BUB1;PIF1;TUBGCP5;KATNA1;KIF2C;NEK2;NUSAP1;TTK;DLGAP5;TOP2A;KIF20B;CENPF;PXN;PLK1;CDK1;BIN1;CENPJ;TPX2;CEP250;STK38L;KIF15;ECT2;CENPE;INCENP;CDC42EP1;CKAP5;SASS6;CDC42;LMNB1;PRC1;NOTCH2;KIF22;BIRC5;RACGAP1;KIF5B;PCNT;MARCKS,Colon,Transit amplifying cell
15,logFC,Estrogen Response Early,0.37669038045334824,1.4450204408387433,0.04456094364351245,0.1687010425471964,0.819,44/114,24.18%,SLC1A4;SLC24A3;PRSS23;RPS6KA2;INPP5F;ARL3;TFF3;DLC1;AMFR;CD44;ENDOD1;MAST4;RETREG1;JAK2;BCL11B;DEPTOR;FHL2;FKBP5;KDM4B;BCL2;THSD4;IL17RB;ABLIM1;TTC39A;IL6ST;ITPK1;WWC1;GAB2;OVOL2;RAPGEFL1;KAZN;MLPH;TPD52L1;SLC27A2;B4GALT1;SLC7A5;ADCY9;GLA;RBBP8;SNX24;BAG1;ADD3;SLC16A1;TMEM164,Colon,Transit amplifying cell
16,logFC,Interferon Gamma Response,0.38096871283218603,1.4447758745565984,0.052259887005649715,0.15361049207203054,0.819,19/95,13.99%,TNFAIP3;ISG20;HLA-DRB1;IFITM2;CASP4;CD74;IRF9;SOCS3;PTPN1;PML;NOD1;JAK2;AUTS2;PLSCR1;UPP1;PELI1;BTG1;ARL4A;IRF1,Colon,Transit amplifying cell
17,logFC,Complement,0.38270785075630415,1.4365556083238795,0.06639004149377593,0.14809805579036348,0.832,23/96,16.17%,DOCK10;TNFAIP3;CASP4;GNAI2;KLK1;PRKCD;SERPINA1;XPNPEP1;CBLB;LGMN;DYRK2;JAK2;CPQ;DGKH;PLAUR;PLSCR1;ZFPM2;HSPA1A;ANXA5;EHD1;IRF1;LYN;AKAP10,Colon,Transit amplifying cell
18,logFC,Apical Surface,0.5215679580036354,1.4268964718698787,0.11507293354943274,0.14391919717363505,0.848,7/18,23.63%,AKAP7;PLAUR;BRCA1;LYN;B4GALT1;DCBLD2;FLOT2,Colon,Transit amplifying cell
19,logFC,Spermatogenesis,-0.34957419307392074,-1.3957518013263064,0.04697986577181208,0.10703948016146499,0.445,10/56,5.20%,RAD17;AURKA;CCNB2;BUB1;NCAPH;KIF2C;NEK2;TTK;CDK1;CDKN3,Colon,Transit amplifying cell
20,logFC,IL-2/STAT5 Signaling,0.3655286203134441,1.37962459478057,0.07472826086956522,0.17144467254357365,0.91,24/99,16.49%,PRKCH;RORA;ALCAM;MAP3K8;MXD1;RABGAP1L;CD44;GADD45B;AMACR;TNFRSF21;PHTF2;PLPP1;PLSCR1;BCL2;NFKBIZ;PTRH2;HK2;UCK2;SLC1A5;ARL4A;SLC39A8;PLAGL1;ITGAV;CDC6,Colon,Transit amplifying cell
21,logFC,Androgen Response,0.37503756424898493,1.37021875692257,0.08251748251748252,0.16782943552174323,0.921,26/77,21.85%,SEC24D;TNFAIP8;UAP1;IQGAP2;HERC3;NGLY1;DNAJB9;PLPP1;FKBP5;PTK2B;SLC38A2;ELK4;SRF;ZMIZ1;PTPN21;TMPRSS2;SPCS3;ITGAV;CDK6;CDC14B;B4GALT1;UBE2J1;ELL2;STK39;HPGD;B2M,Colon,Transit amplifying cell
22,logFC,Apoptosis,0.3448271191078953,1.317879639433823,0.10526315789473684,0.20473372781065088,0.963,30/105,21.93%,ISG20;CYLD;CASP4;CTH;TNFRSF12A;SC5D;DPYD;MADD;SMAD7;CD44;GADD45B;MCL1;DAP;BRCA1;CREBBP;IRF1;JUN;CASP8;GSN;BNIP3L;NEDD9;BIRC3;XIAP;SLC20A1;IL18;BCL2L1;DNM1L;EMP1;FAS;SQSTM1,Colon,Transit amplifying cell
23,logFC,Fatty Acid Metabolism,-0.28943064421849696,-1.3071799586835702,0.052132701421800945,0.17444865609924193,0.671,37/112,24.92%,ADSL;CRAT;NTHL1;PDHB;ME1;EPHX1;HADH;GRHPR;CBR1;IDH3B;FABP1;ACADVL;ECI2;ACAT2;ACAA2;HMGCS1;ALDH1A1;SERINC1;GLUL;H2AZ1;METAP1;PDHA1;ODC1;HSP90AA1;DLD;SMS;ACAA1;IDH3G;ECHS1;PCBD1;HSD17B10;ACADS;SLC22A5;HSPH1;ACSM3;ERP29;MIF,Colon,Transit amplifying cell
24,logFC,Estrogen Response Late,0.337189208713073,1.3010116587291383,0.09798657718120805,0.20860225747103575,0.973,37/120,21.24%,ISG20;SLC1A4;SLC24A3;PRSS23;RPS6KA2;ARL3;TFF3;ATP2B4;SERPINA1;DUSP2;AMFR;PLXNB1;CD44;JAK2;GALE;FKBP5;BCL2;IL17RB;RABEP1;DNAJC1;STIL;IL6ST;ITPK1;ZFP36;OVOL2;ASS1;CDC6;RAPGEFL1;TPD52L1;SLC27A2;UNC13B;SLC7A5;JAK1;LAMC2;GLA;RBBP8;PTPN6,Colon,Transit amplifying cell
25,logFC,Apical Junction,0.3367452888999057,1.2484229240369442,0.14442916093535077,0.25912776682007455,0.994,3/88,3.32%,PTPRC;GNAI2;TSC1,Colon,Transit amplifying cell
26,logFC,Myc Targets V2,-0.31119844373964406,-1.2099975128418252,0.15249266862170088,0.2813232253618194,0.851,22/50,27.28%,RRP9;PLK1;FARSA;MPHOSPH10;AIMP2;PPAN;WDR43;NOP16;DDX18;HSPE1;MRTO4;HSPD1;NOP56;UTP20;RCL1;TCOF1;PA2G4;NOP2;GNL3;LAS1L;RRP12;PUS1,Colon,Transit amplifying cell
27,logFC,KRAS Signaling Dn,0.3720496944968341,1.1692639634997644,0.22186495176848875,0.36289540419095073,0.999,11/34,17.36%,TENT5C;PTPRJ;MSH5;FGGY;NR4A2;CPEB3;PRKN;HSD11B2;CAMK1D;SIDT1;PDK2,Colon,Transit amplifying cell
28,logFC,Hedgehog Signaling,0.4633784587423292,1.1568181227277219,0.27879799666110183,0.36593970132431675,1.0,6/12,22.45%,PML;NF1;TLE1;CDK6;OPHN1;DPYSL2,Colon,Transit amplifying cell
29,logFC,mTORC1 Signaling,-0.23375855316066885,-1.121614046042438,0.17535545023696683,0.4231426602343212,0.954,53/157,24.36%,SLC37A4;DHCR7;AURKA;BUB1;INSIG1;SERPINH1;RRP9;PNO1;ME1;PLK1;SQLE;HPRT1;STIP1;PSMC4;ACSL3;STARD4;TUBG1;TOMM40;CYP51A1;CCT6A;HMBS;PSMC6;HSPA4;IMMT;TPI1;PSMB5;HMGCR;PSMD14;PITPNB;HMGCS1;SKAP2;HSPE1;HSPD1;ERO1A;PRDX1;GTF2H1;ENO1;CYB5B;QDPR;NUFIP1;YKT6;ATP5MC1;PPIA;PSMA4;PGM1;PSMD13;NUPR1;COPS5;GOT1;DDX39A;LTA4H;NUP205;PDAP1,Colon,Transit amplifying cell
30,logFC,Reactive Oxygen Species Pathway,-0.2875997276150339,-1.0554888106222482,0.32577903682719545,0.5542885784098741,0.986,13/39,21.56%,GLRX2;ATOX1;EGLN2;LAMTOR5;CAT;PRDX1;PTPA;NDUFB4;NDUFS2;STK25;SELENOS;NQO1;NDUFA6,Colon,Transit amplifying cell
31,logFC,Unfolded Protein Response,-0.23914428110416866,-1.04145747450425,0.3484848484848485,0.5508959338387319,0.991,29/94,21.34%,POP4;DKC1;EXOSC4;RRP9;EXOSC2;VEGFA;SHC1;SLC30A5;DDX10;CKS1B;BANF1;SRPRB;DCTN1;EXOSC1;MTREX;NHP2;CEBPG;LSM1;KIF5B;ATP6V0D1;TARS1;ERO1A;NOP56;NFYB;KHSRP;WIPI1;YIF1A;DNAJA4;SDAD1,Colon,Transit amplifying cell
32,logFC,Wnt-beta Catenin Signaling,0.35959275233212024,1.0194840154163485,0.44098360655737706,0.6259254786727314,1.0,9/20,29.46%,PPARD;RBPJ;SKP2;ADAM17;GNAI1;NUMB;NCOR2;NCSTN;MAML1,Colon,Transit amplifying cell
33,logFC,Coagulation,0.31489402529697985,1.0133021823833872,0.4222222222222222,0.61231076615692,1.0,5/38,6.74%,CFD;PRSS23;SERPINA1;LGMN;CPQ,Colon,Transit amplifying cell
34,logFC,Protein Secretion,0.276170274044661,1.0106553543767296,0.4144271570014144,0.5915689661509059,1.0,18/84,21.73%,SEC24D;SNAP23;STX16;ARFGAP3;STX12;SGMS1;DOP1A;ARFGEF1;STAM;MON2;RAB9A;AP3S1;SEC22B;ARCN1;GLA;AP1G1;DNM1L;DST,Colon,Transit amplifying cell
35,logFC,TGF-beta Signaling,0.30743548382840563,1.003407772449707,0.4416403785488959,0.5826617826617827,1.0,18/43,28.04%,BCAR3;SMAD7;IFNGR2;ARID4B;JUNB;XIAP;SLC20A1;BMPR1A;MAP3K7;SMURF1;TJP1;HIPK2;SMURF2;SKI;PPM1A;SMAD6;NCOR2;HDAC1,Colon,Transit amplifying cell
36,logFC,Glycolysis,-0.2110749312816823,-1.0020218331662993,0.461864406779661,0.6257965328950856,0.997,28/130,17.84%,SLC37A4;SAP30;PGM2;AURKA;DEPDC1;BPNT1;ME1;KIF20A;VEGFA;HMMR;GMPPB;CDK1;CENPA;GMPPA;GOT2;PSMC4;SLC25A10;PKM;TPI1;CLDN3;PHKA2;MET;RPE;ERO1A;ECD;ENO1;ALDH7A1;RARS1,Colon,Transit amplifying cell
37,logFC,Adipogenesis,-0.2056061468906583,-0.9685184308573186,0.527363184079602,0.6711233631977945,0.999,51/147,28.80%,DHCR7;ARAF;CRAT;ME1;COQ3;FAH;DLAT;HADH;PEMT;SLC25A10;SLC25A1;SDHB;MRPL15;TKT;GHITM;GRPEL1;IMMT;CAT;PTCD3;ACAA2;SAMM50;NDUFA5;CYC1;TOB1;QDPR;DLD;PGM1;JAGN1;MGST3;PRDX3;ETFB;UQCRQ;UQCR10;IDH3G;DDT;AIFM1;ECHS1;ACADS;RMDN3;NDUFB7;COQ5;COX8A;PHYH;LPCAT3;ECH1;NDUFS3;SOD1;COX6A1;ATP5PO;CD151;SUCLG1,Colon,Transit amplifying cell
38,logFC,Pperoxisome,-0.22581063972041657,-0.9422445915392248,0.575,0.698001378359752,1.0,20/71,22.58%,CRAT;PEX13;TOP2A;PEX2;PEX11A;FDPS;GSTK1;ECI2;CTBP1;TSPO;CAT;IDE;ALDH1A1;IDH2;PRDX1;CDK7;LONP2;ISOC1;ACAA1;PEX6,Colon,Transit amplifying cell
39,logFC,Interferon Alpha Response,0.2756128783451366,0.9343066273184205,0.5460030165912518,0.7124215271907579,1.0,5/51,4.77%,ISG20;IFITM2;CD74;IRF9;OAS1,Colon,Transit amplifying cell
40,logFC,Cholesterol Homeostasis,0.277533469097662,0.9330367543661268,0.5284671532846715,0.6878644038407352,1.0,9/53,9.96%,ALCAM;TNFRSF12A;SC5D;LGMN;ATF5;PLAUR;PLSCR1;ERRFI1;STX5,Colon,Transit amplifying cell
41,logFC,Angiogenesis,0.38237593371164974,0.9007084580818294,0.5881326352530541,0.7302797866900431,1.0,5/10,31.80%,TNFRSF21;ITGAV;PDGFA;VAV2;PTK2,Colon,Transit amplifying cell
42,logFC,Pancreas Beta Cells,0.37044361765962064,0.88520376364615,0.6371841155234657,0.7358209556011754,1.0,2/11,7.03%,FOXA2;FOXO1,Colon,Transit amplifying cell
43,logFC,Bile Acid Metabolism,0.25488039917694405,0.8733660890818503,0.6577380952380952,0.7330204720125145,1.0,11/51,18.61%,ATXN1;ABCA5;BCAR3;GCLM;AMACR;OPTN;HACL1;NPC1;SLC27A2;PEX7;CROT,Colon,Transit amplifying cell
44,logFC,DNA Repair,-0.1908621118253025,-0.869401066179036,0.7792207792207793,0.832934183321847,1.0,25/123,17.75%,GTF3C5;ARL6IP1;UMPS;CETN2;GMPR2;ELOA;BCAP31;HPRT1;POLE4;POLR2D;TSG101;EIF1B;ERCC8;NME1;POLD1;POLR1D;NT5C;POLR2I;RFC5;DDB1;MPC2;USP11;AAAS;IMPDH2;GTF2H1,Colon,Transit amplifying cell
45,logFC,PI3K/AKT/mTOR  Signaling,0.2326604765815276,0.8531927633201963,0.6965986394557823,0.7476284399361323,1.0,23/78,30.15%,PLCB1;THEM4;NOD1;MKNK1;TBK1;ITPR2;GSK3B;GNGT1;PLA2G12A;MAPK9;PIK3R3;MAP3K7;PPP2R1B;TNFRSF1A;SQSTM1;PTEN;IRAK4;GRB2;GRK2;TIAM1;HRAS;RAF1;MAPK8,Colon,Transit amplifying cell
46,logFC,Xenobiotic Metabolism,-0.17390269530104688,-0.7867944055253058,0.9194915254237288,0.9271820651072282,1.0,17/112,11.70%,HES6;SLC35B1;GSTO1;CYP2J2;EPHX1;MT2A;FAH;REG1A;HPRT1;NDRG2;CBR1;PEMT;PGD;FABP1;CYP2C18;CYP27A1;PTGES3,Colon,Transit amplifying cell
47,logFC,p53 Pathway,0.19995479882222192,0.7790539372427989,0.8714285714285714,0.8554740544814986,1.0,26/132,20.15%,PITPNC1;SESN1;POLH;RAD9A;MXD1;PLK3;MXD4;SP1;PMM1;UPP1;PLXNB2;RB1;PCNA;BTG1;SLC35D1;KIF13B;RNF19B;FOXO3;JUN;ZFP36L1;BLCAP;TPD52L1;H1-2;PDGFA;IRAK1;IP6K2,Colon,Transit amplifying cell
48,logFC,UV Response Up,-0.17210206803328237,-0.7667690948361856,0.9485294117647058,0.9000689179875948,1.0,22/96,21.45%,ATP6V1C1;HYAL2;EPHX1;CDC34;BAK1;STIP1;CLTB;BID;PARP2;GRPEL1;CEBPG;EPCAM;BTG3;GGH;TARS1;DDX21;TGFBRAP1;CYB5B;YKT6;STK25;PSMC3;ACAA1,Colon,Transit amplifying cell
49,logFC,Inflammatory Response,0.15120791196384264,0.5334302631668385,0.9940209267563528,0.9943646097492251,1.0,21/60,33.06%,MXD1;PLAUR;SGMS2;IFNGR2;IRF1;GPC3;LYN;DCBLD2;IL18;P2RX4;RELA;HBEGF;ATP2A2;AHR;RAF1;TAPBP;KLF6;NAMPT;GNAI3;ABI1;GCH1,Colon,Transit amplifying cell
0,logFC,E2F Targets,0.4626997461822154,1.9287364424616176,0.001,0.01404303510758777,0.01,36/92,19.83%,STMN1;PCNA;RAD1;TUBB;MCM5;POP7;PHF5A;CTPS1;SMC1A;EXOSC8;RPA2;SLBP;AK2;BRMS1L;ATAD2;HMGB2;DEK;DDX39A;TMPO;DNMT1;HMGA1;MCM3;NUP107;ILF3;SMC3;NUP153;EZH2;NAP1L1;RFC1;PRPS1;NBN;H2AZ1;MRE11;RPA3;LBR;RAN,Colon,gdT
1,logFC,G2-M Checkpoint,0.38719755293505875,1.6379228752344483,0.0024330900243309003,0.15166477916194793,0.187,26/92,17.18%,STMN1;HMGN2;MCM5;MT2A;SMC1A;RPA2;SS18;CHMP1A;H2AZ2;DDX39A;TMPO;HMGA1;EWSR1;RBM14;MCM3;TLE3;NSD2;ILF3;CUL4A;EZH2;YTHDC1;KATNA1;SMC2;ABL1;KIF20B;H2AZ1,Colon,gdT
2,logFC,Estrogen Response Early,0.4241527838427436,1.509822512683885,0.02702702702702703,0.29771234428086074,0.45,11/43,5.98%,KRT8;AREG;ADD3;ABHD2;DHRS3;TMEM164;ITPK1;LRIG1;RBBP8;NADSYN1;MAST4,Colon,gdT
3,logFC,Allograft Rejection,-0.36145844889099704,-1.4668037115273203,0.01415929203539823,0.6572605192479857,0.597,32/98,25.46%,CD8A;CRTAM;CD8B;PRKCB;CD3D;CD3G;MRPL3;FAS;JAK2;IL27RA;IFNG;MAP4K1;ABI1;HLA-DRA;TPD52;CD2;CCND3;LYN;GPR65;MAP3K7;CTSS;PTPRC;IL18RAP;ETS1;HDAC9;EIF3J;WAS;ITGAL;CCR5;IFNGR1;CD74;EIF5A,Colon,gdT
4,logFC,Angiogenesis,-0.7409148986854789,-1.4551378524006477,0.05642023346303502,0.36094897045658014,0.632,2/5,4.88%,S100A4;ITGAV,Colon,gdT
5,logFC,Hedgehog Signaling,0.6780060333360133,1.4182155980781188,0.12236286919831224,0.39812004530011325,0.657,3/6,12.28%,CDK6;TLE3;ADGRG1,Colon,gdT
6,logFC,p53 Pathway,0.333287298020267,1.3599468147846072,0.04697986577181208,0.46257757644394115,0.783,25/81,20.64%,ZBTB16;DDB2;PCNA;JUN;ANKRA2;MKNK2;POLH;TRIAP1;NDRG1;PTPRE;ZFP36L1;FOXO3;PVT1;TXNIP;DEF6;H1-2;CYFIP2;KIF13B;RHBDF2;CCND2;IP6K2;RAD9A;DCXR;RCHY1;CCNK,Colon,gdT
7,logFC,Myogenesis,0.4098586603253422,1.315166916287263,0.12053571428571429,0.5076557191392979,0.87,10/26,24.20%,ITGB1;KIFC3;GADD45B;LSP1;ACSL1;BHLHE40;SYNGR2;TPM3;RIT1;MYH9,Colon,gdT
8,logFC,IL-2/STAT5 Signaling,0.3185210040886166,1.3046550582178154,0.06585365853658537,0.460009707167125,0.89,17/79,9.23%,GADD45B;DHRS3;PIM1;CD83;HIPK2;SNX14;IL18R1;PLAGL1;LRIG1;NCOA3;MYO1E;PLSCR1;NDRG1;POU2F1;CASP3;FURIN;PLIN2,Colon,gdT
9,logFC,DNA Repair,0.2968017915659155,1.2214457990652134,0.11738148984198646,0.6324631936579842,0.962,21/85,19.66%,SMAD5;DDB2;MPG;PCNA;POLH;RRM2B;POLR2G;RPA2;GTF2A2;POLR2C;GTF2F1;POLR2I;SUPT4H1;ITPA;GTF2H5;SF3A3;RALA;MPC2;POLR2E;HPRT1;RPA3,Colon,gdT
10,logFC,Xenobiotic Metabolism,0.33091514832729835,1.2011990668449506,0.1774580335731415,0.6217943878193029,0.972,19/46,25.36%,FABP1;MT2A;POR;CNDP2;SLC6A6;CAT;ADH5;HACL1;CYFIP2;LPIN2;ATP2A2;MCCC2;DCXR;HPRT1;ECH1;DDT;NINJ1;ETFDH;GSTO1,Colon,gdT
11,logFC,Fatty Acid Metabolism,0.3058640112922728,1.190064511205792,0.1728395061728395,0.5955651189127973,0.979,23/63,24.40%,FABP1;SMS;ECHS1;AUH;UBE2L6;ACSL1;ACSS1;GPD2;SDHD;ACAA2;MIF;IDH3B;NBN;H2AZ1;SUCLG2;DLST;MDH1;PRDX6;ACAT2;ECH1;SDHC;RAP1GDS1;ETFDH,Colon,gdT
12,logFC,KRAS Signaling Dn,0.40678403244517314,1.180967332847854,0.23858921161825727,0.5663173067023577,0.981,3/17,8.03%,ZBTB16;SIDT1;FGGY,Colon,gdT
13,logFC,Complement,0.29673648091864424,1.1769430748786494,0.20238095238095238,0.5305926764816913,0.984,15/75,14.84%,GZMK;FCER1G;PIM1;PLSCR1;FDX1;CASP3;LCP2;PFN1;GZMA;GPD2;PREP;CALM3;RHOG;GNAI2;LGALS3,Colon,gdT
14,logFC,Estrogen Response Late,0.32844125134768315,1.160041484074563,0.22685185185185186,0.5332032407004094,0.989,7/42,7.83%,AREG;ADD3;ABHD2;ITPK1;LLGL2;RBBP8;PTPN6,Colon,gdT
15,logFC,Adipogenesis,-0.2884479008882456,-1.147372616277536,0.23478260869565218,1.0,0.999,32/91,23.97%,STAT5A;ARL4A;BAZ2A;RREB1;APLP2;ACADM;MTCH2;GPAT4;LPCAT3;RNF11;PFKFB3;ATL2;ACLY;SUCLG1;NDUFS3;DHRS7;G3BP2;GPHN;YWHAG;HIBCH;MDH2;MGST3;DLD;PDCD4;PTCD3;DNAJC15;UQCR11;REEP5;TKT;PPP1R15B;PPM1B;IFNGR1,Colon,gdT
16,logFC,PI3K/AKT/mTOR  Signaling,-0.30206801938345523,-1.1383113859809608,0.2332155477031802,1.0,0.999,9/60,9.70%,CXCR4;PRKCB;DDIT3;PIKFYVE;CAMK4;VAV3;GRB2;PIK3R3;RIPK1,Colon,gdT
17,logFC,Pancreas Beta Cells,-0.511936899110395,-1.1038031161015023,0.35645472061657035,1.0,1.0,1/7,1.14%,AKT3,Colon,gdT
18,logFC,Androgen Response,0.2914197461628916,1.0968670359393422,0.273542600896861,0.6623297201100147,0.993,7/53,7.28%,KRT8;STK39;CDK6;ABHD2;SMS;NDRG1;ACSL3,Colon,gdT
19,logFC,UV Response Up,0.2809499129193132,1.0824325096640899,0.3236607142857143,0.6566523216308041,0.997,20/60,26.31%,NFKBIA;AP2S1;NR4A1;CASP3;FURIN;PLCL1;PSMC3;MGAT1;SELENOW;RAB27A;STIP1;BTG3;BSG;CHKA;EIF5;HLA-F;EIF2S3;BID;IL6ST;ARRB2,Colon,gdT
20,logFC,Wnt-beta Catenin Signaling,-0.4150957867089033,-1.0722499187706098,0.3609022556390977,1.0,1.0,3/12,11.41%,TCF7;HDAC2;MAML1,Colon,gdT
21,logFC,UV Response Dn,-0.28862790759325196,-1.0715194336001836,0.2967032967032967,0.9255301189410412,1.0,19/55,26.47%,AKT3;TOGARAM1;PRKCE;NR3C1;ABCC1;LDLR;PIK3R3;SCAF8;WDR37;PDLIM5;ATXN1;ATP2B4;PHF3;ATP2B1;MAP2K5;CDKN1B;SRI;SIPA1L1;CELF2,Colon,gdT
22,logFC,Interferon Gamma Response,-0.2533273012856307,-1.0454292969291612,0.3798165137614679,0.9056893464637422,1.0,11/103,6.16%,ARL4A;XCL1;ARID5B;MX2;HLA-DRB1;PARP14;FAS;TRIM25;JAK2;PTPN2;GPR18,Colon,gdT
23,logFC,Hypoxia,0.25611222419811586,1.014120452483529,0.4327354260089686,0.8260815402038505,0.999,17/73,13.97%,JUN;PIM1;MT2A;PAM;CITED2;NDRG1;SLC6A6;MAP3K1;ERO1A;FOXO3;BNIP3L;PLIN2;IRS2;HK1;PRDX5;ENO1;MIF,Colon,gdT
24,logFC,Epithelial Mesenchymal Transition,-0.31760332676852376,-1.0004273482547477,0.46238532110091746,0.9564826419974137,1.0,6/28,7.26%,CALU;PMEPA1;FAS;ITGAV;EMP3;THBS1,Colon,gdT
25,logFC,Oxidative Phosphorylation,0.21838738331111912,0.9729385440670223,0.5234741784037559,0.9096582506162149,1.0,36/146,22.10%,MRPS11;COX5A;POR;ECHS1;PRDX3;NDUFAB1;FDX1;ATP5PD;UQCRC1;SDHD;NDUFS2;ACAA2;NNT;TIMM13;COX4I1;IDH3B;NDUFB6;HADHA;SLC25A5;NDUFS8;DLST;COX7A2L;MDH1;NDUFA9;MPC1;ETFB;TIMM8B;VDAC3;ATP5MF;NDUFC2;ECH1;NDUFS4;MRPL34;PHB2;SDHC;LRPPRC,Colon,gdT
26,logFC,Reactive Oxygen Species Pathway,0.29410238833715197,0.9627189816834381,0.5031185031185031,0.8900163583742292,1.0,8/27,21.47%,CAT;IPCEF1;LSP1;NDUFS2;TXN;PRDX6;PRDX2;MSRA,Colon,gdT
27,logFC,Glycolysis,0.24618969912435196,0.9444820677048381,0.5291479820627802,0.8994194432854502,1.0,18/62,18.75%,STMN1;ME2;PAM;CITED2;NDUFV3;HAX1;RBCK1;ERO1A;IRS2;TALDO1;ENO1;MIF;PRPS1;TXN;SLC16A3;B3GAT3;SLC35A3;MDH1,Colon,gdT
28,logFC,Inflammatory Response,-0.2431734239416633,-0.9195156740228826,0.6024734982332155,1.0,1.0,16/62,22.37%,IL7R;CXCR6;IFNAR1;GPR132;EMP3;ABI1;LDLR;TNFRSF9;NMI;LYN;IRF1;PIK3R5;IL18RAP;CD55;ATP2B1;KLF6,Colon,gdT
29,logFC,Myc Targets V1,0.20252399463926807,0.9153513068458877,0.6807980049875312,0.9419365798414496,1.0,30/166,19.97%,PCNA;COX5A;PSMD3;MCM5;CTPS1;PPM1G;PRDX3;UBE2E1;DEK;NDUFAB1;PSMA4;CBX3;RRM1;HDDC2;RNPS1;PCBP1;EPRS1;GLO1;STARD7;SET;NAP1L1;FBL;COPS5;H2AZ1;PSMD7;PSMA2;SMARCC1;HPRT1;RAN;VDAC3,Colon,gdT
30,logFC,TNF-alpha Signaling via NF-kB,0.2148063136353492,0.8906605005491254,0.6854460093896714,0.967832605295799,1.0,9/93,6.75%,NFKBIA;AREG;JUN;GADD45B;CD83;B4GALT5;NR4A1;EGR1;PTPRE,Colon,gdT
31,logFC,Apoptosis,-0.22805251693786188,-0.889136278831265,0.6465364120781527,1.0,1.0,11/78,11.10%,LMNA;DDIT3;ANXA1;CTH;FAS;TSPO;DNM1L;SC5D;SLC20A1;CD2;CD44,Colon,gdT
32,logFC,Coagulation,-0.3145157785525686,-0.8729702122293952,0.6462962962962963,1.0,1.0,6/17,27.12%,ANXA1;THBS1;RABIF;CAPN2;GNB2;USP11,Colon,gdT
33,logFC,TGF-beta Signaling,-0.265180497585533,-0.8681743416847204,0.6776061776061776,1.0,1.0,9/33,19.21%,PMEPA1;THBS1;SLC20A1;PPM1A;TGIF1;BMPR2;MAP3K7;SKIL;TRIM33,Colon,gdT
34,logFC,heme Metabolism,0.2187437106018261,0.865813286486176,0.7331786542923434,0.9925872541954083,1.0,14/73,14.09%,TFDP2;ARL2BP;GMPS;CAT;H4C3;DCAF10;RANBP10;FOXO3;BNIP3L;DCAF11;ACP5;SEC14L1;RBM38;NNT,Colon,gdT
35,logFC,Mitotic Spindle,-0.21109246276072804,-0.8542502782322436,0.7411971830985915,0.9801560301828879,1.0,27/96,22.24%,ARHGAP10;ALMS1;CLASP1;ABI1;KIF5B;KLC1;CNTRL;EZR;NUMA1;RABGAP1;TBCD;ARHGEF12;ARHGEF7;ARFGEF1;STAU1;UXT;PCGF5;PDLIM5;PLEKHG2;CEP250;HOOK3;KIFAP3;CSNK1D;ABR;STK38L;LATS1;NIN,Colon,gdT
36,logFC,Myc Targets V2,0.29309065367804676,0.8458863203267453,0.6571428571428571,0.9983376828007287,1.0,3/18,8.84%,TCOF1;MCM5;CBX3,Colon,gdT
37,logFC,Spermatogenesis,-0.2620706789496524,-0.8414718328707321,0.7272727272727273,0.9436609967173977,1.0,4/29,5.51%,ARL4A;TLE4;ZC3H14;CAMK4,Colon,gdT
38,logFC,IL-6/JAK/STAT3 Signaling,-0.2554525214888457,-0.8233873437393106,0.7481481481481481,0.9212533572068039,1.0,12/30,27.10%,FAS;IFNAR1;PTPN2;GRB2;CD44;IRF1;PIK3R5;ITGA4;IFNGR1;PTPN1;MAP3K8;BAK1,Colon,gdT
39,logFC,KRAS Signaling Up,0.2249296173812202,0.8201461266299435,0.8038740920096852,1.0,1.0,9/48,13.28%,FCER1G;PIGR;SDCCAG8;MAP3K1;ERO1A;LAT2;STRN;PSMB8;LCP1,Colon,gdT
40,logFC,Bile Acid Metabolism,0.2531619897158546,0.7867937258111478,0.7727272727272727,1.0,1.0,6/22,13.22%,CAT;SLC23A2;ACSL1;HACL1;ABCA5;PRDX5,Colon,gdT
41,logFC,Pperoxisome,0.21382763897619522,0.7737345314447669,0.8249400479616307,1.0,1.0,8/40,13.70%,DHRS3;CTPS1;CAT;SLC23A2;ACSL1;PEX14;PRDX5;CDK7,Colon,gdT
42,logFC,mTORC1 Signaling,-0.1861914757247423,-0.7688670823084014,0.9232081911262798,0.9563937016167254,1.0,13/115,10.47%,CXCR4;DDIT3;CTH;SC5D;NIBAN1;PNO1;LDLR;PSME3;PDAP1;PSMC2;PIK3R3;RAB1A;GPI,Colon,gdT
43,logFC,Cholesterol Homeostasis,0.23317775674725977,0.7679614570954348,0.8231441048034934,0.988161570403926,1.0,9/28,21.84%,PLSCR1;CTNNB1;LGALS3;ACTG1;EBP;ACAT2;ECH1;CHKA;NFIL3,Colon,gdT
44,logFC,Notch Signaling,-0.32471265891907625,-0.7549839894324034,0.7927927927927928,0.9214423555157665,1.0,6/9,35.73%,APH1A;FBXW11;SKP1;CUL1;MAML2;RBX1,Colon,gdT
45,logFC,Apical Surface,-0.2821213259969679,-0.7027718682822592,0.8359073359073359,0.926911369740376,1.0,4/12,22.79%,GATA3;CRYBG1;LYN;B4GALT1,Colon,gdT
46,logFC,Apical Junction,0.19231171043192952,0.6882741425868075,0.9407744874715261,1.0,1.0,19/46,30.64%,ITGB1;GTF2F1;PFN1;CNN2;ACTB;GNAI2;ACTG1;VASP;CAP1;CTNNA1;TRAF1;MYH9;PTEN;RHOF;BAIAP2;MSN;RAC2;EVL;ARPC2,Colon,gdT
47,logFC,Unfolded Protein Response,0.17258641254010643,0.6753057987088426,0.9745958429561201,1.0,1.0,7/61,10.13%,BANF1;KHSRP;EIF4G1;ERO1A;DDX10;POP4;GOSR2,Colon,gdT
48,logFC,Protein Secretion,0.14659930608681565,0.5754369608351116,1.0,1.0,1.0,17/71,22.06%,AP2S1;PAM;GALC;RAB14;STX12;GOSR2;AP1G1;STX7;SNAP23;LMAN1;AP2M1;NAPG;ARCN1;GNAS;ADAM10;MON2;MAPK1,Colon,gdT
49,logFC,Interferon Alpha Response,0.15241991024636997,0.5399949958170018,0.9933184855233853,0.9900339750849377,1.0,17/45,29.06%,PLSCR1;UBE2L6;TXNIP;PSMB8;TRIM14;LAP3;GBP2;LY6E;IRF2;PSME2;SAMD9L;ADAR;EIF2AK2;CASP8;PSME1;NUB1;PNPT1,Colon,gdT
0,logFC,Epithelial Mesenchymal Transition,0.6893944236861521,2.199434736725898,0.001,0.001,0.001,74/150,12.94%,INHBA;CDH11;POSTN;PTHLH;ABI3BP;TGFBR3;NT5E;COL3A1;SFRP1;VCAN;TIMP1;MMP2;COL5A2;MATN2;VCAM1;BGN;TAGLN;SPOCK1;GAS1;LOX;MEST;ELN;CAP2;MGP;GLIPR1;GEM;FBLN5;FBLN2;THBS1;TGM2;FBN1;VIM;ANPEP;TPM2;TNFAIP3;FN1;COL1A2;NNMT;SLC6A8;ECM2;SERPINE2;MYLK;SERPINE1;PLOD2;SAT1;CCN2;CD44;OXTR;PMEPA1;CAPG;ITGA2;ENO2;AREG;FSTL3;IGFBP3;PDGFRB;VEGFC;ITGA5;HTRA1;THY1;FZD8;JUN;IL6;MMP14;RHOB;TPM4;FSTL1;ECM1;GADD45B;CADM1;QSOX1;COL6A3;ITGAV;FGF2,Heart_Cell,Endothelial cell
1,logFC,Interferon Alpha Response,-0.5071522369762832,-2.11673045715445,0.001,0.001,0.001,54/93,18.47%,CXCL10;LPAR6;LGALS3BP;UBA7;ISG20;BST2;CXCL11;MOV10;LY6E;CMPK2;IFITM2;B2M;PSMB9;IFI44;IFI27;PARP14;IFI35;PSME1;HERC6;IFITM3;PSME2;PARP12;OGFR;ISG15;USP18;IRF7;BATF2;SAMD9;DHX58;RSAD2;CCRL2;TAP1;IFITM1;IRF2;RTP4;LAP3;EPSTI1;HLA-C;STAT2;TMEM140;ADAR;GBP2;IFIT2;IFIT3;PARP9;PSMB8;OAS1;GBP4;MX1;UBE2L6;PSMA3;SP110;NMI;TXNIP,Heart_Cell,Endothelial cell
2,logFC,TNF-alpha Signaling via NF-kB,0.6262972653238612,2.024172313937788,0.001,0.001,0.001,78/170,15.08%,INHBA;PTGS2;BMP2;G0S2;NR4A2;CEBPB;TNFSF9;IER3;TRIB1;PHLDA2;NR4A3;GEM;FJX1;ZC3H12A;IRS2;FOSL1;ATF3;TNFAIP3;DUSP4;SIK1;EGR3;FOS;EGR2;NFIL3;BCL6;FOSB;DUSP5;TIPARP;ACKR3;EDN1;EGR1;MXD1;SERPINE1;MYC;SAT1;IER5;CD44;KYNU;NAMPT;PMEPA1;BTG2;AREG;JAG1;IL6ST;TNFAIP8;BIRC3;PTPRE;SOD2;KDM6B;SOCS3;PHLDA1;CDKN1A;MAFF;MAP3K8;PDLIM5;DNAJB4;NFKBIE;JUN;IL6;NFKB1;RHOB;JUNB;DUSP2;ZFP36;SMAD3;GADD45B;REL;HBEGF;PNRC1;KLF4;CD83;GADD45A;PLPP3;PPP1R15A;CEBPD;STAT5A;ZBTB10;SPHK1,Heart_Cell,Endothelial cell
3,logFC,KRAS Signaling Up,0.6190948580070299,1.9734687993016609,0.001,0.001,0.001,35/131,5.13%,INHBA;PLAT;ALDH1A2;PTGS2;BMP2;G0S2;SCN1B;MPZL2;EPB41L3;ALDH1A3;CPE;TFPI;PLVAP;TMEM176A;ANGPTL4;IL33;TMEM176B;GUCY1A1;TMEM100;CMKLR1;TRIB1;ANO1;RGS16;MAFB;LAPTM5;MYCN;KCNN4;TNFAIP3;ERO1A;CFH;VWA5A;ST6GAL1;NGF;CCND2;ADGRA2,Heart_Cell,Endothelial cell
4,logFC,Inflammatory Response,0.6115083020400648,1.94712802689859,0.001,0.001,0.001,38/121,9.98%,INHBA;HAS2;PCDH7;TACR1;SELL;SCN1B;PTAFR;TIMP1;SELE;SLC7A1;TNFSF9;CSF3;KCNJ2;CMKLR1;IL1R1;CD14;RGS16;IRAK2;MET;HRH1;SGMS2;TPBG;EDN1;MXD1;SERPINE1;MYC;ICAM4;CALCRL;NAMPT;HIF1A;BTG2;FZD5;PTPRE;ITGA5;CDKN1A;IL6;NFKB1;MMP14,Heart_Cell,Endothelial cell
5,logFC,Estrogen Response Early,0.6083238447027997,1.9279988737393299,0.001,0.001,0.001,45/139,13.33%,PTGES;HSPB8;MLPH;PRSS23;OLFML3;MYOF;FOXC1;PDLIM3;OLFM1;RAB31;KRT19;THSD4;RHOBTB3;TGM2;FHL2;STC2;SVIL;EGR3;TMEM164;FOS;SH3BP5;TPBG;TIPARP;TSKU;SYNGR1;SLC2A1;PPIF;MYC;CD44;CLIC3;NRIP1;SLC19A2;AREG;IL6ST;RBBP8;TFF3;MED24;RHOD;TGIF2;SCARB1;MUC1;KLF4;GAB2;LRIG1;FAM102A,Heart_Cell,Endothelial cell
6,logFC,Angiogenesis,0.7391057246325783,1.851933779784004,0.001,0.001,0.001,11/25,7.36%,POSTN;COL3A1;VCAN;TIMP1;COL5A2;SLCO2A1;PDGFA;S100A4;CCND2;KCNJ8;JAG1,Heart_Cell,Endothelial cell
7,logFC,Apoptosis,0.577570274199179,1.8248096369885882,0.001,0.001,0.001,40/132,11.44%,PLAT;TGFBR3;BMP2;TIMP1;MMP2;HGF;FEZ1;BGN;CLU;IER3;CD14;ATF3;TGFB2;EGR3;DAP;TSPO;HMOX1;CCND2;PPP3R1;F2R;SAT1;CD44;BCL2L11;ENO2;BTG2;CTH;BCL2L2;PDGFRB;BIRC3;SOD2;WEE1;CDKN1A;JUN;IL6;SLC20A1;PDCD4;RHOB;IGFBP6;SMAD7;GADD45B,Heart_Cell,Endothelial cell
8,logFC,Androgen Response,0.5859749626809522,1.779198603430084,0.001,0.001,0.004,41/88,20.54%,ALDH1A3;HOMER2;GUCY1A1;KRT19;HSD17B14;ACTN1;MAF;ADAMTS1;TPD52;ABCC4;SAT1;STEAP4;PMEPA1;INSIG1;TNFAIP8;ARID5B;PDLIM5;CDC14B;SORD;LIFR;AKAP12;PTK2B;RAB4A;ITGAV;PLPP1;NDRG1;GPD1L;ZBTB10;SRF;RRP12;UAP1;NKX3-1;SLC26A2;ELL2;SLC38A2;ZMIZ1;MERTK;ELK4;HERC3;RPS6KA3;HMGCS1,Heart_Cell,Endothelial cell
9,logFC,Hypoxia,0.5441691566815471,1.7564643606960673,0.001,0.0013653741125068267,0.012,71/159,19.57%,SRPX;HS3ST1;BGN;ANGPTL4;LOX;TMEM45A;IER3;PPP1R3C;AK4;IRS2;S100A4;TGM2;STC2;ATF3;TNFAIP3;ERO1A;FOS;NFIL3;TPBG;HMOX1;TIPARP;TPD52;SAP30;GCNT2;NOCT;ACKR3;SLC2A1;ERRFI1;SERPINE1;PLAC8;PGM1;CP;CCN2;ENO2;IGFBP3;LDHA;CCNG2;CDKN1A;MAFF;TGFB3;JUN;IL6;AKAP12;PIM1;KDELR3;PRKCA;ZFP36;SLC6A6;SCARB1;PNRC1;FAM162A;P4HA1;PPP1R15A;GAPDH;NDRG1;CITED2;HDLBP;NEDD4L;SIAH2;STC1;BHLHE40;PGM2;BNIP3L;DCN;CHST3;EFNA3;TES;VHL;PDK1;FOXO3;EXT1,Heart_Cell,Endothelial cell
10,logFC,UV Response Dn,0.5556195675225307,1.7446642631538032,0.0011037527593818985,0.0015360458765701804,0.015,31/122,12.73%,HAS2;EFEMP1;TGFBR3;COL3A1;COL5A2;SLC7A1;TFPI;CAP2;IGFBP5;FBLN5;MAGI2;MET;FHL2;COL1A2;MAP1B;SYNJ2;SERPINE1;MYC;BMPR1A;INSIG1;PDGFRB;PLCB4;PDLIM5;NFKB1;PRKCA;SMAD7;SMAD3;RND3;ANXA4;DBP;BCKDHB,Heart_Cell,Endothelial cell
11,logFC,Estrogen Response Late,0.5414601040400586,1.7041743416026456,0.001,0.002234248547738444,0.023,34/128,10.78%,PTGES;HSPB8;PERP;PRSS23;MYOF;CPE;MEST;FOXC1;HOMER2;PDLIM3;OLFM1;RAB31;GPER1;KRT19;FGFR3;EGR3;FOS;CKB;TPBG;PPIF;CD44;CLIC3;NRIP1;IMPA2;AREG;IL6ST;RBBP8;DLG5;TFF3;SORD;XRCC3;PDCD4;DUSP2;ZFP36,Heart_Cell,Endothelial cell
12,logFC,Coagulation,0.5524289335876413,1.6481771507194667,0.0011641443538998836,0.006229519388312398,0.071,20/75,9.98%,PLAT;PRSS23;TIMP1;MMP2;C1S;CLU;CTSK;THBS1;FBN1;MSRB2;CFH;FN1;C1R;SERPINE1;GNG12;ITGA2;HTRA1;CFB;MAFF;MMP14,Heart_Cell,Endothelial cell
13,logFC,Apical Surface,0.6249103035876324,1.610884064904494,0.012640449438202247,0.010555392177456624,0.124,8/28,8.99%,SRPX;GAS1;AFAP1L2;SHROOM2;ATP8B1;FLOT2;GSTM3;THY1,Heart_Cell,Endothelial cell
14,logFC,Myogenesis,-0.3598802582405876,-1.565146575796019,0.001,0.027658520475561426,0.06338028169014084,25/136,3.04%,MYL3;TNNT2;TCAP;MYH7;DES;MB;COX6A2;TNNC1;MYL7;CKM;MYL2;TNNT3;FABP3;ACTC1;CD36;APOD;SMTN;MYL4;ACTA1;PSEN2;ITGB5;RYR1;PTP4A3;COL6A2;DAPK2,Heart_Cell,Endothelial cell
15,logFC,p53 Pathway,0.47163572615053284,1.5216469695641979,0.005241090146750524,0.031232932823593667,0.342,53/170,15.59%,PERP;BMP2;TNFSF9;PDGFA;RRAD;VAMP8;IER3;RGS16;S100A4;ATF3;ITGB4;FOS;HMOX1;VWA5A;STEAP3;CCND2;F2R;MXD1;SAT1;IER5;CEBPA;RPS12;MKNK2;SLC19A2;BTG2;TRAF4;PTPRE;PROCR;RACK1;CDKN1A;MAPKAPK3;PTPN14;JUN;AK1;ABHD4;EPHA2;RPL18;LDHB;SOCS1;ACVR1B;HBEGF;KLF4;ERCC5;FAM162A;GADD45A;UPP1;PPP1R15A;CDKN2AIP;NDRG1;DNTTIP2;SPHK1;NINJ1;RPL36,Heart_Cell,Endothelial cell
16,logFC,Apical Junction,0.4718464959461196,1.5054001664729355,0.0021953896816684962,0.0354997269251775,0.391,29/133,10.45%,CDH11;VCAN;MMP2;MPZL2;VCAM1;SIRPA;NEXN;CERCAM;CNN2;CLDN11;GAMT;FBN1;ITGA10;ACTN1;ITGB4;AMIGO2;SHROOM2;ITGA3;EVL;ICAM4;THBS3;INSIG1;ITGA2;SHC1;NFASC;THY1;CLDN15;ITGA9;NECTIN3,Heart_Cell,Endothelial cell
17,logFC,UV Response Up,0.47446669448075823,1.4897577528716885,0.009761388286334056,0.04102522528672856,0.457,29/132,10.67%,BMP2;CDO1;E2F5;FGF18;RRAD;DLG4;PDLIM3;NPTXR;OLFM1;HSPA2;ATF3;FOS;FOSB;SLC6A8;HMOX1;PPIF;DNAJB1;BCL2L11;ENO2;BTG2;IL6ST;RAB27A;SOD2;CDC34;IL6;MMP14;POLG2;RHOB;JUNB,Heart_Cell,Endothelial cell
18,logFC,Pancreas Beta Cells,0.6633752434964667,1.4589488299160749,0.0706605222734255,0.05306887910816976,0.556,5/14,12.60%,SCGN;MAFB;LMO2;PAK3;FOXO1,Heart_Cell,Endothelial cell
19,logFC,G2-M Checkpoint,0.44883901265420373,1.450364647485211,0.015217391304347827,0.05421673038412525,0.585,45/147,21.43%,MEIS2;SLC38A1;SLC7A1;MEIS1;CHEK1;ODC1;E2F3;SAP30;MYC;UBE2S;HIF1A;HMGB3;CDKN3;TFDP1;STMN1;SMAD3;RPS6KA5;UCK2;TLE3;SQLE;AMD1;KPNB1;KIF22;LMNB1;NOLC1;HMGN2;HNRNPD;CBX1;DMD;CKS2;G3BP1;CDKN2C;CCNT1;FBXO5;HSPA8;GSPT1;TGFB1;DKC1;ATF5;SYNCRIP;HMGA1;CKS1B;HNRNPU;NCL;CDK4,Heart_Cell,Endothelial cell
20,logFC,IL-2/STAT5 Signaling,0.4498318730811604,1.4431138121757476,0.015350877192982455,0.05535154790307281,0.613,49/148,15.60%,SELP;NT5E;BMP2;SELL;RGS16;HOPX;ENPP1;IRF6;TGM2;ODC1;WLS;NFIL3;NFKBIZ;CCND2;MXD1;MYC;TWSG1;GLIPR2;CD44;PRNP;CAPG;ARL4A;PHLDA1;MAFF;MAP3K8;RHOB;PIM1;GALM;ECM1;GADD45B;SOCS1;CTSZ;ANXA4;CA2;UCK2;MUC1;ITGAV;LRIG1;GUCY1B1;CD83;SOCS2;SLC1A5;BMPR2;PLPP1;P4HA1;CKAP4;NDRG1;CASP3;SPRY4,Heart_Cell,Endothelial cell
21,logFC,TGF-beta Signaling,0.5090045173226109,1.4135678308016724,0.04791154791154791,0.0690196613872201,0.712,20/51,19.87%,BMP2;RAB31;THBS1;SMAD6;SERPINE1;BMPR1A;WWTR1;PMEPA1;SLC20A1;JUNB;SMAD7;SMAD3;BMPR2;PPP1R15A;SKIL;SMURF2;SKI;TGFB1;ACVR1;FKBP1A,Heart_Cell,Endothelial cell
22,logFC,Glycolysis,0.4299376994192035,1.3855946662838667,0.02900107411385607,0.08679878286650541,0.802,42/150,19.57%,NT5E;VCAN;EGLN3;ANGPTL4;IER3;MET;AK4;IRS2;STC2;ERO1A;TPBG;SAP30;PLOD2;CD44;ENO2;IGFBP3;CTH;LDHA;TFF3;FUT8;B4GALT4;STMN1;MED24;HS2ST1;KDELR3;QSOX1;FAM162A;P4HA1;IL13RA1;CITED2;HDLBP;STC1;PGM2;DCN;EFNA3;GLCE;PPIA;GNPDA1;MERTK;AGL;RPE;EXT1,Heart_Cell,Endothelial cell
23,logFC,mTORC1 Signaling,0.4259068407700007,1.3712828962339307,0.0211864406779661,0.09560721910530759,0.839,67/175,26.37%,EGLN3;CTSC;IGFBP5;AK4;ERO1A;NFIL3;SLC2A1;PLOD2;PGM1;NAMPT;DHFR;INSIG1;MTHFD2;BTG2;POLR3G;CTH;LDHA;CDKN1A;HSPD1;SORD;MLLT11;SLC6A6;EEF1E1;SQLE;TMEM97;SLC1A5;P4HA1;ATP2A2;PPP1R15A;GAPDH;PSMG1;STC1;BHLHE40;NIBAN1;LDLR;SEC11A;PPIA;TES;PDK1;HMBS;ARPC5L;HMGCS1;NUFIP1;DDIT3;XBP1;GPI;G6PD;PNP;HPRT1;HSPA9;UFM1;ENO1;PNO1;MAP2K3;TFRC;GMPS;HMGCR;CD9;CCT6A;ACACA;SERP1;DDIT4;PSME3;TCEA1;STIP1;CYP51A1;UNG,Heart_Cell,Endothelial cell
24,logFC,Myc Targets V1,0.41953926338989145,1.3711741753794862,0.021920668058455117,0.09158395269869161,0.84,89/192,33.88%,ODC1;RPS2;RPLP0;MYC;RPS3;EEF1B2;RPS5;PABPC1;FBL;RPS6;NPM1;LDHA;RACK1;TFDP1;PRPS2;NAP1L1;HSPD1;RPL6;HNRNPA1;SERBP1;RPL14;RPL18;RPS10;SET;SRM;IMPDH2;PRDX4;RPL22;KPNB1;NOLC1;HNRNPD;DDX21;PABPC4;EIF1AX;G3BP1;RPL34;CTPS1;CCT2;GSPT1;NME1;CLNS1A;PPIA;SYNCRIP;SLC25A3;VDAC1;APEX1;POLD2;HNRNPU;HDDC2;CDK4;HPRT1;HDGF;TCP1;HSP90AB1;CCT4;DEK;TOMM70;HNRNPC;STARD7;EIF4H;MCM6;RSL1D1;PA2G4;PWP1;NHP2;USP1;FAM120A;TXNL4A;ETF1;SMARCC1;C1QBP;UBE2E1;GNL3;CBX3;SRSF7;ILF2;MRPL9;YWHAE;SF3A1;EIF3D;HNRNPR;DUT;RAN;RNPS1;RRM1;CCT3;PHB2;CAD;HNRNPA3,Heart_Cell,Endothelial cell
25,logFC,Complement,0.42154037146599777,1.3443147243124913,0.03544575725026853,0.11144866193336975,0.909,30/139,12.56%,PLAT;F5;PLA2G4A;TIMP1;C1S;CTSC;CLU;CEBPB;TNFAIP3;CFH;FN1;C1R;DUSP5;PRCP;SERPINE1;CP;KYNU;CFB;MAFF;GNB4;IL6;MMP14;PIM1;PIK3CG;CD55;CA2;DYRK2;CDA;TIMP2;CTSS,Heart_Cell,Endothelial cell
26,logFC,Xenobiotic Metabolism,0.40253503843478783,1.2744216021038035,0.09663409337676439,0.1901419989077007,0.983,35/129,18.07%,PTGES;CDO1;AKR1C2;TMEM176B;PTGDS;IL1R1;TGFB2;ALDH2;HMOX1;GCNT2;ARG2;SERPINE1;SPINT2;APOE;KYNU;CFB;PDLIM5;PDK4;EPHA2;SLC6A6;CA2;CDA;TMEM97;SLC1A5;ATP2A2;UPP1;PGD;NINJ1;TNFRSF1A;MAOA;SERTAD1;MAN1A1;IGFBP4;UPB1;MTHFD1,Heart_Cell,Endothelial cell
27,logFC,Unfolded Protein Response,0.41027042137858566,1.2648850357860313,0.12387387387387387,0.1968108011595177,0.988,35/105,25.33%,CEBPB;STC2;ATF3;ERO1A;BAG3;DNAJA4;MTHFD2;PDIA5;SHC1;EEF2;NPM1;NABP1;ALDH18A1;KDELR3;RPS14;NOLC1;EXOSC5;NFYA;NFYB;YWHAZ;NOP14;SEC11A;DKC1;EIF4EBP1;ATF6;CKS1B;XBP1;HSPA9;CCL2;HERPUD1;DDX10;KHSRP;SERP1;DDIT4;EIF4A2,Heart_Cell,Endothelial cell
28,logFC,Hedgehog Signaling,0.4617240084315126,1.1126842929290859,0.3455056179775281,0.4913071181503732,1.0,5/21,12.11%,L1CAM;HEY2;NRP2;THY1;TLE3,Heart_Cell,Endothelial cell
29,logFC,heme Metabolism,0.3336764553052934,1.0752370907819235,0.3422174840085288,0.5697998751657953,1.0,45/151,23.76%,ACKR1;ABCG2;TSPAN5;MPP1;LMO2;NUDT4;TENT5C;SLC6A8;MFHAS1;SLC2A1;ICAM4;BMP2K;BTG2;ALDH6A1;RCL1;CPOX;CA2;BACH1;HEBP1;FBXO34;TFDP2;IGSF3;DAAM1;SLC25A37;ADD2;SLC25A38;BTRC;BNIP3L;GLRX5;SLC11A2;ELL2;FOXO3;NFE2L1;HMBS;SIDT2;RANBP10;HDGF;ERMAP;GDE1;MBOAT2;MAP2K3;TFRC;GMPS;RIOK3;PGLS,Heart_Cell,Endothelial cell
30,logFC,Myc Targets V2,0.37495696911325965,1.0669899405383902,0.37719298245614036,0.5715150002824911,1.0,22/53,30.07%,MYC;NPM1;HSPD1;SORD;DUSP2;RCL1;SRM;TMEM97;NOLC1;EXOSC5;IPO4;RRP12;NOP2;CDK4;NIP7;MRTO4;UNG;WDR43;PA2G4;IMP4;GNL3;CBX3,Heart_Cell,Endothelial cell
31,logFC,KRAS Signaling Dn,0.3599942097335263,1.0565310338406122,0.3859020310633214,0.5794647733478974,1.0,17/68,9.66%,THRB;PTPRJ;NR4A2;GAMT;TENT5C;TGFB2;FGFR3;SLC16A7;SLC25A23;EDN1;SIDT1;CAMK1D;BTG2;FGGY;MAST3;ADRA2C;COPZ2,Heart_Cell,Endothelial cell
32,logFC,Adipogenesis,0.3204872662335166,1.0292841701995847,0.4324607329842932,0.6311001391800708,1.0,32/182,15.12%,HSPB8;LTC4S;CMBL;SSPN;ANGPTL4;OMD;BCL6;ALDH2;MYLK;PGM1;APOE;ARL4A;ITSN1;CHCHD10;PPP1R15B;CCNG2;NABP1;SOWAHC;PDCD4;LIFR;CD302;VEGFB;HIBCH;TKT;SCARB1;DLAT;SLC1A5;GADD45A;NKIRAS1;STAT5A;ENPP2;CS,Heart_Cell,Endothelial cell
33,logFC,Interferon Gamma Response,0.31297966083236217,1.0204454647749266,0.44798301486199577,0.6343229451119606,1.0,25/173,10.23%,PTGS2;SELP;PLA2G4A;C1S;CSF2RB;VCAM1;SSPN;VAMP8;CMKLR1;TNFAIP3;CFH;C1R;NAMPT;MTHFD2;HIF1A;ARL4A;SOD2;ARID5B;SOCS3;CFB;CDKN1A;PELI1;IL6;NFKB1;PIM1,Heart_Cell,Endothelial cell
34,logFC,Allograft Rejection,0.32133751362243423,1.0058728001369772,0.4755011135857461,0.651128295516608,1.0,21/110,12.56%,INHBA;TIMP1;TGFB2;TPD52;CCND2;F2R;LY75;CAPG;HIF1A;RPS9;NPM1;RPS3A;RPL39;THY1;SOCS5;IL6;RPL9;SOCS1;HLA-DOA;HLA-DQA1;CTSS,Heart_Cell,Endothelial cell
35,logFC,Bile Acid Metabolism,0.3386343529720573,0.9941152101259769,0.4795673076923077,0.6582408359302214,1.0,4/72,2.88%,ALDH1A1;SULT1B1;ABCA8;BMP6,Heart_Cell,Endothelial cell
36,logFC,IL-6/JAK/STAT3 Signaling,0.32870908920586817,0.9546973512568748,0.5440289505428226,0.7296071623624872,1.0,16/63,12.41%,CSF2RB;IL1R1;CD14;HMOX1;LEPR;PLA2G2A;CD44;IL6ST;SOCS3;MAP3K8;JUN;IL6;PIM1;SOCS1;ACVR1B;PTPN11,Heart_Cell,Endothelial cell
37,logFC,Protein Secretion,0.3067552438769046,0.933790655823298,0.6017997750281214,0.755592344802476,1.0,4/93,4.65%,CTSC;SSPN;TOM1L1;TPD52,Heart_Cell,Endothelial cell
38,logFC,Reactive Oxygen Species Pathway,0.32771610511047916,0.9252022295231829,0.595448798988622,0.7532990390718409,1.0,7/45,13.02%,MGST1;PRNP;SOD2;SBNO2;JUNB;HMOX2;PRDX4,Heart_Cell,Endothelial cell
39,logFC,DNA Repair,-0.201799864483802,-0.8952897877976337,0.8076923076923077,1.0,0.9828973843058351,51/144,30.63%,ADA;TAF1C;POLD4;STX3;DDB2;CMPK2;COX17;POLD1;RAE1;ZNF707;DGCR8;SNAPC4;GTF3C5;ERCC3;ADRM1;BCAM;RFC4;AAAS;HCLS1;CLP1;XPC;UPF3B;ADCY6;ARL6IP1;POLA2;RPA2;RNMT;NUDT9;SRSF6;POLR2J;NELFB;DAD1;SURF1;SNAPC5;TAF6;TYMS;CSTF3;ERCC2;ERCC8;FEN1;NME3;NT5C3A;RPA3;BCAP31;SMAD5;DDB1;POLR2C;PCNA;RAD52;ELL;DGUOK,Heart_Cell,Endothelial cell
40,logFC,Wnt-beta Catenin Signaling,0.3172596172983858,0.856329390622908,0.6715817694369973,0.8664915634252207,1.0,6/35,9.13%,HEY2;CCND2;MYC;FZD1;JAG1;FZD8,Heart_Cell,Endothelial cell
41,logFC,Pperoxisome,0.2823995664208237,0.8430760380368895,0.7372781065088757,0.8681941351930429,1.0,6/80,8.09%,ALDH1A1;DLG4;TSPO;PABPC1;EHHADH;SOD2,Heart_Cell,Endothelial cell
42,logFC,Mitotic Spindle,-0.18599413533373338,-0.8392205971934531,0.94,1.0,0.9959758551307847,39/172,19.40%,TBCD;RHOT2;EPB41L2;ARHGAP29;ARAP3;TUBGCP6;ATG4B;ARHGAP27;ARHGEF7;PXN;CENPF;SORBS2;KPTN;CEP250;CDK1;LLGL1;MYO9B;ARHGAP5;DST;KLC1;BIN1;CNTROB;TAOK2;CDC42BPA;HDAC6;MID1IP1;NCK1;CLIP2;MAP3K11;DYNC1H1;CENPJ;FARP1;SHROOM1;TRIO;FGD4;NF1;MARCKS;CDC42EP1;NEDD9,Heart_Cell,Endothelial cell
43,logFC,Fatty Acid Metabolism,0.2615304947484331,0.8194339275589259,0.7969094922737306,0.885684052430366,1.0,17/128,12.73%,ALDH1A1;G0S2;LTC4S;ODC1;HSPH1;IL4I1;ENO2;EHHADH;LDHA;INMT;GLUL;PCBD1;HSP90AA1;HIBCH;CPOX;CA2;BCKDHB,Heart_Cell,Endothelial cell
44,logFC,E2F Targets,0.2555750776059631,0.8180116900378283,0.8188638799571275,0.8666795433656138,1.0,49/160,27.91%,CHEK1;MYC;UBE2S;MTHFD2;HELLS;HMGB3;CDKN3;WEE1;CDKN1A;NAP1L1;STMN1;IPO7;POLD3;PRDX4;KIF22;LMNB1;NOLC1;UBE2T;HNRNPD;POLE4;RAD50;CKS2;DONSON;CDKN2C;ATAD2;CTPS1;GSPT1;NME1;PAICS;SYNCRIP;HMGA1;DCLRE1B;LIG1;CKS1B;POLD2;CDK4;PRKDC;TFRC;CHEK2;TIMELESS;DEK;TP53;NBN;BRCA2;UNG;MCM6;JPT1;PA2G4;CBX5,Heart_Cell,Endothelial cell
45,logFC,Spermatogenesis,0.27137453683981866,0.7825987933532901,0.7761557177615572,0.8965387766247952,1.0,12/57,16.07%,RPL39L;HSPA2;ARL4A;GSTM3;CDKN3;OAZ3;PEBP1;NPHP1;SIRT1;PSMG1;GMCL1;CLPB,Heart_Cell,Endothelial cell
46,logFC,Notch Signaling,0.3037395429732544,0.7718248875592434,0.7733860342555995,0.8897873191673124,1.0,8/26,18.82%,SAP30;FZD1;JAG1;FZD5;PRKCA;NOTCH3;TCF7L2;LFNG,Heart_Cell,Endothelial cell
47,logFC,Cholesterol Homeostasis,0.25539895138110735,0.7552068551980713,0.8370986920332937,0.889673117024974,1.0,12/66,13.22%,CLU;ATF3;NFIL3;CXCL16;ERRFI1;JAG1;GPX8;ANTXR2;ACSS2;SQLE;PNRC1;TMEM97,Heart_Cell,Endothelial cell
48,logFC,PI3K/AKT/mTOR  Signaling,0.23777488994264884,0.7164672015807126,0.8890147225368064,0.910476970689969,1.0,24/89,24.86%,PAK4;GNA14;NGF;SLC2A1;MKNK2;THEM4;CDKN1A;PTPN11;DUSP3;TNFRSF1A;ATF1;YWHAB;PTEN;MAPKAP1;PDK1;RPS6KA3;DDIT3;ITPR2;CDK4;SMAD2;MAP2K3;CFL1;ACACA;CAB39L,Heart_Cell,Endothelial cell
49,logFC,Oxidative Phosphorylation,-0.1535163832853684,-0.710499812426389,1.0,0.9512879788639366,0.9989939637826962,74/199,36.16%,RHOT2;BCKDHA;COX17;NDUFA7;ACADVL;TCIRG1;MGST3;NDUFA6;BAX;NDUFB6;COX6A1;NDUFA8;ATP6AP1;CASP7;PMPCA;ATP5PF;ATP5MF;NDUFA3;CYB5A;COX7A2;NDUFS7;UQCRC2;NDUFC1;ALAS1;ACAA1;NDUFA9;SUCLG1;CYC1;NDUFS2;NDUFB4;ATP6V0B;SURF1;HTRA2;TIMM50;UQCRC1;PDHA1;SLC25A20;ECHS1;NDUFA5;POR;NDUFB7;SDHA;SDHB;NDUFA2;UQCR10;NDUFS3;ECH1;ATP6V1E1;ETFA;NDUFB3;IDH3B;ACADM;ACAT1;SDHC;IDH2;PDHB;NDUFS8;COX6C;ATP5ME;COX7B;COX5B;PDP1;NDUFB2;NDUFV2;NDUFAB1;ATP5F1E;RETSAT;NDUFA1;ATP6V1H;DLST;ACO2;TIMM8B;ATP5PD;CPT1A,Heart_Cell,Endothelial cell
0,logFC,TNF-alpha Signaling via NF-kB,0.7038599531476355,2.5871509849528613,0.001,0.001,0.001,80/159,11.02%,NR4A3;TIPARP;SIK1;IL6;DUSP2;KLF4;EGR3;ACKR3;PLK2;NR4A2;ZC3H12A;NFIL3;VEGFA;KLF2;HBEGF;DUSP5;IER3;CDKN1A;BIRC3;BTG2;CXCL2;INHBA;FOSL2;IRS2;PHLDA2;EGR1;MXD1;RNF19B;GEM;REL;ATF3;MAFF;NR4A1;IER5;ID2;TNC;FOSB;LIF;GADD45A;TNFAIP3;GADD45B;IRF1;KDM6B;RHOB;PPP1R15A;ICAM1;IER2;SOCS3;CXCL3;PDLIM5;EGR2;NAMPT;SGK1;EFNA1;LDLR;CCNL1;PNRC1;ZFP36;FOS;BHLHE40;PFKFB3;PDE4B;KLF9;JUN;ETS2;SAT1;KLF6;JUNB;PLPP3;LITAF;BMP2;SPHK1;MCL1;TRIB1;DNAJB4;CLCF1;SDC4;NINJ1;NFKB1;MYC,Heart_Cell,Mural cell
1,logFC,Hypoxia,0.5912581497643224,2.178219463898775,0.001,0.001,0.001,63/161,15.85%,TIPARP;IL6;ACKR3;NFIL3;VEGFA;CDKN1C;GPC3;IER3;CDKN1A;TGM2;PGAM2;AKAP12;FOSL2;CCN5;IRS2;ATF3;MAFF;PPP1R3C;AK4;SDC3;DTNA;TNFAIP3;VLDLR;GPC4;SRPX;PPP1R15A;S100A4;SAP30;DDIT4;GLRX;PDK1;BCL2;ADM;EFNA1;TPD52;PNRC1;ZFP36;FOS;PGM2;BHLHE40;PFKFB3;JUN;NDRG1;KLF6;RRAGD;GPC1;NDST1;SDC4;MXI1;SIAH2;EXT1;CAVIN1;DUSP1;TPST2;ANGPTL4;PLAUR;VHL;CCN1;IDS;CSRP2;PGF;MT1E;JMJD6,Heart_Cell,Mural cell
2,logFC,Estrogen Response Early,0.5911211501591355,2.1182431743857575,0.001,0.001,0.001,66/130,18.66%,TIPARP;KLF4;EGR3;FOXC1;HR;NAV2;TGM2;CCN5;PGR;SVIL;SEMA3B;GLA;KAZN;FRK;HSPB8;FAM102A;PDLIM3;TOB1;RHOD;ADCY9;SLC7A2;DHRS3;GJA1;FLNB;ITPK1;AR;FCMR;BCL2;REEP1;FOS;KRT18;BHLHE40;PEX11A;MAST4;ABHD2;SLC7A5;SH3BP5;GAB2;ABLIM1;MYC;IGF1R;NXT1;SLC19A2;SIAH2;ADCY1;PMAIP1;MED13L;INPP5F;RAB31;NPY1R;CISH;DYNLT3;SLC9A3R1;KRT8;MUC1;FKBP5;WFS1;MYOF;CELSR2;ISG20L2;AKAP1;JAK2;B4GALT1;TSKU;FARP1;KLF10,Heart_Cell,Mural cell
3,logFC,TGF-beta Signaling,0.583469175084799,1.8232940139824685,0.001,0.0026002612355473854,0.01,16/49,13.79%,CDKN1C;SMAD6;THBS1;SMAD7;ID1;ID2;PPP1R15A;WWTR1;ENG;JUNB;BMP2;SKIL;BMPR2;TRIM33;SKI;RAB31,Heart_Cell,Mural cell
4,logFC,UV Response Up,0.5069323575128735,1.8175520958054647,0.001,0.0020802089884379084,0.01,30/125,11.00%,RRAD;IL6;TUBA4A;CDKN1C;PTPRD;FGF18;NTRK3;BTG2;CXCL2;HSPA2;ATF3;SLC6A8;NR4A1;FOSB;IRF1;RHOB;PDLIM3;ICAM1;DNAJB1;MAOA;FOS;DNAJA1;JUNB;HNRNPU;BMP2;CCK;GPX3;PRKACA;SLC25A4;AGO2,Heart_Cell,Mural cell
5,logFC,Estrogen Response Late,0.5037902660724909,1.8054212326523273,0.001,0.0020802089884379084,0.012,48/123,17.61%,DUSP2;KLF4;EGR3;FOXC1;HOMER2;HR;TFPI2;CCN5;PGR;CKB;SEMA3B;GLA;ID2;FRK;HSPB8;FAM102A;PDLIM3;TSPAN13;TOB1;FLNB;ATP2B4;ITPK1;FGFR3;SGK1;BCL2;PRLR;ZFP36;FOS;ABHD2;ASS1;SLC7A5;PLXNB1;NXT1;SIAH2;PDCD4;RAB31;NPY1R;IDH2;TNNC1;CISH;DYNLT3;SLC9A3R1;FKBP5;WFS1;MYOF;CELSR2;ALDH3A2;JAK2,Heart_Cell,Mural cell
6,logFC,Androgen Response,0.5289431211669273,1.796642637041646,0.001,0.0017830362758039214,0.012,44/82,26.37%,UAP1;HOMER2;ELL2;AKAP12;DNAJB9;CDC14B;PDLIM5;ADAMTS1;SGK1;IDI1;TPD52;ABHD2;SAT1;NDRG1;SRF;ACTN1;LIFR;PLPP1;GPD1L;HMGCS1;ITGAV;NGLY1;HERC3;KRT8;FKBP5;CDK6;TSC22D1;PIAS1;B4GALT1;RAB4A;RPS6KA3;ZBTB10;SORD;PTPN21;INSIG1;CAMKK2;ARID5B;FADS1;DBI;TNFAIP8;AKT1;CCND1;MAF;ZMIZ1,Heart_Cell,Mural cell
7,logFC,Apoptosis,0.483479672470484,1.7536538269963686,0.001,0.002340235111992647,0.018,31/130,10.34%,CTH;IL6;CASP9;EGR3;IER3;CDKN1A;BIRC3;CLU;BTG2;SMAD7;ATF3;TGFB2;GADD45A;GADD45B;IRF1;NEDD9;RHOB;SATB1;CD14;WEE1;LUM;PAK1;KRT18;DNAJA1;JUN;SAT1;BMP2;MCL1;GPX3;SC5D;ROCK1,Heart_Cell,Mural cell
8,logFC,KRAS Signaling Dn,0.5517142618455079,1.746625187391363,0.0012706480304955528,0.002311343320486565,0.02,26/56,17.47%,ADRA2C;TENT5C;RYR2;NR4A2;ITIH3;BTG2;TGFB2;SYNPO;THRB;FGFR3;SGK1;KCNMB1;SLC25A23;SKIL;SLC16A7;NRIP2;PTPRJ;COPZ2;SNN;GPRC5C;MAGIX;ZBTB16;TCF7L1;PDK2;CELSR2;GAMT,Heart_Cell,Mural cell
9,logFC,p53 Pathway,0.46433940223930714,1.7220600130029005,0.001,0.0034323448309225486,0.033,38/157,10.95%,RRAD;KLF4;PLK2;HBEGF;IER3;CDKN1A;BTG2;MXD1;RNF19B;ATF3;IER5;MKNK2;LIF;GADD45A;PPP1R15A;TOB1;S100A4;PTPN14;SOCS1;DDIT4;CD82;PDGFA;CYFIP2;AK1;FOS;DNTTIP2;TSPYL2;JUN;SAT1;NDRG1;BMP2;POM121;SPHK1;ZFP36L1;RAP2B;FGF13;NINJ1;RGS16,Heart_Cell,Mural cell
10,logFC,Inflammatory Response,0.4979658843100035,1.717611154728747,0.001,0.003403978344716577,0.036,30/92,11.02%,IL6;CX3CL1;GPC3;HBEGF;CDKN1A;BTG2;INHBA;MXD1;LIF;IRF1;PCDH7;ICAM1;CD14;CD82;SLC7A2;SCN1B;NAMPT;ADM;KCNJ2;LDLR;PVR;IL4R;PDE4B;KLF6;SPHK1;ITGB3;CD55;NFKB1;RGS16;MYC,Heart_Cell,Mural cell
11,logFC,Epithelial Mesenchymal Transition,0.45736918994102516,1.6761725242583567,0.0011337868480725624,0.005807250092722494,0.066,56/150,15.81%,IL6;SPOCK1;VEGFA;ELN;THBS1;TFPI2;DPYSL3;TGM2;INHBA;EDIL3;GEM;SLC6A8;ID2;TNC;CRLF1;GADD45A;CAP2;TNFAIP3;GADD45B;COL16A1;RHOB;MYLK;GJA1;TPM2;FZD8;SNTB1;VCAM1;TNFRSF11B;LUM;PVR;TAGLN;VIM;GLIPR1;JUN;SAT1;SLIT3;NNMT;HTRA1;TPM1;ITGB3;GPC1;SDC4;RGS4;FLNA;MYL9;ITGAV;MATN3;FBLN5;TNFRSF12A;PLAUR;CCN1;FOXC2;TPM4;ACTA2;ITGB5;FMOD,Heart_Cell,Mural cell
12,logFC,Myogenesis,0.4464694025326127,1.6341920096965747,0.0011337868480725624,0.008640868105819004,0.105,46/144,10.58%,HBEGF;NAV2;MYH11;MYOZ1;CDKN1A;CLU;PGAM2;GNAO1;ACTN2;SVIL;SORBS1;CKB;SLC6A8;PPP1R3C;SPEG;TNNC2;DTNA;GADD45B;PTGIS;HSPB8;CRYAB;MYLK;ADCY9;SH3BGR;DES;CKMT2;WWTR1;TPM2;PDE4DIP;DMPK;REEP1;TAGLN;AK1;MYOM1;BHLHE40;SSPN;MRAS;EPHB3;SPHK1;IFRD1;AEBP1;GPX3;SOD3;FABP3;FHL1;ABLIM1,Heart_Cell,Mural cell
13,logFC,IL-2/STAT5 Signaling,0.4240635993173222,1.5283905882665572,0.003444316877152698,0.026894130493375815,0.293,45/135,16.28%,PNP;NCS1;NFIL3;CDKN1C;TGM2;NFKBIZ;MXD1;MYO1E;MAFF;LIF;GADD45B;RHOB;ALCAM;SOCS1;DHRS3;ODC1;BCL2;IL4R;GABARAPL1;TWSG1;BHLHE40;IKZF4;NDRG1;KLF6;RRAGD;BMP2;ARL4A;SOCS2;MAPKAPK2;BMPR2;AHNAK;RGS16;MYC;IGF1R;SLC29A2;PLPP1;PRNP;ITGAV;CTSZ;PLEC;SNX9;LCLAT1;CISH;MUC1;MAP3K8,Heart_Cell,Mural cell
14,logFC,Myc Targets V2,-0.387798018251256,-1.5210158984419393,0.00816326530612245,0.09136059136059137,0.1041041041041041,31/54,27.23%,IPO4;RRP9;BYSL;TFB2M;NOP16;DCTPP1;PRMT3;MCM4;MCM5;PPAN;CDK4;NIP7;NDUFAF4;PUS1;MRTO4;RABEPK;FARSA;MPHOSPH10;TBRG4;PES1;DDX18;AIMP2;LAS1L;MYBBP1A;SUPV3L1;GRWD1;WDR74;CBX3;NOP56;GNL3;EXOSC5,Heart_Cell,Mural cell
15,logFC,KRAS Signaling Up,0.4266463911970747,1.5074067403850295,0.011655011655011656,0.03272862141808975,0.356,35/112,14.28%,KLF4;HBEGF;BIRC3;INHBA;AKAP12;KIF5C;GADD45G;SEMA3B;MAFB;ID2;LIF;GPNMB;TNFAIP3;PPP1R15A;TSPAN13;SATB1;ST6GAL1;CDADC1;SCN1B;GLRX;PECAM1;ENG;CFB;IGF2;USP12;BMP2;TRIB1;CBL;RGS16;CAB39L;VWA5A;JUP;ANGPTL4;PLAUR;CFH,Heart_Cell,Mural cell
16,logFC,Cholesterol Homeostasis,0.44303932491151904,1.4768196543618508,0.028894472361809045,0.04244926467031107,0.452,19/67,13.98%,NFIL3;CLU;ATF3;SEMA3B;ALCAM;CPEB2;NIBAN1;LDLR;IDI1;PNRC1;CXCL16;SC5D;STARD4;CYP51A1;HMGCS1;TP53INP1;TNFRSF12A;PLAUR;ETHE1,Heart_Cell,Mural cell
17,logFC,UV Response Dn,0.40164806734536296,1.4283390427375766,0.02191464821222607,0.06534303528387313,0.625,37/128,15.59%,KCNMA1;SMAD7;ID1;CACNA1A;CAP2;VLDLR;SIPA1L1;LTBP1;PDLIM5;GJA1;ATP2B4;LDLR;BHLHE40;SYNE1;PLPP3;IGFBP5;CELF2;PIK3R3;RND3;ITGB3;PTPRM;ARHGEF9;RGS4;BCKDHB;NFKB1;MYC;EFEMP1;IGF1R;DYRK1A;SYNJ2;AKT3;DUSP1;RBPMS;FBLN5;CCN1;MT1E;AMPH,Heart_Cell,Mural cell
18,logFC,Coagulation,0.4221192810432003,1.4245798714458975,0.026022304832713755,0.06396642639446568,0.637,28/76,23.65%,CASP9;THBS1;TFPI2;CLU;MAFF;THBD;DUSP14;CSRP1;PECAM1;CFB;RGN;F8;CTSH;HTRA1;ITGB3;WDR1;CFH;CFD;MSRB2;ACOX2;CTSB;PDGFB;S100A13;ADAM9;PRSS23;ISCU;FBN1;GNG12,Heart_Cell,Mural cell
19,logFC,heme Metabolism,0.3861961124018618,1.4039836435688904,0.01845444059976932,0.07379267674774474,0.711,36/141,19.73%,FN3K;TENT5C;MFHAS1;DMTN;ELL2;BTG2;ANK1;SLC6A8;SPTB;RBM38;SLC66A2;CTNS;EPB41;KAT2B;TNS1;TFDP2;RNF19A;MXI1;TRAK2;LPIN2;NUDT4;CDR2;OPTN;CLCN3;FBXO34;SLC6A9;TFRC;NEK7;BNIP3L;BLVRA;ATP6V0A1;CTSB;GDE1;VEZF1;BCAM;HEBP1,Heart_Cell,Mural cell
20,logFC,Pancreas Beta Cells,0.5793753269131637,1.3952967713480113,0.09508196721311475,0.07566760195442891,0.74,5/13,12.85%,MAFB;PCSK2;FOXO1;STXBP1;AKT3,Heart_Cell,Mural cell
21,logFC,mTORC1 Signaling,0.3708725542483252,1.368946081887659,0.030100334448160536,0.09138060913495097,0.819,27/174,10.69%,CTH;PNP;NFIL3;TUBA4A;CDKN1A;BTG2;GLA;AK4;VLDLR;PPP1R15A;DDIT4;GLRX;NAMPT;MLLT11;PDK1;NIBAN1;LDLR;IDI1;BHLHE40;IGFBP5;PIK3R3;SLC7A5;IFRD1;TXNRD1;SC5D;DHFR;STARD4,Heart_Cell,Mural cell
22,logFC,Hedgehog Signaling,0.5060999323843492,1.3660250843147559,0.10416666666666667,0.09029998108900919,0.83,9/23,9.24%,VEGFA;AMOT;VLDLR;TLE3;HEY1;LDB1;ETS2;HEY2;UNC5C,Heart_Cell,Mural cell
23,logFC,Allograft Rejection,0.393720835755836,1.350789991097274,0.06219512195121951,0.09799593212923798,0.869,19/81,15.06%,IL6;DYRK3;INHBA;TGFB2;CD74;LIF;ICAM1;SOCS1;HLA-DRA;TPD52;IL4R;GBP2;SRGN;FLNA;HLA-E;HLA-DMA;RIPK2;CCL19;GALNT1,Heart_Cell,Mural cell
24,logFC,Apical Junction,0.37532630760280183,1.3463684474736182,0.04171494785631518,0.09755313402028606,0.877,53/127,24.59%,CX3CL1;CD34;AMIGO2;ACTN2;LAYN;SDC3;SPEG;ACTG2;COL16A1;ICAM1;MYH10;MPP5;PECAM1;VCAM1;TNFRSF11B;CNN2;ACTN4;PIK3R3;MAP3K20;ACTN1;ITGA10;ADAM15;PARD6G;NEXN;SHC1;FLNC;GNAI2;AKT3;JUP;MYL9;NECTIN1;RRAS;SORBS3;CLDN5;GAMT;B4GALT1;TJP1;PBX2;ITGA3;THBS3;EVL;INSIG1;NECTIN3;RASA1;LAMA3;VCL;ADAM9;HRAS;FBN1;VCAN;IRS1;PIK3CB;ARHGEF6,Heart_Cell,Mural cell
25,logFC,Mitotic Spindle,0.3669013766367774,1.3455494594579054,0.03765227021040975,0.0943582797155435,0.88,57/157,27.13%,PRC1;TUBA4A;PREX1;SORBS2;MYO1E;PALLD;SYNPO;NEDD9;MYH10;PDLIM5;FLNB;PCGF5;NET1;BCR;ABR;EPB41;ACTN4;CEP250;CLIP1;DYNLL2;ROCK1;FLNA;PKD2;BCL2L11;CEP131;KIF1B;ARHGAP5;MARK4;CNTROB;CLASP1;KIF5B;FARP1;NOTCH2;SOS1;RANBP9;CDK5RAP2;KIF3B;RASA1;VCL;SUN2;CEP57;RABGAP1;STK38L;ALMS1;RALBP1;ARHGEF7;HOOK3;RAPGEF6;CD2AP;MAPRE1;KLC1;ARAP3;WASL;ARFGEF1;CEP192;ARHGEF11;ARF6,Heart_Cell,Mural cell
26,logFC,IL-6/JAK/STAT3 Signaling,0.42757162210229066,1.3401249389667411,0.07480314960629922,0.09524956925905115,0.892,13/51,10.45%,IL6;PLA2G2A;PDGFC;IRF1;CD14;SOCS1;SOCS3;CXCL3;IL4R;JUN;PTPN11;ITGB3;CBL,Heart_Cell,Mural cell
27,logFC,DNA Repair,-0.29315556717973185,-1.314761307216207,0.05357142857142857,0.20414645414645416,0.3933933933933934,51/140,20.47%,PRIM1;ADA;POLD1;STX3;CSTF3;TK2;POLA2;GTF2H3;ERCC8;GTF3C5;POLR3C;RAE1;RPA2;TARBP2;ITPA;RFC5;NT5C;RAD52;SNAPC4;PCNA;FEN1;ADCY6;CMPK2;NME1;NT5C3A;ERCC3;CLP1;POLR1C;DGUOK;UMPS;DAD1;AAAS;TP53;SAC3D1;POLR2G;TAF1C;NPR2;DGCR8;DDB1;POLR2C;TAF12;APRT;NUDT9;VPS28;REV3L;BCAP31;LIG1;MRPL40;DUT;XPC;POLR2H,Heart_Cell,Mural cell
28,logFC,Wnt-beta Catenin Signaling,0.4260533651125659,1.2802287897262825,0.13142857142857142,0.1502373158316267,0.969,10/35,11.02%,NKD1;AXIN2;HEY1;FZD8;TCF7;HEY2;PPARD;DLL1;FZD1;MYC,Heart_Cell,Mural cell
29,logFC,Glycolysis,0.34913301653603485,1.2722734925823618,0.0757238307349666,0.15441837080243542,0.972,16/152,5.17%,CTH;ARTN;VEGFA;GPC3;IER3;PGAM2;IRS2;AK4;SDC3;VLDLR;GPC4;NOL3;SAP30;DDIT4;GLRX;HOMER1,Heart_Cell,Mural cell
30,logFC,E2F Targets,-0.2693765156367697,-1.2537914616025683,0.05925925925925926,0.20482020482020483,0.5085085085085085,48/140,25.97%,GINS3;POLD1;KIF22;TIMELESS;POLA2;PRDX4;UBE2T;EED;RPA2;PMS2;DCTPP1;PAICS;MCM4;ASF1A;MCM5;MAD2L1;CDK4;PAN2;DNMT1;PCNA;NME1;DDX39A;MCM7;TBRG4;LBR;SMC6;TP53;EXOSC8;MTHFD2;CSE1L;LUC7L3;MLH1;MSH2;KPNA2;LIG1;DUT;LYAR;MCM6;MCM3;RAD21;AK2;RPA3;TUBG1;SMC3;SSRP1;HELLS;NOP56;TUBB,Heart_Cell,Mural cell
31,logFC,Complement,0.3447583079573656,1.2387806598248587,0.10483870967741936,0.1893348836200641,0.991,16/127,7.97%,IL6;CASP9;DUSP5;DGKG;TFPI2;CLU;ACTN2;MAFF;TNFAIP3;IRF1;L3MBTL4;CSRP1;CFB;HSPA1A;F8;CTSH,Heart_Cell,Mural cell
32,logFC,Apical Surface,0.45066800317381445,1.2328770027999547,0.206794682422452,0.19103252543821456,0.992,10/24,22.26%,CX3CL1;MAL;SRPX;ATP8B1;PLAUR;SULF2;B4GALT1;FLOT2;HSPB1;AKAP7,Heart_Cell,Mural cell
33,logFC,Unfolded Protein Response,0.3434399930418289,1.2084018754044916,0.1646919431279621,0.21788511565993188,0.997,32/106,26.04%,VEGFA;BAG3;DNAJA4;ATF3;DNAJB9;NABP1;DDIT4;EIF4A3;TSPYL2;SLC7A5;NFYA;SHC1;YWHAZ;ERN1;CEBPB;TATDN2;WFS1;CCL2;ERO1A;KIF5B;EIF2AK3;DCP1A;ATF4;XBP1;TUBB2A;HERPUD1;NPM1;ATF6;EEF2;KHSRP;CNOT6;SLC1A4,Heart_Cell,Mural cell
34,logFC,Spermatogenesis,0.37587602421607114,1.1804985921529079,0.22148541114058357,0.2523228496444294,0.999,15/51,23.89%,HSPA2;MLF1;RPL39L;STRBP;ARL4A;IDE;SIRT1;PRKAR2A;GMCL1;MLLT10;POMC;NPHP1;HBZ;CSNK2A2;MAST2,Heart_Cell,Mural cell
35,logFC,Interferon Gamma Response,0.319391436992794,1.1534222084661712,0.21371428571428572,0.2899370073430351,0.999,36/141,18.23%,IL6;PNP;CDKN1A;CD74;TNFAIP3;IRF1;ICAM1;SOCS1;SOCS3;NAMPT;VCAM1;CFB;SLC25A28;IL4R;PDE4B;SSPN;RIPK1;LATS2;ARL4A;HLA-DRB1;APOL6;NFKB1;NLRC5;TRIM25;HLA-DMA;HELZ2;CFH;RIPK2;TRIM26;SOD2;IL18BP;CCL2;DDX58;JAK2;EIF4E3;TDRD7,Heart_Cell,Mural cell
36,logFC,Interferon Alpha Response,-0.27266569229664456,-1.1521496863036358,0.16853932584269662,0.30642180642180644,0.7697697697697697,27/77,21.10%,IFITM1;TXNIP;PROCR;MOV10;LY6E;IFITM3;CNP;IFIT2;PSME2;CMPK2;IFIT3;HLA-C;IRF9;MX1;PSME1;PSMB9;LGALS3BP;LPAR6;TRIM5;UBE2L6;SAMD9;DHX58;PSMA3;IFITM2;LAP3;PLSCR1;C1S,Heart_Cell,Mural cell
37,logFC,PI3K/AKT/mTOR  Signaling,0.3240608314695354,1.1068370672619026,0.29106280193236717,0.3670957038419838,0.999,29/84,29.04%,PLCB1;CDKN1A;MKNK2;PRKAA2;PDK1;RIPK1;PTPN11;PIK3R3;MAPK9;DUSP3;CAB39L;PRKAR2A;MAPKAP1;RPS6KA3;RPTOR;PAK4;HRAS;RAF1;AKT1;PLA2G12A;MAPK10;ACTR2;NFKBIB;ACTR3;PTEN;MKNK1;PIKFYVE;ACACA;PPP2R1B,Heart_Cell,Mural cell
38,logFC,Angiogenesis,0.380578320211271,1.0487962677020892,0.39457831325301207,0.47217772310414174,1.0,6/23,6.10%,VEGFA;THBD;FGFR1;S100A4;PDGFA;LUM,Heart_Cell,Mural cell
39,logFC,Oxidative Phosphorylation,-0.2008451360907459,-0.9636064699256021,0.6346153846153846,0.7635481635481636,0.987987987987988,90/198,36.92%,MRPS12;RHOT2;POR;ATP5MC1;BAX;ATP6AP1;PDHX;DECR1;FXN;NDUFS7;PMPCA;NDUFS3;DLAT;SDHD;ALAS1;ATP5F1B;ATP5MF;IDH3B;CASP7;LRPPRC;SDHA;MRPS11;NDUFA6;IDH3G;UQCRC2;MDH1;TIMM50;HTRA2;UQCRFS1;MTRR;ATP5MC3;MRPL15;TIMM13;MTX2;CYC1;SUPV3L1;SLC25A20;NDUFB5;TOMM70;NDUFA8;PDHB;PHB2;SDHB;NDUFV1;NDUFS4;GOT2;SLC25A5;NDUFA9;MTRF1;COX5A;COX6A1;MDH2;NDUFB6;TCIRG1;ATP5PB;SUCLG1;COX7B;NDUFA7;ATP6V0B;IDH3A;ATP5F1A;ATP5PO;ECH1;LDHB;ATP5F1C;UQCR10;ATP6V0E1;DLST;COX6B1;TIMM17A;POLR2F;NDUFB1;BDH2;ETFA;NDUFB3;ACADVL;AIFM1;COX5B;COX10;DLD;HSPA9;NDUFA5;HADHB;GLUD1;TIMM10;NDUFC2;NDUFS6;ACAA1;ATP6V1G1;FH,Heart_Cell,Mural cell
40,logFC,G2-M Checkpoint,0.25850705106548993,0.9379151354411013,0.590293453724605,0.7051619552889448,1.0,16/133,11.38%,PRC1;UBE2S;TLE3;SLC38A1;SAP30;ODC1;CKS2;FOXN3;HNRNPU;SMARCC1;SLC7A5;MAP3K20;KMT5A;MEIS2;MYC;PURA,Heart_Cell,Mural cell
41,logFC,Reactive Oxygen Species Pathway,0.2980577669876025,0.9033254004947698,0.6275033377837116,0.7623684833302171,1.0,13/41,23.63%,GLRX;OXSR1;JUNB;GPX3;TXNRD1;PRNP;SOD2;PFKP;GPX4;FTL;CDKN2D;FES;G6PD,Heart_Cell,Mural cell
42,logFC,Adipogenesis,-0.18558522392563756,-0.8817833072997137,0.8024691358024691,0.8646916146916147,0.996996996996997,47/179,23.81%,CD36;FABP4;LPL;LAMA4;ELMOD3;CAVIN2;LPCAT3;TST;MIGA2;CYP4B1;ELOVL6;FZD4;SCARB1;POR;PEX14;DECR1;PREB;JAGN1;ADCY6;SULT1A1;QDPR;DGAT1;PTCD3;CHUK;IFNGR1;DHRS7B;NDUFS3;DLAT;GPAT4;RMDN3;ABCB8;COQ9;GPHN;STOM;IDH3G;PFKL;PHLDB1;COQ5;CD302;HIBCH;SLC5A6;AK2;ITGA7;MRPL15;CYC1;RREB1;ALDOA,Heart_Cell,Mural cell
43,logFC,Notch Signaling,0.31659128966316924,0.8720105548474405,0.6491228070175439,0.8066284064376994,1.0,6/25,10.87%,SAP30;FZD7;PPARD;DLL1;FZD1;TCF7L2,Heart_Cell,Mural cell
44,logFC,Xenobiotic Metabolism,0.24065635982657244,0.8588976025559859,0.7700348432055749,0.8103747477265933,1.0,30/127,20.03%,SERTAD1;ARG2;PDK4;ID2;TGFB2;LEAP2;PDLIM5;CYFIP2;CFB;MAOA;GABARAPL1;ATOH8;ETS2;SPINT2;PPARD;ITIH4;NINJ1;PINK1;HES6;JUP;LPIN2;ALDH2;ATP2A2;AKR1C2;SLC35D1;ACOX2;ENTPD5;ARPP19;AKR1C3;NPC1,Heart_Cell,Mural cell
45,logFC,Myc Targets V1,-0.1724940203278912,-0.8501929349676092,0.9285714285714286,0.8056133056133056,0.996996996996997,74/192,33.49%,RRP9;PRDX4;CAD;NOP16;MRPS18B;MCM4;MCM5;SNRPA;MAD2L1;CDK4;PCNA;NME1;PSMA6;MCM7;PSMA1;PSMA4;DDX18;LSM7;SNRPD3;ILF2;SF3B3;PSMB3;CCT5;AIMP2;SNRPD1;SNRPB2;KPNA2;DUT;EIF2S2;TFDP1;CCT3;MCM6;C1QBP;HDAC2;BUB3;PRPF31;CYC1;CUL1;ACP1;ERH;TOMM70;PHB2;SNRPG;ABCE1;GOT2;CBX3;NOP56;EIF4A1;NCBP2;COX5A;HPRT1;GNL3;EIF4E;RANBP1;SNRPA1;PSMD3;EIF3D;PSMA7;HNRNPC;PSMC4;POLD2;RUVBL2;PSMD8;IMPDH2;SNRPD2;RNPS1;CDK2;CCT2;SRSF2;PSMC6;PSMD14;FBL;CCT4;NHP2,Heart_Cell,Mural cell
46,logFC,Protein Secretion,0.22208009245636368,0.7718495740116751,0.8791866028708134,0.9363540709206135,1.0,23/92,28.29%,SCRN1;GLA;TPD52;KRT18;SSPN;GNAS;KIF1B;CLCN3;TOM1L1;ARFGEF2;PAM;CAV2;USO1;RPS6KA3;ATP1A1;GBF1;OCRL;ANP32E;NAPG;RAB22A;ARFGEF1;VPS45;GOLGA4,Heart_Cell,Mural cell
47,logFC,Bile Acid Metabolism,0.22983377594328483,0.7656995793253225,0.8596938775510204,0.9215833186825894,1.0,16/70,20.03%,CH25H;AR;IDI1;PEX11A;CYP7B1;RBP1;NEDD4;PXMP2;NR3C2;OPTN;PEX26;IDH2;PHYH;SLC27A5;SLC22A18;NPC1,Heart_Cell,Mural cell
48,logFC,Fatty Acid Metabolism,0.21200142672284358,0.7589094469797604,0.9145496535796767,0.9095218514090364,1.0,19/123,16.13%,HSPH1;TP53INP2;ODC1;IDI1;AQP7;MAOA;GABARAPL1;KMT5A;PPARA;INMT;HSP90AA1;BCKDHB;GLUL;ECI1;HSDL2;HMGCS1;ECI2;CPT1A;PCBD1,Heart_Cell,Mural cell
49,logFC,Pperoxisome,0.1596321664981059,0.5375712169182044,0.9987515605493134,0.9967587441342944,1.0,10/76,15.65%,DHRS3;IDI1;PEX11A;SMARCC1;IDE;SLC25A4;ECI2;SOD2;IDH2;DLG4,Heart_Cell,Mural cell
0,logFC,Myogenesis,0.777611728506967,2.411741285191661,0.001,0.001,0.001,37/97,8.72%,TNNT2;MYBPC3;MYH7;LDB3;ACTC1;DES;ACTN2;MB;MYL7;NCAM1;CDH13;MYOM1;TPM2;CASQ2;CRYAB;SGCD;PPP1R3C;IGFBP7;COX7A1;PTGIS;ABLIM1;APOD;LAMA2;DTNA;SGCG;CFD;PDE4DIP;CKMT2;TAGLN;LARGE1;SPTAN1;CLU;TPM3;GSN;MYH9;PLXNB2;PRNP,Heart_Nuclei,Adipocyte
1,logFC,Epithelial Mesenchymal Transition,0.6888227705842918,2.136495510050198,0.001,0.001,0.001,60/108,16.69%,CDH2;TPM1;TPM2;SERPINE2;SGCD;TIMP1;MGP;FBLN1;ABI3BP;THBS2;PDGFRB;PRRX1;CD59;MFAP5;MMP2;MYL9;FN1;DPYSL3;FBLN5;LAMA2;GJA1;DST;TPM4;SGCG;SFRP1;CALD1;PTX3;TAGLN;FBLN2;DCN;GEM;COL1A2;SERPINE1;PPIB;THBS1;TGM2;LGALS1;ELN;ITGA5;IGFBP4;EDIL3;COL6A2;ID2;VCAN;COL6A3;VIM;FLNA;TIMP3;ITGAV;SDC4;CD44;FSTL1;SLIT2;TNFRSF12A;SLC6A8;SGCB;MATN2;SPOCK1;CCN1;SPARC,Heart_Nuclei,Adipocyte
2,logFC,KRAS Signaling Dn,0.782783269757331,2.08551262455358,0.001,0.001,0.001,9/32,8.14%,RYR2;MYH7;ACTC1;TNNI3;TENM2;SGK1;BTG2;CAMK1D;SELENOP,Heart_Nuclei,Adipocyte
3,logFC,Coagulation,0.7377318575019942,2.0791397239942775,0.001,0.001,0.001,29/47,14.04%,CD9;A2M;TIMP1;CTSB;MMP2;C1R;PECAM1;FN1;LGMN;VWF;CFD;ISCU;C3;CLU;PROS1;USP11;C1S;SERPINE1;SERPING1;GSN;THBS1;MSRB2;KLF7;ADAM9;S100A13;FYN;TIMP3;CFH;LAMP2,Heart_Nuclei,Adipocyte
4,logFC,Oxidative Phosphorylation,0.6120966243174921,1.9374961026511706,0.001,0.0021725329759469565,0.011,68/152,19.28%,SLC25A4;UQCRB;NDUFA4;NDUFA1;UQCR11;COX7C;UQCRQ;COX17;COX7B;ATP5PF;NDUFC1;PDK4;COX4I1;COX6C;COX5B;NDUFA6;COX7A2;UQCR10;ATP5PD;ATP5F1D;ATP5MC3;COX6B1;PRDX3;NDUFB8;NDUFB5;CYCS;ISCU;ATP5F1E;NDUFB7;POLR2F;NDUFAB1;NDUFA5;UQCRC1;ACAA2;TIMM13;NDUFB2;HADHB;ATP5F1B;SLC25A5;NDUFB1;NDUFB4;NDUFS8;ATP5MG;NDUFB6;PDHB;NDUFS7;ATP5MC2;CYC1;ATP5PB;MFN2;COX7A2L;ATP5ME;SLC25A3;COX5A;IDH3A;PHB2;GPX4;ATP6V1C1;ALAS1;UQCRFS1;ETFB;SDHA;VDAC2;ISCA1;MDH2;AIFM1;ECI1;MDH1,Heart_Nuclei,Adipocyte
5,logFC,Complement,0.6356589116482205,1.9194511204056057,0.001,0.001975029978133597,0.012,32/87,14.04%,ACTN2;CDH13;TIMP1;CTSB;CD59;C1R;DGKH;FN1;LGMN;HSPA5;F5;IRF1;CTSC;CD55;CALM1;C3;CLU;C1S;SERPINE1;SERPING1;CTSL;L3MBTL4;PFN1;DOCK10;ADAM9;TIMP2;S100A13;FYN;DOCK4;SH2B3;CFH;LAMP2,Heart_Nuclei,Adipocyte
6,logFC,Inflammatory Response,0.603772233010902,1.7628983430796747,0.002336448598130841,0.018057416942935743,0.119,29/60,19.29%,TIMP1;PCDH7;CCL2;TNFAIP6;ITGB8;PDE4B;IL4R;LPAR1;IRF1;CD55;BTG2;ATP2A2;SERPINE1;SGMS2;TAPBP;ITGA5;IL1R1;AXL;SELENOS;GABBR1;AHR;KLF6;RNF144B;NFKBIA;ATP2B1;IFNAR1;MYC;NFKB1;ADM,Heart_Nuclei,Adipocyte
7,logFC,KRAS Signaling Up,0.5901649600845481,1.7253298111889215,0.006864988558352402,0.024440995979403263,0.173,18/68,10.74%,TNNT2;PRRX1;SPARCL1;IL33;APOD;PECAM1;ST6GAL1;ENG;ALDH1A2;HDAC9;CPE;ETV1;GADD45G;GFPT2;RABGAP1L;ID2;ANKH;KLF4,Heart_Nuclei,Adipocyte
8,logFC,Apical Junction,0.561950542599427,1.711789888088159,0.003468208092485549,0.024907322502018138,0.197,21/79,11.46%,ACTC1;ACTN2;NEXN;ACTG1;ITGA9;MMP2;MYL9;PECAM1;CADM2;ACTB;VWF;MYL12B;JAM3;MYH9;NEGR1;PFN1;B4GALT1;ADAMTS5;VCAN;VCL;ADAM9,Heart_Nuclei,Adipocyte
9,logFC,Allograft Rejection,0.5711617640838866,1.6794519735268916,0.010650887573964497,0.03248924314029767,0.27,19/57,13.80%,TIMP1;B2M;CCL2;HLA-A;HLA-E;IL4R;RPS3A;RPL39;HDAC9;BCL3;RPS19;RPL9;TAPBP;IL7;EIF5A;CD47;RPS9;FLNA;CCND3,Heart_Nuclei,Adipocyte
10,logFC,TNF-alpha Signaling via NF-kB,0.5304169138067901,1.673172840343621,0.005422993492407809,0.03240844645937401,0.285,52/108,23.82%,PDLIM5;CCL2;TUBB2A;IER3;TNFAIP6;PDE4B;TSC22D1;IRF1;SGK1;NR4A1;BTG2;KLF2;TNFAIP2;PTX3;BCL3;GFPT2;PNRC1;GEM;SERPINE1;CEBPD;KLF9;SOD2;B4GALT1;RELB;ID2;KLF4;REL;HES1;KLF6;RCAN1;SDC4;CD44;BTG1;EIF1;LAMB3;CCN1;NFKBIA;JUNB;ATP2B1;ZFP36;MYC;NFKB1;PLPP3;MAP2K3;GADD45A;FOS;KDM6B;DRAM1;PMEPA1;SOCS3;DENND5A;IL15RA,Heart_Nuclei,Adipocyte
11,logFC,Interferon Gamma Response,0.5527229447521668,1.6615756217904498,0.005649717514124294,0.03308175213373775,0.309,31/82,18.51%,HLA-B;B2M;CCL2;TNFAIP6;HLA-A;PDE4B;C1R;IL4R;IFITM3;IRF1;TNFAIP2;MTHFD2;C1S;SERPING1;TAPBP;IL7;SOD2;PELI1;MT2A;ZNFX1;SAMHD1;CASP8;SSPN;CFH;CD38;BTG1;ISOC1;NFKBIA;OGFR;STAT2;NFKB1,Heart_Nuclei,Adipocyte
12,logFC,Reactive Oxygen Species Pathway,0.6011823032085816,1.6368974543934545,0.02663115845539281,0.03965252494560528,0.375,15/35,12.50%,MBP;NDUFA6;FTL;SOD1;TXN;LAMTOR5;PRDX1;PDLIM1;PRNP;NDUFB4;SOD2;PRDX4;SELENOS;GCLM;GPX3,Heart_Nuclei,Adipocyte
13,logFC,Apoptosis,0.5172775624151108,1.578109122172172,0.0170261066969353,0.06397686393454187,0.558,27/83,15.99%,TIMP1;PDGFRB;IER3;MMP2;IFITM3;SOD1;IRF1;BTG2;DCN;SPTAN1;CLU;PEA15;GSN;HMOX1;HSPB1;SOD2;ANKH;APP;TIMP2;CASP8;GPX3;TIMP3;CD44;SC5D;TNFRSF12A;CD38;GPX4,Heart_Nuclei,Adipocyte
14,logFC,Interferon Alpha Response,0.5820386434318982,1.5754197143265338,0.0316622691292876,0.06056758599609696,0.566,13/35,18.12%,B2M;HLA-C;IL4R;IFITM3;IRF1;C1S;IL7;CD47;TENT5A;CASP8;PARP9;OGFR;STAT2,Heart_Nuclei,Adipocyte
15,logFC,UV Response Up,0.499562215540997,1.4964369264423452,0.04337899543378995,0.10807117161599775,0.798,23/70,18.01%,SLC25A4;PDLIM3;PLCL1;BSG;SELENOW;IRF1;NR4A1;BTG2;CDKN1C;HMOX1;RPN1;SOD2;GPX3;CLTB;CCND3;SLC6A8;PRKACA;BTG1;ATP6V1C1;ALAS1;NFKBIA;JUNB;TMBIM6,Heart_Nuclei,Adipocyte
16,logFC,Myc Targets V2,-0.4125675714604322,-1.4841562086089612,0.048582995951417005,0.2431383049939751,0.20140280561122245,12/31,21.39%,SLC29A2;AIMP2;CBX3;RABEPK;HK2;SRM;RCL1;SLC19A1;WDR43;WDR74;SUPV3L1;TBRG4,Heart_Nuclei,Adipocyte
17,logFC,IL-6/JAK/STAT3 Signaling,0.5264413284744444,1.467491933185258,0.056890012642225034,0.12402026480338908,0.855,20/44,24.89%,CD9;A2M;IL4R;PLA2G2A;IL3RA;IRF1;HMOX1;IL7;IL1R1;CD44;TNFRSF12A;CD38;STAT2;IFNAR1;CD36;STAT1;SOCS3;IL15RA;IL13RA1;HAX1,Heart_Nuclei,Adipocyte
18,logFC,UV Response Dn,0.468366452101707,1.4659213244334186,0.030752916224814422,0.11855666063185286,0.855,17/115,8.65%,FHL2;INPP4B;PLCB4;ICA1;PDLIM5;ID1;LTBP1;PDGFRB;FBLN5;GJA1;IGF1R;LPAR1;MT1E;GRK5;COL1A2;SERPINE1;IGFBP5,Heart_Nuclei,Adipocyte
19,logFC,IL-2/STAT5 Signaling,0.44286404508322746,1.3731762110010002,0.07903402854006586,0.20581891351076426,0.968,34/96,20.73%,ADAM19;GSTO1;IL4R;IFITM3;IGF1R;MYO1E;IL3RA;CD81;RABGAP1L;CDKN1C;PLEC;GABARAPL1;TGM2;PRNP;TWSG1;AHR;LCLAT1;NDRG1;TTC39B;TIAM1;KLF6;ITGAV;CD44;CCND3;XBP1;IKZF2;GPX4;SOCS2;COL6A1;NFKBIZ;MYC;ITGA6;PHTF2;LRRC8C,Heart_Nuclei,Adipocyte
20,logFC,Angiogenesis,0.5685156228531462,1.3712416103324496,0.17011834319526628,0.19789800380898642,0.97,7/18,13.69%,TIMP1;S100A4;LRPAP1;APP;VCAN;ITGAV;FSTL1,Heart_Nuclei,Adipocyte
21,logFC,Estrogen Response Early,0.4443740133810056,1.3646536336465582,0.06761177753544166,0.19632738473113728,0.974,22/92,14.86%,FHL2;THSD4;PDLIM3;CCN5;ABLIM1;GJA1;IGF1R;ABHD2;TGM2;B4GALT1;IGFBP4;SLC39A6;PAPSS2;KLF4;RAB31;HES1;TIAM1;CD44;XBP1;BAG1;MYOF;ADCY9,Heart_Nuclei,Adipocyte
22,logFC,p53 Pathway,0.4364371264000605,1.3610198362483636,0.08596300326441784,0.19202677832853468,0.976,42/99,24.54%,CDH13;TM4SF1;IER3;TSC22D1;RPL36;RPS12;RPL18;S100A4;BTG2;CD81;ISCU;S100A10;HMOX1;PLXNB2;DCXR;STOM;PMM1;KLF4;APP;ABCC5;SESN1;NDRG1;HINT1;CCND3;RPS27L;BTG1;AK1;RACK1;ZMAT3;XPC;DNTTIP2;FAM162A;GADD45A;ZFP36L1;TSPYL2;FOS;PITPNC1;HDAC3;DRAM1;CCNG1;CCND2;TOB1,Heart_Nuclei,Adipocyte
23,logFC,Mitotic Spindle,0.4266361752341254,1.344233498705642,0.06369426751592357,0.20110957429516882,0.982,19/131,12.70%,SORBS2;PALLD;PDLIM5;RAPGEF5;EZR;DST;MYO1E;AKAP13;PXN;SPTAN1;RASAL2;GSN;MYH9;VCL;DOCK4;KIFAP3;FLNA;TIAM1;SMC3,Heart_Nuclei,Adipocyte
24,logFC,Fatty Acid Metabolism,-0.28621512657057735,-1.3044344364110725,0.03409090909090909,0.3705984736912572,0.5,30/97,22.18%,NSDHL;ME1;HSPH1;ADIPOR2;FASN;HMGCS1;ALDH3A2;BPHL;KMT5A;GCDH;SLC22A5;PPARA;APEX1;IDI1;HSD17B7;EHHADH;D2HGDH;AQP7;HIBCH;ACSL1;ACAT2;PTPRG;BCKDHB;SDHC;DLST;RETSAT;RAP1GDS1;GLUL;GPD2;GRHPR,Heart_Nuclei,Adipocyte
25,logFC,Hypoxia,0.41517863340445627,1.3004200970151147,0.10344827586206896,0.24671416143518843,0.993,29/111,15.43%,PPP1R3C;CCN5;GAPDH;IER3;TPI1;HSPA5;DTNA;S100A4;MT1E;IDS;LARGE1;DCN;PNRC1;PAM;CDKN1C;SERPINE1;HMOX1;MYH9;TGM2;MT2A;KLF7;NDRG1;KLHL24;KLF6;PPARGC1A;SDC4;RBPJ;BTG1;HEXA,Heart_Nuclei,Adipocyte
26,logFC,Estrogen Response Late,0.4184879466045946,1.2636472776622247,0.16500553709856036,0.2878408690131904,0.998,22/78,14.50%,PDLIM3;CD9;CCN5;COX6C;ABHD2;SGK1;CPE;LARGE1;FABP5;DCXR;EMP2;IGFBP4;UGDH;ID2;PAPSS2;KLF4;RAB31;TIAM1;CD44;XBP1;BAG1;MYOF,Heart_Nuclei,Adipocyte
27,logFC,Androgen Response,0.4022569884275137,1.2168447016966137,0.21679909194097616,0.34536437675324605,0.999,18/75,13.80%,MYL12A;INPP4B;PDLIM5;B2M;TSC22D1;ABHD2;SGK1;NCOA4;STEAP4;DBI;SELENOP;SPCS3;B4GALT1;ANKH;NDRG1;LMAN1;ITGAV;CCND3,Heart_Nuclei,Adipocyte
28,logFC,Spermatogenesis,0.4417940113752396,1.1900170192318278,0.26,0.37507282269925984,1.0,4/37,7.23%,TNNI3;PACRG;SLC12A2;JAM3,Heart_Nuclei,Adipocyte
29,logFC,Xenobiotic Metabolism,0.36261506112127245,1.0954955066537113,0.35706462212486306,0.5215489877971363,1.0,18/93,10.57%,PDLIM5;FBLN1;GSTO1;PDK4;ATP2A2;PROS1;SERPINE1;NDRG2;HMOX1;GABARAPL1;DCXR;PMM1;IGFBP4;UGDH;ID2;IL1R1;PAPSS2;MT2A,Heart_Nuclei,Adipocyte
30,logFC,DNA Repair,0.3513988180117472,1.070398419878424,0.3799772468714448,0.5510333638992735,1.0,18/79,18.19%,PDE4B;COX17;DAD1;EIF1B;POLR2F;USP11;POLR1C;GTF2A2;TMED2;RPA3;EDF1;ERCC4;DGUOK;GPX4;AK1;GUK1;MPG;RRM2B,Heart_Nuclei,Adipocyte
31,logFC,Protein Secretion,0.3448543900993773,1.03408338585794,0.4387990762124711,0.5974794855517152,1.0,27/80,27.42%,ICA1;DST;CD63;SOD1;CTSC;PAM;TMED2;AP2M1;LMAN1;RAB22A;SSPN;LAMP2;ATP1A1;COPE;CLCN3;ARF1;ERGIC3;YIPF6;ADAM10;GNAS;RER1;SNAP23;SGMS1;SEC24D;CAV2;BNIP3;STX12,Heart_Nuclei,Adipocyte
32,logFC,Unfolded Protein Response,0.35184001444121293,1.0187456554356729,0.46118192352259557,0.6036902115420933,1.0,11/74,11.94%,CCL2;TUBB2A;HSPA5;RPS14;CALR;MTHFD2;EDEM1;SPCS3;SRPRB;EEF2;WIPI1,Heart_Nuclei,Adipocyte
33,logFC,PI3K/AKT/mTOR  Signaling,-0.23326880100673505,-0.9997513400183751,0.48226950354609927,1.0,0.9539078156312625,9/65,10.43%,ACACA;PDK1;AKT1;NCK1;MAP2K6;GSK3B;MAPK10;THEM4;CAB39,Heart_Nuclei,Adipocyte
34,logFC,TGF-beta Signaling,0.35508268913177854,0.991891089947274,0.4775,0.6349721379699513,1.0,8/43,12.75%,ID1;ENG;CDKN1C;SERPINE1;THBS1;ID2;RAB31;CDK9,Heart_Nuclei,Adipocyte
35,logFC,Myc Targets V1,0.3109336472781817,0.991490589234217,0.5115546218487395,0.616508600144066,1.0,41/156,22.44%,RPL34;RPS5;SNRPG;RPL18;PRDX3;RPS6;RPS2;PCBP1;RPL6;RPL14;NDUFAB1;SNRPD2;SNRPB2;ILF2;RPS3;PRDX4;CYC1;GLO1;HSPE1;RPLP0;SLC25A3;COX5A;YWHAQ;SRSF3;CCT7;RPL22;PSMA7;CANX;PHB2;SRSF7;TUFM;PPIA;RACK1;MYC;HSP90AB1;C1QBP;SRSF1;SET;EEF1B2;SERBP1;DDX18,Heart_Nuclei,Adipocyte
36,logFC,mTORC1 Signaling,0.30941855010791386,0.9686887169721569,0.5465116279069767,0.6372085689746025,1.0,24/134,14.63%,CD9;NIBAN1;GAPDH;LGMN;TPI1;HSPA5;CTSC;BTG2;CALR;ATP2A2;PRDX1;CACYBP;MTHFD2;EDEM1;IGFBP5;RPN1;GOT1;DHFR;PSMD13;HSPE1;TM7SF2;SC5D;XBP1;CANX,Heart_Nuclei,Adipocyte
37,logFC,Notch Signaling,-0.3018006150646336,-0.960465357148703,0.48366013071895425,1.0,0.9749498997995992,10/18,41.31%,ARRB1;PRKCA;NOTCH1;DTX2;DTX1;JAG1;MAML2;CUL1;TCF7L2;RBX1,Heart_Nuclei,Adipocyte
38,logFC,Glycolysis,0.3025761266507103,0.9337135644981105,0.5801526717557252,0.6756577555195034,1.0,25/99,20.19%,HOMER1;PKP2;IER3;TPI1;HSPA5;SOD1;TXN;DCN;PAM;PGAM1;GOT1;B4GALT1;VCAN;ME2;CD44;PAXIP1;RPE;MXI1;EGLN3;PPIA;MDH2;MDH1;PGLS;FAM162A;CHST12,Heart_Nuclei,Adipocyte
39,logFC,Cholesterol Homeostasis,0.3285597737343226,0.9149307007805253,0.5915151515151515,0.6865972271206102,1.0,12/47,14.51%,CD9;NIBAN1;ACTG1;LGMN;PNRC1;CLU;S100A11;FABP5;ANTXR2;TM7SF2;SC5D;TNFRSF12A,Heart_Nuclei,Adipocyte
40,logFC,Wnt-beta Catenin Signaling,-0.29110537452195817,-0.8961950029393846,0.6257861635220126,1.0,0.9909819639278558,5/18,18.24%,AXIN1;HDAC2;GNAI1;NOTCH1;ADAM17,Heart_Nuclei,Adipocyte
41,logFC,Pperoxisome,0.2994434314593252,0.8852650191250775,0.622093023255814,0.7146138873584738,1.0,13/62,20.81%,SLC25A4;SOD1;PRDX1;ALDH1A1;SOD2;ABCC5;ECI2;GSTK1;ISOC1;FIS1;MLYCD;CADM1;ATXN1,Heart_Nuclei,Adipocyte
42,logFC,Bile Acid Metabolism,-0.20804816518027577,-0.8491057495036887,0.6685393258426966,1.0,0.9949899799599199,23/51,31.30%,ABCA3;FADS1;FADS2;AR;IDI1;PECR;BCAR3;ACSL1;RETSAT;SCP2;ABCA5;LIPE;GNPAT;ABCD2;LONP2;PEX26;HACL1;SLC23A2;RXRA;ABCA1;CAT;HSD17B4;PEX11A,Heart_Nuclei,Adipocyte
43,logFC,Pancreas Beta Cells,0.3855933791933204,0.8049015777824412,0.6921768707482994,0.8164929853023615,1.0,3/9,15.91%,SRP14;SRPRB;AKT3,Heart_Nuclei,Adipocyte
44,logFC,Apical Surface,-0.25000494334612006,-0.7785864730721115,0.7916666666666666,0.9800508769580935,0.9959919839679359,2/18,2.17%,CRYBG1;ADIPOR2,Heart_Nuclei,Adipocyte
45,logFC,heme Metabolism,0.24266402817811045,0.7470529606402219,0.8360655737704918,0.8761536833766501,1.0,19/93,20.34%,CTSB;BSG;BTG2;NCOA4;NUDT4;C3;GCLM;CCND3;LAMP2;SLC6A8;VEZF1;UBAC1;ARHGEF12;CLCN3;MXI1;ISCA1;PGLS;RAD23A;MAP2K3,Heart_Nuclei,Adipocyte
46,logFC,G2-M Checkpoint,-0.16090010240522332,-0.7386651342872952,0.9894736842105263,0.9033337796224394,0.996993987975952,34/99,32.48%,TFDP1;TLE3;DKC1;KMT5A;NSD2;PML;NASP;SNRPD1;XPO1;MNAT1;SS18;SMARCC1;STAG1;MAPK14;SYNCRIP;RBM14;TENT4A;ATRX;CUL5;ABL1;FOXN3;DDX39A;WRN;UPF1;LBR;SLC7A5;ORC5;ILF3;YTHDC1;TRA2B;EFNA5;CASP8AP2;SFPQ;PAFAH1B1,Heart_Nuclei,Adipocyte
47,logFC,Adipogenesis,0.20555095068524837,0.6607440291506887,0.940809968847352,0.9501375467306201,1.0,37/156,21.55%,UQCR11;SPARCL1;UQCRQ;COX7B;UQCR10;SOD1;PRDX3;NDUFB7;C3;NDUFAB1;NDUFA5;UQCRC1;ACAA2;STOM;DNAJC15;CYC1;GPX3;CD302;SSPN;COQ9;GHITM;IDH3A;FABP4;CHCHD10;GPX4;ETFB;NABP1;DDT;UBC;MDH2;AIFM1;GADD45A;APLP2;HSPB8;PGM1;CD151;CD36,Heart_Nuclei,Adipocyte
48,logFC,Hedgehog Signaling,0.25061922195772596,0.5837442659516561,0.9193548387096774,0.9880930466213741,1.0,5/16,23.35%,MYH9;NRP2;DPYSL2;UNC5C;CDK6,Heart_Nuclei,Adipocyte
49,logFC,E2F Targets,0.14380308694357183,0.4340821740366995,1.0,0.9984011662081775,1.0,17/83,22.23%,TUBB;NAA38;MTHFD2;ATAD2;PRDX4;RPA3;SMC3;ING3;PAN2;SNRPB;RAD21;PPP1R8;MYC;PAICS;NBN;SRSF1;SMC1A,Heart_Nuclei,Adipocyte
0,logFC,Oxidative Phosphorylation,-0.5329162156759711,-2.1965578708978093,0.001,0.001,0.001,84/187,24.75%,TOMM22;NDUFB7;HCCS;MRPL11;UQCR10;HSD17B10;COX5B;MRPS12;PHB2;NDUFS7;UQCR11;ATP5F1E;ECHS1;ATP5F1D;GPX4;COX7C;SLC25A6;PMPCA;NDUFS8;ATP6V0B;POLR2F;NDUFA3;ATP5PD;ATP5PF;NDUFB2;IDH3B;COX6B1;CYC1;COX6C;MDH2;UQCRB;NDUFS3;IDH3G;NDUFA4;NDUFA1;ETFB;ATP5MC1;VDAC3;NDUFB3;BCKDHA;ALAS1;ATP5ME;NDUFA6;BAX;ECH1;VDAC1;COX4I1;TIMM50;ACAA1;COX5A;ATP6V1G1;ATP5MC3;NDUFC1;NDUFB1;ATP6AP1;BDH2;ACADVL;COX7A2;NDUFB6;CPT1A;ECI1;ATP5F1B;MTRR;MGST3;TIMM13;NDUFS2;MRPL15;PDHA1;ACAT1;NDUFAB1;COX7B;ATP5MG;MRPS15;NDUFS1;UQCRQ;LDHB;NDUFV2;RHOT2;HADHA;SLC25A3;UQCRFS1;ATP5MC2;MRPL34;SUCLG1,Heart_Nuclei,Atrial Cardiomyocyte
1,logFC,Myc Targets V1,-0.49274656474006906,-2.011277706414202,0.001,0.001,0.001,82/176,25.13%,NHP2;SNRPD2;SNRPD1;RUVBL2;CCT5;RPL18;RAN;SNRPA;ILF2;PHB2;RPS5;TCP1;RPL34;PCBP1;NOP16;RPS6;C1QBP;USP1;CYC1;ODC1;PPM1G;PSMA7;RPL6;RPS2;SNRPD3;CNBP;CCT7;LSM2;VDAC3;SET;RPS3;RPL22;CCT2;RSL1D1;NOP56;HDGF;EIF2S2;VDAC1;COX5A;UBE2L3;EIF4H;PRPF31;DUT;PSMB3;EIF4A1;RPLP0;SNRPB2;TYMS;CCT3;ETF1;IMPDH2;YWHAQ;SF3B3;RANBP1;EEF1B2;HNRNPA1;RACK1;RPL14;PTGES3;HDDC2;NDUFAB1;SRSF7;TUFM;PHB;DDX21;DHX15;NPM1;EIF3B;EIF2S1;NAP1L1;SRSF3;PGK1;PSMD3;GNL3;MRPS18B;PSMA4;PSMC6;SLC25A3;PA2G4;EIF4G2;CCT4;HNRNPR,Heart_Nuclei,Atrial Cardiomyocyte
2,logFC,Myc Targets V2,-0.5848106852535269,-1.8994250632408638,0.001,0.001,0.002,24/40,28.66%,MAP3K6;PPRC1;NOP16;LAS1L;IMP4;UNG;NOP2;MYBBP1A;MRTO4;TCOF1;FARSA;TBRG4;NOP56;PES1;RABEPK;PHB;NPM1;GNL3;NDUFAF4;UTP20;PA2G4;NOLC1;WDR43;PUS1,Heart_Nuclei,Atrial Cardiomyocyte
3,logFC,DNA Repair,-0.45999376971457706,-1.8154252628347947,0.001,0.002858643921132332,0.01,47/125,21.32%,POLR2G;POLD4;BCAM;BCAP31;MRPL40;POLR2I;RPA2;VPS28;ELOA;NELFE;POLR2K;GPX4;POLR2F;APRT;GUK1;EDF1;SUPT4H1;RFC2;TAF1C;POLR2E;NT5C;PDE4B;RALA;ZNRD1;RFC3;AAAS;UMPS;USP11;GTF2H5;NELFCD;POLR2D;GTF2A2;DUT;NME3;TMED2;TYMS;IMPDH2;GMPR2;SNAPC4;DAD1;NT5C3A;NME4;AK1;POLR1C;ADCY6;ITPA;RBX1,Heart_Nuclei,Atrial Cardiomyocyte
4,logFC,Interferon Alpha Response,-0.5262770021364067,-1.7857516669096702,0.004909983633387889,0.0034303727053587984,0.015,22/49,22.36%,HLA-C;PARP14;B2M;CNP;MOV10;EPSTI1;LGALS3BP;SLC25A28;DDX60;MVB12A;PSME2;IL15;TRIM26;SP110;NUB1;HERC6;PSME1;ADAR;IFIT3;PARP9;LAP3;OGFR,Heart_Nuclei,Atrial Cardiomyocyte
5,logFC,Fatty Acid Metabolism,-0.45368227621013885,-1.7443757747237243,0.001,0.0049549827966293754,0.026,32/115,19.82%,BMPR1B;LGALS1;HCCS;UGDH;ALDH9A1;PCBD1;S100A10;HSD17B10;CPOX;ECHS1;XIST;IDH3B;ODC1;MDH2;UROD;IDH3G;NCAPH2;HSD17B7;ERP29;HSP90AA1;ECH1;CBR1;ACAA1;BPHL;OSTC;ACADVL;CPT1A;ECI1;ALDH3A2;PSME1;PDHA1;SMS,Heart_Nuclei,Atrial Cardiomyocyte
6,logFC,TNF-alpha Signaling via NF-kB,0.39150735273976917,1.6469510800421185,0.003003003003003003,0.1488493368098855,0.174,39/123,15.99%,GPR183;EGR1;CCN1;NR4A3;FOS;NR4A2;NR4A1;IER5;ATF3;SNN;GEM;DNAJB4;SERPINE1;DUSP1;RHOB;HBEGF;LITAF;BTG2;IL18;PANX1;JUN;SERPINB8;JUNB;MAFF;ACKR3;SOD2;ZFP36;SOCS3;SDC4;IRS2;GADD45B;ID2;IER2;NFIL3;ABCA1;BIRC3;VEGFA;IER3;PER1,Heart_Nuclei,Atrial Cardiomyocyte
7,logFC,Interferon Gamma Response,-0.4143643387975473,-1.5591890008347424,0.0030959752321981426,0.03757074867773922,0.207,35/92,19.22%,PARP14;B2M;GCH1;EPSTI1;LGALS3BP;PELI1;SLC25A28;HLA-A;DDX60;NOD1;CD274;PSME2;ZNFX1;TOR1B;IL15;TRIM26;PDE4B;STAT1;APOL6;CDKN1A;MVP;NAMPT;NUP93;SP110;PML;NFKB1;BANK1;MT2A;HERC6;SAMHD1;SRI;PSME1;ADAR;NFKBIA;IFIT3,Heart_Nuclei,Atrial Cardiomyocyte
8,logFC,PI3K/AKT/mTOR  Signaling,-0.4191310492170708,-1.5236640556898775,0.0048,0.04916867544347611,0.29,21/80,18.70%,HRAS;PITX2;ARHGDIA;GRK2;CALR;PFN1;PLCB1;PIN1;ARF1;AP2M1;NOD1;PPP1CA;TNFRSF1A;GNA14;CDKN1A;RAC1;EGFR;TSC2;SQSTM1;YWHAB;IRAK4,Heart_Nuclei,Atrial Cardiomyocyte
9,logFC,UV Response Up,-0.35576240795102926,-1.3772762849352058,0.029985007496251874,0.17736297395114378,0.733,34/111,20.64%,CNP;PTPRD;GCH1;SIGMAR1;TGFBRAP1;AP2S1;GPX3;TUBA4A;HLA-F;RXRB;BID;UROD;KLHDC3;BTG3;CCND3;CEBPG;YKT6;CLTB;ALAS1;IGFBP2;NKX2-5;PDAP1;ACAA1;E2F5;BSG;SLC6A8;SQSTM1;PRKCD;NFKBIA;RRAD;TMBIM6;PPIF;TST;DDX21,Heart_Nuclei,Atrial Cardiomyocyte
10,logFC,Unfolded Protein Response,-0.3666284306099998,-1.3743984067179735,0.04160246533127889,0.16202793744978056,0.739,32/94,24.82%,NHP2;RPS14;CALR;HYOU1;EXOSC2;EIF4EBP1;EIF4G1;EXOSC1;IMP3;ATP6V0D1;CEBPG;DKC1;NOP56;DNAJB9;DCP2;SPCS1;KHSRP;ZBTB17;SDAD1;EIF4A1;SRPRB;CEBPB;CXXC1;EEF2;NPM1;EIF2S1;EIF4A2;SPCS3;EDEM1;LSM1;BANF1;PREB,Heart_Nuclei,Atrial Cardiomyocyte
11,logFC,Adipogenesis,-0.3287330512694622,-1.3391099857565902,0.02710843373493976,0.19698655383802796,0.833,77/163,37.02%,NDUFB7;UQCR10;RAB34;SPARCL1;GPX3;UQCR11;GPAM;ECHS1;GHITM;GPX4;CYC1;MDH2;CAVIN1;TALDO1;NDUFS3;IDH3G;SOD1;ETFB;CHUK;DDT;JAGN1;BCKDHA;ANGPT1;RMDN3;STAT5A;DNAJB9;ECH1;DRAM2;BAZ2A;MGST3;MRPL15;REEP5;NDUFAB1;NMT1;TST;COX7B;CHCHD10;ADCY6;COQ9;ESRRA;UQCRQ;MTCH2;VEGFB;CD151;PPP1R15B;SUCLG1;PREB;CS;CMBL;DGAT1;IFNGR1;ELOVL6;RTN3;IMMT;UCK1;PTCD3;EPHX2;LIFR;CD36;ATL2;ARAF;PRDX3;DHRS7B;NDUFA5;MIGA2;RETSAT;PFKL;SLC27A1;DBT;IDH1;CRAT;PGM1;AIFM1;TANK;DHRS7;YWHAG;APLP2,Heart_Nuclei,Atrial Cardiomyocyte
12,logFC,Hypoxia,0.3244674958249479,1.335827416998278,0.06369426751592357,0.49039224577712276,0.691,42/137,18.45%,CCN1;CCN2;FOS;ATF3;ETS1;STBD1;SERPINE1;DUSP1;MYH9;TMEM45A;PDGFB;CAV1;SIAH2;JUN;TGFB3;MAFF;ACKR3;GBE1;ZFP36;PPP1R3C;KDELR3;PPARGC1A;SDC4;GAA;IRS2;XPNPEP1;P4HA1;IDS;ANXA2;LDHA;KDM3A;PPFIA4;PRKCA;NFIL3;ADM;VEGFA;IER3;KLF6;ERRFI1;FOSL2;PFKFB3;AK4,Heart_Nuclei,Atrial Cardiomyocyte
13,logFC,E2F Targets,-0.34130614708733825,-1.32725804082898,0.04468412942989214,0.19572182046686035,0.856,46/125,26.43%,MXD3;TUBG1;TMPO;RPA2;HMGB2;RAN;SMC4;USP1;UNG;SNRPB;CCP110;DDX39A;RFC2;TUBB;DNMT1;CDKN1A;TBRG4;NUP205;RFC3;NOP56;NAA38;SLBP;MCM3;BRMS1L;DUT;PRIM2;CSE1L;KIF22;CTCF;CBX5;RAD51C;RANBP1;NUP107;MSH2;LYAR;WDR90;EIF2S1;NAP1L1;PSIP1;RAD1;PA2G4;POLD3;EED;RFC1;PPP1R8;NOLC1,Heart_Nuclei,Atrial Cardiomyocyte
14,logFC,mTORC1 Signaling,-0.32702388310640046,-1.312928134240272,0.049926578560939794,0.20212811479267995,0.879,52/150,25.82%,PRDX1;CACYBP;CALR;TUBG1;ARPC5L;FKBP2;PPA1;TUBA4A;HMBS;GLA;UNG;DDX39A;TPI1;CTH;ATP5MC1;NUFIP1;LGMN;GAPDH;YKT6;CDKN1A;NUP205;EIF2S2;NAMPT;CCT6A;PSME3;PDAP1;HMGCR;SKAP2;ETF1;SQSTM1;PSMD13;CCNG1;PSMG1;EBP;TOMM40;NMT1;DHFR;SLC7A11;TM7SF2;PSPH;SLC6A6;PGK1;PITPNB;EDEM1;TBK1;PSMC2;PSMA4;PSMC6;FADS2;NFKBIB;GSR;BHLHE40,Heart_Nuclei,Atrial Cardiomyocyte
15,logFC,Bile Acid Metabolism,0.3439156021430603,1.2907090417993337,0.10498687664041995,0.42370479537467404,0.765,8/65,11.50%,AQP9;DIO2;ABCA2;IDI1;ABCD2;ABCA6;PIPOX;FADS1,Heart_Nuclei,Atrial Cardiomyocyte
16,logFC,Reactive Oxygen Species Pathway,-0.40321621472336083,-1.290252824325365,0.11305732484076433,0.22142239057685004,0.911,22/39,29.75%,PRDX1;FTL;GPX3;GPX4;PTPA;SOD1;TXN;NDUFA6;LAMTOR5;ATOX1;TXNRD2;PRNP;NDUFS2;SBNO2;MSRA;GSR;PFKP;NDUFB4;SCAF4;PRDX6;PRDX4;STK25,Heart_Nuclei,Atrial Cardiomyocyte
17,logFC,Protein Secretion,-0.34452951793262,-1.2672196801500533,0.1,0.24546222469456289,0.939,34/88,34.50%,AP2S1;ARF1;AP2M1;GLA;CD63;SOD1;GNAS;TMX1;YKT6;ERGIC3;TMED10;EGFR;ATP1A1;TMED2;RAB9A;SCAMP1;RER1;STX12;COPE;RAB2A;COPB2;SCAMP3;TPD52;SEC24D;ZW10;BNIP3;MON2;SNX2;PAM;COG2;SH3GL2;ICA1;CLTA;PPT1,Heart_Nuclei,Atrial Cardiomyocyte
18,logFC,Allograft Rejection,-0.3527093560656388,-1.2625280725242076,0.11793214862681745,0.23733891155201187,0.941,14/68,10.67%,HLA-E;B2M;RPL39;RPS19;EIF5A;HLA-A;RPS9;RPS3A;BCL10;HDAC9;CCND3;IL15;RPL9;STAT1,Heart_Nuclei,Atrial Cardiomyocyte
19,logFC,IL-6/JAK/STAT3 Signaling,-0.3935945658036285,-1.258531845705248,0.1540983606557377,0.2298349712590395,0.945,20/40,34.33%,TNFRSF21;LEPR;ACVR1B;IL13RA1;TNFRSF1A;MAP3K8;STAT1;OSMR;IFNAR1;HAX1;A2M;STAT3;STAT2;IFNGR1;STAM2;CD36;PTPN2;CBL;IL17RA;TGFB1,Heart_Nuclei,Atrial Cardiomyocyte
20,logFC,Inflammatory Response,0.31938324885121977,1.229713189217348,0.14825581395348839,0.4436004988096588,0.861,9/83,6.38%,AQP9;GPR183;C5AR1;CALCRL;SERPINE1;HBEGF;BTG2;IL18;CD40,Heart_Nuclei,Atrial Cardiomyocyte
21,logFC,p53 Pathway,-0.30935027013671634,-1.2294546730369456,0.09183673469387756,0.2664256134495333,0.985,37/142,19.97%,TNNI1;RPL36;DRAM1;HRAS;CTSF;S100A10;OSGIN1;RPL18;PITPNC1;RNF19B;ACVR1B;CCP110;DCXR;RPS12;PLK2;CCND3;HINT1;FGF13;DNTTIP2;DGKA;CDKN1A;MXD4;BAX;TAX1BP3;PRKAB1;PDGFA;RAD51C;RXRA;HDAC3;NOL8;CCNG1;RACK1;WRAP73;RRAD;AK1;PERP;SLC3A2,Heart_Nuclei,Atrial Cardiomyocyte
22,logFC,Glycolysis,-0.30389172264826175,-1.184653587858549,0.15692307692307692,0.339967989694243,0.994,44/131,25.80%,ALDH9A1;NANP;IL13RA1;MDH2;TALDO1;GPC1;TPI1;SOD1;CTH;IDUA;SDC2;GPC3;TXN;B3GAT3;GALE;PGAM2;AKR1A1;EGFR;LHPP;GMPPB;EXT1;HAX1;ALDH7A1;SAP30;QSOX1;B4GALT4;PKM;PAXIP1;GUSB;XYLT2;FUT8;PGK1;GNE;TPST1;PGAM1;FKBP4;ANKZF1;CHPF;GLCE;RBCK1;CASP6;GFPT1;COPB2;MPI,Heart_Nuclei,Atrial Cardiomyocyte
23,logFC,Pperoxisome,-0.3212649897346474,-1.178923874626662,0.20955315870570107,0.33520458619197724,0.995,20/78,21.26%,HRAS;PRDX1;ALDH9A1;BCL10;CDK7;CNBP;SOD1;TSPO;PRDX5;FIS1;CTBP1;MVP;ABCB4;ECH1;ACAA1;MSH2;SIAH1;PEX11B;ABCD3;FDPS,Heart_Nuclei,Atrial Cardiomyocyte
24,logFC,Apical Junction,-0.2915065458814764,-1.1375885386177358,0.21116138763197587,0.4045661777907282,1.0,21/125,11.25%,HRAS;CNTN1;ITGA10;NRTN;LAMA3;MADCAM1;PFN1;TUBG1;SLC30A3;MVD;NEGR1;CDH3;TSPAN4;CD274;BMP1;ARPC2;INPPL1;LDLRAP1;DHX16;EVL;GAMT,Heart_Nuclei,Atrial Cardiomyocyte
25,logFC,Pancreas Beta Cells,-0.4628012483290963,-1.135601035182048,0.30870279146141216,0.39054273497069714,1.0,4/13,16.45%,SRP14;GCK;SPCS1;SRPRB,Heart_Nuclei,Atrial Cardiomyocyte
26,logFC,Coagulation,-0.33099797307494977,-1.1308259707312394,0.23278688524590163,0.38395316526791307,1.0,16/57,14.46%,GNB2;S100A13;S100A1;HTRA1;GDA;CTSH;F3;BMP1;HPN;THBS1;LGMN;FN1;CAPN2;USP11;RAC1;CRIP2,Heart_Nuclei,Atrial Cardiomyocyte
27,logFC,Epithelial Mesenchymal Transition,-0.28537446237501574,-1.095991436911463,0.28129829984544047,0.4471395533304489,1.0,20/111,10.39%,MGP;LGALS1;EMP3;SFRP1;AREG;ELN;COL11A1;MATN2;LAMA3;LAMA1;SNTB1;HTRA1;COLGALT1;COL6A2;CRLF1;BMP1;GPC1;THBS1;IL15;FN1,Heart_Nuclei,Atrial Cardiomyocyte
28,logFC,UV Response Dn,0.2592327009086159,1.0504538433014057,0.32,0.882779730189321,0.993,26/120,18.29%,CCN1;DDAH1;AGGF1;RND3;SERPINE1;DUSP1;GCNT1;TFPI;SPOP;CAV1;SMAD7;PIK3R3;FHL2;ABCC1;ARHGEF9;CACNA1A;ANXA2;KCNMA1;PRKCA;ATP2C1;MAP2K5;SLC7A1;PIAS3;LTBP1;SYNJ2;MRPS31,Heart_Nuclei,Atrial Cardiomyocyte
29,logFC,Mitotic Spindle,-0.25885754493193325,-1.040130260949549,0.3862359550561798,0.5688015328512269,1.0,46/160,28.83%,ARHGDIA;PLEKHG2;RAPGEF5;SMC4;CYTH2;TUBA4A;ARFIP2;MAP3K11;MARCKS;ARHGEF2;SEPTIN9;CEP250;CDC42EP4;KIF3C;KIF20B;UXT;ARHGEF3;BCAR1;WASF1;KIF22;CLIP2;RALBP1;PREX1;ARHGAP5;DYNLL2;ABR;CEP131;CD2AP;ARHGEF7;ATG4B;ARHGAP27;NUMA1;SASS6;CDC42;RHOT2;TUBGCP6;MYO9B;RFC1;PCNT;SOS1;CEP57;NCK2;NIN;SHROOM2;RANBP9;TAOK2,Heart_Nuclei,Atrial Cardiomyocyte
30,logFC,Estrogen Response Late,-0.2639976938926994,-1.004262460780701,0.44907407407407407,0.6415236750393435,1.0,32/106,23.24%,AREG;UGDH;SGK1;PDZK1;SEMA3B;TSPAN13;GLA;COX6C;ABCA3;SLC29A1;DCXR;BTG3;ETFB;SLC2A8;LLGL2;CCND1;TNNC1;GALE;DYNLT3;METTL3;DNAJC12;CISH;ALDH3A2;PERP;PPIF;MAPT;TST;BAG1;DNAJC1;TPD52L1;UNC13B;FKBP4,Heart_Nuclei,Atrial Cardiomyocyte
31,logFC,heme Metabolism,-0.25128159163464997,-0.9999649620382481,0.45671641791044776,0.6291134140506783,1.0,41/148,26.61%,BCAM;MPP1;SNCA;CPOX;SLC25A38;SLC30A1;GDE1;SELENBP1;FOXJ2;HMBS;UROD;TMEM9B;CCND3;IGSF3;ARL2BP;PPOX;HDGF;EIF2AK1;GLRX5;BSG;RAD23A;SLC6A8;MFHAS1;RNF123;MGST3;MKRN1;HEBP1;SLC7A11;NUDT4;ADIPOR1;SPTB;ADD1;SYNJ1;EPOR;SLC11A2;RNF19A;LRP10;DCUN1D1;ABCG2;PIGQ;CDR2,Heart_Nuclei,Atrial Cardiomyocyte
32,logFC,Notch Signaling,-0.3562677144688557,-0.9892453472343127,0.4794069192751236,0.6349048148834909,1.0,8/21,21.71%,KAT2A;SKP1;CCND1;FZD1;MAML2;SAP30;RBX1;TCF7L2,Heart_Nuclei,Atrial Cardiomyocyte
33,logFC,KRAS Signaling Dn,-0.26543815868982573,-0.9831843227673921,0.48328267477203646,0.628941092220439,1.0,18/84,15.33%,BMPR1B;GRID2;SLC30A3;SGK1;PNMT;CCDC106;TCF7L1;EPHA5;SELENOP;RYR1;IDUA;GAMT;IGFBP2;PDK2;ZNF112;TNNI3;CALCB;COPZ2,Heart_Nuclei,Atrial Cardiomyocyte
34,logFC,Androgen Response,-0.26621339615354705,-0.9785857867816705,0.5054263565891473,0.6200970393720253,1.0,13/83,13.61%,BMPR1B;B2M;HSD17B14;SGK1;AKAP12;SELENOP;KRT8;CCND3;DNAJB9;CCND1;TMEM50A;CENPN;HMGCR,Heart_Nuclei,Atrial Cardiomyocyte
35,logFC,Myogenesis,0.2325254039285894,0.9607121077342182,0.5100864553314121,1.0,1.0,27/143,11.71%,MYH11;MYL2;ACTA1;TPM3;MYH7;ANKRD2;HBEGF;MYH9;NQO1;MYL6B;TAGLN;MYL3;HSPB8;MYOZ1;MYL4;IFRD1;SH3BGR;ITGB1;CASQ2;ATP2A1;PSEN2;PPP1R3C;MYOM1;KIFC3;MYLK;GAA;GADD45B,Heart_Nuclei,Atrial Cardiomyocyte
36,logFC,G2-M Checkpoint,-0.24479060773032013,-0.9526107167578302,0.5687409551374819,0.6630578467906426,1.0,69/129,42.35%,SNRPD1;TMPO;RPA2;SMC4;MARCKS;ODC1;DDX39A;KIF20B;DKC1;HSPA8;CCND1;CHAF1A;PML;MCM3;MT2A;PRIM2;KIF22;CTCF;SAP30;TLE3;CHMP1A;UPF1;SLC12A2;ATRX;E2F4;NCL;NUMA1;CASP8AP2;NOLC1;ODF2;SLC38A1;PDS5B;CUL4A;TOP1;UCK2;RAD21;SMC1A;ABL1;MEIS1;RAD23B;NOTCH2;HMGN2;TGFB1;BCL3;TRA2B;EZH2;CDC27;HUS1;KPNA2;G3BP1;SFPQ;WRN;KIF4A;BUB3;GSPT1;EWSR1;NSD2;CUL1;TENT4A;CUL5;ARID4A;CDKN1B;ESPL1;HIRA;MTF2;XPO1;LMNB1;CUL3;MNAT1,Heart_Nuclei,Atrial Cardiomyocyte
37,logFC,Spermatogenesis,-0.26669692293595565,-0.950732188402388,0.5418641390205371,0.6471612506953458,1.0,15/64,20.40%,SNAP91;TSN;PEBP1;CLGN;TALDO1;MEP1B;VDAC3;TNNI3;ZC3H14;CSNK2A2;CLPB;PSMG1;STRBP;MTOR;SLC12A2,Heart_Nuclei,Atrial Cardiomyocyte
38,logFC,Estrogen Response Early,0.23086920338650765,0.9497278856734055,0.5392953929539296,0.9816266377313879,1.0,18/122,10.12%,FOS;SEC14L2;FLNB;SH3BP5;JAK2;MYBL1;PRSS23;SLC16A1;SLC7A5;PDLIM3;HSPB8;SIAH2;SLC19A2;MINDY1;GREB1;FHL2;TOB1;ABHD2,Heart_Nuclei,Atrial Cardiomyocyte
39,logFC,Xenobiotic Metabolism,0.23275159328834702,0.9464279947217743,0.5803571428571429,0.8728318784718286,1.0,13/120,8.91%,AQP9;TGFB2;SERPINE1;RAP1GAP;PDK4;NQO1;MAN1A1;ASL;ATOH8;ABCD2;UPB1;ACOX3;CYP2J2,Heart_Nuclei,Atrial Cardiomyocyte
40,logFC,Apoptosis,-0.2498918399621929,-0.937611506918859,0.6092307692307692,0.6567604470441482,1.0,20/98,17.00%,GCH1;BCAP31;HMGB2;PEA15;GPX3;GPX4;BID;BCL10;BTG3;DFFA;SOD1;TSPO;CTH;CDKN1A;CCND1;BAX;LGALS3;LMNA;ETF1;SQSTM1,Heart_Nuclei,Atrial Cardiomyocyte
41,logFC,KRAS Signaling Up,0.24070002466670076,0.9364997010666476,0.5349544072948328,0.8067175553288239,1.0,21/96,15.30%,ALDH1A2;PCP4;ETS1;SNAP25;GADD45G;SPON1;TFPI;HBEGF;EPHB2;EPB41L3;SOX9;PTCD2;CBR4;GYPC;CTSS;ID2;TSPAN7;TMEM100;MTMR10;RBM4;BIRC3,Heart_Nuclei,Atrial Cardiomyocyte
42,logFC,IL-2/STAT5 Signaling,-0.24244620729900007,-0.9326182233166341,0.6040061633281972,0.6490466945168574,1.0,24/114,18.13%,TNFRSF21;S100A1;GPX4;ODC1;ENPP1;NOP2;COL6A1;CCND3;GSTO1;GALM;MAP3K8;ST3GAL4;CTSZ;SYT11;UMPS;BMPR2;MAP6;AHCY;EEF1AKMT1;PRNP;CISH;SMPDL3A;SYNGR2;SNX14,Heart_Nuclei,Atrial Cardiomyocyte
43,logFC,Cholesterol Homeostasis,-0.2593504501960749,-0.8809078629703557,0.6540362438220758,0.7447502494415158,1.0,16/51,24.65%,ETHE1;MVD;SEMA3B;HSD17B7;LGMN;MVK;ECH1;HMGCR;LGALS3;EBP;GUSB;TM7SF2;FDPS;FBXO6;ANTXR2;FADS2,Heart_Nuclei,Atrial Cardiomyocyte
44,logFC,Complement,-0.2284034500119551,-0.8767285609482465,0.7298507462686568,0.7329563013783299,1.0,18/111,15.65%,GNB2;S100A13;PFN1;GCA;CPM;SIRT6;RHOG;CALM3;CTSH;ERAP2;F3;LGMN;FN1;CTSL;KCNIP2;LGALS3;ATOX1;GNAI2,Heart_Nuclei,Atrial Cardiomyocyte
45,logFC,Apical Surface,0.25556726237959476,0.7868911688097747,0.7879581151832461,1.0,1.0,9/27,21.10%,CRYBG1;HSPB1;SULF2;MDGA1;ATP8B1;GHRL;BRCA1;TMEM8B;ADIPOR2,Heart_Nuclei,Atrial Cardiomyocyte
46,logFC,Angiogenesis,0.26729504808847554,0.7409451886519803,0.8050632911392405,1.0,1.0,3/15,10.44%,KCNJ8;LPL;FGFR1,Heart_Nuclei,Atrial Cardiomyocyte
47,logFC,Wnt-beta Catenin Signaling,-0.2165140046005247,-0.6404383553324288,0.9487603305785124,0.9836825514555906,1.0,14/28,38.66%,WNT5B;KAT2A;AXIN1;RBPJ;FZD1;HDAC11;NUMB;PPARD;CCND2;PTCH1;DVL2;NCSTN;CUL1;HDAC5,Heart_Nuclei,Atrial Cardiomyocyte
48,logFC,Hedgehog Signaling,0.21918796649583314,0.6236016289692845,0.934010152284264,1.0,1.0,4/20,15.87%,MYH9;TLE1;CNTFR;VEGFA,Heart_Nuclei,Atrial Cardiomyocyte
49,logFC,TGF-beta Signaling,0.15857963317095877,0.5444855316256468,1.0,0.9970524883800023,1.0,20/46,30.73%,SERPINE1;SMAD6;SMAD7;JUNB;SKIL;ID2;PMEPA1;SMAD3;PPP1R15A;LTBP2;SLC20A1;KLF10;SMURF2;TJP1;BCAR3;BMPR1A;TRIM33;MAP3K7;CTNNB1;PPM1A,Heart_Nuclei,Atrial Cardiomyocyte
0,logFC,Oxidative Phosphorylation,0.4753068816378459,1.734324733608541,0.001,0.14446538904597342,0.083,16/44,12.77%,IDH2;ETFDH;ACAT1;ATP6V1D;HADHA;SLC25A3;UQCRC2;ATP6V1E1;ATP6V1C1;ATP5F1E;PDHX;HADHB;SDHA;NDUFS1;ETFA;GPI,Heart_Nuclei,CD4T
1,logFC,Coagulation,0.5949392651829998,1.5570466643215126,0.03953488372093023,0.33113415017279296,0.325,5/11,19.11%,LAMP2;ARF4;WDR1;PREP;A2M,Heart_Nuclei,CD4T
2,logFC,mTORC1 Signaling,0.3579351964268486,1.5318872965620776,0.015015015015015015,0.2678290920515237,0.379,23/84,13.60%,GBE1;PSMC2;ITGB2;ATP6V1D;TFRC;RPN1;GAPDH;CTSC;CCT6A;M6PR;DAPP1;PSMA3;SERP1;PPIA;EIF2S2;PSMD12;XBP1;CORO1A;HSP90B1;ACACA;GPI;SYTL2;TBK1,Heart_Nuclei,CD4T
3,logFC,heme Metabolism,0.366082786836018,1.479935722258171,0.017191977077363897,0.2901481830558174,0.501,16/67,14.35%,SLC25A37;LAMP2;CIR1;NCOA4;RIOK3;RANBP10;FOXO3;TFRC;HAGH;ARHGEF12;KLF3;BNIP3L;DAAM1;GYPC;EIF2AK1;CLCN3,Heart_Nuclei,CD4T
4,logFC,Allograft Rejection,0.3498847129145409,1.4482392763265046,0.017142857142857144,0.28568436485495863,0.569,13/80,7.87%,PRF1;GZMA;KLRD1;CCL5;CD8A;CTSS;ITGB2;FLNA;GALNT1;HLA-A;MRPL3;LY75;LTB,Heart_Nuclei,CD4T
5,logFC,Spermatogenesis,-0.4383645204085296,-1.3380535202591932,0.1111111111111111,1.0,0.929,11/26,24.22%,IL12RB2;SLC12A2;DBF4;PIAS2;RAD17;MTOR;TOPBP1;TLE4;LPIN1;CAMK4;STRBP,Heart_Nuclei,CD4T
6,logFC,Complement,0.3417431253790574,1.2951160350525641,0.10106382978723404,0.6097846196809439,0.865,8/54,4.42%,GZMA;CCL5;LAMP2;CTSS;PIM1;PFN1;CASP4;CTSC,Heart_Nuclei,CD4T
7,logFC,Interferon Alpha Response,0.3413483214977137,1.2444126503355688,0.1553133514986376,0.6868482862827822,0.926,11/39,12.91%,HERC6;NMI;SAMD9;SAMD9L;HLA-C;SELL;PARP14;PSMA3;PARP12;PNPT1;B2M,Heart_Nuclei,CD4T
8,logFC,E2F Targets,-0.33857733063270856,-1.2442696439236292,0.1456,1.0,0.995,24/62,24.70%,NBN;CBX5;LMNB1;PDS5B;DNMT1;NUP205;CSE1L;PA2G4;ORC2;SMC4;EED;MCM6;RAD50;MMS22L;RBBP7;CNOT9;TACC3;SMC1A;MTHFD2;CDKN1B;CTCF;STAG1;TRA2B;EXOSC8,Heart_Nuclei,CD4T
9,logFC,Interferon Gamma Response,0.2881589811948373,1.204937403295664,0.1375,0.7227327468844905,0.957,16/82,11.54%,GZMA;CCL5;DDX58;HERC6;SRI;PIM1;NMI;CASP4;SAMD9L;HLA-A;KLRK1;PARP14;PSMA3;PFKP;PARP12;PNPT1,Heart_Nuclei,CD4T
10,logFC,G2-M Checkpoint,-0.302340632799167,-1.1576998413770425,0.21153846153846154,1.0,1.0,24/80,24.56%,SLC12A2;NUP50;DBF4;RBL1;FANCC;LMNB1;PDS5B;CCNT1;MAPK14;SMC4;MCM6;PURA;TACC3;SMAD3;SMC1A;RPS6KA5;NSD2;NUP98;CDKN1B;HNRNPU;CTCF;RAD23B;STAG1;TRA2B,Heart_Nuclei,CD4T
11,logFC,KRAS Signaling Dn,0.3666513358940497,1.1450515145898474,0.2691358024691358,0.8456906482354173,0.979,4/21,6.71%,SKIL;FGGY;YPEL1;PTPRJ,Heart_Nuclei,CD4T
12,logFC,Cholesterol Homeostasis,-0.41705546295186713,-1.1446010211593347,0.30456852791878175,1.0,1.0,8/16,29.21%,IDI1;PLSCR1;PDK3;ALCAM;FDPS;SC5D;ATXN2;CTNNB1,Heart_Nuclei,CD4T
13,logFC,Myogenesis,0.3639611391012893,1.1233755932416944,0.29411764705882354,0.8442297622787727,0.99,3/20,4.10%,NOTCH1;AGL;ABLIM1,Heart_Nuclei,CD4T
14,logFC,Protein Secretion,0.2826028962382998,1.1217321975200507,0.24383561643835616,0.7732366073553633,0.99,15/58,17.37%,LAMP2;NAPG;CTSC;M6PR;ATP1A1;STX7;SEC24D;DNM1L;CLCN3;KIF1B;COPB2;PAM;SEC22B;COPB1;IGF2R,Heart_Nuclei,CD4T
15,logFC,Estrogen Response Early,-0.3241549829128492,-1.114812761375977,0.28955696202531644,1.0,1.0,12/44,15.63%,NADSYN1;RETREG1;NRIP1;GAB2;IGF1R;AFF1;JAK2;ADCY9;RPS6KA2;ELF1;FAM102A;FCMR,Heart_Nuclei,CD4T
16,logFC,IL-2/STAT5 Signaling,-0.29340561984961666,-1.0971544864339333,0.30781010719754975,1.0,1.0,24/67,25.34%,NFKBIZ;HIPK2;PLSCR1;SOCS1;ADAM19;IL2RB;IGF1R;PTGER2;ALCAM;RORA;DENND5A;SNX9;BATF;FAM126B;IL2RA;AHR;CCND2;IL4R;LRRC8C;IL18R1;LCLAT1;SLC2A3;PRKCH;CDC42SE2,Heart_Nuclei,CD4T
17,logFC,Fatty Acid Metabolism,0.3045375241919946,1.063232726005623,0.3523035230352303,0.8989859322093064,0.999,9/34,7.60%,ETFDH;HSP90AA1;HSPH1;ACSS1;ACSL5;PPARA;HADHB;HSD17B4;SDHA,Heart_Nuclei,CD4T
18,logFC,Xenobiotic Metabolism,0.33084463464739333,1.0597654476432836,0.3556701030927835,0.8418199247605468,0.999,3/24,5.33%,PDLIM5;ETFDH;MAN1A1,Heart_Nuclei,CD4T
19,logFC,Angiogenesis,0.5480662019686431,1.0502499872884985,0.3878504672897196,0.8116033092470416,1.0,2/4,13.44%,S100A4;APP,Heart_Nuclei,CD4T
20,logFC,Androgen Response,-0.29940969075174967,-1.0322200589608501,0.38065522620904835,1.0,1.0,12/48,18.49%,HPGD;IDI1;APPBP2;NGLY1;PA2G4;ELK4;ELL2;GNAI3;GPD1L;SPCS3;TPD52;INPP4B,Heart_Nuclei,CD4T
21,logFC,Pperoxisome,0.30329913803325226,1.0234155889309242,0.3882978723404255,0.8481795650504416,1.0,8/31,17.51%,IDH2;ACSL5;HSD17B4;IDE;PABPC1;DHRS3;LONP2;CTBP1,Heart_Nuclei,CD4T
22,logFC,Wnt-beta Catenin Signaling,-0.39003704132042205,-1.0139236875252216,0.46221441124780316,1.0,1.0,4/13,11.26%,TCF7;RBPJ;MAML1;AXIN1,Heart_Nuclei,CD4T
23,logFC,Hypoxia,0.25825487220338483,1.0127392077445792,0.4441340782122905,0.8272266729500471,1.0,10/56,12.77%,GBE1;PIM1;TPST2;FOXO3;GAPDH;S100A4;BNIP3L;HK1;PFKP;GPI,Heart_Nuclei,CD4T
24,logFC,Epithelial Mesenchymal Transition,0.3212493340728282,0.9692170015215024,0.5,0.914151774438962,1.0,8/20,21.13%,EMP3;FLNA;CALU;IL32;TGFBR3;VIM;NOTCH2;ID2,Heart_Nuclei,CD4T
25,logFC,Estrogen Response Late,0.2708617747489037,0.9652295805903439,0.5186104218362283,0.875629792532086,1.0,6/33,12.57%,IDH2;ITPK1;CHPT1;ABHD2;XBP1;FDFT1,Heart_Nuclei,CD4T
26,logFC,Myc Targets V1,0.22301781418691619,0.9645727038952063,0.5463258785942492,0.8317652440872838,1.0,27/101,22.29%,HSP90AB1;PSMD7;SLC25A3;PSMD1;CLNS1A;PPIA;EIF2S2;SRSF1;PABPC1;RPLP0;TCP1;PSMA7;GSPT1;CCT4;EIF4H;UBE2L3;PTGES3;IFRD1;SYNCRIP;EIF3J;SET;EEF1B2;LSM7;LDHA;RPL6;CANX;TOMM70,Heart_Nuclei,CD4T
27,logFC,Apoptosis,0.24803757748766106,0.962591626042223,0.5444444444444444,0.795858205047649,1.0,15/58,21.15%,PRF1;CASP4;DAP3;BNIP3L;DNM1L;XIAP;APP;IFNGR1;TGFBR3;DAP;IGF2R;TAP1;DNAJA1;TNFSF10;CD2,Heart_Nuclei,CD4T
28,logFC,DNA Repair,-0.28107284630516455,-0.942246441941609,0.5524590163934426,1.0,1.0,7/38,11.97%,GTF2B;POLR1D;DDB2;AGO4;SRSF6;DDB1;DGUOK,Heart_Nuclei,CD4T
29,logFC,Inflammatory Response,0.2419246370810583,0.9278871724940778,0.5742857142857143,0.8507148591974228,1.0,6/53,6.18%,CCL5;RGS1;SRI;EMP3;NMI;SELL,Heart_Nuclei,CD4T
30,logFC,Apical Surface,0.3496166983351125,0.9131657158008007,0.5777262180974478,0.8516669998762364,1.0,5/12,18.61%,CROCC;IL2RG;APP;AKAP7;ADIPOR2,Heart_Nuclei,CD4T
31,logFC,Unfolded Protein Response,-0.25299845289344053,-0.8889510757505635,0.6612903225806451,1.0,1.0,13/49,18.08%,CNOT6;DNAJC3;EXOSC10;ERN1;EDEM1;PARN;SDAD1;ATF4;SEC11A;SPCS3;ATF6;MTHFD2;NABP1,Heart_Nuclei,CD4T
32,logFC,Glycolysis,0.23981763879136364,0.871278239961393,0.7061855670103093,0.9202875784853412,1.0,9/40,16.39%,AGL;GNE;PPIA;NASP;PFKP;AK3;COPB2;PAM;ANKZF1,Heart_Nuclei,CD4T
33,logFC,Mitotic Spindle,-0.21590701604830317,-0.8646086952782557,0.7344213649851632,1.0,1.0,37/100,30.76%,TUBGCP2;TUBGCP3;RABGAP1;ARHGEF7;LMNB1;NCK1;CSNK1D;ABR;PXN;SMC4;TLK1;NEDD9;RALBP1;ARHGAP4;SMC1A;SOS1;WASL;KIFAP3;ARHGEF2;TBCD;NCK2;LATS1;RAB3GAP1;ARFGEF1;PPP4R2;CCDC88A;YWHAE;ROCK1;PCM1;LRPPRC;RAPGEF6;EZR;ARHGEF3;DLG1;NUMA1;TIAM1;RASA2,Heart_Nuclei,CD4T
34,logFC,TGF-beta Signaling,0.25502219787347574,0.8387940967031013,0.7448979591836735,0.9587740426571718,1.0,7/27,21.13%,SKIL;SKI;PPM1A;XIAP;NCOR2;BMPR2;ID2,Heart_Nuclei,CD4T
35,logFC,TNF-alpha Signaling via NF-kB,0.2121137454963982,0.8334314611447211,0.7851239669421488,0.9307466750445074,1.0,3/60,1.21%,PDLIM5;CCL5;DDX58,Heart_Nuclei,CD4T
36,logFC,Adipogenesis,0.21505114538903808,0.8000456798937459,0.8219895287958116,0.9586908012921208,1.0,3/45,2.63%,GBE1;RIOK3;ELMOD3,Heart_Nuclei,CD4T
37,logFC,Bile Acid Metabolism,0.25799237348661797,0.7923556011487535,0.764102564102564,0.9358687937073109,1.0,3/20,7.48%,IDH2;ACSL5;HSD17B4,Heart_Nuclei,CD4T
38,logFC,Reactive Oxygen Species Pathway,-0.298037027543982,-0.7868194051932992,0.7760416666666666,1.0,1.0,3/14,6.59%,SBNO2;HMOX2;IPCEF1,Heart_Nuclei,CD4T
39,logFC,Notch Signaling,0.32773557334934517,0.7855598129940846,0.7341176470588235,0.9127058929132446,1.0,1/9,1.12%,NOTCH1,Heart_Nuclei,CD4T
40,logFC,p53 Pathway,-0.20624324938876745,-0.7730749387236877,0.8614457831325302,1.0,1.0,14/62,22.64%,SP1;MDM2;DDB2;SOCS1;ELP1;FAS;ZNF365;APAF1;ZFP36L1;RHBDF2;PVT1;ZBTB16;CCND2;CYFIP2,Heart_Nuclei,CD4T
41,logFC,KRAS Signaling Up,0.1938029171947822,0.7353750029053527,0.9283819628647215,0.9492400359669365,1.0,18/45,29.07%,CTSS;ITGB2;CBR4;IL2RG;GYPC;CD37;RBM4;STRN;WDR33;ID2;CBL;SDCCAG8;PRDM1;IL10RA;CXCR4;LCP1;AMMECR1;ADAM17,Heart_Nuclei,CD4T
42,logFC,PI3K/AKT/mTOR  Signaling,-0.20346650767857938,-0.7292199366940495,0.9258649093904449,1.0,1.0,14/55,27.08%,SMAD2;GRB2;RAF1;NCK1;MKNK1;CAB39;LCK;CAMK4;IRAK4;CDKN1B;SLA;RPS6KA3;RIPK1;ACTR2,Heart_Nuclei,CD4T
43,logFC,Apical Junction,0.1921526615971579,0.7101717965560739,0.9384615384615385,0.943786434879743,1.0,13/43,24.74%,PFN1;ACTN4;ACTB;DHX16;MYL12B;TSC1;RSU1;SKAP2;MPP5;ARPC2;GNAI2;ACTG1;CD99,Heart_Nuclei,CD4T
44,logFC,IL-6/JAK/STAT3 Signaling,-0.216566303053817,-0.685922553896755,0.9155405405405406,1.0,1.0,4/30,7.53%,GRB2;SOCS1;PTPN2;FAS,Heart_Nuclei,CD4T
45,logFC,Hedgehog Signaling,-0.3759450171821306,-0.6837670963265619,0.8615384615384616,1.0,1.0,4/4,62.46%,NF1;MYH9;CDK6;RASA1,Heart_Nuclei,CD4T
46,logFC,UV Response Up,-0.19735910188404565,-0.6562306673392514,0.9491255961844197,1.0,1.0,10/38,23.74%,PLCL1;CDC5L;EIF2S3;MARK2;PPP1R2;BTG3;NFKBIA;RASGRP1;PRPF3;HNRNPU,Heart_Nuclei,CD4T
47,logFC,UV Response Dn,-0.1697224150954027,-0.6214229521330149,0.9910979228486647,1.0,1.0,22/61,33.03%,IGF1R;ACVR2A;MRPS31;MAPK14;NR3C1;PRKCA;SMAD3;INPP4B;ATP2C1;TGFBR2;SIPA1L1;CDKN1B;PRKCE;SFMBT1;PRDM2;ATP2B4;DLG1;NFKB1;RASA2;PHF3;NIPBL;ATRN,Heart_Nuclei,CD4T
48,logFC,Pancreas Beta Cells,0.2823306973203319,0.620321601974801,0.9052863436123348,0.9688449052256781,1.0,2/6,19.04%,SRP9;FOXO1,Heart_Nuclei,CD4T
49,logFC,Myc Targets V2,-0.22241193251681984,-0.5254687845036466,0.9799635701275046,0.9923953142191444,1.0,1/10,8.54%,PA2G4,Heart_Nuclei,CD4T
0,logFC,Myogenesis,0.8524476800528696,2.5102678037724266,0.001,0.001,0.001,53/131,5.49%,MYBPC3;LDB3;MYOM1;ACTN2;MYH7;CSRP3;CASQ2;TNNT2;MYL3;FABP3;ACTC1;TCAP;CKMT2;CKM;ACTA1;TNNC1;DES;MYL7;PGAM2;NCAM1;DMD;MYL2;PDE4DIP;MB;CRYAB;MYL4;SGCD;COX6A2;FXYD1;ITGA7;LAMA2;APOD;TPM2;COX7A1;CFD;DAPK2;PFKM;FHL1;DTNA;COL6A3;GPX3;TAGLN;MRAS;PKIA;SSPN;ACSL1;AK1;MYLK;PTP4A3;SVIL;GJA5;APLNR;HSPB8,Heart_Nuclei,Endothelial cell
1,logFC,Oxidative Phosphorylation,0.7665631334147834,2.2279381630925688,0.001,0.001,0.001,134/194,17.48%,SLC25A4;MDH1;UQCRB;NDUFA4;COX7B;COX5A;ATP5MC3;LDHB;UQCRH;COX7C;NDUFA1;UQCRQ;UQCR10;COX6B1;COX4I1;COX5B;UQCR11;NDUFA6;NDUFAB1;ATP5MG;CYCS;MPC1;COX6C;ATP5F1D;ATP5ME;ATP5F1A;ETFB;ATP5PF;ATP5F1B;ATP5F1E;UQCRFS1;MRPL15;UQCRC1;ATP5PD;ATP1B1;SLC25A11;ATP5MC1;SLC25A3;NDUFB3;NDUFB2;COX7A2;NDUFA3;NDUFB7;TIMM8B;IDH2;CYC1;NDUFS7;MGST3;ISCU;NDUFB4;ATP6V1F;NDUFB1;ACO2;PDHA1;ECH1;NDUFA8;MFN2;ATP5PB;NDUFB5;MRPL35;MRPL34;MDH2;MAOB;NDUFC1;GPX4;NDUFA2;TIMM13;ATP5MC2;SLC25A5;PDK4;NDUFB8;SLC25A6;COX6A1;NDUFS8;ECHS1;TIMM10;MRPS12;PDP1;IDH3A;NDUFC2;NDUFS3;VDAC1;NDUFS6;TOMM22;NDUFB6;ACAA2;NDUFA5;HADHB;PDHB;VDAC2;ECI1;COX17;HSD17B10;PHB2;SDHA;ATP6V0C;ATP5F1C;PRDX3;ATP6AP1;ATP6V1G1;MRPL11;AFG3L2;FH;LDHA;NNT;SUCLG1;MRPS15;ATP6V0B;ISCA1;SURF1;SDHD;IDH3G;GOT2;DLAT;ACADVL;TIMM50;IDH3B;TIMM17A;HADHA;UQCRC2;CYB5A;MRPS30;GPI;GRPEL1;VDAC3;NDUFV2;FXN;NDUFA9;ETFDH;OGDH;ALDH6A1;SDHB;NDUFV1;OAT,Heart_Nuclei,Endothelial cell
2,logFC,KRAS Signaling Dn,0.7281394262843919,2.0042776102263606,0.001,0.001,0.001,9/55,3.35%,RYR2;MYH7;TNNI3;ACTC1;CKM;SMPX;TENM2;SLC16A7;NR6A1,Heart_Nuclei,Endothelial cell
3,logFC,Epithelial Mesenchymal Transition,0.6851840421670338,1.9994821416467523,0.001,0.001,0.001,61/138,13.87%,CDH2;SGCD;LAMA2;TPM2;PRRX1;MYL9;CAP2;DCN;SLIT3;ACTA2;THBS1;PDGFRB;COL1A2;TPM1;FBLN1;COL6A3;LGALS1;TAGLN;NTM;BGN;CADM1;TNFRSF12A;SDC4;CD44;LRP1;MYLK;SPOCK1;MGP;SLIT2;FSTL3;ECM1;FLNA;TGFBI;FSTL1;IGFBP2;EMP3;VIM;FBLN5;CALD1;COL5A1;PMEPA1;FBLN2;PPIB;CRLF1;CCN2;NOTCH2;SPARC;HTRA1;GJA1;ITGB1;EFEMP2;DST;EDIL3;SERPINE2;ABI3BP;CXCL12;TIMP1;IL32;RHOB;PDLIM4;ECM2,Heart_Nuclei,Endothelial cell
4,logFC,Adipogenesis,0.6248383900650051,1.8334518319369237,0.001,0.0026817640047675805,0.014,66/165,18.34%,CHCHD10;ITGA7;COX7B;UQCRQ;UQCR10;UQCR11;NDUFAB1;GPX3;ETFB;PGM1;MRPL15;UQCRC1;SSPN;HADH;NDUFB7;CYC1;DDT;MYLK;MGST3;LPL;TOB1;ACO2;ITIH5;ECH1;FABP4;COQ9;MDH2;SOD1;ESRRA;VEGFB;GPX4;ADCY6;GHITM;HSPB8;ME1;COX6A1;ECHS1;IDH3A;NDUFS3;GPAM;DNAJB9;ACAA2;UBC;NDUFA5;CAVIN1;RAB34;PRDX3;SLC27A1;SUCLG1;BCL6;TALDO1;TKT;IDH3G;DLAT;CD151;GRPEL1;ACADS;SCP2;CAT;REEP5;SDHB;JAGN1;AIFM1;ABCB8;APLP2;SLC1A5,Heart_Nuclei,Endothelial cell
5,logFC,Myc Targets V1,0.5851998745805417,1.7305195900516037,0.001,0.01053550144730121,0.06,101/183,26.00%,COX5A;NDUFAB1;SLC25A3;RPL34;CYC1;RPS5;RPS3;RPL18;RPS2;RPLP0;RPS6;RPL6;HSP90AB1;VDAC1;RAN;C1QBP;RPL14;SNRPD2;PSMD8;PCBP1;RACK1;POLD2;PHB;STARD7;HDDC2;NHP2;PHB2;CCT7;PRDX3;PPIA;RPL22;LDHA;HSPE1;ODC1;NPM1;SNRPD3;PCNA;PSMA2;CDK4;EEF1B2;IMPDH2;PRDX4;PSMA7;SNRPB2;PSMA4;LSM7;HNRNPA1;GOT2;PA2G4;PSMB3;VBP1;PSMC4;LSM2;SNRPG;TRIM28;SET;TUFM;SNRPD1;NOP16;ERH;SRM;CANX;EIF4G2;VDAC3;APEX1;RSL1D1;FBL;SERBP1;PABPC4;EIF4A1;PGK1;CCT5;PSMB2;TCP1;CNBP;MRPL9;MRPS18B;NAP1L1;SSB;EIF4H;HDGF;RRP9;POLE3;TXNL4A;MYC;PSMD7;USP1;NCBP2;PSMD3;PSMA6;PRPF31;RANBP1;EIF1AX;HSPD1;TARDBP;ILF2;SF3A1;PSMA1;COPS5;DUT;YWHAQ,Heart_Nuclei,Endothelial cell
6,logFC,Apical Junction,0.5930285338841532,1.716274140085341,0.0010131712259371835,0.010945975529663593,0.072,27/125,11.92%,NRAP;ACTN2;ACTC1;ACTA1;NEXN;FLNC;MYL9;CADM2;ADAM23;ACTB;HADH;SLIT2;ACTG1;MAP3K20;NEGR1;ADAMTS5;NFASC;TGFBI;PFN1;FYB1;MYL12B;YWHAH;ITGA3;CLDN5;ITGB1;HRAS;SIRPA,Heart_Nuclei,Endothelial cell
7,logFC,Reactive Oxygen Species Pathway,0.6439887135533431,1.7026154771104562,0.007936507936507936,0.011253831091435382,0.086,24/44,19.93%,NDUFA6;MBP;GPX3;FTL;PRDX1;NDUFB4;SOD1;GPX4;PRNP;LAMTOR5;PRDX6;GLRX;ATOX1;PRDX4;CDKN2D;TXN;EGLN2;CAT;PTPA;TXNRD1;NDUFS2;HMOX2;SOD2;PFKP,Heart_Nuclei,Endothelial cell
8,logFC,Fatty Acid Metabolism,0.5741217217729477,1.645183393151071,0.0010235414534288639,0.020645326068448832,0.17,59/114,23.60%,G0S2;MDH1;AQP7;LGALS1;HADH;ACSL1;GLUL;ACO2;PDHA1;ECH1;MIF;MDH2;ME1;ECHS1;PRDX6;ACAA2;HADHB;PDHB;S100A10;CBR1;ECI1;HSD17B10;SDHA;YWHAH;HSP90AA1;PSME1;FH;LDHA;SUCLG1;ODC1;ERP29;ALAD;HSDL2;SDHD;IDH3G;ACADVL;IDH3B;UROD;APEX1;ACADS;OSTC;ETFDH;NCAPH2;ACSS1;GRHPR;CBR3;ACAA1;BLVRA;IDI1;EHHADH;MCEE;UBE2L6;DECR1;EPHX1;IDH1;SERINC1;ECI2;CRYZ;DLD,Heart_Nuclei,Endothelial cell
9,logFC,Glycolysis,0.5460417350734444,1.6113024171774966,0.0030425963488843813,0.030457176911288953,0.268,38/129,14.75%,PKP2;PGAM2;HOMER1;MDH1;DCN;GOT1;PYGB;CD44;FAM162A;MIF;TPI1;MDH2;SOD1;TGFBI;ME1;HSPA5;STMN1;GLRX;NOL3;COL5A1;FKBP4;SDC2;PKM;PPIA;LDHA;AGL;PGAM1;TALDO1;POLR3K;CHST2;P4HA2;GOT2;ENO1;TXN;PSMC4;NDUFV3;CYB5A;GALK1,Heart_Nuclei,Endothelial cell
10,logFC,Pperoxisome,0.5584107530461984,1.5717099015005338,0.014705882352941176,0.04161958422983453,0.369,13/73,6.39%,SLC25A4;SEMA3C;CADM1;PRDX5;IDH2;ACSL1;PRDX1;ABCC5;ECH1;TSPO;SOD1;FADS1;FIS1,Heart_Nuclei,Endothelial cell
11,logFC,Coagulation,0.5232049375958037,1.476078549120158,0.03747323340471092,0.09857079005618934,0.713,20/68,14.07%,S100A1;CFD;THBS1;MSRB2;LRP1;ISCU;CTSB;PLAU;C1R;GNB2;CSRP1;CRIP2;SPARC;HTRA1;S100A13;SERPING1;USP11;TIMP1;GSN;C1S,Heart_Nuclei,Endothelial cell
12,logFC,Hypoxia,0.4987193960822158,1.4703985065975682,0.011122345803842264,0.09599831039044389,0.735,52/139,21.04%,PGAM2;DCN;DTNA;BCL2;PGM1;BGN;CAVIN3;GAPDH;PRDX5;SDC4;FAM162A;MIF;TPI1;DDIT3;ADM;TGFBI;PHKG1;HSPA5;MT1E;GLRX;ILVBL;COL5A1;CAVIN1;LARGE1;CCN2;SDC2;LDHA;MT2A;NFIL3;TGFB3;GAA;CAV1;CHST2;P4HA2;IDS;ENO1;GALK1;GPI;CCN1;IGFBP3;PGK1;PAM;GRHPR;ANXA2;KLHL24;CDKN1C;SELENBP1;PPP1R15A;PFKP;GYS1;AK4;CSRP2,Heart_Nuclei,Endothelial cell
13,logFC,Estrogen Response Late,0.513335742931598,1.4703708333833099,0.017653167185877467,0.08914128821969788,0.735,29/105,14.68%,TNNC1;CCND1;COX6C;BCL2;ETFB;CHPT1;IDH2;CD44;TOB1;DCXR;HSPB8;CPE;BAG1;ABHD2;FKBP4;LARGE1;SLC16A1;WFS1;PDLIM3;FABP5;MOCS2;ITPK1;BLVRB;NXT1;CAV1;CXCL12;NBL1;CLIC3;FAM102A,Heart_Nuclei,Endothelial cell
14,logFC,Estrogen Response Early,0.5016767698486665,1.4487473887956315,0.015166835187057633,0.10203473522901414,0.781,41/126,19.05%,FHL2;RETREG1;CCND1;RHOBTB3;BCL2;CHPT1;AR;CD44;TOB1;MLPH;SVIL;AKAP1;HSPB8;SLC19A2;BAG1;ABHD2;ADCY1;FKBP4;SLC7A2;SLC16A1;WFS1;PDLIM3;THSD4;GJA1;ITPK1;KRT18;BLVRB;NXT1;CXCL12;NBL1;AQP3;CLIC3;FAM102A;KAZN;TMEM164;CELSR1;GLA;MINDY1;DYNLT3;SLC39A6;MAST4,Heart_Nuclei,Endothelial cell
15,logFC,UV Response Up,0.5026367226790155,1.4361812903150295,0.028985507246376812,0.1076297250127703,0.813,45/107,26.03%,SLC25A4;RRAD;PLCL1;GPX3;BSG;ATP6V1F;SELENOW;TUBA4A;CLTB;IGFBP2;PSMC3;CYB5R1;FKBP4;AP2S1;CREG1;PDLIM3;DNAJB1;AQP3;TMBIM6;RHOB;MSX1;UROD;GRPEL1;YKT6;PRKACA;PTPRD;SOD2;KLHDC3;TFRC;CDKN1C;ACAA1;POLE3;GRINA;PDAP1;CNP;EPHX1;E2F5;HYAL2;HSPA13;ALAS1;SULT1A1;RPN1;FGF18;WIZ;BTG1,Heart_Nuclei,Endothelial cell
16,logFC,mTORC1 Signaling,0.4905351704980565,1.4338524735601559,0.01104417670682731,0.10338312917538886,0.821,69/162,25.99%,ATP2A2;GOT1;PGM1;NIBAN1;ATP5MC1;GAPDH;PRDX1;TPI1;DDIT3;TUBA4A;ME1;FADS1;HSPA5;GLRX;NUPR1;PSMB5;DHFR;IGFBP5;EBP;FKBP2;PPIA;ARPC5L;LDHA;SHMT2;HSPE1;CALR;NFIL3;SDF2L1;FGL2;PSMA4;HSP90B1;FADS2;ENO1;SYTL2;CYP51A1;PSMC4;MTHFD2;TUBG1;GPI;CANX;YKT6;UNG;PSMC2;PGK1;GLA;SLC1A5;TXNRD1;TFRC;MAP2K3;PPP1R15A;CCNG1;AK4;IDI1;RRP9;PDAP1;SERPINH1;LGMN;HSPA9;IDH1;NFKBIB;PNP;G6PD;CACYBP;HSPD1;HMGCR;EGLN3;RPN1;COPS5;IMMT,Heart_Nuclei,Endothelial cell
17,logFC,Apoptosis,0.49577399448072745,1.4290322978253902,0.02147239263803681,0.1017367614507066,0.838,37/118,19.20%,CCND1;DCN;PDGFRB;CCND2;GPX3;BGN;TNFRSF12A;HSPB1;CD44;TSPO;DDIT3;SOD1;GPX4;IFITM3;VDAC2;IGFBP6;PEA15;EBP;FEZ1;HMGB2;BCAP31;KRT18;TXNIP;CAV1;TIMP1;LGALS3;GSN;RHOB;WEE1;LMNA;TIMP2;F2R;CLU;ERBB2;SOD2;ANXA1;GADD45B,Heart_Nuclei,Endothelial cell
18,logFC,Cholesterol Homeostasis,0.5203686083221137,1.4280403636751076,0.07632743362831858,0.09713833152607382,0.841,22/52,25.05%,NIBAN1;TNFRSF12A;ACTG1;LPL;ECH1;S100A11;PMVK;EBP;FABP5;NFIL3;LGALS3;FADS2;CYP51A1;ANXA5;CLU;ANTXR2;IDI1;LGMN;PNRC1;ACSS2;ALCAM;HMGCR,Heart_Nuclei,Endothelial cell
19,logFC,p53 Pathway,0.46648334086609505,1.3542795325889685,0.045454545454545456,0.1710582325898178,0.957,42/146,20.32%,RRAD;LDHB;CCND2;AK1;RPS12;CTSD;ISCU;TOB1;FAM162A;ABCC5;RPL18;RPL36;DDIT3;DCXR;SLC19A2;PDGFA;CD81;RACK1;S100A10;NUPR1;HINT1;RGS16;TAX1BP3;IER5;PCNA;HRAS;IRAK1;TXNIP;PHLDA3;HEXIM1;CDKN2AIP;EI24;SERTAD3;COQ8A;F2R;FGF13;RPS27L;TM4SF1;JAG2;PPP1R15A;CCNG1;GADD45A,Heart_Nuclei,Endothelial cell
20,logFC,Spermatogenesis,0.49593370038172513,1.3500241240882305,0.10631229235880399,0.1671085597528642,0.96,5/51,6.31%,TNNI3;MLF1;PEBP1;PACRG;SEPTIN4,Heart_Nuclei,Endothelial cell
21,logFC,KRAS Signaling Up,0.4573409108240431,1.3222607076250072,0.0703205791106515,0.19625636580344566,0.984,19/110,12.02%,TNNT2;GADD45G;APOD;PRRX1;G0S2;CCND2;TMEM176B;CPE;GLRX;GFPT2;PLAU;SPRY2;RGS16;GNG11;HDAC9;NGF;PRELID3B;GUCY1A1;RELN,Heart_Nuclei,Endothelial cell
22,logFC,Unfolded Protein Response,0.4583049268762837,1.3101821894725454,0.09420289855072464,0.20533817247684688,0.988,39/98,23.97%,CEBPB;RPS14;BANF1;TUBB2A;EEF2;DNAJA4;DNAJB9;HSPA5;NHP2;WFS1;IMP3;CALR;NPM1;LSM1;SPCS1;HSP90B1;POP4;LSM4;YIF1A;BAG3;MTHFD2;SRPRA;EIF4A3;EIF4EBP1;WIPI1;DCTN1;ATF4;EIF4A1;IFIT1;PDIA6;SPCS3;EIF4G1;RRP9;DKC1;FKBP14;VEGFA;HSPA9;KHSRP;SRPRB,Heart_Nuclei,Endothelial cell
23,logFC,Xenobiotic Metabolism,0.4480501708079919,1.3037025040182681,0.1115702479338843,0.20731791673761282,0.991,29/111,16.81%,ATP2A2;FBLN1;TMEM176B;DDT;PDLIM5;ACO2;ECH1;DCXR;PDK4;NDRG2;SSR3;CBR1;DDAH2;PGD;ADH5;PGRMC1;SHMT2;MT2A;PINK1;BLVRB;COMT;GSTO1;TMBIM6;CYB5A;AHCY;SERTAD1;ARPP19;CAT;ETFDH,Heart_Nuclei,Endothelial cell
24,logFC,Complement,0.4421875894059118,1.2781104443415836,0.09644670050761421,0.23729780350757704,0.996,32/127,16.48%,ACTN2;PCLO;CEBPB;LRP1;CTSD;CALM3;ME1;CPM;PDP1;DGKG;PFN1;DYRK2;HSPA5;DOCK10;HSPA1A;CTSB;ATOX1;C1R;CALM1;GNB2;CSRP1;CTSL;S100A13;SERPING1;TIMP1;LGALS3;RHOG;C1S;ANXA5;ZFPM2;CTSS;TIMP2,Heart_Nuclei,Endothelial cell
25,logFC,Androgen Response,0.4565105052224928,1.2761736142675393,0.13735691987513007,0.23126530799355594,0.997,20/84,13.75%,CCND1;STEAP4;MYL12A;DBI;INPP4B;PDLIM5;GPD1L;IQGAP2;FADS1;DNAJB9;SELENOP;ABHD2;PMEPA1;SRF;STK39;ELL2;NCOA4;GUCY1A1;PA2G4;B2M,Heart_Nuclei,Endothelial cell
26,logFC,DNA Repair,0.43318532112243685,1.2682368219371414,0.11475409836065574,0.23437056586639426,0.997,50/124,26.23%,EIF1B;AK1;POLR2I;GPX4;ADCY6;MPC2;POLR2G;POLR2J;POLR2K;ALYREF;APRT;COX17;NT5C;DAD1;GTF2H5;EDF1;SUPT4H1;BCAP31;TAF10;PCNA;IMPDH2;POLR3GL;USP11;SURF1;ARL6IP1;RBX1;VPS28;NELFE;SNAPC5;TMED2;POLR2E;ADRM1;GUK1;SSRP1;POLR2F;BCAM;GTF2A2;POLR2C;NCBP2;GTF2F1;PNP;POLD4;NELFB;POLR2D;GMPR2;MPG;SUPT5H;DUT;ITPA;ERCC5,Heart_Nuclei,Endothelial cell
27,logFC,Hedgehog Signaling,-0.37466611162805663,-1.2532005964343444,0.17870722433460076,0.648209549071618,0.32668067226890757,7/18,20.81%,TLE1;OPHN1;PTCH1;NRP2;NF1;PML;RASA1,Heart_Nuclei,Endothelial cell
28,logFC,Bile Acid Metabolism,0.4372002659673078,1.1907410397870475,0.24456521739130435,0.3586517294641337,1.0,20/59,23.71%,PFKM;AR;PRDX5;IDH2;ACSL1;SOD1;FADS1;ABCA6;FADS2;RBP1;SLC29A1;SCP2;CAT;ISOC1;IDI1;ABCA9;IDH1;GSTK1;EPHX2;PHYH,Heart_Nuclei,Endothelial cell
29,logFC,Notch Signaling,0.49577075655462494,1.182386343446102,0.30451612903225805,0.36141063428782794,1.0,6/23,16.63%,CCND1;NOTCH3;SKP1;NOTCH2;RBX1;APH1A,Heart_Nuclei,Endothelial cell
30,logFC,Angiogenesis,0.4653482105912118,1.140754790376273,0.3418043202033037,0.4271986208070833,1.0,11/23,22.90%,CCND2;LPL;FSTL1;PDGFA;LRPAP1;TIMP1;MSX1;JAG2;THBD;COL5A2;VEGFA,Heart_Nuclei,Endothelial cell
31,logFC,heme Metabolism,0.38250741206937894,1.1230066313953717,0.2990936555891239,0.4491027831025524,1.0,42/140,20.58%,MYL4;HBB;NUDT4;ANK1;BSG;MGST3;GLRX5;RBM38;CTSB;GDE1;NFE2L1;NNT;LRP10;BLVRB;ALAD;CCDC28A;ELL2;NCOA4;ISCA1;AQP3;P4HA2;DMTN;UBAC1;UROD;SLC22A4;TNS1;TRAK2;EPOR;CAT;ALDH6A1;SLC30A1;OSBP2;ARL2BP;RNF123;PGLS;TFRC;MAP2K3;SELENBP1;BLVRA;HEBP1;BCAM;HDGF,Heart_Nuclei,Endothelial cell
32,logFC,Myc Targets V2,0.40551621183683234,1.0664406594877367,0.3997668997668998,0.5521859835263068,1.0,15/42,21.61%,PHB;DCTPP1;HSPE1;NPM1;CDK4;PA2G4;NDUFAF4;NOP16;SRM;UNG;NIP7;IMP4;TBRG4;RRP9;MYC,Heart_Nuclei,Endothelial cell
33,logFC,G2-M Checkpoint,0.35628305853186115,1.0442473918044528,0.42784552845528456,0.5828192963175085,1.0,14/130,11.45%,DMD;EFNA5;CCND1;SLC38A1;KIF22;MAP3K20;HSPA8;STMN1;MEIS1;NOTCH2;UBE2S;MT2A;ODC1;CDK4,Heart_Nuclei,Endothelial cell
34,logFC,UV Response Dn,0.35573501071481506,1.0269947738635543,0.45676500508647,0.5990869232079006,1.0,18/123,12.31%,FHL2;CAP2;PDGFRB;COL1A2;LTBP1;MAP1B;INPP4B;PDLIM5;MT1E;FBLN5;IGFBP5;SDC2;NOTCH2;RUNX1;RND3;GJA1;BMPR1A;CAV1,Heart_Nuclei,Endothelial cell
35,logFC,IL-2/STAT5 Signaling,0.35049701009655815,1.0259176204581812,0.4597349643221203,0.5846519179781566,1.0,27/127,15.03%,S100A1;CCND2;ADAM19;BCL2;COL6A1;CD44;ITIH5;ECM1;GPX4;PRNP;IFITM3;CD81;RGS16;CTSZ;CKAP4;SYNGR2;ODC1;NFIL3;MAPKAPK2;CD79B;GSTO1;FGL2;RHOB;GUCY1B1;PRAF2;AHCY;AHNAK,Heart_Nuclei,Endothelial cell
36,logFC,IL-6/JAK/STAT3 Signaling,-0.2355536971613776,-0.9797590391720181,0.45054945054945056,1.0,0.7909663865546218,18/51,23.58%,IL18R1;CXCL3;IL4R;IL1R1;LEPR;IL15RA;OSMR;ACVR1B;IL7;MAP3K8;IL6ST;STAT2;STAM2;IL6;STAT3;STAT1;IL3RA;IL17RA,Heart_Nuclei,Endothelial cell
37,logFC,Apical Surface,0.3812040562519705,0.9396507842167512,0.5183312262958281,0.7377777541290651,1.0,2/24,3.38%,EFNA5;HSPB1,Heart_Nuclei,Endothelial cell
38,logFC,Allograft Rejection,0.32526551970305806,0.920186189080409,0.6209761163032191,0.7524988380173124,1.0,21/94,17.52%,STAT4;CCND2;RPL9;RPS3A;RPS19;FLNA;RPL39;RPS9;FYB1;EIF5A;HDAC9;NPM1;DYRK3;HLA-DRA;UBE2D1;TIMP1;B2M;DEGS1;CTSS;HLA-A;F2R,Heart_Nuclei,Endothelial cell
39,logFC,Protein Secretion,0.3142192515049421,0.9081771315642562,0.6316894018887723,0.7546241945746368,1.0,18/91,18.95%,SSPN;CD63;SOD1;BNIP3;COPE;AP2M1;AP2S1;CAV2;KRT18;DST;YKT6;TMED2;ANP32E;ARF1;VAMP3;GLA;PAM;NAPA,Heart_Nuclei,Endothelial cell
40,logFC,Pancreas Beta Cells,-0.3056546623605022,-0.8935780515437268,0.6158940397350994,1.0,0.8970588235294118,5/13,17.10%,FOXO1;PAK3;AKT3;STXBP1;ELP4,Heart_Nuclei,Endothelial cell
41,logFC,PI3K/AKT/mTOR  Signaling,0.3005593811406504,0.8603301209522747,0.6976987447698745,0.8147208869795283,1.0,21/85,19.58%,PRKAA2;DDIT3;PFN1;CFL1;AP2M1;DUSP3;CSNK2B;PPP1CA;NGF;CALR;PIN1;CDK4;HRAS;YWHAB;HSP90B1;ARHGDIA;MAPK10;ARF1;AKT1;PLA2G12A;MAP2K3,Heart_Nuclei,Endothelial cell
42,logFC,TNF-alpha Signaling via NF-kB,0.29180369431933,0.8452678650273656,0.7573604060913706,0.817243636131449,1.0,32/147,22.36%,CCND1;G0S2;NR4A3;SDC4;CEBPB;CD44;PDLIM5;TUBB2A;GFPT2;PLAU;PMEPA1;EIF1;SNN;IER5;NFIL3;BCL6;DNAJB4;RHOB;IFIT2;CCN1;MARCKS;RCAN1;SOD2;GADD45B;MAP2K3;PPP1R15A;CEBPD;GADD45A;EHD1;MYC;PNRC1;YRDC,Heart_Nuclei,Endothelial cell
43,logFC,TGF-beta Signaling,-0.20056010755588363,-0.8328616147272128,0.7843137254901961,0.9660974801061007,0.9411764705882353,10/49,11.78%,WWTR1;SMAD6;BCAR3;BMPR2;ARID4B;SMAD3;HIPK2;SMURF2;ENG;SMAD7,Heart_Nuclei,Endothelial cell
44,logFC,Interferon Alpha Response,0.2785098363407369,0.7814890898477349,0.8041884816753927,0.8836272233827396,1.0,15/85,15.64%,TENT5A;LGALS3BP;GMPR;IFITM2;IFITM3;ISG15;PSME1;IFI27;LY6E;BST2;TXNIP;B2M;C1S;IFIT2;PSME2,Heart_Nuclei,Endothelial cell
45,logFC,Wnt-beta Catenin Signaling,-0.19814238725684863,-0.731960550841662,0.8933333333333333,0.9015251989389921,0.9737394957983193,11/29,32.48%,NOTCH4;PTCH1;NUMB;PPARD;KAT2A;CUL1;ADAM17;WNT5B;CTNNB1;AXIN1;DLL1,Heart_Nuclei,Endothelial cell
46,logFC,Mitotic Spindle,0.24964476854141485,0.7278393791860243,0.905337361530715,0.9198268103427306,1.0,9/162,5.60%,PALLD;SORBS2;ARHGAP10;MID1IP1;DYNLL2;PDLIM5;FLNA;KIF22;TUBA4A,Heart_Nuclei,Endothelial cell
47,logFC,E2F Targets,0.2351575276968028,0.6846143941167963,0.9185336048879837,0.936479118076812,1.0,29/133,21.61%,KIF22;RAN;STMN1;TUBB;POLD2;DCTPP1;UBE2S;POP7;SNRPB;HMGB2;PCNA;CDK4;PRDX4;ATAD2;PA2G4;MTHFD2;WEE1;TUBG1;UNG;ANP32E;PHF5A;TFRC;NAP1L1;SSRP1;DIAPH3;TBRG4;ASF1A;RAD50;MYC,Heart_Nuclei,Endothelial cell
48,logFC,Inflammatory Response,0.22492391384864316,0.6487039549033914,0.9241952232606438,0.9418607688497439,1.0,13/101,13.90%,ATP2A2;AXL;SLC4A4;APLNR;ADM;EMP3;SLC7A2;RGS16;LY6E;BST2;CHST2;TIMP1;RHOG,Heart_Nuclei,Endothelial cell
49,logFC,Interferon Gamma Response,0.1913380076964168,0.5580455322101056,0.9868020304568528,0.9708411374084794,1.0,32/159,20.29%,STAT4;LGALS3BP;SSPN;IFITM2;IFITM3;C1R;ISG15;PSME1;IFI27;VAMP5;MT2A;LY6E;PSMA2;SERPING1;BST2;TXNIP;FGL2;B2M;MTHFD2;C1S;IFIT2;PSME2;HLA-A;SRI;HLA-B;IFIT1;PSMB2;PSMB8;SOD2;ISOC1;PFKP;CD74,Heart_Nuclei,Endothelial cell
0,logFC,Myogenesis,0.8501795755985693,2.717107415932073,0.001,0.001,0.001,64/164,7.65%,MYH7;TCAP;ACTA1;APLNR;MYBPC3;MYOM2;LDB3;TNNT2;MYL2;DES;CSRP3;ACTC1;CASQ2;TNNC1;FABP3;MB;CKM;MYL4;MYL7;COX6A2;ACTN2;CRYAB;MYOM1;SGCG;DTNA;COX7A1;CKMT2;DAPK2;REEP1;CD36;PTP4A3;CDH13;SPEG;PPP1R3C;NCAM1;SH3BGR;SGCD;SORBS1;ITGA7;HSPB8;SGCA;TPM2;DMD;PKIA;AGRN;MYLK;HBEGF;TNNT3;PFKM;SLC6A8;ABLIM1;VIPR1;MYH11;GABARAPL2;MRAS;COL1A1;TAGLN;CKB;SPARC;SOD3;PDE4DIP;EPHB3;FXYD1;CLU,Heart_Nuclei,Fibroblast
1,logFC,Oxidative Phosphorylation,0.7523580094957156,2.3944669960869605,0.001,0.001,0.001,106/200,13.69%,SLC25A4;UQCRB;NDUFA4;COX5A;COX7B;COX4I1;COX5B;COX8A;MDH1;UQCR10;ATP5PF;NDUFB3;ETFB;COX7C;ATP5MC3;NDUFA1;COX6B1;UQCR11;COX17;IDH2;NDUFB7;ATP5MG;ATP1B1;UQCRQ;ATP5F1E;COX6C;ATP5PO;NDUFA6;ATP6V1F;LDHB;ATP5F1A;UQCRH;ATP5F1D;MAOB;ATP5F1B;NDUFA3;CYCS;UQCRC1;ATP5PD;NDUFB2;NDUFA8;NDUFAB1;ATP5MC1;NDUFC2;SLC25A11;ATP5MF;ATP5ME;NDUFS7;COX6A1;ECH1;NDUFB4;MGST3;NDUFB5;MPC1;NDUFC1;SLC25A3;TIMM13;TIMM10;NDUFS6;TIMM8B;TOMM22;NDUFA7;ECHS1;ATP6V0C;COX7A2;MRPL15;NDUFB1;NDUFS8;CYC1;NDUFB8;MRPL35;ATP5PB;MDH2;SLC25A5;ISCU;MRPL34;MFN2;UQCRFS1;HCCS;NDUFS3;SLC25A6;PDHA1;ATP5MC2;GPX4;RETSAT;ACO2;HSD17B10;ATP5F1C;ATP6V0B;NDUFA2;PRDX3;BCKDHA;MRPS12;VDAC2;PHB2;ACAA2;SURF1;HADHB;GOT2;ECI1;IDH3G;SLC25A20;VDAC1;PDK4;ALAS1;PDP1,Heart_Nuclei,Fibroblast
2,logFC,KRAS Signaling Dn,0.6778211230585034,2.064170284328105,0.001,0.007984123001117779,0.021,7/90,0.98%,MYH7;TNNI3;ACTC1;RYR2;CKM;TENM2;IGFBP2,Heart_Nuclei,Fibroblast
3,logFC,Epithelial Mesenchymal Transition,0.6347165917641318,2.02555362800235,0.001,0.008269270251157698,0.028,78/183,18.05%,COMP;SGCG;TPM1;CDH2;POSTN;IGFBP2;GJA1;MYL9;CAP2;SGCD;LGALS1;RGS4;SDC4;MXRA5;TPM2;BGN;CDH6;FBN2;MYLK;TNC;TNFRSF12A;PMEPA1;TGM2;SLC6A8;SFRP4;CADM1;TIMP1;IL32;BDNF;LOXL1;MGP;CD59;EMP3;TFPI2;COL1A1;TAGLN;SPARC;CCN2;FN1;GPC1;PPIB;TGFBI;FAP;ITGA2;SERPINH1;ECM1;FMOD;CRLF1;IGFBP3;SERPINE1;IL15;LUM;FOXC2;CTHRC1;GPX7;EFEMP2;VIM;PCOLCE;CAPG;FLNA;PDLIM4;SERPINE2;COL8A2;ACTA2;LOXL2;LOX;ITGB5;COL7A1;RHOB;MFAP5;COL3A1;FZD8;EDIL3;ITGB1;SGCB;GADD45A;COL1A2;PLOD1,Heart_Nuclei,Fibroblast
4,logFC,Apical Junction,0.6380938950143461,2.018359246097471,0.001,0.007071651800990031,0.03,33/155,9.89%,ACTA1;NRAP;ACTC1;ACTN2;FLNC;SPEG;PIK3R3;NEXN;ICAM2;VWF;MYL9;GAMT;ITGA3;PTPRC;CDH6;ITGA10;ACTB;ADAM23;MYL12B;PFN1;HADH;RRAS;FSCN1;ACTG1;HRAS;PECAM1;TGFBI;VASP;YWHAH;ITGA2;INSIG1;MYH9;ITGB4,Heart_Nuclei,Fibroblast
5,logFC,Coagulation,0.6606854324439453,1.986194058003677,0.0011441647597254005,0.008554417501197618,0.042,26/90,13.88%,CRIP2;COMP;VWF;APOC1;CTSB;TIMP1;ISCU;TFPI2;SPARC;FN1;MSRB2;CLU;PECAM1;CD9;ITGA2;RABIF;SERPINE1;DPP4;GNB2;CTSH;FURIN;DUSP6;A2M;CTSK;PEF1;PLAU,Heart_Nuclei,Fibroblast
6,logFC,Adipogenesis,0.5743639257620824,1.8514009360683468,0.002107481559536354,0.028025901146780767,0.152,59/189,13.17%,CHCHD10;CD36;LPL;COX7B;COX8A;FABP4;UQCR10;ETFB;UQCR11;NDUFB7;UQCRQ;SORBS1;ATP5PO;GPAM;ITGA7;HSPB8;SNCG;UQCRC1;NDUFAB1;COX6A1;CAVIN2;ECH1;MGST3;SOD1;TOB1;SOWAHC;DDT;MYLK;ECHS1;MRPL15;CYC1;GHITM;MDH2;HADH;APOE;UBC;NDUFS3;ITIH5;GPX4;RETSAT;ACO2;PRDX3;BCKDHA;PGM1;TST;COQ9;CD151;CDKN2C;ACAA2;DNAJB9;OMD;CAVIN1;LTC4S;SSPN;ARL4A;IDH3G;ESRRA;LIPE;ADCY6,Heart_Nuclei,Fibroblast
7,logFC,Complement,0.5433069953295301,1.7238521255947044,0.006376195536663124,0.07314026963523963,0.367,43/149,15.06%,ACTN2;CD36;CDH13;NOTCH4;KCNIP2;PCLO;APOC1;CALM3;HSPA1A;F5;DGKG;CA2;MSRB1;CALM1;CTSB;CTSD;PFN1;TIMP1;CD59;TFPI2;HSPA5;CDA;FN1;ATOX1;CLU;PIK3R5;RHOG;RABIF;SERPINE1;L3MBTL4;DPP4;FCER1G;GNB2;CTSH;DUSP6;LGALS3;PSMB9;GNAI2;DYRK2;PDP1;CTSS;S100A13;EHD1,Heart_Nuclei,Fibroblast
8,logFC,Allograft Rejection,0.5393743386162628,1.6846553318594106,0.014623172103487065,0.08300953278939911,0.442,27/109,14.03%,CCL11;HDAC9;STAB1;RPL39;RPL9;F2R;PTPRC;CD74;CCL19;CCL2;B2M;RPS19;PSMB10;TIMP1;RPS9;RPS3A;SRGN;EIF5A;DYRK3;IL15;HLA-A;IFNAR2;HCLS1;ICOSLG;CAPG;CTSS;FLNA,Heart_Nuclei,Fibroblast
9,logFC,p53 Pathway,0.5172053778377462,1.661401877606793,0.004246284501061571,0.08793941191231151,0.49,59/175,18.55%,RRAD;CDH13;PERP;LDHB;RPS12;RPL36;IER5;RGS16;F2R;RPL18;TOB1;HBEGF;PTPRE;CD81;CTSD;S100A4;NINJ1;MAPKAPK3;TAX1BP3;ISCU;S100A10;HRAS;RETSAT;RACK1;TRIAP1;VAMP8;TM4SF1;SERTAD3;FAM162A;PCNA;TXNIP;ZNF365;ITGB4;IER3;COQ8A;UPP1;CYFIP2;BAK1;SLC7A11;GM2A;EPHA2;TCN2;ABHD4;PDGFA;TSC22D1;RHBDF2;NUPR1;STEAP3;EI24;CDKN2AIP;OSGIN1;PHLDA3;ERCC5;DDIT3;HINT1;TAP1;GADD45A;SPHK1;ABCC5,Heart_Nuclei,Fibroblast
10,logFC,Angiogenesis,0.6433914400265157,1.651740145058514,0.054814814814814816,0.08512941537555448,0.509,10/26,13.87%,POSTN;LPL;SLCO2A1;KCNJ8;S100A4;TIMP1;LUM;SERPINA5;LRPAP1;PDGFA,Heart_Nuclei,Fibroblast
11,logFC,KRAS Signaling Up,0.5074497378952164,1.6077920235931706,0.019522776572668113,0.10084707743078526,0.599,34/144,15.28%,F2RL1;TNNT2;HDAC9;GADD45G;ADGRL4;G0S2;RGS16;SCN1B;CA2;SERPINA3;HBEGF;CD37;CMKLR1;ST6GAL1;GNG11;SATB1;F13A1;PECAM1;ITGA2;PEG3;IGFBP3;FCER1G;TMEM100;MALL;ETV1;DUSP6;SCG5;MMD;PRELID3B;PLAU;CTSS;PSMB8;TRIB1;ANO1,Heart_Nuclei,Fibroblast
12,logFC,Fatty Acid Metabolism,0.5045969347832139,1.5880471817287585,0.025330396475770924,0.10493418801469079,0.64,33/131,12.95%,AQP7;CD36;MDH1;LGALS1;G0S2;MIF;ECH1;CA2;ECHS1;FASN;PCBD1;MDH2;HADH;PSME1;NTHL1;S100A10;HCCS;PDHA1;RETSAT;INMT;ACO2;YWHAH;NSDHL;HSD17B10;TP53INP2;HSP90AA1;ACAA2;LTC4S;HADHB;ECI1;IDH3G;CBR1;DHCR24,Heart_Nuclei,Fibroblast
13,logFC,UV Response Up,0.5009048149601985,1.5786023405060967,0.01958650707290533,0.10354918708592545,0.661,31/134,15.98%,SLC25A4;RRAD;IGFBP2;TUBA4A;ATP6V1F;BSG;SPR;SELENOW;HYAL2;NPTX2;CA2;SLC6A8;CLTB;MRPL23;AP2S1;PSMC3;HSPA2;HSPA13;TST;FURIN;BAK1;DNAJB1;ALAS1;DNAJA1;PLCL1;MGAT1;STIP1;PPIF;UROD;CYB5R1;RHOB,Heart_Nuclei,Fibroblast
14,logFC,Inflammatory Response,0.5076393011179897,1.5714108087799032,0.03253796095444685,0.1012843032141798,0.676,28/127,10.55%,APLNR;PCDH7;KCNMB2;STAB1;RNF144B;SELE;RGS16;CD14;ATP2A2;SCN1B;HBEGF;PTPRE;LY6E;MET;CCL2;PTGER4;CMKLR1;BST2;TIMP1;EMP3;ADRM1;PIK3R5;TNFSF10;RHOG;SLC7A2;SCARF1;SERPINE1;IL15,Heart_Nuclei,Fibroblast
15,logFC,Pperoxisome,0.5081583014724561,1.553155535851061,0.035545023696682464,0.10600349020234048,0.714,19/89,13.82%,SLC25A4;IDH2;PRDX5;TSPO;ECH1;SOD1;PRDX1;FIS1;RXRG;CADM1;ABCC8;HRAS;RETSAT;YWHAH;SLC35B2;CLN8;DHCR24;PEX11A;HSD3B7,Heart_Nuclei,Fibroblast
16,logFC,mTORC1 Signaling,0.4835305604600543,1.5481437266621392,0.022916666666666665,0.10292138389676192,0.725,55/183,20.82%,SDF2L1;PIK3R3;GAPDH;GOT1;TUBA4A;ATP5MC1;ATP2A2;PRDX1;HSPE1;TPI1;TES;HSPA5;SLA;CALR;NIBAN1;SHMT2;CD9;SERPINH1;SCD;INSIG1;PGM1;STARD4;FGL2;ARPC5L;TUBG1;CYP51A1;SLC7A11;DHCR24;PSMB5;HSP90B1;PPIA;BHLHE40;SLC37A4;EBP;SYTL2;NUPR1;STIP1;FKBP2;CANX;DDIT3;ENO1;MAP2K3;PSAT1;SLC1A4;PSMA4;SLC1A5;YKT6;TMEM97;SLC2A1;PDAP1;SLC6A6;SLC9A3R1;MTHFD2;TRIB3;CACYBP,Heart_Nuclei,Fibroblast
17,logFC,Hypoxia,0.47826454965541615,1.5196111645219745,0.0255863539445629,0.11697373857193187,0.786,38/166,11.56%,DTNA;GCNT2;PPP1R3C;PPARGC1A;GAPDH;CITED2;SDC4;CAV1;BGN;PRDX5;MIF;CAVIN3;TGM2;TPI1;S100A4;NEDD4L;TES;HSPA5;KDELR3;CCN2;GPC1;TGFBI;RRAGD;LARGE1;FAM162A;EFNA1;IGFBP3;MYH9;PGM1;IER3;SERPINE1;ILVBL;MT1E;TPST2;B3GALT6;CAVIN1;PGF;P4HA2,Heart_Nuclei,Fibroblast
18,logFC,Myc Targets V1,0.4617061864179847,1.5021318394859633,0.030145530145530147,0.12294348801721208,0.823,69/191,22.83%,COX5A;NDUFAB1;RPS10;RPL18;SLC25A3;RPS3;HSPE1;RPL34;RPS5;CYC1;SNRPD2;PCBP1;MRPL23;HSP90AB1;RPS6;PHB;RPS2;RPL6;RPL14;PSMA2;RACK1;RAN;MCM5;PRDX4;KPNA2;PCNA;PRDX3;MRPS18B;NHP2;PHB2;STARD7;PSMD8;RPLP0;RPL22;GOT2;LSM7;TARDBP;PPIA;VDAC1;C1QBP;EIF4G2;IMPDH2;PSMA7;LSM2;PSMB3;CANX;PSMB2;HDGF;EEF1B2;SNRPB2;PSMA4;HNRNPA1;NOP16;PSMD3;SNRPD3;SET;TCP1;NPM1;POLE3;LDHA;SNRPD1;EIF4A1;MCM4;CCT5;CCT7;USP1;PSMD7;CDK4;TUFM,Heart_Nuclei,Fibroblast
19,logFC,Reactive Oxygen Species Pathway,0.5394572536738419,1.4970114843687947,0.09419354838709677,0.12084540456691835,0.836,15/46,12.75%,NDUFA6;PRDX2;NDUFB4;SOD1;CDKN2D;PRDX1;PTPA;ATOX1;LAMTOR5;GPX4;PRDX4;EGLN2;FTL;TXN;PRNP,Heart_Nuclei,Fibroblast
20,logFC,Cholesterol Homeostasis,0.5037719005129653,1.4607284872704394,0.08353510895883777,0.143116762639084,0.886,21/68,15.86%,LPL;FABP5;ECH1;TNFRSF12A;FASN;S100A11;ACTG1;CLU;NIBAN1;NSDHL;CD9;SCD;PMVK;STARD4;GPX8;LGALS3;CYP51A1;EBP;ETHE1;MVD;ABCA2,Heart_Nuclei,Fibroblast
21,logFC,Glycolysis,0.4406839918604869,1.402293858723116,0.04847207586933614,0.19063389789032512,0.957,47/159,18.32%,MDH1;PKP2;GOT1;CITED2;DSC2;MIF;SOD1;AGRN;MET;TPI1;MDH2;CHPF;PYGB;CHST6;HSPA5;KDELR3;HOMER1;MERTK;GPC1;TGFBI;RRAGD;NSDHL;FAM162A;CHPF2;IGFBP3;IER3;CHST1;B3GALT6;P4HA2;PGAM1;B4GALT7;B4GALT2;GOT2;TXN;NOL3;PPIA;SLC37A4;PKM;STC2;PC;SOX9;ENO1;FKBP4;SRD5A3;ANGPTL4;PLOD1;ADORA2B,Heart_Nuclei,Fibroblast
22,logFC,Interferon Alpha Response,0.46944295631494265,1.3976006021118232,0.11411764705882353,0.18621355198259162,0.958,28/85,20.72%,IFI27;GMPR;CD74;LY6E;B2M;BST2;ISG15;LGALS3BP;PSME1;HLA-C;IFITM2;IFITM3;TXNIP;TRIM21;IL15;TMEM140;GBP4;PSMB9;RSAD2;IFIT3;PSMB8;PSME2;IRF9;TAP1;CNP;UBE2L6;MVB12A;NMI,Heart_Nuclei,Fibroblast
23,logFC,TNF-alpha Signaling via NF-kB,0.43021276702737277,1.3744321734347504,0.06157112526539278,0.20235949844499698,0.968,42/167,18.13%,F2RL1;PDLIM5;G0S2;SDC4;CCND1;IER5;HBEGF;PTPRE;TNC;CCL2;PMEPA1;PTGER4;NINJ1;PHLDA1;TUBB2A;NFKBIE;EGR2;MSC;EFNA1;FJX1;IER3;DNAJB4;SERPINE1;MARCKS;NR4A3;ETS2;ICOSLG;EIF1;BHLHE40;PLAU;EGR3;TSC22D1;EHD1;TRIB1;KLF2;RHOB;SNN;MAP2K3;KLF6;TAP1;GADD45A;SPHK1,Heart_Nuclei,Fibroblast
24,logFC,Androgen Response,0.4477462085796156,1.3715900807203976,0.11212814645308924,0.1975956383876634,0.97,23/91,16.85%,MYL12A;PDLIM5;CCND1;DBI;INPP4B;GPD1L;IQGAP2;PMEPA1;B2M;ADRM1;MERTK;SLC26A2;SCD;INSIG1;ABHD2;DNAJB9;DHCR24;TSC22D1;CDK6;ACTN1;TMEM50A;HERC3;SPCS3,Heart_Nuclei,Fibroblast
25,logFC,heme Metabolism,0.42667317919885384,1.352515860578682,0.09660297239915075,0.21013158887557226,0.977,34/160,17.87%,MYL4;SPTB;ANK1;RBM38;BSG;BCAM;PRDX2;GLRX5;MGST3;NUDT4;CA2;CTSB;SLC6A8;FN3K;NFE2L1;SLC10A3;SNCA;ENDOD1;PSMD9;UBAC1;LRP10;P4HA2;SLC7A11;LMO2;IGSF3;EPB41;UROD;PC;HDGF;GDE1;MAP2K3;SLC30A10;ABCG2;TSPAN5,Heart_Nuclei,Fibroblast
26,logFC,Unfolded Protein Response,0.4314073896324194,1.340547138846152,0.11098527746319366,0.21434624395593438,0.983,43/108,23.91%,RPS14;EXOSC4;CCL2;BANF1;HSPA5;EEF2;KDELR3;TUBB2A;CALR;DCTN1;LSM4;CKS1B;HYOU1;BAG3;DNAJA4;NHP2;DNAJB9;SRPRB;IMP3;SHC1;YIF1A;HSP90B1;LSM1;SRPRA;SPCS1;ATF4;GOSR2;STC2;SPCS3;PSAT1;SLC1A4;HERPUD1;PREB;FKBP14;POP4;MTHFD2;NPM1;PDIA6;EIF4A1;EIF4G1;WFS1;CEBPB;XBP1,Heart_Nuclei,Fibroblast
27,logFC,Estrogen Response Late,0.41585454419318824,1.3204395291443785,0.09722222222222222,0.2312951551038099,0.991,40/154,17.17%,TNNC1;FABP5;ETFB;PERP;IDH2;COX6C;HSPB8;CCND1;CAV1;TOB1;CA2;SERPINA3;TFPI2;CKB;FOXC1;BAG1;PRKAR2B;LARGE1;CD9;SLC26A2;BATF;ABHD2;TST;PLAAT3;NXT1;DNAJC12;SERPINA5;MDK;HR;EGR3;SLC16A1;PPIF;ABCA3;SNX10;FAM102A;FKBP4;MOCS2;ST6GALNAC2;NBL1;SLC1A4,Heart_Nuclei,Fibroblast
28,logFC,UV Response Dn,0.40884809235346603,1.2832528179618723,0.14866310160427806,0.26674050341665406,0.997,17/141,6.87%,FHL2;ICA1;PIK3R3;GJA1;PDLIM5;CAP2;CITED2;RGS4;CAV1;INPP4B;MET;BDNF;KCNMA1;KALRN;DBP;COL1A1;PLCB4,Heart_Nuclei,Fibroblast
29,logFC,Pancreas Beta Cells,0.552243422819954,1.2783322712796978,0.2306525037936267,0.2629818038034841,0.997,8/17,13.90%,SRP14;ABCC8;DPP4;SRPRB;PCSK1;LMO2;PCSK2;SPCS1,Heart_Nuclei,Fibroblast
30,logFC,Xenobiotic Metabolism,0.39650063312077805,1.2726491467168677,0.13719185423365488,0.2608637422945855,0.997,48/150,21.15%,GCNT2;CD36;PDLIM5;PTGDS;ECH1;ATP2A2;CA2;DDT;PSMB10;NINJ1;APOE;CDA;RETSAT;SHMT2;ACO2;SSR3;SERTAD1;GSTO1;CES1;SERPINE1;PINK1;UPP1;ETS2;CYFIP2;AKR1C3;CBR1;ACP2;FMO3;EPHA2;NDRG2;AP4B1;PDK4;ALAS1;PC;DDAH2;PGRMC1;SLC1A5;GSTM4;TMEM97;BCAR1;SLC6A6;DCXR;SLC35B1;PYCR1;TGFB2;DHRS7;RBP4;FAH,Heart_Nuclei,Fibroblast
31,logFC,Apoptosis,0.395726221001689,1.2534184527646002,0.16918103448275862,0.2769492666012729,1.0,42/135,21.28%,HSPB1;CCND1;CAV1;BGN;TSPO;CD14;F2R;SOD1;TNFRSF12A;TIMP1;SATB1;IFITM3;CLU;GPX4;ERBB3;RETSAT;TNFSF10;TXNIP;IER3;VDAC2;LUM;BCAP31;LGALS3;DNAJA1;EGR3;LEF1;EBP;PSEN2;RHOB;DDIT3;HMGB2;SLC20A1;PEA15;TAP1;GADD45A;BCL10;BAX;TIMP2;TGFB2;PPP3R1;SOD2;LMNA,Heart_Nuclei,Fibroblast
32,logFC,Estrogen Response Early,0.3894856050670634,1.2327965432491323,0.1766595289079229,0.2960346904959903,1.0,64/157,23.91%,FHL2;REEP1;GJA1;THSD4;RETREG1;HSPB8;CCND1;TOB1;AKAP1;PODXL;TGM2;ABLIM1;FASN;RHOD;FOXC1;BAG1;CANT1;LRIG1;SLC26A2;ENDOD1;SLC7A2;ABHD2;PLAAT3;NXT1;HR;MAST4;PEX11A;KCNK15;BHLHE40;EGR3;SLC16A1;SLC1A1;PPIF;ABCA3;STC2;FAM102A;CELSR1;FKBP4;NBL1;SLC1A4;TMEM164;OLFML3;OVOL2;CCN5;CXCL12;ELOVL2;SLC2A1;KLF10;SLC39A6;FLNB;SLC9A3R1;SYNGR1;ITPK1;TSKU;PDLIM3;DYNLT3;KRT8;TPBG;SLC22A5;WFS1;TGIF2;INPP5F;OPN3;XBP1,Heart_Nuclei,Fibroblast
33,logFC,DNA Repair,0.38238333892997284,1.2058704004992182,0.2041036717062635,0.32392727604534977,1.0,45/142,22.29%,COX17;POLR2I;BCAM;EIF1B;MPC2;MRPL40;ARL6IP1;CDA;ADRM1;ALYREF;GPX4;POLD4;SAC3D1;BRF2;CANT1;SUPT4H1;DAD1;CETN2;PCNA;POLR3GL;POLR2J;POLR2G;APRT;BCAP31;SURF1;HCLS1;TAF10;ADCY6;IMPDH2;EDF1;SSRP1;ERCC5;TAF6;GTF2H5;POLR2K;NME4;VPS28;TMED2;RFC2;NELFB;RBX1;GUK1;POLE4;TAF9;POLB,Heart_Nuclei,Fibroblast
34,logFC,Spermatogenesis,0.40011218094173506,1.17462764333924,0.26560587515299877,0.35485353207825093,1.0,12/70,13.74%,TNNI3;PACRG;MLF1;SEPTIN4;ZPBP;PEBP1;HSPA2;ARL4A;SCG5;SHE;RPL39L;GSG1,Heart_Nuclei,Fibroblast
35,logFC,Interferon Gamma Response,0.3659424403709453,1.1490675754763804,0.26745435016111707,0.38200226597014697,1.0,38/164,16.26%,HLA-DRB1;IFI27;CD74;LY6E;CCL2;B2M;VAMP5;CMKLR1;PSMB10;HLA-B;BST2;ISG15;LGALS3BP;PSME1;IFITM2;IFITM3;PSMA2;VAMP8;P2RY14;TNFSF10;TXNIP;TRIM21;FGL2;IL15;HLA-A;UPP1;IFNAR2;GBP4;SSPN;ARL4A;PSMB9;RSAD2;IL18BP;IFIT3;PSMB8;PSME2;IRF9;PSMB2,Heart_Nuclei,Fibroblast
36,logFC,Notch Signaling,0.4174286262104102,1.0869441801422446,0.3619718309859155,0.4708166432280765,1.0,10/29,15.41%,CCND1;NOTCH3;ST3GAL6;LFNG;DTX4;APH1A;HEYL;PSEN2;FZD7;FZD1,Heart_Nuclei,Fibroblast
37,logFC,PI3K/AKT/mTOR  Signaling,0.3372546531808665,1.0076351533386587,0.45464982778415614,0.5936465590831105,1.0,11/91,8.96%,PRKAA2;PIK3R3;CSNK2B;PFN1;AKT1S1;CFL1;DUSP3;SLA;CALR;HRAS;PPP1CA,Heart_Nuclei,Fibroblast
38,logFC,IL-2/STAT5 Signaling,0.3026409297013194,0.9661044380579367,0.5048231511254019,0.652680120937529,1.0,47/150,22.96%,RGS16;ITGA6;CA2;CD81;TGM2;LRRC8C;PHLDA1;IFITM3;ITIH5;GPX4;RRAGD;LRIG1;TNFSF10;CKAP4;BATF;PRAF2;CTSZ;ECM1;GSTO1;FGL2;FURIN;GBP4;ARL4A;SHE;PRNP;CAPG;BHLHE40;FLT3LG;SYT11;AHNAK;RHOB;LCLAT1;KLF6;GUCY1B1;PLEC;SLC1A5;COL6A1;PRKCH;PDCD2L;FAH;SCN9A;MYO1C;MAPKAPK2;CSF1;GLIPR2;PIM1;RNH1,Heart_Nuclei,Fibroblast
39,logFC,Mitotic Spindle,0.2918332523495666,0.9266585755989665,0.5840336134453782,0.7083342838241669,1.0,39/182,21.57%,SORBS2;PDLIM5;TUBA4A;PALLD;ARHGAP27;FSCN1;PREX1;RAPGEF5;DYNLL2;ARF6;SAC3D1;ESPL1;SYNPO;CDC42EP1;MAP1S;MYH9;CDC42EP2;MARCKS;NUSAP1;NDC80;KIF22;ARHGDIA;FLNA;UXT;EPB41;RHOF;CEP72;PIF1;CEP131;ARL8A;ARAP3;KIF4A;BCAR1;INCENP;FLNB;KATNB1;MID1IP1;KPTN;PCNT,Heart_Nuclei,Fibroblast
40,logFC,Bile Acid Metabolism,0.29115708251320405,0.8627786852052705,0.6358244365361803,0.8021122595513202,1.0,16/83,15.86%,IDH2;PRDX5;SOD1;RXRG;PFKM;RETSAT;SLC35B2;DIO2;SLC22A18;LIPE;DHCR24;PEX11A;HSD3B7;ABCA3;RBP1;ABCA2,Heart_Nuclei,Fibroblast
41,logFC,Protein Secretion,0.26963839715536697,0.8155177411935807,0.6929316338354577,0.8587820464773723,1.0,9/93,13.53%,ICA1;CAV2;SOD1;CD63;AP2S1;COPE;AP2M1;SSPN;CLN5,Heart_Nuclei,Fibroblast
42,logFC,Wnt-beta Catenin Signaling,0.2864708251965069,0.7711331392265205,0.7233748271092669,0.9059459700338093,1.0,8/36,17.02%,NOTCH4;HEY1;HEY2;LEF1;PSEN2;FZD1;FZD8;NCSTN,Heart_Nuclei,Fibroblast
43,logFC,IL-6/JAK/STAT3 Signaling,0.2554219049131069,0.739865550923481,0.796044499381953,0.927817306675349,1.0,9/66,11.99%,CD36;CD14;TNFRSF12A;PDGFC;PIK3R5;CD9;ACVRL1;A2M;BAK1,Heart_Nuclei,Fibroblast
44,logFC,Hedgehog Signaling,0.2765162705924191,0.7204044465115547,0.7867647058823529,0.9335594234195871,1.0,7/27,16.03%,HEY1;HEY2;MYH9;ETS2;GLI1;CDK6;CELSR1,Heart_Nuclei,Fibroblast
45,logFC,Myc Targets V2,0.2281033189021573,0.6631967757984293,0.8576923076923076,0.9807329722459983,1.0,17/53,27.48%,HSPE1;PHB;MCM5;GRWD1;IPO4;DCTPP1;NOP16;TMEM97;NPM1;NDUFAF4;MCM4;CDK4;MAP3K6;BYSL;SRM;FARSA;PA2G4,Heart_Nuclei,Fibroblast
46,logFC,TGF-beta Signaling,0.2245907717540805,0.6439088453127678,0.8775773195876289,0.9783826836263354,1.0,6/52,12.65%,LTBP2;PMEPA1;PPP1CA;SERPINE1;FURIN;FKBP1A,Heart_Nuclei,Fibroblast
47,logFC,Apical Surface,0.24856929893199178,0.6293734416835994,0.8739612188365651,0.9715442054276828,1.0,4/30,13.58%,HSPB1;RTN4RL1;EFNA5;SULF2,Heart_Nuclei,Fibroblast
48,logFC,G2-M Checkpoint,0.18047239323926095,0.5698852471455914,0.9818956336528222,0.9924055394450593,1.0,17/157,12.80%,CCND1;DMD;HSPA8;KNL1;CKS2;ESPL1;CKS1B;MCM5;UBE2S;KPNA2;CDKN2C;MARCKS;NUSAP1;NDC80;EFNA5;SLC38A1;KIF22,Heart_Nuclei,Fibroblast
49,logFC,E2F Targets,0.17071861507723446,0.5400493354535374,0.9945054945054945,0.9838948833177453,1.0,44/156,27.90%,POP7;TUBB;CKS2;RAN;ESPL1;CKS1B;MCM5;PRDX4;UBE2S;KPNA2;PCNA;CDKN2C;TUBG1;SPC24;KIF22;SNRPB;DCTPP1;SSRP1;GINS3;UBR7;HMGB2;KIF4A;RFC2;MTHFD2;TMPO;RAD50;POLE4;MCM4;USP1;CDK4;RAD21;LIG1;CDKN1B;TACC3;CDKN3;SRSF1;TCF19;CBX5;MCM7;MELK;PA2G4;JPT1;RPA2;ANP32E,Heart_Nuclei,Fibroblast
0,logFC,Oxidative Phosphorylation,0.6717053506733462,2.563006826987791,0.001,0.001,0.001,59/146,11.28%,COX5B;COX7C;MDH1;ATP5F1D;ATP5MC3;CYCS;COX4I1;COX6B1;COX6C;COX5A;ATP5PD;NDUFC1;ATP5F1B;ATP5MG;NDUFB2;ISCU;COX7A2;NDUFB5;NDUFB4;ATP5ME;MDH2;CYB5R3;NDUFS8;CYC1;UQCRH;PDK4;NDUFS7;NDUFB8;PDP1;UQCRC1;UQCRFS1;NDUFB6;GOT2;NDUFA5;SURF1;NDUFS6;ATP5F1E;IDH3A;LDHA;NDUFB1;IDH2;OAT;COX11;PDHA1;SDHD;MRPS22;ATP5F1A;ATP5MC2;ECI1;SUCLG1;ATP5PB;IDH3B;SLC25A3;COX17;SLC25A6;SLC25A5;MPC1;VDAC1;MGST3,Heart_Nuclei,Macrophage
1,logFC,Epithelial Mesenchymal Transition,0.6250425627596642,2.1216724880023734,0.001,0.031602386593965,0.051,22/68,6.91%,TPM1;LAMA2;TIMP3;DPYSL3;TAGLN;TIMP1;SPP1;LGALS1;FERMT2;ECM2;AREG;HTRA1;CADM1;LAMC1;PMEPA1;TGFBR3;FBN2;VIM;CD59;PVR;DST;VCAN,Heart_Nuclei,Macrophage
2,logFC,E2F Targets,0.5349951098717018,2.0432644591363003,0.0012987012987012987,0.04330697422135945,0.101,54/132,18.81%,SPC25;KIF22;MCM6;STMN1;KIF18B;HELLS;RAD51AP1;MKI67;CHEK2;KPNA2;DIAPH3;TUBB;BUB1B;MELK;ING3;GINS1;HMGB2;LIG1;RAD51C;CHEK1;PAICS;CIT;RACGAP1;RPA2;TOP2A;POLE;RAD1;BRCA1;CENPE;CTPS1;NOLC1;RFC3;MCM3;RAN;UBR7;MSH2;LYAR;NAA38;RPA3;TIMELESS;NAP1L1;RANBP1;LMNB1;AK2;DUT;SMC1A;ZW10;HUS1;JPT1;DCK;NUDT21;SRSF1;PA2G4;MMS22L,Heart_Nuclei,Macrophage
3,logFC,Myogenesis,0.5844808262742243,1.9581076186351636,0.010115606936416185,0.05705986468354792,0.165,11/61,4.29%,SORBS1;IGFBP7;DMD;LAMA2;TAGLN;GPX3;CFD;SVIL;GSN;PDE4DIP;PRNP,Heart_Nuclei,Macrophage
4,logFC,Coagulation,0.5728739774917395,1.8420171050321235,0.03363914373088685,0.09316851751405977,0.284,19/50,15.12%,TIMP3;PRSS23;TIMP1;CFD;ISCU;SERPING1;HTRA1;GSN;MSRB2;PEF1;GNG12;CTSH;P2RY1;ANXA1;CTSO;RABIF;LTA4H;PROS1;C1QA,Heart_Nuclei,Macrophage
5,logFC,Myc Targets V1,0.4684095932133868,1.8225973880228314,0.001,0.08719917782408862,0.313,63/164,22.12%,COX5A;MCM6;RPS5;RPL14;RPL34;CYC1;KPNA2;RPS6;GOT2;RPLP0;ACP1;LDHA;HSPD1;RPS3;RPS2;HSP90AB1;CCT7;RPL22;SLC25A3;RPL6;EEF1B2;SNRPG;CTPS1;SERBP1;NOLC1;LSM7;PABPC4;TRIM28;VDAC1;RAN;XPOT;PSMD7;NAP1L1;RANBP1;HDGF;EIF2S2;PSMB2;DUT;RACK1;EXOSC7;SRM;TUFM;PRPS2;IFRD1;APEX1;MRPS18B;CNBP;DDX21;SRSF1;PGK1;PA2G4;STARD7;EIF4H;PSMD8;ILF2;MCM5;SF3A1;USP1;PRDX3;RPL18;PPIA;VBP1;XRCC6,Heart_Nuclei,Macrophage
6,logFC,TGF-beta Signaling,0.5666946413776968,1.8203150096084224,0.023291925465838508,0.07541098599935564,0.316,16/46,16.93%,SPTBN1;SMAD6;TJP1;ID3;SMAD1;PMEPA1;SMAD7;SKIL;BMPR1A;CDK9;ENG;KLF10;JUNB;SKI;ID2;FKBP1A,Heart_Nuclei,Macrophage
7,logFC,G2-M Checkpoint,0.4635719505259787,1.7668161996226142,0.014066496163682864,0.08763809986011589,0.38,40/139,16.81%,DMD;KIF15;KIF22;MCM6;CHAF1A;STMN1;MT2A;TPX2;MKI67;KPNA2;ATF5;CCND1;DBF4;CDC7;STIL;CENPF;CHEK1;KIF11;RACGAP1;KNL1;RPA2;TOP2A;NUSAP1;POLE;DTYMK;CENPE;NOLC1;HSPA8;POLQ;SAP30;MCM3;SLC12A2;LMNB1;E2F4;RBL1;SLC7A5;SMC1A;RASAL2;HUS1;JPT1,Heart_Nuclei,Macrophage
8,logFC,Fatty Acid Metabolism,0.4441796299875263,1.5961543500025837,0.03867403314917127,0.1620435131525942,0.635,29/97,17.21%,PTPRG;MDH1;HPGD;LGALS1;GABARAPL1;ACSM3;MDH2;HSPH1;S100A10;LDHA;YWHAH;PDHA1;SDHD;ECI1;SUCLG1;PRDX6;IDH3B;HSP90AA1;ACSL1;ERP29;HADH;EPHX1;ALDH9A1;SUCLA2;ALDH1A1;ACO2;MLYCD;SDHA;APEX1,Heart_Nuclei,Macrophage
9,logFC,Hypoxia,0.4243331820964409,1.5721900808991391,0.03866666666666667,0.15801193296982502,0.662,36/109,15.64%,EGFR;GAPDH;RORA;MT2A;FAM162A;SLC2A5;TPI1;GALK1;ANGPTL4;ATF3;ADM;LDHA;PLIN2;CITED2;FBP1;HK2;BHLHE40;TES;S100A4;PGM1;ERO1A;NFIL3;PIM1;SAP30;BTG1;VEGFA;PGM2;SDC3;LARGE1;TIPARP;JUN;RRAGD;SLC2A3;PDK1;GLRX;GPI,Heart_Nuclei,Macrophage
10,logFC,Reactive Oxygen Species Pathway,0.4953647864306256,1.5214460383844746,0.06301824212271974,0.17163181675442943,0.724,14/35,15.38%,GPX3;NDUFB4;GLRX2;PRNP;LAMTOR5;PRDX1;PRDX6;TXN;HMOX2;SOD2;IPCEF1;SELENOS;JUNB;GLRX,Heart_Nuclei,Macrophage
11,logFC,Wnt-beta Catenin Signaling,-0.4847059069659694,-1.5065253753247319,0.03131991051454139,0.1569033464698417,0.23,9/21,22.32%,KAT2A;WNT5B;HDAC5;HDAC2;AXIN1;MAML1;NOTCH1;NCOR2;CTNNB1,Heart_Nuclei,Macrophage
12,logFC,Apoptosis,0.40769276096234003,1.4952688809487942,0.059065934065934064,0.17361804980635093,0.759,24/104,14.57%,TIMP3;HSPB1;GPX3;TIMP1;IFITM3;GSN;CCND1;TGFB2;EMP1;TGFBR3;ATF3;HMGB2;SMAD7;TOP2A;BTG3;SOD2;BRCA1;TSPO;TXNIP;CD14;ANXA1;JUN;BCL10;RHOB,Heart_Nuclei,Macrophage
13,logFC,Estrogen Response Late,0.41479833066890676,1.4561168061857426,0.06232294617563739,0.18619297856501316,0.814,26/84,19.01%,PRSS23;COX6C;AREG;HOMER2;CALCR;CCND1;SGK1;IDH2;STIL;TOP2A;BTG3;KLF4;EMP2;S100A9;IGFBP4;OVOL2;ATP2B4;LARGE1;CHPT1;SLC7A5;FARP1;ID2;PRKAR2B;OPN3;DNAJC1;TIAM1,Heart_Nuclei,Macrophage
14,logFC,UV Response Dn,0.39367729299431076,1.4256068240370299,0.06027397260273973,0.19421255041740923,0.857,20/97,13.06%,NFIB;DLC1;TJP1;PIK3R3;PTPN21;RND3;SYNE1;LAMC1;TGFBR3;PDLIM5;CITED2;SMAD7;TFPI;BHLHE40;BMPR1A;AGGF1;ATP2B4;GCNT1;MIOS;MAGI2,Heart_Nuclei,Macrophage
15,logFC,Adipogenesis,0.37976873546344986,1.4182417437987729,0.05913272010512484,0.18672718794903273,0.861,25/123,16.73%,SORBS1;SPARCL1;GPX3;MDH2;CYC1;ANGPTL4;UQCRC1;NDUFA5;IDH3A;CD151;PLIN2;SUCLG1;COQ9;PGM1;GHITM;MGST3;HADH;AK2;GRPEL1;SLC66A3;UBC;SDHB;GPHN;ACO2;STOM,Heart_Nuclei,Macrophage
16,logFC,Glycolysis,0.38047562053657336,1.4057292749318342,0.07466666666666667,0.18427410145879128,0.876,35/110,19.14%,EGFR;MDH1;PKP2;STMN1;MDH2;FAM162A;TPI1;GALK1;ANGPTL4;GOT2;LDHA;CITED2;VCAN;HK2;TXN;ERO1A;PYGL;SAP30;PGAM1;VEGFA;PGM2;SDC3;RRAGD;PYGB;HAX1;ALDH9A1;GLRX;ALDH7A1;HSPA5;PAM;AGL;PGK1;SLC35A3;CHST12;PC,Heart_Nuclei,Macrophage
17,logFC,IL-2/STAT5 Signaling,0.3730536529796353,1.3959404437514686,0.05874499332443257,0.181971912348256,0.892,29/117,14.57%,SPP1;PLPP1;GABARAPL1;RORA;IFITM3;EMP1;PRNP;SMPDL3A;SLC39A8;CD81;GPR65;IL1R2;COCH;PLIN2;SHE;PRKCH;HK2;DCPS;BHLHE40;UMPS;NFIL3;LCLAT1;PIM1;IRF8;SYNGR2;ECM1;RRAGD;SLC2A3;RHOB,Heart_Nuclei,Macrophage
18,logFC,Angiogenesis,0.5315650345193691,1.3715191034220906,0.12121212121212122,0.18967934505060885,0.916,6/16,12.12%,TIMP1;SPP1;VCAN;S100A4;VEGFA;LRPAP1,Heart_Nuclei,Macrophage
19,logFC,Androgen Response,0.38859975735487684,1.346337860437896,0.0759493670886076,0.1995324175006874,0.94,11/78,4.39%,HPGD;MYL12A;PLPP1;PTPN21;HOMER2;DBI;PMEPA1;CCND1;SGK1;PDLIM5;CDC14B,Heart_Nuclei,Macrophage
20,logFC,Apical Junction,0.3717091553109833,1.33427874088865,0.09762900976290098,0.19968026492334923,0.947,16/89,13.78%,PARVA;EGFR;TJP1;PIK3R3;MYH10;CDH4;YWHAH;VCAN;ACTG1;ACTB;VCL;PFN1;HADH;SDC3;TAOK2;EPB41L2,Heart_Nuclei,Macrophage
21,logFC,UV Response Up,0.36831779349436494,1.3260731566210096,0.0910344827586207,0.19669280827178567,0.953,24/89,19.32%,DNAJB1;GPX3;BSG;SELENOW;PSMC3;ATF3;NR4A1;PLCL1;CNP;BTG3;SOD2;BTG1;EPHX1;PPAT;GRPEL1;RHOB;JUNB;PTPRD;TMBIM6;CLTB;ATP6V1F;DDX21;NFKBIA;DNAJA1,Heart_Nuclei,Macrophage
22,logFC,Mitotic Spindle,0.33966787138997706,1.3082495826120069,0.09585492227979274,0.20307459533529362,0.964,35/159,16.51%,PALLD;SPTBN1;KIF15;KIF22;CDC42EP4;GSN;MID1;TPX2;NET1;MYH10;PDLIM5;MAP1S;DST;CENPF;KIF11;ANLN;RACGAP1;TOP2A;NUSAP1;VCL;SUN2;CENPE;ARHGEF3;ARF6;FLNA;LMNB1;TAOK2;ECT2;EPB41L2;PLEKHG2;SHROOM1;FARP1;SMC1A;RASAL2;FGD4,Heart_Nuclei,Macrophage
23,logFC,mTORC1 Signaling,0.3307906026075813,1.2666244838644511,0.09821428571428571,0.2360255539819801,0.979,41/141,22.27%,NUPR1;PIK3R3;GAPDH;TPI1;FKBP2;LDHA;HSPD1;PRDX1;IFI30;HK2;BHLHE40;TES;PGM1;ERO1A;NFIL3;HMGCR;NUFIP1;CACYBP;EIF2S2;LTA4H;SLC2A3;PDK1;GLRX;GPI;SLC7A5;NAMPT;IFRD1;HSPA5;NFKBIB;CORO1A;HSP90B1;FADS1;PGK1;ARPC5L;CTSC;HSPA9;DHFR;PPIA;PNP;SERP1;ATP2A2,Heart_Nuclei,Macrophage
24,logFC,Estrogen Response Early,0.3478728754268779,1.2156944154823777,0.16619718309859155,0.28846931590015895,0.99,21/88,16.08%,MAST4;PRSS23;DLC1;SVIL;AREG;AKAP1;CALCR;CCND1;SLC19A2;KAZN;BHLHE40;KLF4;IGFBP4;OVOL2;NAV2;TIPARP;CHPT1;KLF10;MPPED2;SLC7A5;FARP1,Heart_Nuclei,Macrophage
25,logFC,Bile Acid Metabolism,-0.31323304045759953,-1.2016370667640908,0.15759312320916904,0.6687929997996126,0.872,10/49,12.46%,PEX6;ABCA6;ABCA9;ABCA3;ABCD1;SLC23A2;PEX13;HSD17B4;PIPOX;IDI1,Heart_Nuclei,Macrophage
26,logFC,Unfolded Protein Response,0.332319820696584,1.182559515279549,0.19236209335219237,0.32435753233035486,0.994,25/84,22.13%,DNAJA4;ATF3;EIF4A3;RPS14;EIF4EBP1;IMP3;LSM4;ERO1A;EEF2;NOLC1;VEGFA;XPOT;NFYA;CCL2;BANF1;EIF2AK3;SLC7A5;HSPA5;HSP90B1;FKBP14;HSPA9;TATDN2;SPCS3;KHSRP;SERP1,Heart_Nuclei,Macrophage
27,logFC,Apical Surface,0.42923278091959255,1.118482806363751,0.329136690647482,0.41834897238990987,0.999,4/17,13.77%,HSPB1;BRCA1;SULF2;FLOT2,Heart_Nuclei,Macrophage
28,logFC,p53 Pathway,0.29634147500713787,1.1120199847830634,0.25268817204301075,0.4145158033079469,1.0,33/125,20.09%,NUPR1;ISCU;FAM162A;S100A10;SLC19A2;ATF3;CD81;RPS12;IFI30;RAD51C;VDR;S100A4;KLF4;PRKAB1;TXNIP;ACVR1B;RPL36;BTG1;ZBTB16;EPHX1;UPP1;ZMAT3;JUN;RACK1;RCHY1;STOM;PVT1;HINT1;COQ8A;MXD1;EI24;TSC22D1;NDRG1,Heart_Nuclei,Macrophage
29,logFC,KRAS Signaling Up,0.3007958761009833,1.0812794832699428,0.30264993026499304,0.45363637475887325,1.0,12/92,8.56%,SPARCL1;SPP1;SPRY2;ETV1;ANGPTL4;GPNMB;EMP1;ZNF639;CDADC1;TFPI;KLF4;ERO1A,Heart_Nuclei,Macrophage
30,logFC,Pperoxisome,0.31421510096545746,1.0683576201066494,0.3387334315169367,0.46164508028323337,1.0,22/68,17.99%,CADM1;IDH2;PRDX1;YWHAH;TOP2A;ESR2;SOD2;CTPS1;TSPO;SLC25A19;ACSL1;PEX11B;MSH2;FIS1;ERCC1;BCL10;ALDH9A1;STS;ALDH1A1;MLYCD;CNBP;FADS1,Heart_Nuclei,Macrophage
31,logFC,Hedgehog Signaling,0.4125052088987272,1.0501206728481556,0.40484429065743943,0.4810585514859117,1.0,6/16,21.99%,UNC5C;TLE1;VEGFA;DPYSL2;ETS2;CDK6,Heart_Nuclei,Macrophage
32,logFC,IL-6/JAK/STAT3 Signaling,-0.260449288449814,-1.0327557824315918,0.3880597014925373,1.0,0.994,20/60,28.54%,TNFRSF21;CXCL1;CD36;IL15RA;IL1B;TYK2;IRF9;CBL;STAM2;PIK3R5;TGFB1;STAT2;IL13RA1;CD38;TNFRSF1B;LTBR;TNFRSF1A;IL7;GRB2;IL17RA,Heart_Nuclei,Macrophage
33,logFC,DNA Repair,0.28135594516589296,1.0175278708325397,0.40413793103448276,0.5295381983038938,1.0,36/102,26.18%,MPC2;EIF1B;SURF1;LIG1;RPA2;POLR1C;COX17;UMPS;RFC3;PRIM1;POLR2G;RPA3;POLR2A;ERCC1;DUT;APRT;EDF1;SF3A3;ITPA;NUDT21;GTF2A2;SNAPC4;ERCC4;VPS37B;PNP;ERCC5;RNMT;RFC2;DAD1;NCBP2;POLA1;POLR2F;PDE4B;GPX4;TAF10;TMED2,Heart_Nuclei,Macrophage
34,logFC,Xenobiotic Metabolism,0.2843150231727886,1.0152077856036132,0.40852819807427787,0.5177451183305262,1.0,30/95,22.27%,GABARAPL1;MT2A;PDK4;ATOH8;TGFB2;PDLIM5;ACP1;DHRS1;FBP1;IGFBP4;IRF8;EPHX1;UPP1;PGD;PPARD;ALDH9A1;PROS1;TMBIM6;ABCC3;ACO2;SPINT2;ID2;PC;ETS2;ACP2;MTHFD1;SAR1B;PTGR1;CSAD;ATP2A2,Heart_Nuclei,Macrophage
35,logFC,Pancreas Beta Cells,0.4191591493703404,0.9924440908349338,0.46503496503496505,0.5450790989630238,1.0,3/11,11.68%,VDR;SRP14;STXBP1,Heart_Nuclei,Macrophage
36,logFC,PI3K/AKT/mTOR  Signaling,0.27590008679531214,0.9598945071240255,0.4744525547445255,0.5945930514716379,1.0,4/82,1.15%,EGFR;GNA14;ADCY2;PIK3R3,Heart_Nuclei,Macrophage
37,logFC,Allograft Rejection,0.25849029270261376,0.955900322538754,0.49331550802139035,0.5848949645803682,1.0,18/110,15.03%,EGFR;TIMP1;TGFB2;RPL9;GPR65;HLA-DQA1;RPS3A;BRCA1;IL16;FLNA;IRF8;HLA-DMA;GCNT1;CCL2;LY86;TLR1;BCL10;RIPK2,Heart_Nuclei,Macrophage
38,logFC,Notch Signaling,0.35505639274602036,0.9522173156140736,0.4862068965517241,0.5764509406491765,1.0,5/19,14.48%,TCF7L2;CCND1;SKP1;SAP30;PPARD,Heart_Nuclei,Macrophage
39,logFC,Interferon Alpha Response,-0.22958667329583304,-0.9458614733775067,0.5986394557823129,1.0,0.999,23/70,26.76%,SP110;PSME2;EPSTI1;TAP1;NMI;DDX60;UBA7;OAS1;IFI44L;IFIH1;IRF9;SAMD9;RNF31;STAT2;PSMB8;SAMD9L;EIF2AK2;SLC25A28;IFI44;RSAD2;IL7;TRIM5;CASP1,Heart_Nuclei,Macrophage
40,logFC,heme Metabolism,-0.21507663126101137,-0.9411943238113013,0.6428571428571429,1.0,0.999,21/116,15.84%,TNS1;FECH;PSMD9;KDM7A;ERMAP;LMO2;SLC22A4;DCUN1D1;GYPC;CCND3;DCAF10;NCOA4;BLVRA;BLVRB;GCLC;CTNS;RBM5;FBXO9;EPB41;FOXO3;RNF19A,Heart_Nuclei,Macrophage
41,logFC,Spermatogenesis,0.29306529819077676,0.936529027787126,0.5220700152207002,0.5916194535338672,1.0,5/42,7.05%,PEBP1;SLC2A5;DBF4;CFTR;SHE,Heart_Nuclei,Macrophage
42,logFC,TNF-alpha Signaling via NF-kB,0.23735051523858514,0.8975826860242524,0.6254927726675427,0.6539168298146949,1.0,31/131,19.64%,AREG;PMEPA1;CCND1;SGK1;EIF1;PDLIM5;ATF3;NR4A1;BHLHE40;BTG3;KLF4;SOD2;NFIL3;BTG1;VEGFA;CCL2;TIPARP;JUN;KLF10;CEBPD;SLC2A3;RHOB;JUNB;RIPK2;NAMPT;ID2;MXD1;KLF2;NFKBIA;ETS2;TSC22D1,Heart_Nuclei,Macrophage
43,logFC,Complement,0.2388610176356927,0.8796139651039493,0.629973474801061,0.6723835415490901,1.0,31/119,21.15%,TIMP1;SERPING1;PDP1;CALM3;CD59;RHOG;HSPA1A;ZEB1;PFN1;S100A9;PIK3CG;CTSH;PIM1;PSMB9;CTSO;RABIF;LAP3;LTA4H;GCA;C1QA;CTSL;HSPA5;FCER1G;FDX1;CALM1;CTSC;PLA2G7;C2;ADAM9;PLA2G4A;DOCK4,Heart_Nuclei,Macrophage
44,logFC,Interferon Gamma Response,-0.1822601392154173,-0.8419112602137154,0.8565217391304348,1.0,1.0,39/139,23.02%,P2RY14;IL15RA;SP110;PSME2;JAK2;EPSTI1;TAP1;NMI;OAS3;DDX60;XAF1;IL10RA;MVP;TOR1B;IFI44L;IFIH1;SECTM1;IRF9;NFKB1;RBCK1;LATS2;RNF31;NUP93;CMKLR1;CASP3;BANK1;STAT2;DDX58;IFNAR2;TNFAIP2;PSMB8;CIITA;RNF213;PML;SAMD9L;SAMHD1;CD38;EIF2AK2;SLC25A28,Heart_Nuclei,Macrophage
45,logFC,Inflammatory Response,-0.18334619970677535,-0.8128679420849778,0.8852459016393442,1.0,1.0,22/111,17.02%,GPR132;CXCL8;IL15RA;P2RX4;STAB1;IRAK2;GNA15;NMI;IL1B;ACVR2A;SCARF1;IL10RA;ATP2B1;NFKB1;HPN;ITGA5;PSEN1;PIK3R5;CMKLR1;HRH1;IL10;ATP2C1,Heart_Nuclei,Macrophage
46,logFC,KRAS Signaling Dn,0.24181072429406755,0.7824629582562252,0.7830769230769231,0.830089354534814,1.0,12/45,21.39%,PLAG1;SGK1;TGFB2;TCF7L1;SKIL;ZBTB16;KCNMB1;COQ8A;SLC16A7;MEFV;MX1;THRB,Heart_Nuclei,Macrophage
47,logFC,Myc Targets V2,-0.1977654641735751,-0.6984419910130255,0.9380281690140845,1.0,1.0,5/37,7.15%,MYBBP1A;RRP12;PUS1;SUPV3L1;TFB2M,Heart_Nuclei,Macrophage
48,logFC,Cholesterol Homeostasis,-0.17763104944267716,-0.6444359234282167,0.9834710743801653,0.9804956248747578,1.0,13/42,28.48%,LSS;HMGCS1;ATXN2;IDI1;ACSS2;STX5;HSD17B7;ALCAM;TP53INP1;CTNNB1;PDK3;ANTXR2;PPARG,Heart_Nuclei,Macrophage
49,logFC,Protein Secretion,0.17244040817202153,0.6093769552766736,0.989010989010989,0.9788746467212881,1.0,11/87,17.14%,EGFR;TOM1L1;ATP1A1;DST;CD63;GALC;BET1;AP2M1;BNIP3;ZW10;PAM,Heart_Nuclei,Macrophage
0,logFC,Myogenesis,0.7171590079397558,2.49618629020543,0.001,0.001,0.001,14/53,8.01%,MB;DES;IGFBP7;DMD;LAMA2;GSN;LARGE1;CFD;CD36;FDPS;FLII;TSC2;AKT2;ITGB5,Heart_Nuclei,Mono+mac
1,logFC,Oxidative Phosphorylation,0.5885440613716546,2.2735004811822987,0.001,0.002271611001964636,0.004,41/96,16.42%,COX7C;UQCRB;ATP5PB;COX4I1;ATP5F1D;COX5A;MDH1;ATP6V1F;SUCLG1;UQCRH;ATP5F1A;COX7A2;NDUFB8;ATP1B1;ACO2;ATP5F1E;ATP5MG;NDUFS6;ATP6V1D;GPI;SLC25A6;SLC25A3;ETFDH;UQCRC1;PDK4;NDUFB1;ATP5F1B;GPX4;SLC25A12;ATP6V1G1;CYB5R3;LDHA;IDH1;CASP7;COX6C;ACADVL;PDHX;SDHD;NDUFS1;MGST3;ATP6V1E1,Heart_Nuclei,Mono+mac
2,logFC,Inflammatory Response,-0.5057846279503883,-2.271992879892938,0.001,0.001,0.001,38/105,13.72%,IL1B;IL7R;ITGB8;RGS1;CSF3R;FPR1;MET;IL1R1;HBEGF;IL18R1;NOD2;MARCO;NAMPT;GCH1;CCL20;MMP14;PTAFR;HIF1A;TLR2;GPR132;RIPK2;IRAK2;GABBR1;GPR183;EREG;LYN;PIK3R5;TNFRSF1B;PSEN1;P2RX4;AQP9;C3AR1;RAF1;SLC11A2;IL18;ADM;RNF144B;CD14,Heart_Nuclei,Mono+mac
3,logFC,Myc Targets V1,0.5026268519641868,1.9675963753335417,0.0013869625520110957,0.04543222003929273,0.106,57/119,28.93%,HSPE1;RAN;COX5A;SNRPG;EIF1AX;RPS2;RPL22;CCT2;EIF2S1;RPL14;STARD7;PPIA;EEF1B2;RPS6;SNRPA1;PSMA7;SET;RPL18;HSP90AB1;SLC25A3;NAP1L1;RACK1;EIF3J;RPLP0;HNRNPA1;RPL34;RSL1D1;LDHA;CCT4;RPS5;PTGES3;HSPD1;DDX18;HDGF;G3BP1;RPS3;TFDP1;PSMA4;TCP1;RAD23B;NPM1;SRSF3;RPL6;DHX15;HDAC2;CCT5;PPM1G;YWHAQ;TOMM70;SSBP1;PCBP1;XPOT;EIF4G2;DDX21;CNBP;NOP56;IFRD1,Heart_Nuclei,Mono+mac
4,logFC,Epithelial Mesenchymal Transition,0.5534923711789098,1.946882949724984,0.0046439628482972135,0.04117294941060904,0.126,15/57,8.01%,DCN;TPM1;LAMA2;TIMP3;LGALS1;RHOB;JUN;IGFBP4;SPP1;FLNA;CD59;LAMC1;PPIB;FERMT2;ITGB5,Heart_Nuclei,Mono+mac
5,logFC,Cholesterol Homeostasis,0.5800758294005435,1.8217949791890722,0.013157894736842105,0.0756446463654224,0.252,10/31,8.25%,ATF3;LPL;FABP5;LDLR;CD9;S100A11;NIBAN1;LGALS3;FDPS;ACTG1,Heart_Nuclei,Mono+mac
6,logFC,IL-6/JAK/STAT3 Signaling,-0.4483158771763167,-1.7911238569781476,0.001,0.010818411386593204,0.029,23/55,19.77%,IL1B;IL1R2;CSF3R;IL1R1;IL18R1;CXCL3;LEPR;TYK2;PIM1;CXCL1;TLR2;PIK3R5;TNFRSF1B;GRB2;CSF2RA;CD14;IFNGR1;PTPN2;CD38;MAP3K8;IFNAR1;PTPN1;IL10RB,Heart_Nuclei,Mono+mac
7,logFC,TNF-alpha Signaling via NF-kB,-0.3617906998341147,-1.6570676221047196,0.001,0.03183348637894092,0.119,31/119,10.30%,IL1B;FOSL2;IER2;TNFAIP3;CCL4;IL7R;SLC2A3;NINJ1;HBEGF;PANX1;VEGFA;CXCL3;KYNU;FOS;TNFAIP8;NAMPT;KLF10;GCH1;CCL20;NFIL3;CXCL2;CXCL1;TLR2;RIPK2;TNIP1;GPR183;PLAU;DENND5A;PFKFB3;DRAM1;RELB,Heart_Nuclei,Mono+mac
8,logFC,mTORC1 Signaling,0.4047278175842559,1.5787574840782135,0.02145922746781116,0.20198407825802225,0.582,32/109,16.31%,HSPE1;GBE1;CTSC;PRDX1;LTA4H;LDLR;CD9;PPIA;CORO1A;GAPDH;ATP6V1D;ITGB2;CALR;NIBAN1;GPI;TXNRD1;MAP2K3;TPI1;ACACA;SEC11A;SLC7A5;HK2;PPP1R15A;IFI30;LDHA;IDH1;CCT6A;PDK1;ADIPOR2;ACLY;HSPD1;SQSTM1,Heart_Nuclei,Mono+mac
9,logFC,Coagulation,0.48317805351813037,1.5545386211445078,0.04482225656877898,0.19389822481055288,0.632,11/39,10.14%,TIMP3;GSN;CFD;LTA4H;P2RY1;PDGFB;CD9;PLEK;FURIN;A2M;THBD,Heart_Nuclei,Mono+mac
10,logFC,Myc Targets V2,0.6018236370608502,1.5533711080539772,0.037996545768566495,0.1705128008349705,0.636,7/14,23.59%,HSPE1;HK2;HSPD1;DDX18;WDR43;NPM1;UTP20,Heart_Nuclei,Mono+mac
11,logFC,Apoptosis,0.41834672471131207,1.5417283399040003,0.026836158192090395,0.15787696463654222,0.648,14/83,6.63%,DCN;HSPB1;TIMP3;ATF3;RHOB;JUN;GSN;SOD1;BCAP31;TSPO;PDCD4;LGALS3;IFITM3;DNAJA1,Heart_Nuclei,Mono+mac
12,logFC,Reactive Oxygen Species Pathway,0.5113483048008752,1.5250299063685275,0.048903878583473864,0.15481028978388997,0.678,10/26,21.56%,PRDX1;SOD1;CAT;MGST1;TXNRD1;FES;GPX4;TXN;PFKP;GSR,Heart_Nuclei,Mono+mac
13,logFC,Adipogenesis,0.409972206063644,1.5247861572288006,0.042682926829268296,0.14114964725843898,0.678,23/84,16.06%,LPL;GBE1;SUCLG1;SOD1;CAT;ACO2;UBC;SCARB1;CD36;PPP1R15B;PDCD4;UQCRC1;LPCAT3;NABP1;GPX4;IDH1;PLIN2;ADIPOR2;ACLY;TKT;MGST3;GHITM;STAT5A,Heart_Nuclei,Mono+mac
14,logFC,Fatty Acid Metabolism,0.4311645441916334,1.515142229422818,0.037481259370314844,0.13516085461689586,0.692,25/57,24.43%,LGALS1;HSPH1;EPHX1;MDH1;SUCLG1;ACO2;HSP90AA1;CD36;ETFDH;RAP1GDS1;PTPRG;LDHA;IDH1;ACADVL;ADIPOR2;SDHD;S100A10;HSDL2;HIBCH;SERINC1;ELOVL5;ACADM;GABARAPL1;BLVRA;METAP1,Heart_Nuclei,Mono+mac
15,logFC,Notch Signaling,-0.5254796080759148,-1.505028239568208,0.05867970660146699,0.074982782369146,0.321,6/15,14.88%,NOTCH1;DTX2;PPARD;FBXW11;TCF7L2;RBX1,Heart_Nuclei,Mono+mac
16,logFC,KRAS Signaling Up,-0.34751097276872867,-1.4618674967672798,0.012269938650306749,0.08117539026629934,0.408,20/76,14.12%,IL1B;ALDH1A2;TNFAIP3;IL7R;AMMECR1;HBEGF;PRDM1;CCL20;MAP3K1;EPB41L3;EREG;PLAU;TNFRSF1B;CSF2RA;GLRX;CAB39L;C3AR1;ATG10;CTSS;PTBP2,Heart_Nuclei,Mono+mac
17,logFC,Hypoxia,0.3785376806955233,1.4549965535599325,0.053314121037463975,0.1653907548738099,0.79,22/92,13.11%,DCN;ATF3;JUN;GBE1;S100A4;LARGE1;RORA;PDGFB;SCARB1;RRAGD;IDS;GAPDH;GPI;TPI1;NDST1;HK2;PPP1R15A;HMOX1;LDHA;PLIN2;MYH9;PDK1,Heart_Nuclei,Mono+mac
18,logFC,Interferon Gamma Response,-0.31389650590526036,-1.4245993711343528,0.020618556701030927,0.08692033976124885,0.493,40/113,26.46%,IFI44;STAT4;TNFAIP3;PELI1;FPR1;NAMPT;GCH1;FGL2;PIM1;HIF1A;RIPK2;UPP1;ADAR;ST8SIA4;MX2;HLA-DQA1;CD74;IFI44L;AUTS2;SPPL2A;PTPN2;CD38;EPSTI1;SAMHD1;PNP;PTPN1;PARP14;IRF2;PLSCR1;MT2A;TRIM14;DDX60;RNF213;CD274;HLA-DRB1;NFKBIA;LCP2;NOD1;SRI;LATS2,Heart_Nuclei,Mono+mac
19,logFC,Angiogenesis,0.5119278657454996,1.348260681629757,0.1169284467713787,0.2530412398259893,0.923,4/16,3.02%,LPL;S100A4;SPP1;FGFR1,Heart_Nuclei,Mono+mac
20,logFC,IL-2/STAT5 Signaling,-0.3008905848311406,-1.3388778897915963,0.04560260586319218,0.13504361799816347,0.694,30/99,19.79%,SLC39A8;IL1R2;SLC2A3;TWSG1;IL18R1;RHOH;CDC42SE2;FGL2;NFIL3;PIM1;MYO1C;CDCP1;DENND5A;TNFRSF1B;P2RX4;PRKCH;SPRED2;IKZF2;TTC39B;GLIPR2;WLS;GALM;IFNGR1;HIPK2;POU2F1;SMPDL3A;MAP3K8;SWAP70;PNP;SNX14,Heart_Nuclei,Mono+mac
21,logFC,Xenobiotic Metabolism,0.3634162385212645,1.3058247122949285,0.1141552511415525,0.2877373935821873,0.951,20/68,12.12%,EPHX1;TMEM176B;ARPP19;IGFBP4;CAT;ACO2;ESR1;SSR3;CD36;CYP27A1;SMOX;MCCC2;GART;SLC35D1;LONP1;ETFDH;PDK4;BLVRB;HMOX1;IDH1,Heart_Nuclei,Mono+mac
22,logFC,p53 Pathway,0.33583888373657844,1.2967936691240258,0.10948905109489052,0.2818927277750491,0.958,19/95,11.71%,ATF3;EPHX1;SLC19A2;JUN;S100A4;CTSD;VAMP8;RPS12;RPL18;TSC22D1;HINT1;RPL36;RACK1;SLC35D1;RAB40C;DNTTIP2;PPP1R15A;IFI30;HMOX1,Heart_Nuclei,Mono+mac
23,logFC,Wnt-beta Catenin Signaling,-0.4309124675253064,-1.1942331966309787,0.24249422632794457,0.27969323921028466,0.932,2/13,1.41%,NOTCH1;PPARD,Heart_Nuclei,Mono+mac
24,logFC,Apical Surface,0.46060931786408654,1.1538585268368258,0.28522920203735147,0.5113797237952155,0.999,3/13,13.54%,HSPB1;DCBLD2;ADIPOR2,Heart_Nuclei,Mono+mac
25,logFC,Pperoxisome,0.3398207760481797,1.1406012410820228,0.25728155339805825,0.5102921714691115,0.999,10/45,12.12%,PRDX1;ITGB1BP1;SOD1;CAT;GNPAT;TSPO;FDPS;SLC25A17;CDK7;IDH1,Heart_Nuclei,Mono+mac
26,logFC,TGF-beta Signaling,-0.29837830513870706,-1.1014689102341453,0.3079019073569482,0.40852974186307517,0.994,9/37,17.00%,THBS1;KLF10;RAB31;HDAC1;SLC20A1;MAP3K7;SMURF2;JUNB;HIPK2,Heart_Nuclei,Mono+mac
27,logFC,Unfolded Protein Response,0.3015557422200009,1.0844979447722054,0.30218068535825543,0.6153674645848413,1.0,11/63,9.56%,ATF3;ARFGAP1;EIF2S1;RPS14;CCL2;CALR;EEF2;ATP6V0D1;SEC11A;NABP1;SLC7A5,Heart_Nuclei,Mono+mac
28,logFC,Allograft Rejection,-0.2407263399796705,-1.0518725379414962,0.31893687707641194,0.4672807621671258,1.0,20/92,16.04%,IL1B;STAT4;CCL4;HIF1A;TLR2;RIPK2;ST8SIA4;EREG;LYN;PTPRC;HLA-DQA1;ABCE1;CD74;CD4;IL18;CTSS;IL16;IFNGR1;HCLS1;MAP3K7,Heart_Nuclei,Mono+mac
29,logFC,Estrogen Response Late,0.3015391416604819,1.033471923944504,0.36503067484662577,0.7128315324165029,1.0,11/52,13.45%,LARGE1;IGFBP4;FABP5;SCARB1;CD9;PDCD4;BLVRB;SLC7A5;ATP2B4;COX6C;MYOF,Heart_Nuclei,Mono+mac
30,logFC,Glycolysis,0.2729509769706738,1.021162292734117,0.39420289855072466,0.7104733838525588,1.0,7/78,5.61%,DCN;MDH1;ARPP19;SOD1;RRAGD;PPIA;TPI1,Heart_Nuclei,Mono+mac
31,logFC,UV Response Up,0.2864799607514738,1.0100161479759955,0.43098159509202455,0.7067807867476336,1.0,15/61,16.31%,ATF3;EPHX1;RHOB;ATP6V1F;SELENOW;DNAJA1;FURIN;HMOX1;PPP1R2;GLS;AMD1;CREG1;AP2S1;EIF5;SQSTM1,Heart_Nuclei,Mono+mac
32,logFC,Estrogen Response Early,0.2873295962925689,0.9982159955190727,0.4354587869362364,0.7040018792175622,1.0,22/58,26.25%,KAZN;SLC19A2;IGFBP4;SCARB1;MAST4;IGF1R;BLVRB;SLC7A5;MYOF;ABHD2;RHOBTB3;KDM4B;UGCG;NRIP1;ELOVL5;INPP5F;SLC37A1;NADSYN1;TIAM1;NAV2;CHPT1;BCL2,Heart_Nuclei,Mono+mac
33,logFC,KRAS Signaling Dn,-0.28927554264177097,-0.9740581424048076,0.48743718592964824,0.5944360965022122,1.0,10/29,22.01%,TG;RYR1;VPS50;ZBTB16;IFI44L;DTNB;CAMK1D;PTPRJ;CD80;THRB,Heart_Nuclei,Mono+mac
34,logFC,Apical Junction,0.26174587361753404,0.9601849237605504,0.5014970059880239,0.7715905370006549,1.0,33/70,34.18%,EVL;ACTB;AKT2;ACTG1;PFN1;MYL12B;CD276;MYH9;LIMA1;GNAI2;NF2;ZYX;CD209;PKD1;SORBS3;CD99;RASA1;VAV2;STX4;CTNND1;ITGB1;CTNNA1;B4GALT1;ARPC2;CAP1;ARHGEF6;PTK2;ITGA9;AKT3;VCL;TSPAN4;MPP5;MSN,Heart_Nuclei,Mono+mac
35,logFC,Spermatogenesis,-0.2811167505220109,-0.9588844909143979,0.541871921182266,0.5779767370676462,1.0,9/30,20.51%,EZH2;PGS1;STRBP;IDE;BRAF;TLE4;MTOR;SIRT1;PIAS2,Heart_Nuclei,Mono+mac
36,logFC,Protein Secretion,0.24667930346368125,0.9294399838108183,0.5701357466063348,0.8149631630648331,1.0,16/79,20.12%,CD63;CTSC;SOD1;ATP1A1;RER1;VAMP3;ZW10;VAMP7;RAB14;AP2S1;SCRN1;ICA1;NAPG;ARCN1;CLCN3;PAM,Heart_Nuclei,Mono+mac
37,logFC,DNA Repair,0.2604508110381151,0.9053398432420321,0.5766192733017378,0.8441655961916277,1.0,10/53,14.92%,ARL6IP1;RFC3;BCAP31;DGCR8;GUK1;GTF2B;DAD1;GPX4;NFX1;POLA1,Heart_Nuclei,Mono+mac
38,logFC,UV Response Dn,0.2412860463485216,0.90099974536564,0.6041979010494752,0.8229541857672997,1.0,21/85,21.50%,MAGI2;INPP4B;RND3;LDLR;LAMC1;IGF1R;SYNE1;ATP2B4;ARHGEF9;SYNJ2;DAB2;NOTCH2;SPOP;FYN;AGGF1;ICA1;PDLIM5;ANXA2;APBB2;PLPP3;ANXA4,Heart_Nuclei,Mono+mac
39,logFC,Pancreas Beta Cells,0.3941695189299741,0.8891188915935375,0.5660377358490566,0.8214713285854617,1.0,3/8,10.84%,SRP14;SEC11A;SRP9,Heart_Nuclei,Mono+mac
40,logFC,Bile Acid Metabolism,0.28477960883265147,0.870303754320032,0.6191247974068071,0.8354828602398211,1.0,6/29,13.84%,SOD1;CAT;GNPAT;CYP27A1;IDH1;OPTN,Heart_Nuclei,Mono+mac
41,logFC,Complement,0.21760969007174782,0.8321495040253825,0.7485714285714286,0.8897143091028159,1.0,16/101,14.44%,HSPA1A;CTSC;CTSD;LTA4H;PDGFB;CD36;PLEK;LGALS3;CD59;PFN1;PIK3CA;VCPIP1;CALM1;CASP7;GNAI2;ITGAM,Heart_Nuclei,Mono+mac
42,logFC,Interferon Alpha Response,0.23768098762237516,0.8064361209261625,0.7575301204819277,0.9147630949363078,1.0,12/47,18.02%,TENT5A;IFITM3;OGFR;GBP2;NUB1;IFI30;NMI;PNPT1;PARP9;TRIM26;B2M;IRF1,Heart_Nuclei,Mono+mac
43,logFC,Hedgehog Signaling,0.28637135624279053,0.7572170502841034,0.7879858657243817,0.9748405651399803,1.0,3/15,12.94%,TLE1;CDK6;MYH9,Heart_Nuclei,Mono+mac
44,logFC,E2F Targets,0.2055611774309718,0.7492996260826074,0.8528528528528528,0.9577593841162112,1.0,21/64,29.83%,RAN;RFC3;TUBB;EIF2S1;NUP107;NAP1L1;ZW10;NUP153;SMC4;RAD50;SLBP;PSIP1;SMC1A;MTHFD2;MRE11;PNN;NOP56;BARD1;MLH1;HUS1;RAD21,Heart_Nuclei,Mono+mac
45,logFC,G2-M Checkpoint,0.19653637205256963,0.7491213157274285,0.8978102189781022,0.9297570206864672,1.0,15/91,18.79%,DMD;NCL;HMGN2;MTF2;SLC7A5;ORC5;AMD1;SMC4;HSPA8;DR1;MNAT1;G3BP1;NOTCH2;KIF5B;TFDP1,Heart_Nuclei,Mono+mac
46,logFC,PI3K/AKT/mTOR  Signaling,0.19677193676570226,0.7198572554680938,0.8992481203007519,0.9436596618018523,1.0,12/62,16.31%,CALR;MAP2K3;ACACA;CFL1;TSC2;PRKAR2A;PFN1;PDK1;DUSP3;ARHGDIA;PIKFYVE;SQSTM1,Heart_Nuclei,Mono+mac
47,logFC,Mitotic Spindle,-0.15004356140352454,-0.6924690543838569,1.0,0.9476584022038568,1.0,29/123,24.12%,PCNT;RHOT2;BIN1;RANBP9;ARHGAP4;ARHGEF3;TUBGCP5;SMC3;PREX1;PCM1;FARP1;OPHN1;TUBGCP3;DOCK2;MARK4;SSH2;STAU1;EPB41;CDC27;PAFAH1B1;RASA2;PCGF5;HOOK3;BCR;CLASP1;FGD4;PPP4R2;TUBGCP2;DOCK4,Heart_Nuclei,Mono+mac
48,logFC,heme Metabolism,0.1640162114637185,0.6261430494930637,0.9855699855699855,0.9927886583169613,1.0,29/94,29.01%,CAT;MAP2K3;SMOX;TRAK2;NARF;CTNS;BLVRB;DCAF10;RBM5;DAAM1;OPTN;TNS1;MGST3;HDGF;FBXO7;CLCN3;TCEA1;LPIN2;BTG2;NFE2L1;PSMD9;BLVRA;MXI1;RNF19A;NNT;VEZF1;ADD1;TMEM9B;CAST,Heart_Nuclei,Mono+mac
49,logFC,Androgen Response,0.17909846109708796,0.6228360355510006,0.9718100890207715,0.9675527996070727,1.0,12/58,21.84%,MYL12A;INPP4B;DBI;TSC22D1;CDK6;RAB4A;B2M;UBE2I;ABHD2;PDLIM5;GSR;ELOVL5,Heart_Nuclei,Mono+mac
0,logFC,E2F Targets,0.7365200475499829,2.4280605802263113,0.001,0.001,0.001,24/48,14.38%,DIAPH3;ATAD2;BARD1;SMC4;BRCA2;MMS22L;TACC3;RFC3;EZH2;SHMT1;NASP;POLD3;DEK;NUP107;CTCF;PRIM2;NUP205;ORC2;CSE1L;SMC3;XPO1;PRKDC;DNMT1;TRA2B,Heart_Nuclei,Monocyte
1,logFC,Allograft Rejection,-0.48638486688072063,-1.8997873999225159,0.001,0.00780643910007758,0.007,32/69,15.58%,EREG;FGR;GBP2;WAS;CTSS;CCND3;PRKCB;LYN;LY86;IFNAR2;RPL9;IFNGR1;IFNGR2;HLA-DRA;UBE2D1;CD86;ITGB2;HLA-A;RPS19;FLNA;NLRP3;CD74;RPS9;CSK;EIF3J;HIF1A;PTPRC;PTPN6;ACVR2A;ST8SIA4;FYB1;B2M,Heart_Nuclei,Monocyte
2,logFC,KRAS Signaling Dn,0.6724441146918184,1.8132484327824556,0.0018214936247723133,0.021139705882352942,0.044,5/19,3.42%,BARD1;THRB;DTNB;SELENOP;PRKN,Heart_Nuclei,Monocyte
3,logFC,G2-M Checkpoint,0.4927572608552803,1.731794564737429,0.001579778830963665,0.041666666666666664,0.125,25/72,18.49%,KIF20B;BARD1;SMC4;BRCA2;TACC3;NSD2;RBL1;MT2A;RASAL2;EZH2;NASP;WRN;CTCF;HMGN2;PRIM2;FANCC;XPO1;MNAT1;TRA2B;G3BP1;E2F3;SRSF10;SMC1A;TENT4A;RAD21,Heart_Nuclei,Monocyte
4,logFC,UV Response Dn,0.4541789107625798,1.5844540351049237,0.016474464579901153,0.12568933823529413,0.402,15/70,9.87%,RND3;PMP22;BMPR1A;NRP1;DAB2;PTPRM;SFMBT1;ICA1;KCNMA1;APBB2;CDC42BPA;PDLIM5;GCNT1;GRK5;MGLL,Heart_Nuclei,Monocyte
5,logFC,Mitotic Spindle,0.42050100872947027,1.5659462717602277,0.0074962518740629685,0.12040441176470588,0.46,22/110,12.58%,FARP1;KIF20B;SMC4;EPB41L2;BRCA2;ARHGEF12;DST;RASAL2;ITSN1;CDC42BPA;CEP192;CKAP5;ARHGAP5;CDK5RAP2;KIFAP3;PCGF5;PDLIM5;OPHN1;SMC3;RAPGEF6;PCNT;ALMS1,Heart_Nuclei,Monocyte
6,logFC,Notch Signaling,-0.6287237207405858,-1.556884095231371,0.02569593147751606,0.20464022498060513,0.301,5/11,12.11%,TCF7L2;ARRB1;NOTCH2;PRKCA;CUL1,Heart_Nuclei,Monocyte
7,logFC,Estrogen Response Early,0.46989314817722017,1.5068422902720913,0.036605657237936774,0.1564031862745098,0.608,11/44,11.14%,NAV2;FARP1;MPPED2;RPS6KA2;RHOBTB3;SIAH2;PAPSS2;IL6ST;SNX24;NRIP1;AFF1,Heart_Nuclei,Monocyte
8,logFC,Inflammatory Response,-0.3831776854876352,-1.4922179283873975,0.012690355329949238,0.2234128523403155,0.451,27/71,19.34%,EREG;AQP9;CSF3R;SEMA4D;TNFRSF1B;TNFSF10;LYN;PIK3R5;IFNGR2;PLAUR;MXD1;PTPRE;NLRP3;P2RX7;SLC31A2;ITGA5;HIF1A;AHR;PTAFR;ACVR2A;NOD2;PSEN1;IL10RA;GNA15;FPR1;EMP3;RIPK2,Heart_Nuclei,Monocyte
9,logFC,Apical Surface,-0.6097027258933952,-1.4793884063926643,0.060784313725490195,0.19209416214119474,0.501,5/11,6.89%,SULF2;CRYBG1;LYN;ADIPOR2;PLAUR,Heart_Nuclei,Monocyte
10,logFC,Hedgehog Signaling,0.6044186812566221,1.4388780909221153,0.07434944237918216,0.21612394957983194,0.772,3/11,9.89%,NRP1;NRP2;OPHN1,Heart_Nuclei,Monocyte
11,logFC,Epithelial Mesenchymal Transition,0.4651007666429209,1.4271096508896797,0.05432937181663837,0.2035845588235294,0.798,9/37,7.33%,PMP22;TPM1;DAB2;DST;SPP1;ITGB5;GADD45B;BASP1;CALU,Heart_Nuclei,Monocyte
12,logFC,Myogenesis,0.4972853539406736,1.3852578321098634,0.10535714285714286,0.23692810457516342,0.887,5/24,4.57%,NAV2;PDE4DIP;ITGB5;GADD45B;DTNA,Heart_Nuclei,Monocyte
13,logFC,Estrogen Response Late,0.4187463241533409,1.2966141020291784,0.14038128249566725,0.3518382352941177,0.974,8/38,11.14%,FARP1;RPS6KA2;SIAH2;PAPSS2;IL6ST;NRIP1;ZFP36;AFF1,Heart_Nuclei,Monocyte
14,logFC,Apoptosis,-0.32938077861443266,-1.2389579627550076,0.11616161616161616,0.71083204034135,0.953,20/57,20.78%,EREG;NEDD9;TNFSF10;SAT1;PLCB2;IFNGR1;BID;LGALS3;PAK1;RARA;GSR;CYLD;TXNIP;ADD1;PSEN1;DAP;CASP8;GNA15;BNIP3L;CFLAR,Heart_Nuclei,Monocyte
15,logFC,Spermatogenesis,0.4485348157639993,1.2302233998376637,0.22183098591549297,0.44827874331550804,0.991,9/20,23.59%,EZH2;TOPBP1;CLPB;PIAS2;PRKAR2A;IP6K1;AGFG1;MLLT10;MAST2,Heart_Nuclei,Monocyte
16,logFC,IL-6/JAK/STAT3 Signaling,-0.3556272633189055,-1.2225849080818074,0.167816091954023,0.6457040341349884,0.964,11/38,10.70%,ITGA4;CSF2RA;CSF3R;CD36;TNFRSF1B;IFNGR1;PIK3R5;IFNGR2;TYK2;CBL;IL10RB,Heart_Nuclei,Monocyte
17,logFC,Angiogenesis,0.557947013145842,1.221651882376595,0.2535496957403651,0.42784926470588236,0.992,3/9,5.49%,NRP1;SPP1;PTK2,Heart_Nuclei,Monocyte
18,logFC,Cholesterol Homeostasis,-0.3992104613431327,-1.2005310471974393,0.22746781115879827,0.6211695112490302,0.973,8/21,15.82%,PPARG;ALCAM;SREBF2;PLAUR;NIBAN1;LGALS3;ACSS2;ATXN2,Heart_Nuclei,Monocyte
19,logFC,Complement,-0.29791675546679997,-1.1881633390739463,0.14713896457765668,0.5792099010861133,0.98,14/78,9.67%,FCN1;FYN;DUSP6;CD36;LTA4H;WAS;CTSS;LYN;PIK3R5;PLAUR;DGKG;AKAP10;LGALS3;CPQ,Heart_Nuclei,Monocyte
20,logFC,Interferon Alpha Response,0.3576536015588012,1.1338128227045718,0.27353463587921845,0.5842760180995475,0.998,12/39,15.16%,IL7;IFITM3;NCOA7;IFI44;DDX60;LAP3;TRIM26;SAMD9L;EIF2AK2;TRIM14;EPSTI1;MX1,Heart_Nuclei,Monocyte
21,logFC,Reactive Oxygen Species Pathway,-0.41315284186894086,-1.0943437309242319,0.33774834437086093,0.7961328764761658,0.998,3/15,11.14%,MBP;SCAF4;GSR,Heart_Nuclei,Monocyte
22,logFC,KRAS Signaling Up,-0.2895829243415059,-1.0780212560729712,0.32266666666666666,0.7690457719162141,0.998,12/56,8.86%,EREG;CSF2RA;DUSP6;TNFRSF1B;CTSS;CD37;PECAM1;LAT2;IKZF1;PLAUR;ITGB2;CBL,Heart_Nuclei,Monocyte
23,logFC,p53 Pathway,-0.28213053354496065,-1.0752099315822914,0.29923273657289,0.7073444883278087,0.998,16/60,13.85%,PLXNB2;CCND3;SAT1;ABAT;S100A4;MDM2;APAF1;BTG1;MXD1;IFI30;PTPRE;PITPNC1;VDR;TXNIP;PRMT2;RACK1,Heart_Nuclei,Monocyte
24,logFC,Pancreas Beta Cells,-0.5107674057134919,-1.036662287026772,0.4327485380116959,0.7564811223170417,0.999,3/6,21.83%,FOXO1;VDR;ELP4,Heart_Nuclei,Monocyte
25,logFC,PI3K/AKT/mTOR  Signaling,-0.2828510608059718,-1.0366573719404149,0.3852040816326531,0.6982902667541924,0.999,19/51,35.60%,PLCB1;PRKCB;RPS6KA3;RPS6KA1;DAPP1;MAPK1;STAT2;RAC1;SLA;MAPK8;ARF1;ARPC3;CFL1;SMAD2;ACTR3;CAB39;ACTR2;GRB2;GRK2,Heart_Nuclei,Monocyte
26,logFC,TNF-alpha Signaling via NF-kB,-0.2640093063683567,-1.035903219114384,0.37119113573407203,0.6498462263105397,0.999,24/76,23.57%,AREG;SMAD3;SAT1;IFNGR2;BCL6;PLAUR;BTG1;IRS2;MXD1;SLC16A6;PTPRE;NFAT5;FOSL2;PER1;DENND5A;TNFAIP2;CD83;RIPK2;PNRC1;CFLAR;TLR2;REL;LITAF;ID2,Heart_Nuclei,Monocyte
27,logFC,IL-2/STAT5 Signaling,0.2939776660408281,1.021974001203112,0.4019448946515397,0.8195903361344539,1.0,8/69,4.42%,NRP1;EMP1;WLS;SPP1;GALM;LCLAT1;IFITM3;GADD45B,Heart_Nuclei,Monocyte
28,logFC,DNA Repair,0.3341349660350491,1.0059404407067203,0.45854483925549916,0.8058823529411765,1.0,9/32,20.15%,RFC3;POLA1;POLD3;PDE4B;ELL;SEC61A1;POM121;CSTF3;DDB2,Heart_Nuclei,Monocyte
29,logFC,Fatty Acid Metabolism,0.3154786691399548,0.9800837756130958,0.4850498338870432,0.8161190257352942,1.0,15/37,23.17%,ME1;SMS;MGLL;HIBCH;SUCLA2;SDHA;ACO2;HSD17B11;SUCLG2;GLUL;GPD2;DLST;NBN;IDH1;HSDL2,Heart_Nuclei,Monocyte
30,logFC,mTORC1 Signaling,-0.24979926489171872,-0.9704452738318595,0.5055555555555555,0.7820565037496767,1.0,16/75,16.26%,LTA4H;SLC6A6;ADIPOR2;NIBAN1;IFI30;ITGB2;DAPP1;CORO1A;SERP1;GSR;ADD3;HSPA4;FGL2;GTF2H1;TES;IFRD1,Heart_Nuclei,Monocyte
31,logFC,UV Response Up,-0.2760846790930481,-0.955134378145842,0.5369458128078818,0.7717919656710629,1.0,7/40,7.06%,ARRB2;CCND3;LYN;RAB27A;AGO2;BID;BTG1,Heart_Nuclei,Monocyte
32,logFC,Bile Acid Metabolism,-0.32437253663582266,-0.9489747670954494,0.5372807017543859,0.742398918450235,1.0,2/19,3.00%,AQP9;ATXN1,Heart_Nuclei,Monocyte
33,logFC,Coagulation,0.3305752202853346,0.9458619874431198,0.5484429065743944,0.855049740484429,1.0,5/24,8.64%,LGMN;PROS1;C1QA;CTSB;ANXA1,Heart_Nuclei,Monocyte
34,logFC,Pperoxisome,-0.2945619586524593,-0.9409833271054601,0.5446224256292906,0.7185021765365055,1.0,6/28,21.07%,ATXN1;SMARCC1;ACOX1;ACAA1;ACSL4;VPS4B,Heart_Nuclei,Monocyte
35,logFC,Androgen Response,0.2846884873454733,0.9370251531194376,0.5574324324324325,0.8291973039215687,1.0,8/45,8.96%,SELENOP;ABCC4;MAF;ANKH;SMS;PDLIM5;MERTK;IQGAP2,Heart_Nuclei,Monocyte
36,logFC,Hypoxia,-0.24606365384671255,-0.9344102960055312,0.5898123324396782,0.6966513208933894,1.0,15/63,16.68%,AMPD3;SLC6A6;S100A4;SDC2;PLAUR;BTG1;IRS2;NAGK;HK1;KDM3A;PRKCA;FOSL2;MAP3K1;TES;EXT1,Heart_Nuclei,Monocyte
37,logFC,Interferon Gamma Response,0.24934948788267755,0.9210863174809836,0.6022544283413849,0.8224167956656346,1.0,20/87,15.56%,IL7;MT2A;AUTS2;IFITM3;IFI44;ICAM1;PDE4B;CMKLR1;NOD1;DDX60;NFKBIA;LAP3;TRIM26;SAMD9L;RAPGEF6;EIF2AK2;TRIM14;EPSTI1;MX1;IRF8,Heart_Nuclei,Monocyte
38,logFC,Adipogenesis,-0.2364331450750881,-0.8930576066531865,0.68,0.7471319821567107,1.0,9/63,10.21%,PPARG;CD36;ESRRA;TKT;IFNGR1;ADIPOR2;BCL6;DRAM2;NABP1,Heart_Nuclei,Monocyte
39,logFC,Protein Secretion,0.2594564781085037,0.8836196779983302,0.625585023400936,0.864108455882353,1.0,7/56,10.57%,DST;ICA1;CLTA;GOLGA4;PAM;ABCA1;ATP6V1H,Heart_Nuclei,Monocyte
40,logFC,Xenobiotic Metabolism,0.2719169867205377,0.8817947412424618,0.6335616438356164,0.8277310924369748,1.0,19/46,24.71%,ESR1;PROS1;MT2A;PDK4;PAPSS2;PDLIM5;HMOX1;ACO2;CSAD;IRF8;BCAT1;MAN1A1;NINJ1;CNDP2;ARPP19;IDH1;TNFRSF1A;LPIN2;GSTO1,Heart_Nuclei,Monocyte
41,logFC,Wnt-beta Catenin Signaling,-0.3993502643205954,-0.8779863394046862,0.6357758620689655,0.7408682441168865,1.0,5/7,29.87%,NUMB;CUL1;ADAM17;CTNNB1;PPARD,Heart_Nuclei,Monocyte
42,logFC,TGF-beta Signaling,-0.2662920445345028,-0.8683416273367416,0.6659192825112108,0.7252384688624021,1.0,5/29,11.09%,SMAD3;HIPK2;IFNGR2;ARID4B;SMURF1,Heart_Nuclei,Monocyte
43,logFC,Glycolysis,0.25026924294151304,0.82437509838002,0.7614991482112436,0.905038435828877,1.0,14/49,17.75%,ME1;NASP;PAM;PPP2CB;MERTK;ME2;GALK2;PPIA;P4HA1;PYGL;FUT8;UGP2;GYS1;TGFBI,Heart_Nuclei,Monocyte
44,logFC,heme Metabolism,0.2288700061158643,0.8007882754283533,0.8106060606060606,0.9068893861892583,1.0,17/69,20.61%,MFHAS1;ARHGEF12;CLIC2;DAAM1;CTSB;SNCA;MPP1;BMP2K;ELL2;TNS1;AGPAT4;RAD23A;LAMP2;CLCN3;SYNJ1;SLC11A2;NNT,Heart_Nuclei,Monocyte
45,logFC,Apical Junction,0.22543629332994497,0.7546971158926313,0.8631239935587761,0.941827512254902,1.0,5/54,5.86%,EPB41L2;ITGA9;MPP5;PTK2;ICAM1,Heart_Nuclei,Monocyte
46,logFC,Oxidative Phosphorylation,0.23176120648401832,0.7474237788051977,0.8652597402597403,0.9145955882352941,1.0,13/47,20.61%,PDK4;COX10;ATP6V1H;SUCLA2;HSPA9;SDHA;ACO2;ATP6V1C1;LRPPRC;PDHX;DLST;NDUFS4;NNT,Heart_Nuclei,Monocyte
47,logFC,Myc Targets V2,0.3512985107064445,0.7048306126507713,0.8095238095238095,0.9305712669683258,1.0,3/6,32.21%,HSPD1;NPM1;PRMT3,Heart_Nuclei,Monocyte
48,logFC,Unfolded Protein Response,-0.14437144740028302,-0.5167770103825311,0.9975308641975309,0.9912238169123352,1.0,11/43,30.60%,RPS14;NABP1;HERPUD1;SERP1;SLC30A5;PARN;EIF4A1;CNOT2;EEF2;ATP6V0D1;DDIT4,Heart_Nuclei,Monocyte
49,logFC,Myc Targets V1,0.13179185105812552,0.46856620038108354,1.0,0.9960852396514162,1.0,18/76,23.96%,DEK;ORC2;XPO1;PPIA;PSMD14;TRA2B;SRSF7;G3BP1;YWHAQ;UBE2L3;NCBP1;SF3B3;DHX15;KPNB1;HSPD1;HNRNPR;SRPK1;EIF2S2,Heart_Nuclei,Monocyte
0,logFC,Oxidative Phosphorylation,0.7669090374591453,2.0440070374896337,0.001,0.001,0.001,108/192,13.28%,UQCR10;ECH1;COX4I1;UQCRB;ATP5F1E;NDUFA3;COX6B1;ETFB;COX6C;COX7C;NDUFA1;COX7B;NDUFA8;ATP5MC3;NDUFA4;NDUFB7;NDUFB3;TIMM13;SLC25A4;ATP5PF;COX5B;TIMM10;NDUFAB1;COX5A;MDH1;ATP5PD;ATP5F1B;ATP6V1F;COX6A1;UQCRQ;NDUFB4;ATP5F1A;SLC25A3;NDUFB2;COX7A2;MDH2;TOMM22;ATP5ME;HSD17B10;NDUFC1;ATP5MC1;ATP5F1D;ATP5MG;SLC25A11;UQCR11;NDUFA6;CYCS;ISCU;SLC25A5;LDHB;NDUFS6;MRPL15;NDUFA2;ECHS1;MRPS12;ATP1B1;GPX4;ATP5MC2;NDUFS7;SLC25A6;ATP5PB;NDUFB5;TIMM8B;COX17;NDUFS3;UQCRFS1;CYC1;UQCRC1;UQCRH;MPC1;ATP5PO;CYB5A;MRPL34;ATP6AP1;NDUFS8;LDHA;PRDX3;ATP6V1G1;NDUFB1;VDAC2;MGST3;IDH2;PHB2;PDHA1;NDUFB6;CYB5R3;ATP6V0C;ATP6V0B;FH;NDUFA5;PDHB;GRPEL1;ATP5F1C;MRPL11;ALAS1;VDAC1;HADHB;IDH3G;SDHA;NDUFV2;SURF1;NDUFB8;PHYH;ATP6V0E1;ACADVL;ECI1;ATP6V1E1;SUCLG1,Heart_Nuclei,Mural cell
1,logFC,Myogenesis,0.7463555711920402,1.9859961696581327,0.001,0.001,0.001,75/139,17.21%,TCAP;MYH7;MYL2;TNNT2;CKM;APOD;COX7A1;MYBPC3;MYOM2;TNNC1;GABARAPL2;ACTC1;CSRP3;ACTA1;CRYAB;MB;MYL7;MYL3;DES;ABLIM1;NCAM1;FXYD1;SOD3;HRC;CKMT2;GPX3;ACTN2;DAPK2;TAGLN;CFD;GSN;IGF1;PRNP;CLU;SGCA;HSPB8;IGFBP3;PPP1R3C;PKIA;SGCD;CKB;BAG1;ATP6AP1;SYNGR2;PFKM;COL15A1;TPM2;MRAS;ADAM12;PDE4DIP;TPD52L1;MYOM1;IGFBP7;SLC6A8;SPARC;SSPN;PYGM;PTGIS;NQO1;LDB3;OCEL1;COL6A3;CDKN1A;FLII;ACSL1;AK1;AEBP1;CASQ2;FHL1;BIN1;AGRN;CNN3;ITGB1;GAA;COL3A1,Heart_Nuclei,Mural cell
2,logFC,Reactive Oxygen Species Pathway,0.7585569263441918,1.8982887749732926,0.001,0.001,0.001,21/39,13.87%,PRDX1;SOD1;FTL;NDUFB4;PRDX6;GPX3;NDUFA6;LAMTOR5;TXN;GPX4;PRNP;PRDX4;MGST1;PDLIM1;ATOX1;G6PD;JUNB;CAT;NQO1;MBP;TXNRD1,Heart_Nuclei,Mural cell
3,logFC,Myc Targets V1,0.6962023054837786,1.856004773386089,0.001,0.001,0.001,109/181,23.22%,RPS5;RPS3;RPL34;RPL18;NDUFAB1;COX5A;SLC25A3;HSP90AB1;RPS2;RPS6;PHB;PCBP1;RAN;RPL14;PCNA;SNRPD2;RPL6;C1QBP;NHP2;RACK1;RPLP0;NPM1;IMPDH2;PSMD8;CYC1;PSMB3;PSMA7;LDHA;PRDX4;PSMA4;PPIA;PRDX3;CCT7;TRIM28;RPL22;PHB2;EEF1B2;PA2G4;ERH;TUFM;LSM7;HNRNPA1;FBL;SNRPB2;VDAC1;ODC1;MRPS18B;EIF4A1;POLE3;HSPE1;SNRPG;RRP9;EIF4G2;RANBP1;MYC;CCT5;NOP16;PSMB2;KPNA2;SET;STARD7;EIF4H;SNRPD3;PGK1;PSMC4;VBP1;MRPL9;RSL1D1;GOT2;PSMA1;PSMD3;SNRPD1;CDK4;ILF2;SERBP1;APEX1;CANX;CNBP;CCT3;NOP56;HDGF;SSBP1;NOLC1;TCP1;POLD2;CCT2;HDDC2;SF3A1;XRCC6;LSM2;SSB;EIF3D;SRM;EIF2S2;HSPD1;EIF1AX;PSMA6;YWHAQ;PRPF31;PPM1G;BUB3;USP1;DEK;PSMD7;EIF2S1;RUVBL2;HNRNPA3;AIMP2;UBE2L3,Heart_Nuclei,Mural cell
4,logFC,Epithelial Mesenchymal Transition,0.6777858105340278,1.8002392155900595,0.001,0.001,0.001,78/145,20.40%,LGALS1;MGP;TIMP1;IGFBP2;VIM;EMP3;MMP2;TAGLN;PPIB;THY1;LUM;IGFBP3;SGCD;BGN;CDH2;SERPINE2;FMOD;PCOLCE2;FBLN2;SDC4;CADM1;IL32;DCN;FBN2;PCOLCE;HTRA1;CCN2;MYL9;TPM2;ADAM12;QSOX1;PMP22;VCAN;JUN;GADD45A;GPC1;SERPINH1;EFEMP2;TPM1;ABI3BP;POSTN;FSTL1;SLC6A8;TNFRSF12A;SNAI2;IGFBP4;ACTA2;FBLN5;SPARC;MMP14;ECM1;FLNA;FBLN1;CXCL12;RHOB;FSTL3;COL6A3;LOXL1;SLIT2;PLAUR;VEGFA;CCN1;ITGA5;TGFBI;ITGB1;SAT1;COL3A1;TGM2;ID2;LRP1;DPYSL3;TIMP3;PMEPA1;IL15;COL1A1;CD59;GADD45B;THBS1,Heart_Nuclei,Mural cell
5,logFC,Coagulation,0.6778033340173308,1.7600607520265137,0.001,0.001,0.004,42/64,23.76%,TIMP1;MMP2;ISCU;C3;CFD;VWF;GSN;C1R;CLU;CRIP2;PECAM1;SERPING1;ANXA1;MSRB2;GNB2;HTRA1;CTSB;FURIN;PDGFB;PLAU;CD9;SPARC;CSRP1;MMP14;RAC1;PEF1;C1S;F10;WDR1;LRP1;TIMP3;LAMP2;CTSO;THBS1;F8;CFH;A2M;FN1;LGMN;RABIF;PROS1;FBN1,Heart_Nuclei,Mural cell
6,logFC,Apoptosis,0.6660130735749064,1.7581645701942792,0.001,0.001,0.004,56/119,19.55%,TSPO;SOD1;IGFBP6;IFITM3;TIMP1;HSPB1;MMP2;LGALS3;GPX3;GSN;GPX4;LUM;CLU;BCAP31;BGN;ANXA1;DCN;HMGB2;VDAC2;LMNA;BTG2;DNAJA1;JUN;GADD45A;TIMP2;AVPR1A;TXNIP;TNFRSF12A;CAV1;PPT1;CCND1;PEA15;FEZ1;RARA;TAP1;RELA;RHOB;F2R;CDKN1A;BMP2;SLC20A1;MCL1;BAX;SQSTM1;IER3;IFNGR1;SAT1;RETSAT;BTG3;EMP1;ISG20;ERBB2;BCL10;TIMP3;CDKN1B;SMAD7,Heart_Nuclei,Mural cell
7,logFC,Adipogenesis,0.6645304014237129,1.753370142000753,0.001,0.001,0.004,86/169,22.41%,UQCR10;ECH1;DDT;UBC;ETFB;COX7B;SOD1;NDUFB7;NDUFAB1;COX6A1;UQCRQ;CAVIN2;MDH2;GHITM;FABP4;CHCHD10;GPX3;UQCR11;C3;MRPL15;APOE;ECHS1;GPX4;PGM1;HSPB8;DNAJB9;NDUFS3;CYC1;UQCRC1;CD151;ATP5PO;ALDH2;SNCG;JAGN1;TALDO1;PRDX3;CAVIN1;COL15A1;MGST3;TKT;GADD45A;NDUFA5;APLP2;GRPEL1;HADH;PIM3;TOB1;ACADS;IDH3G;CD302;SSPN;SLC25A1;RAB34;PHYH;STOM;CAT;ARL4A;PLIN2;SUCLG1;DHRS7;SPARCL1;PPP1R15B;PREB;REEP5;PFKL;IDH3A;IFNGR1;RETSAT;SAMM50;ANGPTL4;QDPR;SDHC;ACO2;SDHB;DLAT;IDH1;SQOR;AK2;ESYT1;ME1;COQ3;YWHAG;CRAT;COQ9;VEGFB;NABP1,Heart_Nuclei,Mural cell
8,logFC,Hypoxia,0.6473116788468869,1.703429066677,0.001,0.001,0.008,67/143,19.18%,PRDX5;CAVIN3;GAPDH;HSPA5;S100A4;TPI1;CXCR4;PGM1;MIF;IGFBP3;PPARGC1A;PPP1R3C;ILVBL;BGN;CDKN1C;MT2A;SRPX;ENO1;SDC4;NEDD4L;MT1E;DCN;LDHA;CHST2;CAVIN1;CCN2;CITED2;ANXA2;JUN;PDGFB;GPC1;NDRG1;CAV1;DUSP1;GALK1;SLC25A1;EFNA1;CSRP2;PYGM;PIM1;PGF;PLIN2;GRHPR;CDKN1A;PGK1;FOSL2;PLAUR;VEGFA;CCN1;DDIT4;TGFBI;PFKL;IER3;FAM162A;GAA;ZFP36;PNRC1;TGM2;IRS2;ANGPTL4;PPP1R15A;ISG20;NFIL3;BTG1;CP;TMEM45A;CDKN1B,Heart_Nuclei,Mural cell
9,logFC,Fatty Acid Metabolism,0.6429997351197548,1.698563264005008,0.001,0.001122265752530199,0.011,52/117,19.47%,ECH1;LGALS1;MDH1;MDH2;HSD17B10;S100A10;YWHAH;PRDX6;ECHS1;PSME1;NTHL1;MIF;GLUL;LDHA;CBR1;HSP90AA1;PDHA1;AOC3;FH;PDHB;EPHX1;HADH;ODC1;ERP29;ACADS;HADHB;IDH3G;SDHA;FASN;UROD;SLC22A5;ACADVL;ECI1;ALDH9A1;TP53INP2;GRHPR;SUCLG1;ACSL1;OSTC;NCAPH2;ACSM3;IDH3B;GABARAPL1;APEX1;ACOT2;RETSAT;ALDH1A1;ECI2;SDHC;ACO2;IDI1;IDH1,Heart_Nuclei,Mural cell
10,logFC,UV Response Up,0.6461042522013216,1.6956220627995342,0.001,0.001020241593209272,0.011,46/108,14.12%,SLC25A4;BSG;ATP6V1F;IGFBP2;GPX3;HYAL2;RRAD;ICAM1;FKBP4;CDKN1C;PSMC3;AP2S1;DNAJB1;MGAT1;FURIN;CNP;CLTB;SELENOW;BTG2;DNAJA1;PPIF;CXCL2;TMBIM6;CYB5R1;GRPEL1;EPHX1;SLC6A8;ALAS1;CREG1;PPT1;POLE3;NFKBIA;NPTX2;UROD;SIGMAR1;MMP14;JUNB;TAP1;RHOB;HSPA13;PDAP1;RPN1;STIP1;WIZ;BMP2;GRINA,Heart_Nuclei,Mural cell
11,logFC,TNF-alpha Signaling via NF-kB,0.6428896871583277,1.6948229685578984,0.001,0.001,0.011,77/138,21.85%,TUBB2A;MARCKS;ICAM1;PHLDA2;EIF1;SDC4;IER5;FJX1;KLF4;PTPRE;CEBPB;EGR1;SOCS3;BTG2;CCL2;JUN;MSC;KLF10;GADD45A;CXCL2;TNFAIP6;IER2;CEBPD;PLAU;DUSP1;IL15RA;NFKBIA;CCND1;KLF2;MYC;EFNA1;JUNB;TAP1;RELA;RHOB;TRIB1;CDKN1A;BMP2;TGIF1;YRDC;TSC22D1;MCL1;FOSL2;PLAUR;VEGFA;NR4A3;CCN1;CSF1;SQSTM1;IER3;SAT1;ZFP36;PNRC1;IRS2;BTG3;ID2;PPP1R15A;BCL3;NFIL3;BTG1;PHLDA1;PMEPA1;FOS;IFIT2;HES1;GADD45B;TNFAIP2;PDLIM5;BHLHE40;SPHK1;KDM6B;SOD2;ETS2;IRF1;TNFAIP3;TNIP2;EHD1,Heart_Nuclei,Mural cell
12,logFC,Interferon Alpha Response,0.655403958677158,1.6933581652690788,0.001,0.001,0.012,30/71,21.87%,LY6E;IFI27;BST2;IFITM3;IFITM2;B2M;LGALS3BP;ISG15;HLA-C;PSME1;CD74;PSMB8;CNP;PSME2;TXNIP;PSMB9;TAP1;LAP3;IFI35;C1S;CSF1;MVB12A;ISG20;IL15;PROCR;IFIT2;MX1;EPSTI1;IRF1;SAMD9,Heart_Nuclei,Mural cell
13,logFC,Interferon Gamma Response,0.6342288915459279,1.671554706774932,0.001,0.001,0.012,55/128,22.70%,LY6E;IFI27;BST2;IFITM3;IFITM2;B2M;LGALS3BP;VAMP5;HLA-B;HLA-A;ISG15;PSME1;C1R;CD74;ICAM1;PSMB8;MT2A;SERPING1;UPP1;SOCS3;CCL2;TNFAIP6;PSME2;TXNIP;IL15RA;NFKBIA;APOL6;SSPN;LYSMD2;PSMB2;PSMB9;PIM1;TAP1;LAP3;ARL4A;IFI35;SRI;C1S;CDKN1A;ISG20;BTG1;MVP;IL15;RBCK1;IFIT2;MX1;TNFAIP2;SOD2;EPSTI1;IRF1;TNFAIP3;CFH;CD40;TAPBP;MTHFD2,Heart_Nuclei,Mural cell
14,logFC,mTORC1 Signaling,0.6257610813326544,1.6406344750388169,0.001,0.001156273805637175,0.017,70/156,23.41%,GAPDH;PRDX1;HSPA5;SDF2L1;ATP5MC1;TPI1;DHFR;CALR;CXCR4;PGM1;FKBP2;PIK3R3;PSMB5;ENO1;NUPR1;GOT1;LDHA;PSMA4;PPIA;BTG2;HSP90B1;SERPINH1;TUBG1;ARPC5L;CD9;HSPE1;PPA1;RRP9;IGFBP5;G6PD;XBP1;PDAP1;RPN1;STIP1;PSMG1;SHMT2;CDKN1A;TXNRD1;INSIG1;PHGDH;PGK1;PSMC4;CACYBP;ATP2A2;PSMD13;DDIT4;CANX;PFKL;SQSTM1;SSR1;PPP1R15A;QDPR;NFIL3;CTSC;PSMC2;IDI1;EIF2S2;HSPD1;IDH1;YKT6;CCT6A;BHLHE40;ME1;CYP51A1;PSME3;MTHFD2;LGMN;NFKBIB;TOMM40;MAP2K3,Heart_Nuclei,Mural cell
15,logFC,Glycolysis,0.6174920186534889,1.630493541022559,0.001,0.0012115368919360105,0.019,55/130,19.91%,SOD1;MDH1;HSPA5;PKP2;MDH2;TPI1;CXCR4;TXN;CHPF;MIF;IGFBP3;FKBP4;ENO1;CYB5A;GOT1;DCN;LDHA;PKM;TALDO1;HOMER1;PPIA;CHST2;PGAM1;CITED2;QSOX1;VCAN;GPC1;PYGB;GALK1;G6PD;ALDH9A1;PGLS;PGK1;PSMC4;VEGFA;MPI;GOT2;HAX1;DDIT4;NOL3;TSTA3;TGFBI;AGRN;IER3;CHST1;FAM162A;IRS2;CHPF2;GMPPB;ANGPTL4;ISG20;SDHC;PRPS1;IDH1;RBCK1,Heart_Nuclei,Mural cell
16,logFC,Unfolded Protein Response,0.6210068310291729,1.6252911409965571,0.001,0.0013203126500355284,0.022,43/99,18.33%,TUBB2A;HSPA5;RPS14;EEF2;BANF1;CALR;NHP2;NPM1;DNAJB9;SPCS1;YIF1A;BAG3;CEBPB;LSM1;CCL2;HSP90B1;EXOSC5;EIF4A3;IMP3;LSM4;EIF4EBP1;PDIA6;EIF4A1;RRP9;WFS1;HYOU1;POP4;XBP1;SRPRA;ATP6V0D1;SRPRB;VEGFA;SPCS3;EIF4G1;PREB;DDIT4;ATF4;NOP56;NOLC1;FKBP14;SSR1;KHSRP;HERPUD1,Heart_Nuclei,Mural cell
17,logFC,p53 Pathway,0.6108952134643346,1.6107355614461738,0.001,0.0016437225668371603,0.029,69/140,23.59%,RPL36;RPL18;S100A4;CD81;RPS12;S100A10;TM4SF1;ISCU;LDHB;TAX1BP3;PCNA;RRAD;RACK1;SERTAD3;NUPR1;DCXR;IER5;KLF4;HINT1;CTSD;PTPRE;UPP1;MAPKAPK3;BTG2;TPD52L1;JUN;GADD45A;NDRG1;EPHX1;CTSF;TXNIP;HRAS;COQ8A;TOB1;STOM;TAP1;F2R;SLC3A2;EI24;CDKN1A;BMP2;AK1;IRAK1;TSC22D1;RGS16;BAX;DDIT4;IER3;FAM162A;SAT1;RETSAT;TPRKB;MKNK2;HEXIM1;ZFP36L1;PPP1R15A;RPS27L;BTG1;FOS;PROCR;SEC61A1;SPHK1;DNTTIP2;MXD4;APP;CDKN2AIP;CDH13;PRKAB1;AEN,Heart_Nuclei,Mural cell
18,logFC,Myc Targets V2,0.6377021069923086,1.6085290788095123,0.001,0.001610907778751482,0.03,22/44,19.40%,PHB;NPM1;GRWD1;PA2G4;EXOSC5;NOC4L;HSPE1;RRP9;MYC;NIP7;NOP16;WDR74;CDK4;IMP4;NOP56;NOLC1;FARSA;MAP3K6;MYBBP1A;SRM;HSPD1;MRTO4,Heart_Nuclei,Mural cell
19,logFC,Pperoxisome,0.6115971937065077,1.5796298723353401,0.001,0.0027036402220045703,0.052,27/72,20.29%,PRDX5;ECH1;TSPO;PRDX1;SOD1;SLC25A4;YWHAH;FIS1;CADM1;IDH2;DHRS3;SEMA3C;SLC35B2;HRAS;CAT;ALDH9A1;ACSL1;CNBP;RETSAT;ALDH1A1;ECI2;BCL10;FDPS;MVP;IDI1;IDH1;ACAA1,Heart_Nuclei,Mural cell
20,logFC,Cholesterol Homeostasis,0.6218738338319012,1.563770167897709,0.0020470829068577278,0.003255056511667677,0.063,22/52,22.97%,ECH1;S100A11;FABP5;LGALS3;CLU;ACTG1;ANXA5;PMVK;AVPR1A;CD9;TNFRSF12A;FASN;PLAUR;PNRC1;NFIL3;FDPS;IDI1;MVD;CYP51A1;CHKA;LGMN;LPL,Heart_Nuclei,Mural cell
21,logFC,Estrogen Response Late,0.5974983537604004,1.557826305414061,0.001,0.00329259786899356,0.067,40/109,18.56%,TNNC1;ETFB;COX6C;FABP5;HSPB8;FKBP4;CKB;BAG1;DCXR;NBL1;NXT1;KLF4;IDH2;PLAAT3;TPD52L1;PPIF;SLC16A1;BLVRB;CD9;CAV1;TOB1;IGFBP4;WFS1;CCND1;CXCL12;XBP1;GPER1;SLC22A5;FOXC1;CHPT1;DYNLT3;EMP2;TSTA3;ZFP36;DNAJC12;BTG3;ID2;ISG20;CPE;MOCS2,Heart_Nuclei,Mural cell
22,logFC,Complement,0.5873307497393697,1.5521195127209078,0.001,0.003548666411162685,0.076,56/119,23.30%,TIMP1;HSPA5;HSPA1A;LGALS3;PFN1;ACTN2;C3;C1R;CLU;CALM1;CALM3;SERPING1;ANXA5;GNB2;CTSD;CTSB;CEBPB;RHOG;ATOX1;PDGFB;TIMP2;CTSL;CD55;CSRP1;MMP14;PSMB9;GNAI2;PIM1;LAP3;PPP4C;DYRK2;C1S;F10;PRCP;PLAUR;RCE1;LRP1;CP;CTSC;LAMP2;CD59;CTSO;STX4;F8;ADRA2B;ME1;IRF1;TNFAIP3;CFH;DOCK4;EHD1;FN1;FDX1;LGMN;CDH13;RABIF,Heart_Nuclei,Mural cell
23,logFC,Xenobiotic Metabolism,0.5902391518599803,1.5470916256312572,0.001,0.003698375775383611,0.083,51/113,23.88%,ECH1;DDT;PGRMC1;APOE;IGF1;MT2A;GSTO1;SERTAD1;CYB5A;DCXR;ALDH2;AKR1C3;SSR3;CBR1;UPP1;TMEM176B;TMBIM6;EPHX1;BLVRB;ALAS1;DDAH2;IGFBP4;ACP2;ATOH8;FBLN1;AHCY;CAT;NQO1;ALDH9A1;F10;SHMT2;DHRS7;ATP2A2;ADH5;TNFRSF1A;GABARAPL1;RETSAT;DHPS;ID2;GSTM4;ACO2;IDH1;PDLIM5;NDRG2;ETS2;PINK1;COMT;CNDP2;BCAR1;PROS1;SLC46A3,Heart_Nuclei,Mural cell
24,logFC,KRAS Signaling Dn,0.597223562587883,1.5279081443834395,0.002034587995930824,0.005060398302317989,0.117,12/57,9.93%,MYH7;CKM;TNNI3;ACTC1;IGFBP2;SELENOP;TENM2;RYR2;CHST2;GAMT;BTG2;COQ8A,Heart_Nuclei,Mural cell
25,logFC,Allograft Rejection,0.5887612280562766,1.52637525506208,0.0010111223458038423,0.00506196790476908,0.122,28/77,19.34%,RPS19;B2M;TIMP1;RPL9;RPS9;EIF5A;HLA-A;RPS3A;RPL39;THY1;CD74;ICAM1;NPM1;HLA-E;SRGN;CCL2;DEGS1;FLNA;TAP1;F2R;CSF1;IFNGR1;UBE2D1;BCL3;BCL10;EIF3D;AKT1;IL15,Heart_Nuclei,Mural cell
26,logFC,Apical Junction,0.5658800468802972,1.4952296434692385,0.001,0.008048572568650922,0.193,47/123,22.13%,NRAP;ACTC1;ACTA1;FLNC;ACTB;MYL12B;MMP2;PFN1;YWHAH;ACTN2;VWF;THY1;PIK3R3;ICAM1;ACTG1;ADAM23;RRAS;PECAM1;NEGR1;MYL9;GAMT;VCAN;TUBG1;ADAM15;HADH;HRAS;NEXN;TSPAN4;ZYX;GNAI2;INSIG1;SLIT2;CAP1;CADM2;TGFBI;ITGB1;PCDH1;GTF2F1;CD99;MVD;CERCAM;STX4;ACTN4;ADAMTS5;VASP;CNN2;CRAT,Heart_Nuclei,Mural cell
27,logFC,Angiogenesis,0.6368138389355962,1.4905024098926145,0.029082774049217,0.00830768154470407,0.203,12/22,23.01%,TIMP1;S100A4;LRPAP1;LUM;VCAN;POSTN;FSTL1;VEGFA;COL3A1;KCNJ8;LPL;APP,Heart_Nuclei,Mural cell
28,logFC,DNA Repair,0.5632690153729064,1.475007209835501,0.001,0.009780246996971642,0.245,42/125,19.74%,MRPL40;POLR2I;MPC2;PCNA;DAD1;GPX4;BCAP31;ADRM1;IMPDH2;COX17;SUPT4H1;EIF1B;APRT;POLR2G;POLR2J;NME4;SDCBP;EDF1;TMED2;POLR2E;POLR2K;POLR3GL;VPS28;SSRP1;SURF1;GTF2H5;CANT1;RBX1;GUK1;AK1;NELFE;TAF6;GMPR2;POLE4;SNAPC5;POLR2F;POLD4;GTF2F1;GTF2A2;BCAM;POLR2C;MPG,Heart_Nuclei,Mural cell
29,logFC,Inflammatory Response,0.5633489141183696,1.458153207629245,0.001004016064257028,0.012378931330939166,0.309,35/85,23.31%,LY6E;BST2;TIMP1;EMP3;ADRM1;ICAM1;CHST2;PTPRE;RHOG;BTG2;CCL2;TNFAIP6;IL15RA;NFKBIA;CD55;MYC;MMP14;RELA;SLC4A4;SRI;CDKN1A;RGS16;ATP2A2;PLAUR;ITGA5;CSF1;SELENOS;SCARF1;LPAR1;IL15;SPHK1;IRF1;CD40;TAPBP;TPBG,Heart_Nuclei,Mural cell
30,logFC,Apical Surface,0.5915393073686653,1.3893096569388075,0.07709251101321586,0.029027518877760578,0.578,5/23,5.07%,HSPB1;EFNA5;THY1;GSTM3;SRPX,Heart_Nuclei,Mural cell
31,logFC,Androgen Response,0.5328399564941523,1.3775911264432825,0.018090452261306532,0.033125969229513545,0.627,31/83,24.69%,DBI;MYL12A;B2M;SELENOP;ADRM1;DNAJB9;PA2G4;GPD1L;NDRG1;NCOA4;CCND1;SRF;TMEM50A;INSIG1;TSC22D1;SPCS3;SAT1;UAP1;XRCC6;MAF;AKT1;IDI1;PMEPA1;RAB4A;LMAN1;PDLIM5;HOMER2;UBE2I;SLC26A2;IQGAP2;ABCC4,Heart_Nuclei,Mural cell
32,logFC,PI3K/AKT/mTOR  Signaling,0.5227571578858404,1.3657038895824263,0.01812688821752266,0.03601761988147884,0.667,27/82,19.18%,CFL1;PFN1;CALR;CXCR4;PIK3R3;PRKAA2;AP2M1;PPP1CA;CSNK2B;HSP90B1;ARHGDIA;YWHAB;PIN1;ARF1;HRAS;DUSP3;GNA14;RAC1;CDKN1A;TNFRSF1A;CDK4;ARPC3;SQSTM1;MKNK2;PLA2G12A;AKT1;CDKN1B,Heart_Nuclei,Mural cell
33,logFC,Estrogen Response Early,0.5153576525263319,1.3560844951718412,0.011,0.039159272915826465,0.709,43/123,21.38%,ABLIM1;RETREG1;THSD4;FHL2;HSPB8;FKBP4;BAG1;NBL1;NXT1;KLF4;PLAAT3;DHRS3;TPD52L1;KLF10;PPIF;SLC16A1;BLVRB;TOB1;IGFBP4;WFS1;CCND1;FASN;MYC;SYNGR1;RARA;CXCL12;XBP1;CANT1;SLC22A5;FOXC1;SLC39A6;CHPT1;DYNLT3;KAZN;PODXL;SH3BP5;TGM2;MYBBP1A;AKAP1;FOS;HES1;BHLHE40;ENDOD1,Heart_Nuclei,Mural cell
34,logFC,IL-2/STAT5 Signaling,0.49720122710847503,1.3162430213605185,0.017,0.0598444568816753,0.858,37/119,20.72%,IFITM3;CD81;GPX4;PRNP;CDKN1C;GSTO1;CKAP4;SYNGR2;FURIN;DHRS3;CTSZ;NDRG1;RNH1;ODC1;MYC;ECM1;PIM1;AHCY;XBP1;RHOB;ARL4A;PLIN2;BMP2;HOPX;RGS16;PLEC;CSF1;GABARAPL1;IFNGR1;SYT11;TGM2;EMP1;NFIL3;PHLDA1;AHNAK;GADD45B;BHLHE40,Heart_Nuclei,Mural cell
35,logFC,KRAS Signaling Up,0.494041140156183,1.2836912847885633,0.05215646940822467,0.08161932745674176,0.936,24/90,18.99%,TNNT2;APOD;CXCR4;IGFBP3;PSMB8;GNG11;PECAM1;KLF4;TMEM176B;GYPC;PLAU;PRELID3B;TRIB1;BMP2;YRDC;RGS16;PLAUR;SPARCL1;ID2;ANGPTL4;PPP1R15A;EMP1;CPE;EPB41L3,Heart_Nuclei,Mural cell
36,logFC,E2F Targets,0.47658724110536804,1.2575773465195699,0.047,0.1040094943131182,0.971,45/127,26.89%,TUBB;RAN;POP7;PCNA;SNRPB;PRDX4;HMGB2;PA2G4;TUBG1;KIF22;UBE2S;RANBP1;SSRP1;MYC;PHF5A;KPNA2;CDKN1A;POLE4;CDK4;MCM3;NOP56;NOLC1;POLD2;LYAR;ANP32E;XRCC6;PRPS1;CDKN1B;AK2;ASF1A;CBX5;JPT1;USP1;DEK;EIF2S1;MTHFD2;SLBP;RBBP7;DUT;RPA2;NUDT21;LBR;NAA38;RAD21;TP53,Heart_Nuclei,Mural cell
37,logFC,Protein Secretion,0.4747454782267358,1.2384240207449664,0.10230692076228685,0.12403989896386411,0.986,25/91,21.83%,SOD1;CD63;COPE;AP2M1;AP2S1;BNIP3;ATP1A1;TMED2;ARF1;PPT1;VAMP3;SSPN;CAV2;RER1;ERGIC3;ANP32E;CTSC;TMED10;LAMP2;NAPA;YKT6;LMAN1;GNAS;RAB14;CLTA,Heart_Nuclei,Mural cell
38,logFC,TGF-beta Signaling,0.4787630475450566,1.218371409688482,0.1811668372569089,0.14699326954468972,0.994,17/50,20.66%,CDKN1C;PPP1CA;FURIN;KLF10;FKBP1A;JUNB;BMP2;TGIF1;ID1;SLC20A1;RHOA;ID2;PPP1R15A;PMEPA1;SMAD7;THBS1;ID3,Heart_Nuclei,Mural cell
39,logFC,IL-6/JAK/STAT3 Signaling,0.4607041393113545,1.17705031829779,0.22653061224489796,0.21157260039177275,0.999,12/51,16.55%,PLA2G2A;SOCS3;JUN;CD9;TNFRSF12A;IL15RA;ACVRL1;PIM1;TNFRSF1A;HAX1;CSF1;IFNGR1,Heart_Nuclei,Mural cell
40,logFC,Bile Acid Metabolism,0.45478102672834403,1.159129339584093,0.2288911495422177,0.2395577028737966,1.0,23/55,30.33%,PRDX5;SOD1;PFKM;IDH2;SLC35B2;PHYH;CAT;ALDH9A1;ACSL1;RETSAT;ALDH1A1;IDI1;IDH1;PEX16;SCP2;AR;HSD17B11;RXRA;CYP27A1;SLC29A1;GSTK1;GCLM;ABCA6,Heart_Nuclei,Mural cell
41,logFC,Spermatogenesis,0.44897699519723405,1.132047031924309,0.29743589743589743,0.2885826220791941,1.0,7/50,13.46%,TNNI3;PEBP1;GSTM3;TALDO1;PACRG;ARL4A;PSMG1,Heart_Nuclei,Mural cell
42,logFC,Pancreas Beta Cells,0.5406060457041808,1.1139775626905133,0.3554987212276215,0.3207592115952593,1.0,4/11,20.42%,SRP14;SPCS1;SRPRB;SRP9,Heart_Nuclei,Mural cell
43,logFC,heme Metabolism,0.3949409870388468,1.0448883068167456,0.3923923923923924,0.4785396818330217,1.0,36/130,23.41%,BSG;C3;GLRX5;MGST3;CTSB;SDCBP;BTG2;LRP10;GYPC;BLVRB;SLC6A8;HEBP1;NCOA4;UROD;CAT;NFE2L1;PGLS;GDE1;RAD23A;HDGF;ADIPOR1;ALDH6A1;YPEL5;HTRA2;SLC22A4;BCAM;LAMP2;ARL2BP;SELENBP1;ENDOD1;ISCA1;P4HA2;UBAC1;HTATIP2;SPTB;MAP2K3,Heart_Nuclei,Mural cell
44,logFC,Notch Signaling,0.42643232059516906,0.9859935296062243,0.5147392290249433,0.6112380745093772,1.0,5/20,13.41%,ST3GAL6;SKP1;APH1A;CCND1;RBX1,Heart_Nuclei,Mural cell
45,logFC,G2-M Checkpoint,0.348924662320508,0.9309688899794961,0.6726726726726727,0.7203571023009553,1.0,32/124,25.26%,HSPA8;EFNA5;MARCKS;MT2A;KIF22;UBE2S;ODC1;CCND1;MYC;NCL;KPNA2;SLC38A1;SNRPD1;CDK4;MCM3;TLE3;NOLC1;UPF1;PRMT5;BCL3;HMGN2;CDKN1B;CHMP1A;DR1;JPT1;E2F3;BUB3;AMD1;DKC1;DTYMK;SMC2;RPA2,Heart_Nuclei,Mural cell
46,logFC,Mitotic Spindle,0.27298982330125365,0.7245942224482635,0.968,0.9767402282562638,1.0,18/152,13.40%,GSN;MARCKS;MID1IP1;CDC42EP2;DYNLL2;ARF6;SORBS2;CDC42EP1;ARHGDIA;KIF22;PALLD;MAPRE1;SUN2;UXT;FLNA;SYNPO;MAP1S;CYTH2,Heart_Nuclei,Mural cell
47,logFC,UV Response Dn,0.27253913393226714,0.719545176907237,0.9488977955911824,0.9596222385460877,1.0,25/125,20.72%,FHL2;PIK3R3;MT1E;CITED2;PMP22;ANXA2;CAV1;SNAI2;DUSP1;FBLN5;IGFBP5;MYC;EFEMP1;SRI;INSIG1;ID1;CCN1;COL3A1;ERBB2;LPAR1;CDKN1B;SMAD7;COL1A1;PDLIM5;BHLHE40,Heart_Nuclei,Mural cell
48,logFC,Hedgehog Signaling,0.26646021681081944,0.6235795381447691,0.8954545454545455,0.9841375335638664,1.0,4/20,21.59%,THY1;VEGFA;TLE3;ETS2,Heart_Nuclei,Mural cell
49,logFC,Wnt-beta Catenin Signaling,0.20291274081912541,0.4896680911814699,0.9760869565217392,0.9926746653607574,1.0,8/28,29.11%,WNT6;MYC;NCSTN;DVL2;TP53;CCND2;HDAC2;HDAC11,Heart_Nuclei,Mural cell
0,logFC,Myc Targets V1,0.5954086810617505,2.277300161834295,0.001,0.001,0.001,43/98,15.24%,HSP90AB1;PSMA4;RPL14;RPS2;SSBP1;RPS6;RACK1;HNRNPA1;HSPD1;RPS5;PPIA;SET;SNRPG;RPLP0;RPS3;SNRPD3;PA2G4;EIF2S2;RPL34;SRSF3;PSMA7;SLC25A3;DUT;NCBP1;DDX21;RPL6;TRA2B;VDAC3;EEF1B2;PPM1G;STARD7;NPM1;PCBP1;EIF4A1;PSMA1;NAP1L1;SERBP1;XRCC6;YWHAQ;BUB3;CNBP;RPL18;GSPT1,Heart_Nuclei,NK
1,logFC,mTORC1 Signaling,0.5461799273335773,2.034787616213594,0.001,0.0022206884134081564,0.004,33/79,19.60%,HSPA5;GBE1;HSP90B1;CALR;PSMA4;LDLR;CACYBP;TPI1;ENO1;GAPDH;HSPD1;PPIA;SERP1;ATP2A2;HSPA9;EIF2S2;CORO1A;ARPC5L;SQSTM1;TCEA1;TES;SSR1;ITGB2;CCT6A;GGA2;PITPNB;ACTR2;GLRX;ACACA;RPA1;XBP1;IDI1;BHLHE40,Heart_Nuclei,NK
2,logFC,Unfolded Protein Response,0.5705624940303422,1.9057483786923795,0.001,0.004441376826816313,0.012,13/42,12.26%,HSPA5;HSP90B1;CALR;PDIA6;WIPI1;RPS14;EIF2AK3;SERP1;HSPA9;SPCS3;SSR1;NPM1;EIF4A1,Heart_Nuclei,NK
3,logFC,Apical Junction,0.534790657786261,1.7770754101916952,0.003003003003003003,0.01804309335894127,0.063,14/41,18.07%,ACTB;PFN1;SGCE;VASP;ACTG1;RAC2;ICAM2;MYL12B;CTNNA1;AKT2;CD99;VCL;CDK8;CAP1,Heart_Nuclei,NK
4,logFC,Oxidative Phosphorylation,0.5156215466678464,1.7606801972805077,0.001,0.016433094259220356,0.07,19/49,16.45%,NDUFS6;BAX;UQCRB;COX6A1;ATP5F1A;ATP5F1E;SDHA;COX7C;HSPA9;COX4I1;COX6C;SLC25A3;SLC25A6;VDAC3;ATP5MG;ATP5MC2;SUCLA2;GLUD1;SLC25A12,Heart_Nuclei,NK
5,logFC,Hypoxia,0.4830900839858225,1.6929913802361491,0.002824858757062147,0.02812871990316998,0.133,11/57,5.89%,HSPA5;S100A4;MT2A;GBE1;CHST2;TPI1;ENO1;GAPDH;MIF;PLAC8;KLF7,Heart_Nuclei,NK
6,logFC,Complement,0.46597098390506575,1.6660576843888117,0.006775067750677507,0.033627567403037795,0.18,23/62,22.65%,HSPA5;GZMB;PFN1;WAS;PSMB9;FCER1G;CD55;GZMA;CALM1;RASGRP1;SH2B3;RAF1;GNAI3;CASP3;CPQ;GNG2;PIM1;PLEK;USP14;JAK2;IRF1;ITGAM;CTSD,Heart_Nuclei,NK
7,logFC,Myogenesis,0.5269543300759328,1.5845238299713076,0.02336448598130841,0.06731461753143474,0.362,11/26,19.60%,ABLIM1;IGFBP7;TPM3;AKT2;MEF2D;KIFC3;SIRT2;MEF2C;BIN1;SVIL;BHLHE40,Heart_Nuclei,NK
8,logFC,Allograft Rejection,0.42055744992153943,1.5529025680913329,0.006570302233902759,0.0831524439242832,0.467,20/82,11.37%,PTPN6;GZMB;FLNA;PRF1;WAS;RPS19;RPL39;CD74;B2M;HLA-A;IL2RG;RPS3A;HLA-E;GZMA;RPS9;RPL9;ITGB2;CCND2;NPM1;SRGN,Heart_Nuclei,NK
9,logFC,Glycolysis,0.4515628257914901,1.5119306148404774,0.02478134110787172,0.10514959637487621,0.59,12/48,14.57%,HSPA5;CHST2;TPI1;ENO1;MIF;PPIA;B4GALT4;GFPT1;PKM;RBCK1;COPB2;GLRX,Heart_Nuclei,NK
10,logFC,Xenobiotic Metabolism,0.5231461550088172,1.5075911353406755,0.03625377643504532,0.10003191898579468,0.607,6/23,9.16%,MT2A;AKR1C3;ATP2A2;DHRS7;TNFRSF1A;TMBIM6,Heart_Nuclei,NK
11,logFC,Interferon Gamma Response,0.40647707679662964,1.5068896337943651,0.01891891891891892,0.09234362652422251,0.612,31/82,24.54%,ITGB7;MT2A;PTPN6;IFITM2;CD74;HLA-B;NOD1;B2M;GBP4;HLA-A;ZNFX1;PSMB9;GZMA;RBCK1;CASP3;DDX60;SPPL2A;ZBP1;UPP1;BST2;ADAR;PIM1;TAPBP;TAP1;JAK2;RIPK1;IRF1;CD38;APOL6;LATS2;IL4R,Heart_Nuclei,NK
12,logFC,PI3K/AKT/mTOR  Signaling,0.4344817149669096,1.5033584425353215,0.017804154302670624,0.0875463701439754,0.621,16/55,17.31%,HSP90B1;CALR;PFN1;NOD1;CFL1;IL2RG;YWHAB;SQSTM1;PPP1CA;TNFRSF1A;ARHGDIA;RAF1;RAC1;ACTR2;ACACA;ARF1,Heart_Nuclei,NK
13,logFC,Notch Signaling,-0.5921200141761402,-1.4928088134674231,0.07272727272727272,0.44978113569586853,0.428,3/10,5.60%,MAML2;TCF7L2;CUL1,Heart_Nuclei,NK
14,logFC,Angiogenesis,0.8076372315035801,1.4728019441603246,0.05950095969289827,0.10357925242539473,0.705,4/4,19.31%,S100A4;CCND2;LRPAP1;ITGAV,Heart_Nuclei,NK
15,logFC,Myc Targets V2,0.6292018674116895,1.470646506828546,0.06239460370994941,0.09882063439666296,0.714,4/9,15.38%,HSPD1;PA2G4;NPM1;PRMT3,Heart_Nuclei,NK
16,logFC,Interferon Alpha Response,0.4437100482381143,1.4346444843919628,0.041176470588235294,0.12227665576328661,0.807,12/37,21.72%,HLA-C;IFITM2;CD74;B2M;GBP4;PSMB9;LPAR6;DDX60;BST2;ADAR;TAP1;IRF1,Heart_Nuclei,NK
17,logFC,Adipogenesis,0.4131036150692208,1.4087334814195407,0.0549777117384844,0.13657233742460162,0.858,13/46,16.76%,GBE1;UBC;COX6A1;ATP1B3;UCP2;MCCC1;DHRS7;APLP2;G3BP2;LPCAT3;RIOK3;PTCD3;CMPK1,Heart_Nuclei,NK
18,logFC,Epithelial Mesenchymal Transition,0.484143413985563,1.398565627294066,0.07131537242472266,0.1384845968917031,0.878,6/23,6.37%,PPIB;FLNA;VIM;CALU;IL32;ITGA5,Heart_Nuclei,NK
19,logFC,E2F Targets,0.370494398428081,1.3030478553734977,0.10326086956521739,0.2353345326524907,0.973,18/60,19.50%,ANP32E;TUBB;PA2G4;LBR;SNRPB;DUT;TRA2B;RBBP7;RAD21;TMPO;NAP1L1;SMC1A;XRCC6;GSPT1;RPA1;DEK;NASP;DNMT1,Heart_Nuclei,NK
20,logFC,IL-6/JAK/STAT3 Signaling,-0.37542988258835136,-1.2994283635810708,0.125,0.746387239911255,0.85,6/29,8.11%,IL18R1;IL10RB;MAP3K8;SOCS1;CD44;TYK2,Heart_Nuclei,NK
21,logFC,Coagulation,0.5048721887310003,1.2372697366342602,0.21291448516579406,0.31650361612099753,0.991,6/12,19.41%,KLF7;WDR1;SIRT2;RAC1;CPQ;PLEK,Heart_Nuclei,NK
22,logFC,Fatty Acid Metabolism,0.4000895783819334,1.2359350087585803,0.19808306709265175,0.3033354625648237,0.991,4/31,3.03%,HSP90AA1;HSPH1;MIF;SDHA,Heart_Nuclei,NK
23,logFC,Spermatogenesis,-0.3828422870271437,-1.2176047214654824,0.20114942528735633,0.7545721652575403,0.941,4/23,6.10%,IL12RB2;IFT88;PRKAR2A;STRBP,Heart_Nuclei,NK
24,logFC,Estrogen Response Early,-0.3181426543637606,-1.191357915045095,0.18446601941747573,0.6395934520597228,0.962,12/42,15.45%,GAB2;CHPT1;TMEM164;ADCY9;FAM102A;CD44;ITPK1;NADSYN1;NRIP1;TIAM1;FKBP5;IGF1R,Heart_Nuclei,NK
25,logFC,Wnt-beta Catenin Signaling,-0.4535893593990863,-1.1856759926120193,0.24623115577889448,0.5260178689212688,0.967,4/11,15.26%,LEF1;CUL1;ADAM17;AXIN1,Heart_Nuclei,NK
26,logFC,Pancreas Beta Cells,0.5509322400312405,1.140617030934114,0.3181019332161687,0.45927874004577784,0.997,1/6,1.38%,SRP14,Heart_Nuclei,NK
27,logFC,G2-M Checkpoint,0.3070804125882454,1.131176173706414,0.25648021828103684,0.4567376756359689,0.998,29/78,30.81%,MT2A;HSPA8;LBR;NUP50;HMGN2;TRA2B;RAD21;NCL;TMPO;DR1;CCNT1;SMC1A;BUB3;GSPT1;NUMA1;EWSR1;NASP;KPNB1;KIF5B;SYNCRIP;EZH2;LMNB1;HNRNPD;ATRX;CUL3;PDS5B;SLC12A2;FANCC;E2F3,Heart_Nuclei,NK
28,logFC,UV Response Up,0.3549018034437307,1.1074899786859587,0.3091715976331361,0.48239829347097596,0.999,13/33,21.72%,BSG;PLCL1;SQSTM1;DDX21;TMBIM6;MGAT1;RASGRP1;CASP3;HLA-F;CDC5L;ARRB2;TAP1;IRF1,Heart_Nuclei,NK
29,logFC,Hedgehog Signaling,0.5394250415470131,1.1066260198207243,0.34766355140186916,0.4646568436215227,0.999,2/6,12.64%,ADGRG1;CDK6,Heart_Nuclei,NK
30,logFC,TNF-alpha Signaling via NF-kB,-0.2778148898614199,-1.0917429763476945,0.2890625,0.6781795286922108,0.993,13/55,11.66%,PDE4B;MAP3K8;CD69;IRS2;CFLAR;PFKFB3;CD44;NFKB1;TNFAIP8;TNFAIP3;CCNL1;BCL6;BIRC2,Heart_Nuclei,NK
31,logFC,Estrogen Response Late,-0.29588719611465397,-1.0657981209166423,0.336283185840708,0.6494487703338216,0.997,10/35,14.71%,DLG5;CHPT1;PDCD4;FAM102A;CD44;ITPK1;LLGL2;NRIP1;TIAM1;FKBP5,Heart_Nuclei,NK
32,logFC,KRAS Signaling Up,0.3050771279521669,1.0480330918911112,0.37797619047619047,0.5612362909424998,1.0,14/48,19.34%,LAPTM5;IL2RG;FCER1G;CBR4;CD37;AKT2;ITGB2;CCND2;AMMECR1;LCP1;GLRX;USP12;TNFRSF1B;MAP3K1,Heart_Nuclei,NK
33,logFC,UV Response Dn,-0.2543900710147241,-1.041221467028224,0.3344155844155844,0.6271211848653835,0.997,21/62,22.27%,INPP4B;ATXN1;NFKB1;ARHGEF9;MAP2K5;TGFBR2;NEK7;MGMT;RUNX1;PEX14;RASA2;IGF1R;YTHDC1;DYRK1A;NOTCH2;CDKN1B;PTPRM;SCAF8;ATRN;BMPR1A;NIPBL,Heart_Nuclei,NK
34,logFC,Apoptosis,0.2958474452641701,1.0214928123269893,0.4101123595505618,0.5924303200658871,1.0,16/50,24.20%,BAX;PRF1;MCL1;SQSTM1;CASP2;CCND2;MADD;CASP3;TAP1;DAP;IRF1;CD38;XIAP;SAT1;IGF2R;TGFBR3,Heart_Nuclei,NK
35,logFC,Cholesterol Homeostasis,0.3619236849675298,0.9889310723735475,0.46075085324232085,0.6379720570519718,1.0,2/16,3.51%,LDLR;ACTG1,Heart_Nuclei,NK
36,logFC,Androgen Response,0.301072884759544,0.9848067385778955,0.4992548435171386,0.6238220055113637,1.0,15/43,23.20%,MYL12A;B2M;PA2G4;SPCS3;CDK6;ELL2;GNAI3;XRCC6;LMAN1;XRCC5;IDI1;ITGAV;SRP19;B4GALT1;SAT1,Heart_Nuclei,NK
37,logFC,p53 Pathway,0.2701051138456336,0.9553297066108803,0.5353675450762829,0.6575458392101551,1.0,21/58,27.37%,S100A4;BAX;RPS12;RACK1;RPL36;CD81;CCND2;ELP1;RPL18;UPP1;POM121;DEF6;TAP1;S100A10;CTSD;SAT1;XPC;ZFP36L1;ABCC5;DDIT4;SEC61A1,Heart_Nuclei,NK
38,logFC,DNA Repair,-0.2557524914435389,-0.9086529889476833,0.648876404494382,0.888129359796926,1.0,19/34,33.79%,PDE4B;ERCC3;DCTN4;NFX1;VPS37B;DDB2;RALA;TSG101;UPF3B;RPA2;DGUOK;AK3;LIG1;NT5C3A;RNMT;ERCC5;REV3L;GTF2H1;AGO4,Heart_Nuclei,NK
39,logFC,IL-2/STAT5 Signaling,0.24377413793724925,0.8719619749998587,0.723202170963365,0.7943259184540756,1.0,19/66,24.61%,HOPX;GBP4;CST7;BATF;CD81;CCND2;CASP3;GPR65;XBP1;PIM1;TNFRSF1B;PTGER2;ITGAV;BHLHE40;POU2F1;IGF2R;LRRC8C;IL4R;LCLAT1,Heart_Nuclei,NK
40,logFC,Inflammatory Response,0.2550762342710164,0.8530665944903925,0.6928374655647382,0.8048260585781591,1.0,16/47,24.54%,CHST2;LDLR;ATP2A2;ITGA5;CD55;RASGRP1;RAF1;GNAI3;BST2;TNFRSF1B;TAPBP;PTGER2;EMP3;IRF1;ATP2B1;IL4R,Heart_Nuclei,NK
41,logFC,Reactive Oxygen Species Pathway,-0.30904917623690603,-0.8423727571156013,0.6600985221674877,0.9572465071655574,1.0,2/13,3.39%,MSRA;IPCEF1,Heart_Nuclei,NK
42,logFC,heme Metabolism,-0.2028008166812112,-0.8226663665232952,0.8488745980707395,0.9079243596243056,1.0,10/60,11.37%,EZH1;FOXO3;MARK3;RBM38;FBXO7;SYNJ1;CCND3;MKRN1;NEK7;GMPS,Heart_Nuclei,NK
43,logFC,KRAS Signaling Dn,0.2861309061403119,0.8110088575000559,0.7389984825493171,0.8531481122784427,1.0,4/21,15.21%,CHST2;CLSTN3;TG;MTHFR,Heart_Nuclei,NK
44,logFC,Protein Secretion,-0.1949707011251853,-0.7980466844117744,0.8745980707395499,0.872733904978913,1.0,17/60,22.41%,SEC22B;TPD52;AP3S1;STX12;SNAP23;DOP1A;MAPK1;COG2;AP1G1;SNX2;RPS6KA3;ARFGAP3;SCAMP1;TSG101;SGMS1;ARFGEF2;ARFIP1,Heart_Nuclei,NK
45,logFC,TGF-beta Signaling,0.2519349792157358,0.751028132643511,0.8223270440251572,0.9201814327147297,1.0,9/27,32.67%,PPP1CA;HDAC1;SPTBN1;XIAP;ID2;NCOR2;APC;MAP3K7;UBE2D3,Heart_Nuclei,NK
46,logFC,Mitotic Spindle,0.18523724707473868,0.6975135523867018,0.9561752988047809,0.9574339473808309,1.0,33/97,32.43%,FLNA;ARF6;PXN;DYNC1H1;ARHGDIA;CDC42;RALBP1;SMC1A;MARK4;SUN2;ARHGAP10;VCL;NUMA1;BIN1;ARHGEF12;CKAP5;SPTBN1;KLC1;KIF5B;ARHGEF2;LMNB1;STAU1;PKD2;BCR;WASF2;KNTC1;TUBGCP2;CEP192;ACTN4;CEP250;ATG4B;APC;EZR,Heart_Nuclei,NK
47,logFC,Apical Surface,-0.24615853301011226,-0.6829961579233992,0.8837209302325582,0.9324218984229777,1.0,7/13,31.81%,FLOT2;CD160;NCOA6;GATA3;LYN;ADAM10;ADIPOR2,Heart_Nuclei,NK
48,logFC,Pperoxisome,0.22368501337313684,0.6797126018162201,0.9128440366972477,0.9473086656863626,1.0,15/30,34.31%,ESR2;ITGB1BP1;CNBP;PEX2;SLC25A17;IDI1;VPS4B;ABCC5;ACSL4;SLC23A2;GSTK1;MSH2;HSD17B11;ACSL5;PABPC1,Heart_Nuclei,NK
49,logFC,Bile Acid Metabolism,0.16349532091991223,0.4516780164254283,0.9920255183413078,0.9977793115865918,1.0,8/19,34.17%,PNPLA8;OPTN;IDI1;ABCA2;SLC23A2;GSTK1;HSD17B11;ACSL5,Heart_Nuclei,NK
0,logFC,Myogenesis,0.6865112648953451,2.137531350959444,0.001,0.001,0.001,33/77,10.82%,LDB3;TNNT2;MYL7;ACTC1;SGCD;PTGIS;DES;MYH7;COL6A3;TCAP;MB;CFD;ITGB5;SVIL;TPM2;APOD;CD36;TAGLN;LAMA2;CDH13;COL6A2;GADD45B;MYL2;FHL1;COL3A1;MYH9;ACSL1;MYH11;ABLIM1;GSN;DMD;COL15A1;COL1A1,Heart_Nuclei,Neural cell
1,logFC,Epithelial Mesenchymal Transition,0.6324770101685051,2.01140751345736,0.001,0.001,0.001,44/100,9.13%,PCOLCE2;SGCD;ABI3BP;FBLN1;COL6A3;LUM;TPM1;DCN;ITGB5;SPOCK1;VCAN;SLIT3;MGP;ACTA2;TPM2;CCN1;IGFBP4;CCN2;FN1;TAGLN;PLOD2;LAMA2;FBN1;PDGFRB;DPYSL3;COL6A2;GADD45B;VEGFA;LRP1;ID2;TGFBR3;THBS2;COL12A1;PRRX1;CXCL12;COL3A1;FBLN2;THBS1;MYL9;TIMP1;CDH2;QSOX1;CALD1;COL1A2,Heart_Nuclei,Neural cell
2,logFC,UV Response Dn,0.5723939690542758,1.8431860645180669,0.001,0.0035394843832209305,0.01,31/101,11.02%,FHL2;EFEMP1;KALRN;SMAD3;MGLL;PDLIM5;CCN1;LTBP1;DUSP1;PLCB4;TFPI;ID1;PDGFRB;GRK5;INPP4B;TGFBR3;COL3A1;RUNX1;SYNE1;ABCC1;ADGRL2;IGFBP5;PPARG;PLPP3;COL1A2;HAS2;NRP1;PTPRM;NFIB;COL1A1;FBLN5,Heart_Nuclei,Neural cell
3,logFC,Xenobiotic Metabolism,0.5448971668169293,1.5984554703956173,0.013850415512465374,0.07963839862247094,0.253,17/51,12.73%,FBLN1;ATP2A2;IL1R1;PDLIM5;IGFBP4;MAN1A1;CD36;ESR1;ID2;ACO2;APOE;ALDH2;LPIN2;GART;CYB5A;ADH5;SLC35D1,Heart_Nuclei,Neural cell
4,logFC,Oxidative Phosphorylation,0.5161381837001571,1.5954604971616169,0.0012903225806451613,0.0654096714019228,0.258,29/81,15.48%,SLC25A4;GPI;MPC1;ACO2;UQCRB;LDHA;NNT;LDHB;UQCRH;COX4I1;SLC25A3;MGST3;UQCRC1;ATP5F1A;ATP5MG;ATP5PF;ATP5MC2;SLC25A12;COX5B;ATP5F1D;SLC25A6;SUCLG1;CYB5A;COX7A2;SDHA;PDHX;ACADM;ATP5F1B;AFG3L2,Heart_Nuclei,Neural cell
5,logFC,E2F Targets,-0.45864447808656944,-1.593200783225702,0.0032679738562091504,0.13381722203893104,0.146,16/52,21.50%,GINS3;CIT;PPM1D;SHMT1;LBR;SMC3;PDS5B;NUP205;NBN;BARD1;PSIP1;DUT;GSPT1;NASP;CBX5;CNOT9,Heart_Nuclei,Neural cell
6,logFC,KRAS Signaling Up,0.49275992636055194,1.4465474957699502,0.029005524861878452,0.22723489740278374,0.692,24/58,16.70%,TNNT2;CFH;GFPT2;GUCY1A1;SPON1;TFPI;APOD;ALDH1A2;ENG;HDAC9;ID2;PRRX1;NGF;ANKH;RABGAP1L;NRP1;ST6GAL1;DNMBP;CBR4;EMP1;GLRX;STRN;USP12;NIN,Heart_Nuclei,Neural cell
7,logFC,Glycolysis,0.4763565185859823,1.4347556781325053,0.03768506056527591,0.21828505831949652,0.72,18/65,15.54%,EGFR;PAM;DCN;VCAN;PLOD2;UGP2;EGLN3;VEGFA;LDHA;B4GALT1;PKM;QSOX1;PGK1;CYB5A;AGL;SDC2;P4HA1;GLRX,Heart_Nuclei,Neural cell
8,logFC,KRAS Signaling Dn,0.5156120282578031,1.4049976330629985,0.07564296520423601,0.2467463050652891,0.808,8/33,6.97%,RYR2;ACTC1;MYH7;SLC16A7;TNNI3;THRB;BTG2;CAMK1D,Heart_Nuclei,Neural cell
9,logFC,Androgen Response,0.45547541651450457,1.354460280366076,0.07242339832869081,0.31937947417930196,0.912,13/62,8.66%,ARID5B;GUCY1A1;STEAP4;PDLIM5;ADAMTS1;ACTN1;MYL12A;INPP4B;LIFR;STK39;SEC24D;B4GALT1;ANKH,Heart_Nuclei,Neural cell
10,logFC,Adipogenesis,0.4317106315638049,1.3462225934651018,0.06994818652849741,0.3047496053953221,0.931,30/85,20.00%,C3;MGLL;PLIN2;CD36;LIFR;ACO2;APOE;ALDH2;ATP1B3;PPARG;MGST3;UQCRC1;COL15A1;PDCD4;GBE1;LPL;SUCLG1;STOM;ATL2;ACADM;IFNGR1;ADCY6;PEX14;RREB1;BCL6;ACOX1;YWHAG;DHRS7B;TKT;VEGFB,Heart_Nuclei,Neural cell
11,logFC,Angiogenesis,0.56167367949919,1.3276962367484901,0.13776337115072934,0.3137270248764007,0.944,8/18,11.77%,LUM;VCAN;VEGFA;FGFR1;COL3A1;TIMP1;NRP1;LPL,Heart_Nuclei,Neural cell
12,logFC,Coagulation,0.4716532541925789,1.3272331816194731,0.09022556390977443,0.28846797723250583,0.944,12/41,10.33%,CFH;C3;CFD;FN1;FBN1;LRP1;C1R;ADAM9;THBS1;TIMP1;GSN;C1S,Heart_Nuclei,Neural cell
13,logFC,Estrogen Response Early,0.4423986125258514,1.3229239367764136,0.07816711590296496,0.27395609126130005,0.947,18/66,13.10%,FHL2;THSD4;PDLIM3;MAST4;KAZN;SVIL;IGFBP4;TMEM164;CXCL12;SLC19A2;ABLIM1;DEPTOR;B4GALT1;RHOBTB3;JAK2;RPS6KA2;AFF1;XBP1,Heart_Nuclei,Neural cell
14,logFC,Pancreas Beta Cells,-0.6178043693707305,-1.3196201973661563,0.15086206896551724,0.5532827449686571,0.718,3/8,12.95%,PCSK2;FOXO1;AKT3,Heart_Nuclei,Neural cell
15,logFC,Complement,0.4347580371200935,1.3118995342109985,0.081267217630854,0.27501793657626633,0.963,14/67,11.73%,CFH;C3;ZFPM2;FN1;CD36;CBLB;CDH13;LRP1;C1R;ADAM9;TIMP1;C1S;JAK2;ZEB1,Heart_Nuclei,Neural cell
16,logFC,Reactive Oxygen Species Pathway,0.529226603377256,1.2999263200997249,0.1653290529695024,0.2776371550198498,0.969,10/22,18.22%,MGST1;MBP;MSRA;TXNRD1;ABCC1;PRDX6;JUNB;SELENOS;GLRX;FTL,Heart_Nuclei,Neural cell
17,logFC,TNF-alpha Signaling via NF-kB,0.4201455233597564,1.2896520413356425,0.11185983827493262,0.2771416272061989,0.971,18/74,10.74%,SMAD3;GFPT2;PDLIM5;CCN1;DUSP1;PDE4B;GADD45B;VEGFA;ID2;BTG2;NAMPT;CFLAR;B4GALT1;TRIP10;PLPP3;MAP3K8;NR4A1;ACKR3,Heart_Nuclei,Neural cell
18,logFC,Apical Junction,0.40963358627728064,1.251601754250282,0.12994350282485875,0.32767297190077066,0.988,16/71,12.24%,NEXN;ACTC1;EGFR;VCAN;MPZL1;ACTN1;FBN1;MAP3K20;ADAM9;MYH9;MYL9;B4GALT1;MYH10;ACTN4;ACTB;CDK8,Heart_Nuclei,Neural cell
19,logFC,UV Response Up,0.4502761367164312,1.2508396520154548,0.15072463768115943,0.31047177181486263,0.988,7/40,10.12%,PDLIM3;SLC25A4;PLCL1;PTPRD;BTG2;BSG;NR4A1,Heart_Nuclei,Neural cell
20,logFC,Hypoxia,0.40667482262575755,1.240245706574942,0.13161465400271372,0.3106735845209235,0.991,21/75,15.54%,EGFR;PAM;DCN;PLIN2;CCN1;CCN2;DUSP1;UGP2;RORA;GPI;VEGFA;LDHA;MYH9;ACKR3;PGK1;GAPDH;GBE1;SDC2;P4HA1;SRPX;GLRX,Heart_Nuclei,Neural cell
21,logFC,Wnt-beta Catenin Signaling,-0.5065405835968055,-1.2310290194285645,0.20666666666666667,0.6279115803365226,0.868,6/13,28.42%,WNT6;NOTCH1;HDAC2;JAG1;PPARD;NUMB,Heart_Nuclei,Neural cell
22,logFC,IL-6/JAK/STAT3 Signaling,0.47062299870975505,1.213069390905361,0.21428571428571427,0.3440378820490745,0.995,7/28,15.58%,PLA2G2A;IL1R1;CD36;MAP3K8;OSMR;PTPN2;IFNGR1,Heart_Nuclei,Neural cell
23,logFC,Cholesterol Homeostasis,-0.41004035070075695,-1.2097398287305379,0.1871508379888268,0.5316232266578687,0.903,6/29,9.60%,SEMA3B;ALCAM;CD9;CLU;CPEB2;FADS2,Heart_Nuclei,Neural cell
24,logFC,Myc Targets V2,0.5491337185616323,1.1824358411373252,0.2902654867256637,0.3844385680804105,0.997,6/11,33.10%,HSPD1;NPM1;PRMT3;GNL3;WDR43;RCL1,Heart_Nuclei,Neural cell
25,logFC,Myc Targets V1,0.36168206856615814,1.1660017612690403,0.20051085568326948,0.3971301477973884,0.998,46/105,32.30%,LDHA;RPL34;SLC25A3;RPS6;RPLP0;PGK1;PABPC4;ABCE1;RPS5;UBA2;RPL14;RPS2;HSPD1;RPL18;EEF1B2;NAP1L1;DDX21;NPM1;VDAC1;ETF1;RPL6;AP3S1;TRA2B;FAM120A;RACK1;XPOT;XPO1;UBE2E1;SF3B3;GNL3;PSMD14;SRSF1;PSMC6;PSMD8;PSMA1;SRSF2;SYNCRIP;SMARCC1;G3BP1;SERBP1;RPS3;SNRPA1;ORC2;CCT4;HSP90AB1;PABPC1,Heart_Nuclei,Neural cell
26,logFC,mTORC1 Signaling,0.3738101409957899,1.1584919902252402,0.2189119170984456,0.3941292806029186,0.999,26/82,20.64%,ATP2A2;PLOD2;EGLN3;GPI;LDHA;BTG2;NAMPT;TXNRD1;IGFBP5;PGK1;GAPDH;GBE1;XBP1;USO1;P4HA1;LDLR;GLRX;HSPD1;SQSTM1;HSPA5;CALR;ETF1;SERP1;HSPA9;ACTR3;PPA1,Heart_Nuclei,Neural cell
27,logFC,Notch Signaling,-0.45859199206424617,-1.1412144652094927,0.2938388625592417,0.603206862421643,0.971,4/14,12.24%,PRKCA;NOTCH1;HES1;ST3GAL6,Heart_Nuclei,Neural cell
28,logFC,Allograft Rejection,0.3989262401393312,1.138237069991495,0.2653958944281525,0.4152257617066054,1.0,12/42,17.84%,EGFR;HDAC9;TIMP1;RPS9;JAK2;RPS19;ABCE1;RPL9;GALNT1;IFNGR1;HIF1A;NPM1,Heart_Nuclei,Neural cell
29,logFC,TGF-beta Signaling,0.41407212048553943,1.13497008687049,0.2593703148425787,0.4043506959391591,1.0,5/35,7.01%,SMAD3;ID1;ENG;ID2;THBS1,Heart_Nuclei,Neural cell
30,logFC,Spermatogenesis,0.424575192839681,1.1138124419625732,0.3157099697885196,0.42747441968277095,1.0,10/29,23.62%,TNNI3;TLE4;SLC12A2;MAST2;IDE;LPIN1;STRBP;TOPBP1;CHFR;MLLT10,Heart_Nuclei,Neural cell
31,logFC,Interferon Alpha Response,-0.3654369603987885,-1.1033553755347933,0.3008356545961003,0.6100406906411525,0.985,15/32,28.68%,GBP2;MX1;IFI35;CNP;NUB1;IL7;HLA-C;DDX60;EIF2AK2;SP110;OGFR;PARP14;STAT2;IL15;IRF2,Heart_Nuclei,Neural cell
32,logFC,G2-M Checkpoint,0.355038169161754,1.082690796080265,0.3178191489361702,0.4686670599427093,1.0,5/74,4.78%,MEIS2;SMAD3;EFNA5;MEIS1;MAP3K20,Heart_Nuclei,Neural cell
33,logFC,p53 Pathway,-0.3030979359454583,-1.080569964454154,0.2631578947368421,0.5787717396427393,0.989,17/63,17.15%,ITGB4;PDGFA;SPHK1;PHLDA3;NDRG1;NOTCH1;PPM1D;S100A4;RALGDS;S100A10;DDB2;ELP1;PTPRE;PRMT2;SAT1;KIF13B;BTG1,Heart_Nuclei,Neural cell
34,logFC,Estrogen Response Late,-0.3139891473866114,-1.064691680427062,0.32081911262798635,0.5451336192675684,0.993,12/50,11.81%,KCNK5;ST6GALNAC2;SEMA3B;BCL2;CD9;FAM102A;ITPK1;ARL3;CCN5;PAPSS2;ADD3;ALDH3A2,Heart_Nuclei,Neural cell
35,logFC,Apoptosis,0.34447559681760065,1.0220474196980471,0.44086021505376344,0.5718037021093413,1.0,12/63,11.45%,LUM;DCN;PDGFRB;GADD45B;TGFBR3;BTG2;TIMP1;CFLAR;ANKH;GSN;PDCD4;HSPB1,Heart_Nuclei,Neural cell
36,logFC,Inflammatory Response,0.3468672371486636,1.0057964334108325,0.4220055710306407,0.5835023082518147,1.0,10/47,9.17%,ATP2A2;IL1R1;CALCRL;PDE4B;PCDH7;BTG2;NAMPT;TIMP1;PTGIR;HAS2,Heart_Nuclei,Neural cell
37,logFC,Fatty Acid Metabolism,0.34351950234844386,0.9950484938392047,0.45479833101529904,0.5849705840149232,1.0,14/53,14.58%,MGLL;ACSM3;CD36;PTPRG;ACO2;LDHA;ACSL1;ACSL4;AQP7;PRDX6;HSDL2;SUCLG1;SDHA;ACADM,Heart_Nuclei,Neural cell
38,logFC,Hedgehog Signaling,0.44394092662938767,0.9918632864663766,0.4814159292035398,0.5726086493642352,1.0,4/13,9.73%,UNC5C;VEGFA;MYH9;NRP1,Heart_Nuclei,Neural cell
39,logFC,Bile Acid Metabolism,-0.319802115283483,-0.9709295359666356,0.49404761904761907,0.7313244620403974,0.999,6/32,9.60%,ALDH1A1;RXRG;ABCD3;NPC1;CYP7B1;FADS2,Heart_Nuclei,Neural cell
40,logFC,PI3K/AKT/mTOR  Signaling,0.33682250073775466,0.9657776980159851,0.5132127955493742,0.603957705553164,1.0,11/50,20.39%,EGFR;ITPR2;MAPK10;NGF;THEM4;RPS6KA3;SQSTM1;CALR;MKNK1;PRKAG1;ACTR3,Heart_Nuclei,Neural cell
41,logFC,IL-2/STAT5 Signaling,0.3117785484644241,0.9581649684713418,0.521970705725699,0.5992990603408167,1.0,21/71,15.93%,PLAGL1;PLIN2;GADD45B;NFKBIZ;RORA;SNX9;LCLAT1;MAPKAPK2;MAP3K8;COL6A1;RABGAP1L;NRP1;XBP1;EMP1;ECM1;ST3GAL4;DHRS3;P4HA1;SWAP70;IFNGR1;PLSCR1,Heart_Nuclei,Neural cell
42,logFC,Apical Surface,-0.36756028551675046,-0.9182353812727064,0.5747126436781609,0.796040910590564,1.0,3/14,5.55%,MAL;AFAP1L2;AKAP7,Heart_Nuclei,Neural cell
43,logFC,Mitotic Spindle,0.28081884643144983,0.9104850045631835,0.6128236744759556,0.6674947034345379,1.0,15/117,12.86%,PALLD;PDLIM5;ARHGAP10;ARHGAP29;CCDC88A;MID1;STK38L;MYH9;ARHGEF3;GSN;MYH10;ACTN4;ABR;SYNPO;ALS2,Heart_Nuclei,Neural cell
44,logFC,Interferon Gamma Response,0.2975293912211399,0.893967783252305,0.6449375866851595,0.6770325728224996,1.0,12/63,16.93%,CFH;ARID5B;PDE4B;C1R;NAMPT;AUTS2;C1S;JAK2;PTPN2;PLSCR1;HIF1A;IFITM2,Heart_Nuclei,Neural cell
45,logFC,Pperoxisome,-0.2698295179297079,-0.8747566410991562,0.6950146627565983,0.8325365166011817,1.0,7/39,10.44%,CADM1;ALDH1A1;RXRG;ABCD3;SEMA3C;ITGB1BP1;ESR2,Heart_Nuclei,Neural cell
46,logFC,heme Metabolism,-0.22763198108498917,-0.8411500340721766,0.8404669260700389,0.8314967557461783,1.0,24/78,24.35%,RHAG;TSPAN5;MBOAT2;SNCA;KAT2B;ENDOD1;CA1;ALDH6A1;BMP2K;VEZF1;SLC66A2;HAGH;FBXO7;ADD1;LAMP2;ARL2BP;TNRC6B;BACH1;ARHGEF12;DCUN1D1;FBXO34;HTATIP2;XPO7;EZH1,Heart_Nuclei,Neural cell
47,logFC,Protein Secretion,0.2702278720690736,0.8181555151263521,0.7719298245614035,0.785146123307983,1.0,12/66,21.71%,EGFR;PAM;SEC24D;ATP1A1;USO1;GBF1;CD63;RPS6KA3;GOLGA4;ATP6V1H;AP3S1;ARFGEF2,Heart_Nuclei,Neural cell
48,logFC,Unfolded Protein Response,0.26983521330994314,0.774079372858361,0.8023088023088023,0.8283254412397761,1.0,15/47,25.02%,VEGFA;RPS14;XBP1;DDX10;NPM1;HSPA5;CALR;SERP1;DCP2;HSPA9;EEF2;CCL2;EXOC2;XPOT;HSP90B1,Heart_Nuclei,Neural cell
49,logFC,DNA Repair,-0.2112298717729025,-0.7132508256742083,0.931899641577061,0.9318376773342131,1.0,10/48,18.88%,POLR2F;VPS37B;USP11;DDB2;AK3;STX3;TK2;DUT;NT5C3A;CSTF3,Heart_Nuclei,Neural cell
0,logFC,KRAS Signaling Dn,0.6122391029051818,1.7178691158152868,0.008281573498964804,0.3018275943211232,0.18,10/28,9.53%,THRB;TCL1A;STAG3;SLC16A7;TENT5C;SGK1;BARD1;CAMK1D;ASB7;MTHFR,Ileum,B cell
1,logFC,Notch Signaling,0.6765080658714002,1.5827072016543686,0.03550295857988166,0.40485528276727584,0.411,5/13,13.80%,NOTCH1;DTX1;PRKCA;LFNG;PPARD,Ileum,B cell
2,logFC,Interferon Gamma Response,0.4284781123489649,1.5594428474351507,0.007547169811320755,0.32165921510183804,0.471,44/120,16.03%,P2RY14;IL4R;GPR18;SAMHD1;CD69;CD86;PFKP;ISG20;NAMPT;TNFAIP3;PNP;HLA-DRB1;CIITA;BTG1;PARP14;HLA-DQA1;GCH1;CASP3;AUTS2;IRF2;HIF1A;RAPGEF6;HLA-DMA;NFKB1;TNFSF10;IFITM2;XAF1;IRF4;NFKBIA;CASP1;PSME2;ARL4A;PLSCR1;CD74;IFI35;SOCS1;STAT2;JAK2;PDE4B;LAP3;SAMD9L;IRF9;IRF8;VAMP8,Ileum,B cell
3,logFC,Apoptosis,0.4263764798241339,1.4404935696117183,0.05303030303030303,0.5031669150521609,0.726,20/82,10.98%,DPYD;TSPO;SATB1;BIRC3;CD69;BID;IFNGR1;ISG20;SC5D;GCH1;CASP3;GPX1;NEDD9;ADD1;CASP9;TNFSF10;CASP1;CASP2;EGR3;APP,Ileum,B cell
4,logFC,mTORC1 Signaling,0.3960778115799438,1.4393657810229208,0.020080321285140562,0.4039846262451957,0.728,37/127,18.86%,INSIG1;ITGB2;SLC2A3;ADD3;PDK1;NAMPT;PNP;SC5D;CALR;SDF2L1;HSPA5;LTA4H;SLA;PFKL;IDI1;ELOVL5;DHFR;GLRX;PPA1;CYP51A1;GOT1;HMGCS1;TES;SHMT2;CANX;PSMA4;MTHFD2L;DDIT4;ENO1;ATP2A2;LDHA;HSP90B1;SQLE;ADIPOR2;GSR;DAPP1;GGA2,Ileum,B cell
5,logFC,IL-2/STAT5 Signaling,0.41387108409580137,1.429839879974162,0.043209876543209874,0.3555180798493999,0.752,29/87,10.91%,IL4R;SLC39A8;ABCB1;SELL;NT5E;TTC39B;SLC2A3;MAP3K8;CD86;IFNGR1;PNP;CD79B;CCND3;NFKBIZ;RHOH;CASP3;GLIPR2;TNFSF10;ADAM19;MXD1;SNX9;MYC;CD83;GALM;SPRED2;IRF4;GPR65;ARL4A;PLSCR1,Ileum,B cell
6,logFC,Hypoxia,0.42215877033331206,1.426420559080946,0.038910505836575876,0.3128144504330872,0.758,23/80,9.55%,IRS2;LARGE1;MXI1;CCNG2;FOS;SLC2A3;SIAH2;PLAC8;PFKP;PDK1;ISG20;TNFAIP3;GCNT2;BTG1;KLF7;TPST2;HSPA5;MYH9;PFKL;NOCT;PRKCA;ETS1;TPD52,Ileum,B cell
7,logFC,TNF-alpha Signaling via NF-kB,0.40242428214915826,1.4227776978587414,0.04158790170132325,0.2798797944936858,0.762,29/98,12.49%,IRS2;ICOSLG;PMEPA1;IL6ST;PTPRE;BIRC3;BCL6;CD69;SMAD3;FOS;SLC2A3;MAP3K8;NAMPT;TNFAIP3;BTG1;ZBTB10;AREG;SGK1;GCH1;NFKB1;MXD1;MYC;CD83;NFKBIA;SIK1;JUNB;EGR3;BIRC2;GADD45B,Ileum,B cell
8,logFC,Allograft Rejection,0.39169577361767155,1.3758080289211392,0.05847953216374269,0.3240777054409496,0.833,30/100,15.53%,IL4R;GCNT1;ITGB2;ICOSLG;CD86;IFNGR1;CCND3;HLA-DOA;HLA-DMB;HLA-DQA1;HIF1A;HLA-DMA;HLA-DRA;HLA-DOB;WAS;ETS1;IRF4;GPR65;TPD52;CSK;CD74;CD79A;CD47;HDAC9;SOCS1;NME1;JAK2;LY75;RPS19;IRF8,Ileum,B cell
9,logFC,TGF-beta Signaling,-0.45225912485934133,-1.3738707641269312,0.06477732793522267,0.8510325687698963,0.776,10/35,10.73%,HIPK2;BMPR1A;RAB31;BMPR2;TGIF1;BCAR3;PPP1R15A;TGFBR1;ID3;NCOR2,Ileum,B cell
10,logFC,E2F Targets,0.37700536273945917,1.3576059290806228,0.05904761904761905,0.3241744450545141,0.851,40/117,21.89%,EZH2;STMN1;SMC4;MCM7;LBR;MYBL2;PCNA;MSH2;BARD1;LIG1;EIF2S1;RPA3;MYC;HELLS;MCM3;CENPM;NOLC1;SMC1A;CBX5;H2AX;LMNB1;POLD2;NME1;DNMT1;TP53;NAA38;AK2;RFC3;SMC6;MLH1;HNRNPD;ATAD2;MRE11;PRPS1;SNRPB;CKS2;XRCC6;HMGB2;NUDT21;H2AZ1,Ileum,B cell
11,logFC,KRAS Signaling Up,0.4273487392692324,1.3445364972038798,0.07782101167315175,0.3140959362231619,0.868,17/58,12.41%,ABCB1;TSPAN13;ITGB2;SATB1;PECAM1;BIRC3;MTMR10;GYPC;TNFAIP3;LAT2;LAPTM5;CBL;GALNT3;ETS1;GLRX;AVL9;HDAC9,Ileum,B cell
12,logFC,Angiogenesis,-0.6780089746696198,-1.3403929983398764,0.17407407407407408,0.5239368214839605,0.831,1/6,0.87%,S100A4,Ileum,B cell
13,logFC,Complement,0.3864369937134682,1.3298921845038223,0.09195402298850575,0.3133154234319031,0.895,32/84,20.98%,L3MBTL4;GNB4;TNFAIP3;CPQ;PRCP;HSPA5;LTA4H;CASP3;IRF2;GMFB;VCPIP1;STX4;CASP9;CALM3;WAS;CD55;GCA;GNG2;CASP1;RASGRP1;PLSCR1;JAK2;PFN1;LAP3;CEBPB;APOA4;KIF2A;CR2;LYN;PIK3CA;USP15;FYN,Ileum,B cell
14,logFC,Bile Acid Metabolism,-0.44766668115346814,-1.2940359210247918,0.13347022587268995,0.4665469485484178,0.906,7/31,11.03%,ATXN1;SLC23A2;ACSL1;BCAR3;EFHC1;SOD1;OPTN,Ileum,B cell
15,logFC,Myogenesis,-0.4057853651191456,-1.2604681446192838,0.16370808678500987,0.42312872418578074,0.944,9/40,10.33%,SSPN;DAPK2;PDE4DIP;ACSL1;BHLHE40;ITGB1;PRNP;PKIA;LPIN1,Ileum,B cell
16,logFC,Apical Junction,0.3962092442798915,1.246809573153443,0.1617933723196881,0.4426953546884521,0.966,18/58,15.59%,INSIG1;CTNND1;PECAM1;ICAM2;EPB41L2;CD86;CNN2;MYH9;MAP3K20;STX4;EVL;CAP1;ACTB;VASP;ACTN4;PFN1;MAPK14;RASA1,Ileum,B cell
17,logFC,IL-6/JAK/STAT3 Signaling,0.4236887341982944,1.2384154599424317,0.18426103646833014,0.42745089250697527,0.967,13/34,17.56%,IL4R;IL6ST;MAP3K8;IFNGR1;IFNAR1;CBL;ITGA4;SOCS1;STAT2;IRF9;PTPN11;STAM2;IL2RG,Ileum,B cell
18,logFC,Protein Secretion,-0.35789804349119814,-1.2370977390118885,0.11513859275053305,0.38391968002612026,0.963,15/79,14.57%,SSPN;SCRN1;KIF1B;PAM;CTSC;ATP1A1;CD63;ARFGEF1;AP3S1;SOD1;SEC24D;CLN5;GOSR2;VPS45;LMAN1,Ileum,B cell
19,logFC,Epithelial Mesenchymal Transition,0.4225557802676762,1.2045409335622974,0.21627408993576017,0.46763929197061205,0.976,10/28,14.26%,LAMC1;PMEPA1;NT5E;TNFAIP3;MCM7;AREG;GADD45B;PPIB;CALU;ANPEP,Ileum,B cell
20,logFC,Apical Surface,0.5134844006922271,1.1937843391860026,0.26232741617357,0.4576388344183857,0.978,10/13,21.17%,AKAP7;SULF2;FLOT2;APP;ATP8B1;IL2RG;ADIPOR2;LYN;ADAM10;B4GALT1,Ileum,B cell
21,logFC,Xenobiotic Metabolism,0.3704020195368186,1.1891313586446708,0.18067226890756302,0.4395961851679255,0.978,14/53,15.53%,TPST1;MAN1A1;GCNT2;GCH1;CYB5A;SERTAD1;ELOVL5;ACP1;SHMT2;PPARD;POR;ATP2A2;NPC1;IRF8,Ileum,B cell
22,logFC,Inflammatory Response,0.3483066890295928,1.1669176629202067,0.22157996146435452,0.4591100827080119,0.989,18/69,10.51%,IL4R;SLAMF1;SELL;ICOSLG;PTPRE;CD69;GABBR1;NAMPT;GCH1;IFNAR1;HIF1A;NFKB1;TNFSF10;MXD1;CD55;MYC;NFKBIA;RASGRP1,Ileum,B cell
23,logFC,UV Response Up,0.35357650165695886,1.1517161149561985,0.22433460076045628,0.46541937241723813,0.995,15/67,12.14%,ABCB1;IL6ST;FOS;BID;RAB27A;AGO2;BTG1;CCND3;GCH1;CASP3;E2F5;NFKBIA;RASGRP1;JUNB;H2AX,Ileum,B cell
24,logFC,Cholesterol Homeostasis,-0.3890288011658244,-1.1327298526504863,0.28488372093023256,0.5525875438739695,0.996,5/31,3.52%,TP53INP1;ALCAM;ANTXR2;GUSB;FABP5,Ileum,B cell
25,logFC,Interferon Alpha Response,0.34444895297039574,1.1246874456648543,0.2729083665338645,0.4975802023688132,0.997,22/60,18.85%,IL4R;SELL;TENT5A;LPAR6;ISG20;PARP14;IRF2;IFITM2;CASP1;PSME2;PLSCR1;CD74;IFI35;CD47;STAT2;LAP3;SAMD9L;IRF9;EPSTI1;LY6E;PSME1;DDX60,Ileum,B cell
26,logFC,Estrogen Response Late,0.35527640678753414,1.123766154001423,0.2519230769230769,0.4756134001172828,0.997,17/52,14.49%,TSPAN13;LARGE1;IL6ST;FOS;SIAH2;ADD3;ISG20;AREG;SGK1;AFF1;ELOVL5;RBBP8;EGR3;FDFT1;NRIP1;JAK2;DNAJC1,Ileum,B cell
27,logFC,Coagulation,0.4332786391909065,1.1207737147145382,0.3122448979591837,0.4590734389149951,0.997,5/23,7.85%,PECAM1;CPQ;KLF7;LTA4H;CASP9,Ileum,B cell
28,logFC,UV Response Dn,0.34232567881766285,1.1137550801260307,0.25889328063241107,0.45255211832471093,0.997,14/66,8.63%,GCNT1;LAMC1;INSIG1;RUNX1;SMAD3;ADD3;RASA2;SIPA1L1;GRK5;NFKB1;PRKCA;SYNE1;MYC;PRKCE,Ileum,B cell
29,logFC,Androgen Response,0.33953436787871033,1.0857884092301202,0.3104125736738703,0.4867211807462023,0.998,13/58,11.80%,INSIG1;PMEPA1;CCND3;CDK6;NCOA4;ZBTB10;SGK1;DBI;IDI1;ELOVL5;TPD52;RPS6KA3;HMGCS1,Ileum,B cell
30,logFC,G2-M Checkpoint,0.3007597054181448,1.0843802492334984,0.2834331337325349,0.4696901717781787,0.998,25/118,14.83%,SMAD3;NUSAP1;EZH2;STMN1;SMC4;FOXN3;LBR;SLC38A1;KNL1;MYBL2;HIF1A;MAP3K20;BARD1;MYC;SLC12A2;MCM3;NOLC1;SMC1A;KATNA1;SMC2;H2AX;LMNB1;ODF2;DTYMK;MAPK14,Ileum,B cell
31,logFC,Glycolysis,0.31799461531171425,1.0820389777700927,0.3046092184368738,0.4562016930437983,0.998,17/76,16.51%,TPST1;IRS2;MXI1;NT5E;PFKP;STMN1;ISG20;HSPA5;CYB5A;HS2ST1;B3GAT3;GLRX;GOT1;DDIT4;ENO1;NDUFV3;LDHA,Ileum,B cell
32,logFC,DNA Repair,0.29223223076170646,1.040160940644469,0.3578154425612053,0.5189005383138257,1.0,30/104,22.22%,VPS37B;NT5C3A;PNP;RALA;AGO4;PCNA;LIG1;RPA3;IMPDH2;SEC61A1;POLR2C;POLR2G;NME1;TP53;PDE4B;TAF9;POLH;RFC3;UPF3B;GTF2F1;RRM2B;POLD4;UMPS;POLR2E;APRT;GTF2H3;NUDT21;HCLS1;EIF1B;ITPA,Ileum,B cell
33,logFC,Spermatogenesis,-0.34280791074849226,-1.019362187288321,0.43687374749499,0.7866821367351936,0.999,10/34,17.38%,CAMK4;JAM3;IDE;MLLT10;LPIN1;ZC3H14;RAD17;CSNK2A2;IP6K1;PEBP1,Ileum,B cell
34,logFC,Myc Targets V1,0.26725348312412195,1.016737327256532,0.3956692913385827,0.5446267494369306,1.0,73/179,33.63%,RRM1;MCM7;PCNA;EIF2S1;HDGF;MYC;IMPDH2;ILF2;ACP1;NOLC1;APEX1;NHP2;POLD2;CANX;PSMA4;SNRPA;NME1;PRPS2;EIF3B;RPS5;PSMA6;LDHA;SET;GNL3;HNRNPD;SERBP1;SNRPD1;UBA2;RACK1;TRIM28;DHX15;HNRNPA3;RPLP0;CCT2;XRCC6;HNRNPU;CBX3;H2AZ1;PSMC6;ORC2;POLE3;PCBP1;VDAC1;NDUFAB1;GLO1;EIF3J;MRPS18B;LSM2;ABCE1;SNRPD3;PRDX3;PPM1G;PSMD3;HNRNPA1;EIF4E;RPL22;LSM7;CCT3;TXNL4A;SRSF1;EIF2S2;KPNB1;RPL18;PSMD14;EIF3D;FBL;RANBP1;DDX21;PWP1;CCT7;PPIA;RPL6;SF3B3,Ileum,B cell
35,logFC,Estrogen Response Early,-0.30326728884310067,-1.011724934648769,0.4568421052631579,0.7086411313362174,0.999,15/62,12.81%,MAST4;GAB2;CBFA2T3;RAB31;CELSR1;BCL2;ARL3;BHLHE40;TGIF2;RRP12;ITPK1;AMFR;NCOR2;ISG20L2;CD44,Ileum,B cell
36,logFC,Unfolded Protein Response,0.30181413685729175,0.9960756554610795,0.43103448275862066,0.5679282485982673,1.0,22/76,23.23%,EIF2AK3;CALR;NOP14;HSPA5;EIF2S1;NFYA;NOLC1;H2AX;NHP2;PDIA6;DDIT4;CEBPB;EIF4A3;TARS1;LSM4;HSP90B1;KHSRP;DNAJB9;ATP6V0D1;MTREX;TSPYL2;LSM1,Ileum,B cell
37,logFC,p53 Pathway,-0.272859915308793,-0.9844995033855225,0.484472049689441,0.698346620230548,1.0,24/95,16.68%,PVT1;S100A4;ST14;TSC22D1;CTSD;CD82;FOXO3;PPP1R15A;IER5;TM7SF3;RGS16;ISCU;ADA;XPC;LDHB;SLC35D1;RPS27L;IP6K2;MDM2;DGKA;IFI30;RHBDF2;FAM162A;TAP1,Ileum,B cell
38,logFC,heme Metabolism,0.28310018665731146,0.97891180325418,0.4849624060150376,0.5848393338039585,1.0,13/95,9.03%,KLF3;MXI1;ATP6V0A1;TRAK2;GYPC;CCND3;NCOA4;TENT5C;LMO2;ADD1;RIOK3;HDGF;RBM38,Ileum,B cell
39,logFC,Wnt-beta Catenin Signaling,0.4067414091209287,0.9769974016424653,0.48697394789579157,0.5697183080772938,1.0,5/14,14.52%,NOTCH1;MYC;HDAC5;PPARD;TP53,Ileum,B cell
40,logFC,Pancreas Beta Cells,0.4720499847103505,0.9767321020264836,0.48582995951417,0.5525494646638952,1.0,2/8,6.34%,FOXO1;LMO2,Ileum,B cell
41,logFC,Fatty Acid Metabolism,-0.2697111922502719,-0.9472682401720951,0.5649606299212598,0.7193453595624847,1.0,14/79,17.45%,PTPRG;LGALS1;ACSL1;HSPH1;AUH;ACADM;XIST;ETFDH;PPARA;CD1D;RDH11;PDHA1;FABP1;ODC1,Ileum,B cell
42,logFC,Reactive Oxygen Species Pathway,-0.3076007379756701,-0.9202044358576368,0.5505376344086022,0.7129399455332032,1.0,9/34,14.55%,ABCC1;TXN;PRNP;SOD1;GPX4;NDUFA6;ATOX1;MSRA;LSP1,Ileum,B cell
43,logFC,Pperoxisome,0.28368911993137613,0.9117571423055626,0.5864077669902913,0.668162921869095,1.0,7/55,7.82%,ABCB1;ABCB4;TSPO;ABCD3;MSH2;IDI1;ELOVL5,Ileum,B cell
44,logFC,Mitotic Spindle,0.24305545258591205,0.8815969671243287,0.6844919786096256,0.7082620090157014,1.0,26/116,16.30%,NCK2;EPB41L2;NUSAP1;SMC4;RASA2;BCR;MYH9;SPTBN1;ARHGEF7;NEDD9;RAPGEF6;KIF3B;SUN2;PALLD;SMC1A;KATNA1;CCDC88A;LMNB1;TUBD1;RAPGEF5;ACTN4;CEP57;DYNC1H1;RASA1;BIN1;CEP250,Ileum,B cell
45,logFC,PI3K/AKT/mTOR  Signaling,0.24325435507032112,0.8223285102140695,0.775894538606403,0.8036159698799906,1.0,27/70,27.73%,VAV3;PDK1;CALR;SLA;RPS6KA3;STAT2;GRK2;PFN1;RAC1;ARF1;PTPN11;MKNK2;HSP90B1;ARHGDIA;IL2RG;RPS6KA1;DAPP1;MAPK1;YWHAB;CFL1;ARPC3;ATF1;RIPK1;PIN1;PTEN;GSK3B;AP2M1,Ileum,B cell
46,logFC,Hedgehog Signaling,0.3764178035849396,0.7974395206929378,0.7196652719665272,0.8245036647754507,1.0,5/8,19.04%,CDK6;MYH9;TLE1;RASA1;PML,Ileum,B cell
47,logFC,Myc Targets V2,-0.259683411731658,-0.7451122258193392,0.8455284552845529,0.9611256223981716,1.0,10/30,22.09%,UTP20;RRP12;NIP7;NDUFAF4;MPHOSPH10;SRM;NOP56;MCM5;HSPE1;MRTO4,Ileum,B cell
48,logFC,Adipogenesis,0.20581458151974402,0.7376195572095888,0.9259259259259259,0.8833241822888069,1.0,22/105,18.05%,APLP2;BCL6;CCNG2;IFNGR1;MAP4K3;MRPL15;PFKL;PIM3;SQOR;RIOK3;LPCAT3;PPP1R15B;ARL4A;ACAA2;ATP1B3;POR;ABCA1;AK2;SUCLG1;ADIPOR2;BAZ2A;PFKFB3,Ileum,B cell
49,logFC,Oxidative Phosphorylation,-0.14186785001547714,-0.5629002994012363,1.0,0.9876336625581585,1.0,36/171,27.52%,NDUFS8;ISCU;OGDH;ATP6V0C;MGST3;LDHB;GPX4;ACADM;CYB5R3;ATP6V0B;NDUFA6;ETFDH;ATP1B1;UQCRFS1;NDUFC2;GRPEL1;PDHA1;NDUFA4;DLST;NDUFS3;BCKDHA;SURF1;COX15;MDH1;MRPS30;HADHA;ATP6V0E1;NDUFB5;CYC1;MRPL34;UQCRB;ECHS1;ACAT1;NDUFS4;MRPL35;GPI,Ileum,B cell
0,logFC,Oxidative Phosphorylation,-0.44029045768921027,-1.9889561766556951,0.001,0.001,0.001,108/199,31.97%,SLC25A12;BCKDHA;PHYH;ACAT1;PDK4;MRPL35;IDH3G;PDP1;RETSAT;SUPV3L1;MRPS30;PDHX;SDHD;NDUFB6;NDUFC1;FDX1;DLST;IDH3A;NDUFAB1;SLC25A11;COX15;NDUFS3;NDUFB1;TIMM9;BDH2;MPC1;SUCLG1;POLR2F;IDH1;COX8A;ATP5PO;UQCR10;UQCRC2;COX10;GRPEL1;AFG3L2;ATP5MG;ETFA;UQCRFS1;COX6A1;CYB5A;ATP5F1A;NDUFB8;NDUFB2;UQCRH;MRPL11;HCCS;ECH1;NDUFA1;ACAA2;MRPS15;NDUFS2;ATP5PD;MTX2;ACO2;NDUFA3;ACAA1;ATP5ME;ATP5F1C;COX7A2L;ATP5F1B;COX5B;TOMM22;NDUFS8;SDHB;IDH3B;MGST3;PDHA1;SLC25A20;IDH2;NDUFS7;ECI1;COX7B;MRPL15;ACADM;SLC25A6;NDUFV2;ATP5MC1;HADHB;CYCS;ATP5MF;COX5A;MFN2;COX6C;FH;NDUFV1;ATP5F1D;COX4I1;MTRF1;NDUFA2;ATP5F1E;OXA1L;NDUFA6;BAX;PHB2;COX6B1;NDUFS6;ECHS1;SLC25A3;NDUFB7;COX7A2;NDUFA5;ATP5MC3;ACADVL;MRPS22;ATP5PF;UQCRC1;COX7C,Ileum,Crypt stem cell
1,logFC,Epithelial Mesenchymal Transition,0.5573828530366289,1.9029918318705037,0.001,0.012501775820429037,0.011,22/70,8.12%,COL16A1;PRSS2;LAMC2;LAMC1;TIMP1;TNFAIP3;MMP14;PLAUR;DAB2;TGFB1;COL4A2;LAMA1;CALU;SDC4;TIMP3;IL32;QSOX1;PLOD1;NOTCH2;GEM;IGFBP2;PMP22,Ileum,Crypt stem cell
2,logFC,Allograft Rejection,0.5394272013360584,1.9023329199522112,0.001,0.0062508879102145185,0.011,37/88,19.03%,IL2RG;CD74;HLA-DRA;SOCS1;TIMP1;IL4R;CD40;TGFB1;IRF7;JAK2;NOS2;ICOSLG;C2;ETS1;DEGS1;BCL3;TRAF2;CDKN2A;IFNGR2;IFNAR2;PTPN6;IL7;TAP1;HLA-E;CD1D;HLA-A;AARS1;CSK;TLR3;CAPG;RIPK2;NCK1;TAPBP;STAT1;IL15;B2M;CCND3,Ileum,Crypt stem cell
3,logFC,TNF-alpha Signaling via NF-kB,0.4931385822968486,1.8812769558282174,0.001,0.004924941989865985,0.013,45/144,12.87%,CCL20;BIRC3;DNAJB4;NFKB2;TNFAIP3;CD83;NR4A3;RELB;PLAUR;MXD1;F3;LITAF;SGK1;CXCL2;KLF2;ZBTB10;NFKBIA;ICOSLG;SDC4;TNFAIP8;CDKN1A;IL6ST;SOCS3;BCL3;BTG3;MAP3K8;GEM;IER3;IFNGR2;B4GALT5;DUSP5;TAP1;MCL1;KLF4;NFKB1;SIK1;NINJ1;SMAD3;NR4A2;PNRC1;IRS2;PTPRE;FOSB;LDLR;CCND1,Ileum,Crypt stem cell
4,logFC,Interferon Gamma Response,0.5017726869704782,1.8660216301541952,0.0012953367875647669,0.004546100298337832,0.016,40/132,15.48%,BANK1;CD74;LY6E;IFI27;ISG20;SOCS1;SSPN;TNFAIP3;HLA-DRB1;IL4R;MX2;PML;CD40;IRF7;JAK2;NFKBIA;CDKN1A;SOCS3;IFITM2;SAMD9L;TRAFD1;NLRC5;IFNAR2;PTPN6;IFIT3;IL7;SAMHD1;TDRD7;TAP1;TRIM14;NFKB1;HLA-B;HELZ2;HLA-A;SP110;PARP14;IRF1;PARP12;ISOC1;RIPK2,Ileum,Crypt stem cell
5,logFC,Apical Surface,0.6790616237060484,1.8592053659084267,0.001694915254237288,0.004091490268504049,0.018,13/25,20.40%,IL2RG;HSPB1;TMEM8B;PLAUR;EFNA5;PKHD1;SULF2;AFAP1L2;AKAP7;CROCC;ADIPOR2;B4GALT1;LYN,Ileum,Crypt stem cell
6,logFC,Inflammatory Response,0.5160941229801446,1.8086687094931608,0.001394700139470014,0.006440308755978596,0.033,29/84,17.10%,CCL20;CCL24;LY6E;TIMP1;MMP14;IL4R;PLAUR;MXD1;F3;CD40;IRF7;TNFSF15;NFKBIA;ICOSLG;CDKN1A;SLC28A2;IFNGR2;NFKB1;ADORA2B;PTPRE;LDLR;AHR;RHOG;IRF1;TLR3;RIPK2;TAPBP;SLC31A1;ITGB8,Ileum,Crypt stem cell
7,logFC,IL-6/JAK/STAT3 Signaling,0.5663366981590067,1.7904252086768637,0.0030257186081694403,0.00828039697197248,0.05,13/46,9.06%,IL2RG;PLA2G2A;SOCS1;IL4R;TGFB1;IL17RB;IL6ST;SOCS3;MAP3K8;LEPR;IFNGR2;IL7;IL13RA1,Ileum,Crypt stem cell
8,logFC,Interferon Alpha Response,0.47450438794805794,1.6274895637116515,0.012893982808022923,0.03466401477482597,0.216,25/78,15.48%,CD74;LY6E;IFI27;ISG20;IL4R;IRF7;SAMD9;IFITM2;SAMD9L;TRAFD1;IFIT3;IL7;TDRD7;OAS1;TAP1;TRIM14;MOV10;HELZ2;SP110;PARP14;PARP9;HLA-C;IRF1;PARP12;RIPK2,Ileum,Crypt stem cell
9,logFC,Estrogen Response Late,0.428799363040126,1.6038638672933383,0.001,0.03838929140818614,0.259,29/130,13.18%,SERPINA1;TFF3;MYOF;ISG20;LAMC2;SCNN1A;PRSS23;SGK1;SLC24A3;JAK2;IL17RB;IL6ST;RPS6KA2;BTG3;ATP2B4;TSPAN13;SLC1A4;PTPN6;ELOVL5;FKBP5;STIL;ABHD2;KLF4;DNAJC1;SFN;GINS2;MDK;CCND1;CDC6,Ileum,Crypt stem cell
10,logFC,Coagulation,0.4687056190521776,1.5588525020713961,0.019490254872563718,0.04977979826679926,0.355,15/61,9.56%,SERPINA1;FYN;TIMP1;MMP14;GSN;DUSP6;PRSS23;F3;APOC2;TIMP3;C2;ANG;KLF7;CTSO;CLU,Ileum,Crypt stem cell
11,logFC,KRAS Signaling Up,0.42512852279207786,1.5216199783930937,0.012838801711840228,0.06343876325407792,0.443,15/97,9.55%,CCL20;ANO1;IL2RG;BIRC3;SLPI;TNFAIP3;DUSP6;PLAUR;ETS1;SATB1;CDADC1;TSPAN13;SDCCAG8;ST6GAL1;KLF4,Ileum,Crypt stem cell
12,logFC,Complement,0.40125784517717444,1.4824928036698353,0.016483516483516484,0.08268219917601932,0.556,24/115,10.49%,SERPINA1;FYN;TIMP1;TNFAIP3;MMP14;DUSP6;PLAUR;F3;IRF7;COL4A2;JAK2;ANXA5;C2;LIPA;GNAI2;ANG;KLK1;DYRK2;DUSP5;CTSO;DOCK10;CLU;SRC;PRCP,Ileum,Crypt stem cell
13,logFC,KRAS Signaling Dn,0.45595244519744815,1.4796108607718501,0.039097744360902256,0.07737113007748041,0.56,20/56,16.12%,SLC16A7;CAPN9;MAGIX;THRB;SGK1;PTPRJ;C5;SIDT1;CYP39A1;IGFBP2;SLC25A23;BARD1;KMT2D;NR4A2;SKIL;DTNB;GPRC5C;PRKN;TFCP2L1;MFSD6,Ileum,Crypt stem cell
14,logFC,Myogenesis,0.41315428139337407,1.431925877844386,0.045588235294117645,0.10439794613682951,0.695,19/78,14.36%,SPDEF;MB;SSPN;GSN;TGFB1;COL4A2;CDKN1A;LPIN1;NQO1;NAV2;HDAC5;ITGB4;MYO1C;CLU;SORBS3;SORBS1;TSC2;PC;SYNGR2,Ileum,Crypt stem cell
15,logFC,UV Response Dn,0.3932212401877036,1.430612742014308,0.03556187766714083,0.09857460813562534,0.699,29/107,18.90%,KCNMA1;FYN;LAMC1;F3;DAB2;CELF2;GRK5;NOTCH2;LTBP1;MGLL;RUNX1;ATP2B4;ATXN1;PMP22;PTPN21;NFKB1;INSIG1;SMAD3;ADORA2B;LDLR;INPP4B;CDKN1B;WDR37;FHL2;MIOS;NEK7;TOGARAM1;DLG1;MET,Ileum,Crypt stem cell
16,logFC,Estrogen Response Early,0.3725755995640078,1.3975244369897408,0.034255599472990776,0.1189089359283989,0.787,24/136,11.06%,AQP3;TFF3;MYOF;TTC39A;MLPH;SCNN1A;TGIF2;PRSS23;MINDY1;SLC24A3;JAK2;IL17RB;IL6ST;RPS6KA2;SLC1A4;NAV2;ELOVL5;FKBP5;ABHD2;KLF4;THSD4;CANT1;SFN;DHRS3,Ileum,Crypt stem cell
17,logFC,Androgen Response,0.39226883620354325,1.3876947510364568,0.05555555555555555,0.12093963881901675,0.808,34/87,25.03%,SPDEF;AZGP1;DNAJB9;SEC24D;SGK1;ZBTB10;TNFAIP8;DHCR24;PTPN21;ELOVL5;FKBP5;SRF;ABHD2;INSIG1;LMAN1;CCND1;INPP4B;ACTN1;ACSL3;SPCS3;UAP1;CENPN;B2M;CCND3;B4GALT1;UBE2J1;SLC38A2;STK39;MAP7;ELL2;SORD;RRP12;ITGAV;IQGAP2,Ileum,Crypt stem cell
18,logFC,Apoptosis,0.3703066043443943,1.366968576469695,0.06130790190735695,0.1349307824659437,0.854,29/115,19.54%,BIRC3;ISG20;TIMP1;GSN;HSPB1;TIMP3;CDKN1A;BIK;CYLD;NEDD9;SATB1;BTG3;IER3;BNIP3L;TAP1;MCL1;CLU;CTH;CCND1;BCL2L11;IRF1;CDKN1B;SC5D;XIAP;EMP1;CTNNB1;CASP2;RHOB;PMAIP1,Ileum,Crypt stem cell
19,logFC,Pperoxisome,-0.31747887275837233,-1.2832061268724562,0.06367041198501873,0.3907463694697737,0.675,36/87,24.37%,CADM1;CRABP1;PEX6;RETSAT;CDK7;UGT2B17;ABCB9;PEX5;ERCC3;PEX11B;SEMA3C;ALDH9A1;SLC25A19;MLYCD;HSD3B7;HSD17B11;NR1I2;CLN8;PRDX1;IDH1;ABCC5;LONP2;EHHADH;ALDH1A1;ITGB1BP1;ECH1;PEX11A;ACAA1;PRDX5;ABCD3;BCL10;NUDT19;IDH2;EPHX2;SIAH1;CAT,Ileum,Crypt stem cell
20,logFC,heme Metabolism,0.3378677634829209,1.2769508841506574,0.07887700534759358,0.23633739840437862,0.973,38/142,19.07%,SLC7A11;AQP3;RAP1GAP;MBOAT2;BCAM;UCP2;MARCHF2;DMTN;ARL2BP;SLC10A3;GCLM;KAT2B;BNIP3L;CIR1;VEZF1;EIF2AK1;SIDT2;RNF123;BMP2K;OSBP2;TSPAN5;PC;ALDH6A1;YPEL5;MINPP1;MOCOS;HDGF;EZH1;E2F2;OPTN;NEK7;MXI1;LRP10;MKRN1;ALAD;BTRC;CCND3;LPIN2,Ileum,Crypt stem cell
21,logFC,Apical Junction,0.3522606579420154,1.2754424909179845,0.10157367668097282,0.22650944736468248,0.974,25/100,19.19%,COL16A1;LAMC2;CNN2;TMEM8B;BAIAP2;NECTIN1;GNAI2;ITGA3;ITGB4;SORBS3;SRC;WNK4;ADAM15;INSIG1;MDK;VASP;GNAI1;ACTN1;EVL;PLCG1;TSC1;DLG1;LAMB3;B4GALT1;JUP,Ileum,Crypt stem cell
22,logFC,Mitotic Spindle,0.3246900665218242,1.2463421771235057,0.09480519480519481,0.25880299555537517,0.987,73/181,31.20%,ARHGEF3;FGD6;GSN;BRCA2;TUBGCP6;NEDD9;KATNB1;NOTCH2;PXN;KIF11;ARFIP2;CDC42EP1;SSH2;DLGAP5;DST;CLIP2;RACGAP1;TTK;CDC42EP4;KIF2C;ABL1;TPX2;CEP250;SASS6;BCL2L11;ALMS1;KIF20B;ARHGAP4;TBCD;MYO9B;NCK1;CTTN;WASF1;WASF2;TSC1;BCR;ARHGEF2;DLG1;CDK1;CCNB2;BIRC5;CSNK1D;KIF15;MAP3K11;RASA2;TOP2A;FBXO5;RAPGEF5;TLK1;ARHGEF11;SMC1A;SOS1;ANLN;PAFAH1B1;PLK1;BUB1;TUBA4A;STK38L;PALLD;EZR;PDLIM5;ECT2;MYH9;MAPRE1;SUN2;CYTH2;CDC42BPA;AURKA;TRIO;PLEKHG2;RALBP1;CENPJ;KIF4A,Ileum,Crypt stem cell
23,logFC,Hypoxia,0.3353678665046818,1.2444666517785306,0.11559139784946236,0.24967389479394023,0.987,25/138,12.31%,CSRP2;ISG20;CDKN1C;TNFAIP3;HK1;PLAUR;NDST1;F3;KDELR3;HK2;SDC4;CDKN1A;ETS1;ATP7A;DDIT4;IER3;BNIP3L;KLF7;AK4;IDS;PNRC1;SLC2A5;HEXA;ADORA2B;IRS2,Ileum,Crypt stem cell
24,logFC,PI3K/AKT/mTOR  Signaling,0.35451549764489826,1.2392712324501651,0.14561664190193166,0.24539058784288778,0.987,17/89,17.34%,IL2RG;GNGT1;PLCB1;ITPR2;CDKN1A;TRAF2;SFN;DUSP3;TSC2;AKT1S1;CDKN1B;CAB39;NCK1;TNFRSF1A;PLCG1;PPP2R1B;E2F1,Ileum,Crypt stem cell
25,logFC,Myc Targets V2,-0.32696842169493523,-1.22623863041815,0.13256484149855907,0.38365417088821346,0.807,20/56,23.71%,SLC29A2;NDUFAF4;DUSP2;MYBBP1A;EXOSC5;GRWD1;SUPV3L1;MRTO4;MCM5;SLC19A1;AIMP2;TCOF1;TMEM97;TFB2M;FARSA;NOP2;DDX18;TBRG4;NOP16;PRMT3,Ileum,Crypt stem cell
26,logFC,Adipogenesis,-0.27313780440076085,-1.2123502109503739,0.06563706563706563,0.31475852752448497,0.837,57/165,24.90%,DHCR7;GPAM;BCKDHA;PHYH;UCK1;PREB;ESRRA;IDH3G;RETSAT;CMBL;COQ3;NMT1;ARL4A;SLC25A10;YWHAG;REEP6;COQ5;IDH3A;NDUFAB1;NDUFS3;ALDOA;ITGA7;DGAT1;CDKN2C;SULT1A1;ITSN1;SLC19A1;HADH;CHCHD10;SUCLG1;IDH1;HIBCH;COX8A;ATP5PO;IFNGR1;UQCR10;PFKL;GPD2;ABCB8;GRPEL1;MTCH2;COX6A1;ECH1;ACAA2;ACO2;MAP4K3;TKT;SQOR;SLC66A3;SDHB;MGST3;DHRS7B;EPHX2;CAT;COX7B;MRPL15;ACADM,Ileum,Crypt stem cell
27,logFC,Fatty Acid Metabolism,-0.28099826391104255,-1.1922789557200828,0.1067193675889328,0.2903073286052009,0.883,45/126,24.90%,FABP1;MAOA;ADSL;IDH3G;RETSAT;CRYZ;ACSM3;HSD17B7;GRHPR;G0S2;SDHD;REEP6;ALDH9A1;AUH;DLST;ALDOA;MLYCD;CPOX;HSD17B11;CBR1;HADH;ACOT2;SUCLG1;ADH1C;IDH1;HIBCH;GPD2;GPD1;EHHADH;ALDH1A1;HCCS;ECH1;ACAA2;PRDX6;ACO2;HPGD;ACAA1;METAP1;ALDH3A2;SUCLG2;IDH3B;PDHA1;NCAPH2;ECI1;ACADM,Ileum,Crypt stem cell
28,logFC,E2F Targets,0.30029129510507147,1.1768661131314258,0.163727959697733,0.33503812094521,0.999,74/193,29.81%,BRCA2;PAN2;MYBL2;CDC25A;CDKN1A;CCNE1;RAD51AP1;DONSON;GINS4;DSCC1;TCF19;EZH2;CDKN2A;E2F8;BARD1;CIT;DIAPH3;RAD1;RRM2;DLGAP5;IPO7;KIF18B;RACGAP1;ING3;NAP1L1;TK1;MELK;KIF2C;UNG;TIMELESS;ASF1B;TP53;CDCA8;MCM3;CDKN1B;PRDX4;HELLS;POLD1;NCAPD2;CDK1;POLA2;CCNB2;BIRC5;RFC3;PMS2;CDC25B;ATAD2;ORC6;POLE4;TOP2A;DUT;STMN1;DEK;CBX5;PLK4;SMC1A;PLK1;DNMT1;USP1;RAD50;NUP205;MTHFD2;SLBP;MCM7;RAD21;CTCF;PRIM2;CSE1L;GSPT1;EIF2S1;NBN;POLE;MSH2;AURKA,Ileum,Crypt stem cell
29,logFC,IL-2/STAT5 Signaling,0.31814198537339916,1.1763862028886203,0.1927877947295423,0.32286404318795286,0.999,33/121,19.38%,SOCS1;CDKN1C;CD83;IL4R;PLEC;IKZF2;MXD1;CKAP4;HK2;SLC39A8;CCNE1;MAP3K8;GABARAPL1;AHNAK;PRKCH;SWAP70;HIPK2;MYO1C;DHRS3;HUWE1;AHR;CDC6;SYNGR2;CAPG;CAPN3;ODC1;BCL2;EMP1;CD81;XBP1;SLC1A5;CCND3;RHOB,Ileum,Crypt stem cell
30,logFC,Unfolded Protein Response,0.32262238512567676,1.1615996396628263,0.22283356258596973,0.33584315953970734,1.0,42/104,31.04%,DNAJB9;KDELR3;WIPI1;DDIT4;KHSRP;PDIA5;SLC1A4;RRP9;TSPYL2;DCTN1;SRPRA;EIF2AK3;BAG3;ARFGAP1;ERN1;EDEM1;DNAJA4;HERPUD1;NFYA;SPCS3;EDC4;LSM1;EXOSC9;FKBP14;XBP1;TUBB2A;SDAD1;EIF4G1;HSPA5;CNOT2;ATF3;CNOT6;MTHFD2;NFYB;ALDH18A1;YWHAZ;EEF2;EIF2S1;EXOSC10;NOLC1;FUS;SERP1,Ileum,Crypt stem cell
31,logFC,G2-M Checkpoint,0.2918045890994583,1.1417186692830101,0.20625,0.3591840170899696,1.0,68/191,29.81%,CDC45;BRCA2;PML;TGFB1;MYBL2;CDC25A;EFNA5;NOTCH2;BCL3;EZH2;RAD54L;KIF11;STIL;BARD1;RACGAP1;SMAD3;TTK;CCNF;KIF2C;GINS2;ABL1;TPX2;CCND1;CDC6;KIF20B;MCM3;CDKN1B;ODC1;E2F2;E2F1;CDK1;SS18;POLA2;CCNB2;CENPA;BIRC5;LIG3;TROAP;UPF1;KIF15;CDC25B;MTF2;ORC6;TOP2A;CHMP1A;FBXO5;STMN1;POLQ;CDC7;MAPK14;PLK4;PURA;SMC1A;E2F3;PAFAH1B1;PLK1;EXO1;BUB1;HSPA8;CASP8AP2;RAD21;CTCF;PRIM2;GSPT1;SLC12A2;POLE;CUL5;AURKA,Ileum,Crypt stem cell
32,logFC,UV Response Up,0.31109714380829523,1.1413548678871088,0.24725274725274726,0.34733018082925743,1.0,34/119,22.18%,AQP3;CDKN1C;MMP14;RAB27A;CXCL2;NFKBIA;IL6ST;CCNE1;BTG3;IGFBP2;TAP1;RXRB;WIZ;CLCN2;FOSB;BCL2L11;HLA-F;E2F5;IRF1;POLG2;POLE3;RPN1;NR4A1;EPHX1;RFC4;TGFBRAP1;CCND3;RHOB;LYN;BTG1;CTSV;CNP;BTG2;JUNB,Ileum,Crypt stem cell
33,logFC,Angiogenesis,0.4790389422751493,1.1410213917820402,0.3121597096188748,0.33570599272036095,1.0,2/13,3.81%,TIMP1;LPL,Ileum,Crypt stem cell
34,logFC,Cholesterol Homeostasis,0.32900984519673415,1.1228274060213719,0.2874806800618238,0.35474735994696216,1.0,23/62,21.09%,LSS;PLAUR;TP53INP1;LPL;ANXA5;CXCL16;CLU;ANTXR2;SREBF2;PNRC1;LDLR;PDK3;GNAI1;TM7SF2;ANXA13;GUSB;STARD4;SC5D;STX5;NSDHL;CTNNB1;FABP5;PMVK,Ileum,Crypt stem cell
35,logFC,p53 Pathway,0.2928874588770732,1.1156530613016067,0.25440806045340053,0.35639226613017794,1.0,32/162,14.12%,SLC7A11;TM4SF1;SOCS1;MXD1;TGFB1;BAIAP2;RAP2B;CDKN1A;TCN2;CYFIP2;DDIT4;HEXIM1;TRAFD1;PTPN14;IER3;CDKN2A;TSPYL2;ITGB4;TGFA;TAP1;NUDT15;KLF4;SERTAD3;PLK3;NINJ1;SFN;EPHA2;PTPRE;TM7SF3;ZFP36L1;DDB2;TP53,Ileum,Crypt stem cell
36,logFC,Glycolysis,0.2840189696872457,1.0798860736215974,0.3009198423127464,0.4100014206563432,1.0,40/153,20.21%,TFF3;ISG20;CHPF;GNE;KDELR3;HK2;NOL3;BIK;QSOX1;PLOD1;DDIT4;ANG;CHPF2;GMPPB;IER3;AK4;IL13RA1;TGFA;CTH;ADORA2B;IRS2;B4GALT2;PAXIP1;PDK3;G6PD;PC;GUSB;GNPDA1;MXI1;ALDOB;ALG1;PPP2CB;CDK1;NSDHL;MET;B4GALT1;GALK2;GFPT1;CENPA;SDC1,Ileum,Crypt stem cell
37,logFC,Wnt-beta Catenin Signaling,0.3701459571748734,1.0584914865083548,0.3824503311258278,0.4364945089479825,1.0,7/28,19.60%,DLL1;HDAC5;GNAI1;TP53;TCF7;CTNNB1;CSNK1E,Ileum,Crypt stem cell
38,logFC,Xenobiotic Metabolism,-0.23851598518965464,-1.036397867560488,0.3804347826086957,0.6191601936282788,0.991,46/132,25.11%,GCNT2;HSD17B2;FABP1;CYP2S1;MAOA;SLC46A3;IRF8;PDK4;GSS;ABHD6;RETSAT;SERTAD1;CNDP2;NMT1;PTGR1;CFB;ALDH9A1;ASL;CASP6;ACP2;DDC;CBR1;ADH1C;IDH1;REG1A;MT2A;IGFBP4;TMEM97;AKR1C3;CYB5A;GSTO1;CYP2J2;ECH1;ENPEP;GSTM4;XDH;ACO2;CYP2C18;MCCC2;SHMT2;DDAH2;TMEM176B;CAT;PPARD;PSMB10;DCXR,Ileum,Crypt stem cell
39,logFC,Hedgehog Signaling,0.4036948926196777,1.017854566566687,0.4457831325301205,0.49990389677678143,1.0,2/16,2.28%,PML;DPYSL2,Ileum,Crypt stem cell
40,logFC,Notch Signaling,0.35946497174983644,1.0110715486198034,0.44607843137254904,0.49870720272766017,1.0,4/24,14.30%,DLL1;NOTCH2;CCND1;DTX2,Ileum,Crypt stem cell
41,logFC,Protein Secretion,0.28483577702319235,1.0086227824079832,0.43597122302158275,0.4894318953134126,1.0,28/91,28.25%,SSPN;SEC24D;ATP7A;VAMP3;ARFGAP3;DST;MON2;LMAN1;CLN5;RAB5A;COPB1;TMX1;OCRL;ABCA1;GALC;CD63;AP2B1;STX7;USO1;SEC22B;MAPK1;ARFGEF2;ICA1;ARCN1;BET1;RAB22A;LAMP2;PPT1,Ileum,Crypt stem cell
42,logFC,Bile Acid Metabolism,-0.2562360342034128,-0.9915739901526053,0.43973941368078173,0.6685965166208327,0.997,28/67,28.58%,APOA1;AMACR;PEX6;SLC23A1;PHYH;NR1H4;RETSAT;ALDH9A1;MLYCD;HSD3B7;HSD17B11;PXMP2;NR1I2;IDH1;LONP2;ALDH1A1;PEX11A;PRDX5;ABCD3;IDH2;EPHX2;CAT;SULT1B1;SOD1;BCAR3;PEX7;GSTK1;NUDT12,Ileum,Crypt stem cell
43,logFC,Spermatogenesis,-0.23924040690465118,-0.9059894256828439,0.6257309941520468,0.8486997635933805,0.999,9/61,9.95%,TULP2;ZC2HC1C;CCT6B;NEK2;PSMG1;PGS1;YBX2;PHF7;ARL4A,Ileum,Crypt stem cell
44,logFC,mTORC1 Signaling,0.22542758661193107,0.8818468971947032,0.7233502538071066,0.7313999608359603,1.0,60/178,27.19%,SLC7A11;HK2;CDC25A;CDKN1A;DHCR24;DDIT4;SYTL2;SLC1A4;RRP9;ELOVL5;AK4;RRM2;SDF2L1;DHFR;CTH;INSIG1;RDH11;EDEM1;CCNF;LDLR;UNG;G6PD;PSMC2;EEF1E1;NUFIP1;ACSL3;TM7SF2;PSPH;STARD4;ACLY;PSME3;SC5D;RPN1;ADIPOR2;SRD5A1;XBP1;SLC1A5;SLC6A6;USO1;GBE1;BTG2;EGLN3;NAMPT;SORD;ENO1;HSPA5;WARS1;SQSTM1;QDPR;PNP;UBE2D3;ACTR3;HSPA4;PLK1;MAP2K3;ACTR2;NUP205;BUB1;TUBA4A;MTHFD2,Ileum,Crypt stem cell
45,logFC,TGF-beta Signaling,0.2829140977787967,0.8812022690613437,0.6469673405909798,0.7134984784022851,1.0,21/48,30.26%,CDKN1C;TGFB1;IFNGR2;HIPK2;CDK9;SMAD3;SKIL;TGFBR1;XIAP;CTNNB1;KLF10;ACVR1;JUNB;TGIF1;UBE2D3;BMP2;FKBP1A;SKI;ID2;TJP1;PPP1CA,Ileum,Crypt stem cell
46,logFC,Myc Targets V1,-0.17622153136056498,-0.7998680751276642,0.9698492462311558,0.9763968629216856,1.0,82/199,38.20%,CDK2;CSTF2;MRPL23;ILF2;MCM6;MCM5;UBE2L3;PSMC4;PWP1;NDUFAB1;SNRPA;SNRPB2;HDDC2;CLNS1A;AIMP2;BUB3;SRSF7;UBA2;PSMA2;RANBP1;PSMA4;SNRPD2;POLD2;SNRPA1;SNRPG;DDX18;EIF3D;EIF4H;CCT7;MAD2L1;NOP16;PSMA6;RPL34;IFRD1;EIF3B;COX5A;RSL1D1;TUFM;COPS5;MYC;PSMD8;HSPE1;FBL;PGK1;EIF3J;PHB2;TRA2B;SLC25A3;KPNA2;TFDP1;RNPS1;HNRNPA1;PSMA7;RPS3;LSM2;RPS10;PPM1G;NOP56;RUVBL2;YWHAQ;IMPDH2;CDC20;U2AF1;RPS6;ORC2;PSMB3;HSPD1;RPS5;EIF1AX;C1QBP;RPL22;DDX21;VDAC3;SSBP1;PPIA;SSB;RPL6;PTGES3;H2AZ1;NPM1;PRPF31;CNBP,Ileum,Crypt stem cell
47,logFC,Pancreas Beta Cells,-0.29974981937234413,-0.7446096864716166,0.8248337028824834,0.9379939209726443,1.0,1/12,1.16%,DPP4,Ileum,Crypt stem cell
48,logFC,Reactive Oxygen Species Pathway,0.20913854501012918,0.6479841274293567,0.9269406392694064,0.9977815904794168,1.0,9/42,22.18%,SBNO2;CDKN2D;GCLM;NQO1;G6PD;PRDX4;OXSR1;MBP;JUNB,Ileum,Crypt stem cell
49,logFC,DNA Repair,0.16073721352340167,0.6023955898397981,0.9959016393442623,0.987128853530331,1.0,36/137,26.19%,SUPT5H;BCAM;ALYREF;CANT1;NFX1;TYMS;DDB2;TP53;SNAPC5;ITPA;SEC61A1;POLR3C;CETN2;POLR2C;POLD1;RFC4;ERCC4;MPG;POLA2;BRF2;POLR2A;RAD52;RFC3;SRSF6;SMAD5;POLE4;DUT;TAF1C;RNMT;CLP1;PNP;SUPT4H1;TAF10;RALA;TK2;VPS37B,Ileum,Crypt stem cell
0,logFC,Xenobiotic Metabolism,0.7414404540674747,2.311253477757129,0.001,0.001,0.001,56/129,9.07%,CYP2C18;ENPEP;FMO1;LEAP2;XDH;ABCC2;FABP1;GCNT2;FBP1;SLC46A3;ABHD6;CYP4F2;CBR1;HMOX1;TKFC;PTGR1;PC;CCL25;CDA;CYB5A;MAOA;CNDP2;SLC6A6;PAPSS2;AKR1C3;TNFRSF1A;CYP2J2;GSTM4;HSD17B2;ADH1C;BPHL;ARG2;SLC35B1;CFB;NPC1;ACOX1;RETSAT;PGRMC1;ACOX2;CYP27A1;PDK4;ACO2;DHRS1;DDC;EPHA2;BLVRB;CAT;UPP1;NINJ1;DDT;DDAH2;PGD;POR;EPHX1;TMBIM6;GCH1,Ileum,Goblet cell
1,logFC,E2F Targets,-0.4922622473600361,-2.220406569105144,0.001,0.001,0.001,55/131,21.27%,PTTG1;MKI67;TOP2A;STMN1;HMGB2;LMNB1;RRM2;DNMT1;BRCA1;MCM3;CDCA8;SMC4;MSH2;MCM7;TP53;CSE1L;KIF22;NME1;TACC3;EXOSC8;CDC25B;DUT;MTHFD2;LBR;XPO1;PRDX4;TMPO;NAP1L1;ATAD2;H2AZ1;CCP110;TUBB;CKS2;BARD1;RPA3;CENPM;NOP56;DCK;CBX5;PRKDC;PSIP1;MRE11;PCNA;RANBP1;RAD51C;EED;MMS22L;PAICS;CNOT9;PDS5B;PPP1R8;PAN2;ASF1A;PRIM2;RAD21,Ileum,Goblet cell
2,logFC,Oxidative Phosphorylation,0.6422045586806997,2.0338181334158683,0.001,0.001,0.001,136/197,27.29%,MAOB;OAT;GPX4;CYB5A;LDHA;ACAA1;BDH2;SUCLG1;SLC25A5;ACAA2;RETSAT;PDK4;NQO2;ACO2;ACADM;HCCS;ECHS1;FDX1;MGST3;SDHA;VDAC1;BAX;POR;ATP5PF;CYB5R3;HADHB;MFN2;SLC25A3;OGDH;UQCRQ;SLC25A20;ATP1B1;COX11;VDAC2;ATP5F1D;TIMM10;AIFM1;CPT1A;HADHA;ISCA1;COX6A1;COX6C;COX7C;ATP5MC3;POLR2F;ATP6V1F;FH;DECR1;PHYH;ETFB;CYC1;ACADVL;UQCRC2;SDHB;UQCR11;ATP5PO;MRPL34;COX4I1;ALAS1;UQCRB;ATP5MG;GRPEL1;NDUFB5;SDHD;SUCLA2;MDH2;ATP5F1A;COX7B;NDUFA2;MRPL35;ATP6V0E1;NDUFS7;COX5A;UQCRC1;GPI;ATP5F1C;NDUFS2;COX5B;NDUFB2;CYCS;AFG3L2;ACAT1;NDUFB8;COX6B1;NDUFA6;ATP5ME;NDUFA1;COX8A;ALDH6A1;SLC25A11;ATP5F1E;SDHC;OXA1L;COX7A2;NDUFAB1;MRPL11;ATP5PD;PRDX3;NDUFC1;NDUFB3;NDUFV1;DLD;IDH1;ATP6V0C;PHB2;ATP6V1D;ATP5F1B;NDUFS3;SLC25A6;NDUFS4;VDAC3;MRPL15;UQCRFS1;ISCU;IMMT;NDUFB7;ATP5MF;NDUFS1;COX7A2L;NDUFA3;ETFDH;NDUFA8;NDUFC2;NDUFB6;NDUFS6;ETFA;MRPS15;NDUFA5;ATP5PB;UQCRH;MDH1;DLST;ECI1;NDUFB4;PDHB;SURF1,Ileum,Goblet cell
3,logFC,KRAS Signaling Up,0.6516743458571219,1.9780444102381176,0.001,0.001,0.001,29/93,9.83%,PTPRR;PRKG2;EMP1;HKDC1;NR1H4;ACE;ANGPTL4;BIRC3;GLRX;MALL;BMP2;TNFRSF1B;HBEGF;ABCB1;EPB41L3;IL2RG;SEMA3B;CFB;CCL20;TRIB1;DUSP6;TOR1AIP2;CCSER2;MTMR10;TMEM176A;FUCA1;PRELID3B;TNFAIP3;CPE,Ileum,Goblet cell
4,logFC,Adipogenesis,0.6208784976106201,1.9374559942874343,0.001,0.001,0.001,79/152,21.12%,STOM;ANGPTL4;PLIN2;GPX4;DGAT1;REEP6;MYLK;RMDN3;SULT1A1;ATP1B3;NABP1;SUCLG1;HADH;ACADS;LPCAT3;ARL4A;ACOX1;ACAA2;MTARC2;RETSAT;CRAT;ACO2;IFNGR1;ALDOA;CMBL;SOD1;ACADM;GADD45A;EPHX2;CAT;ECHS1;DDT;MGST3;GHITM;CHCHD10;POR;RIOK3;UQCRQ;MTCH2;ESRRA;AK2;APLP2;AIFM1;PFKFB3;DHRS7;COX6A1;DNAJC15;PEX14;RNF11;DECR1;PHYH;ETFB;CYC1;SLC25A1;SDHB;UQCR11;AGPAT3;MIGA2;ATP5PO;ABCB8;UBC;COQ9;GRPEL1;MDH2;COX7B;UQCRC1;PGM1;SAMM50;TST;COX8A;NMT1;SDHC;NDUFAB1;PRDX3;YWHAG;DLD;IDH1;TOB1;SCP2,Ileum,Goblet cell
5,logFC,Bile Acid Metabolism,0.6659006786228863,1.9345716014352892,0.001,0.001,0.001,31/64,14.42%,APOA1;SLC23A1;NR1H4;ABCG8;ACSL5;SULT1B1;ABCD1;PECR;PEX26;NPC1;RETSAT;CYP27A1;SULT2B1;HSD17B11;PXMP2;SLC22A18;SOD1;EPHX2;CAT;RXRA;PEX11A;NR1I2;PEX16;PEX11G;ABCD3;PHYH;PEX13;SLC27A2;PRDX5;NEDD4;GSTK1,Ileum,Goblet cell
6,logFC,TNF-alpha Signaling via NF-kB,0.6160492879196674,1.9079436916738695,0.001,0.001,0.001,62/132,18.74%,DUSP5;EDN1;BIRC3;BMP2;SGK1;HBEGF;IL18;KLF10;JAG1;SIK1;PMEPA1;RCAN1;IFIT2;ATP2B1;PHLDA2;CCL20;LAMB3;TRIB1;CEBPD;HES1;GADD45B;NAMPT;GADD45A;SMAD3;IRS2;NINJ1;SPSB1;NFKBIA;KLF6;GCH1;BTG1;TNFAIP3;VEGFA;CDKN1A;EFNA1;NFIL3;ZFP36;DUSP1;PFKFB3;EIF1;ATF3;RELB;PANX1;FOSL1;PLAUR;KDM6B;NFE2L2;PPP1R15A;G0S2;MCL1;BCL3;MAFF;SOD2;ETS2;BTG2;TNIP1;RNF19B;SAT1;IFNGR2;EGR1;MAP2K3;F2RL1,Ileum,Goblet cell
7,logFC,Hypoxia,0.5860057774450858,1.8371886625199818,0.001,0.001,0.007,51/135,15.30%,ALDOB;EDN2;SLC2A5;GCNT2;FBP1;ANGPTL4;GLRX;NR3C1;PLIN2;HMOX1;SLC37A4;PCK1;LDHA;SLC6A6;NOCT;GALK1;ALDOC;PFKP;PIM1;SULT2B1;PDK3;ALDOA;IRS2;KLF6;PPARGC1A;ERRFI1;BTG1;TPI1;MXI1;TNFAIP3;VEGFA;CDKN1A;EFNA1;NFIL3;ZFP36;DUSP1;PFKFB3;GAPDH;ENO1;SELENBP1;ATF3;STBD1;SLC25A1;IDS;TES;CITED2;PLAUR;PRDX5;PPP1R15A;MAFF;P4HA2,Ileum,Goblet cell
8,logFC,G2-M Checkpoint,-0.3858915870040635,-1.8149885273422757,0.001,0.010603048376408217,0.01606425702811245,87/137,39.93%,PTTG1;MKI67;TOP2A;STMN1;RBL1;LMNB1;CENPF;NUSAP1;MCM3;SMC4;DTYMK;CHAF1A;HMGN2;DBF4;KIF22;TACC3;SLC12A2;SAP30;CDC25B;LBR;XPO1;TMPO;H2AZ1;KMT5A;EFNA5;CKS2;BARD1;WRN;ORC5;MAP3K20;TNPO2;STIL;SMC2;NSD2;SLC38A1;PRMT5;DKC1;E2F4;PDS5B;PRIM2;RAD21;KIF5B;RASAL2;CDC27;SNRPD1;RPA2;NASP;CASP8AP2;H2AX;TFDP1;MARCKS;CDK4;PRPF4B;BUB3;NUMA1;SRSF1;CTCF;NUP50;ATRX;TENT4A;SMC1A;HNRNPD;SRSF10;RBM14;CUL4A;SS18;CUL5;MNAT1;HMGB3;G3BP1;NOLC1;CBX1;CUL3;ARID4A;KPNB1;GSPT1;ILF3;UPF1;CCNT1;YTHDC1;STAG1;SRSF2;CDKN1B;KIF20B;SYNCRIP;EZH2;SMARCC1,Ileum,Goblet cell
9,logFC,Fatty Acid Metabolism,0.5861483065765282,1.8029425154887948,0.001,0.0017912382858702575,0.015,45/125,13.35%,FMO1;AQP7;GPD1;FABP1;CBR1;ACSL5;REEP6;MAOA;LDHA;ACAA1;FABP2;CRYZ;ADH1C;BPHL;SUCLG1;HADH;ACADS;ACOX1;ACAA2;RETSAT;CRAT;ECI2;HSD17B11;ACO2;ALDOA;ACADM;SLC22A5;HCCS;ECHS1;PTPRG;SDHA;PPARA;EPHX1;HADHB;UROS;ALDH3A2;S100A10;HPGD;APEX1;CPT1A;GABARAPL1;VNN1;FH;DECR1;ACADVL,Ileum,Goblet cell
10,logFC,Coagulation,0.6298410144878064,1.7994627613266043,0.001177856301531213,0.001592211809662451,0.015,16/60,7.87%,APOA1;APOC3;DPP4;APOC2;LGMN;CTSH;MEP1A;LRP1;SERPINA1;GDA;CPQ;CFB;ACOX2;BMP1;DUSP6;THBS1,Ileum,Goblet cell
11,logFC,Complement,0.5563129450377265,1.703700471534234,0.001,0.005254298971886089,0.052,35/115,15.82%,APOA4;DPP4;DUSP5;LIPA;LGMN;CTSH;CDA;LRP1;PRSS3;SERPINA1;CTSD;CPQ;CFB;PIM1;ATOX1;RHOG;DUSP6;FDX1;CALM1;KIF2A;CD55;COL4A2;CTSC;TNFAIP3;L3MBTL4;MSRB1;CALM3;MMP15;PLAUR;GMFB;LGALS3;MAFF;PPP2CB;FYN;PSEN1,Ileum,Goblet cell
12,logFC,Estrogen Response Early,0.5411224227887891,1.671467031291106,0.001,0.007903160437051802,0.083,47/130,14.75%,THSD4;PDZK1;ASB13;SLC26A2;RHOD;SFN;KCNK5;RETREG1;SNX24;ENDOD1;KLF10;RAB17;SEC14L2;PAPSS2;DLC1;SEMA3B;WWC1;RARA;SLC1A1;TSKU;SULT2B1;HES1;PLAAT3;ALDH3B1;RBBP8;BLVRB;SLC22A5;LAD1;MREG;PEX11A;SVIL;ITPK1;ADD3;KRT19;ADCY9;IL17RB;FRK;TMEM164;IGFBP4;DEPTOR;PMAIP1;GLA;SLC27A2;NRIP1;AQP3;GAB2;NBL1,Ileum,Goblet cell
13,logFC,Pperoxisome,0.5475102293161953,1.6181232825164318,0.006787330316742082,0.017275498134837596,0.186,32/79,18.11%,FABP6;ACSL5;UGT2B17;ABCB1;ABCD1;ACAA1;SEMA3C;PRDX1;ACOX1;RETSAT;CRAT;ECI2;SULT2B1;HSD17B11;SOD1;ABCC5;EPHX2;CAT;PEX11A;NR1I2;PEX14;ABCD3;PEX13;SLC27A2;PRDX5;GSTK1;CLN8;SOD2;FIS1;HRAS;ERCC1;DHRS3,Ileum,Goblet cell
14,logFC,Unfolded Protein Response,-0.36401334054002304,-1.5967905875120392,0.011764705882352941,0.040203225093881155,0.08333333333333333,39/99,26.26%,EXOSC9;EIF4EBP1;PDIA5;IARS1;SRPRB;BANF1;MTHFD2;WIPI1;DCTN1;XPOT;NOP56;ARFGAP1;FKBP14;EXOSC1;NOP14;DDIT4;CXXC1;EXOSC4;XBP1;DCP2;SLC1A4;NHP2;EDEM1;DKC1;TARS1;HYOU1;TSPYL2;EXOSC10;DDX10;BAG3;EIF2AK3;KIF5B;SRPRA;NFYB;PARN;ATF4;H2AX;KDELR3;SLC30A5,Ileum,Goblet cell
15,logFC,Inflammatory Response,0.5328331002709245,1.5962633863041868,0.012571428571428572,0.02079673579082186,0.239,32/80,18.10%,SLC28A2;EDN1;TNFRSF1B;HBEGF;IL18;MEP1A;IRAK2;LPAR1;ATP2B1;CCL20;RHOG;CD82;NAMPT;HRH1;NFKBIA;KLF6;CD55;ITGB8;GCH1;SRI;SLC31A1;CDKN1A;TNFSF10;SGMS2;TLR3;PLAUR;SLC4A4;BTG2;PSEN1;FZD5;IFNGR2;IFITM1,Ileum,Goblet cell
16,logFC,Reactive Oxygen Species Pathway,0.597160198672691,1.5958866860973178,0.008860759493670886,0.019515967609862617,0.241,20/39,21.68%,GLRX;GPX4;FTL;PFKP;PRDX1;ATOX1;SOD1;CAT;PRDX2;MSRA;TXNRD1;MGST1;HMOX2;SOD2;OXSR1;NDUFS2;NDUFA6;PRDX6;TXN;LAMTOR5,Ileum,Goblet cell
17,logFC,TGF-beta Signaling,0.5630823120564696,1.5470566547440088,0.028014616321559074,0.03203530161040852,0.389,15/44,17.68%,BMP2;SLC20A1;KLF10;SMURF2;PMEPA1;SMAD3;THBS1;FKBP1A;SMAD7;ID1;PPP1R15A;CTNNB1;TJP1;SKIL;IFNGR2,Ileum,Goblet cell
18,logFC,p53 Pathway,0.4893733475974073,1.545216697463045,0.003121748178980229,0.030630174688381407,0.393,57/153,19.74%,STOM;DGKA;BMP2;HMOX1;TCN2;HBEGF;SFN;OSGIN1;CEBPA;CTSD;SLC3A2;RETSAT;VDR;EPHA2;CD82;ABCC5;CDKN2B;GADD45A;RALGDS;RXRA;SERPINB5;UPP1;NINJ1;TRAF4;HINT1;BAX;EPHX1;EPS8L2;FUCA1;CCNG1;BTG1;S100A10;CDKN1A;SOCS1;IRAK1;PERP;SERTAD3;ATF3;VAMP8;RPS27L;CDKN2AIP;PPP1R15A;ST14;TAX1BP3;PDGFA;BTG2;VWA5A;ZFP36L1;RNF19B;SAT1;HRAS;SDC1;WRAP73;H2AJ;CASP1;TGFA;HEXIM1,Ileum,Goblet cell
19,logFC,Epithelial Mesenchymal Transition,0.5259585455689669,1.5385509445727783,0.018890200708382526,0.031132423854811693,0.415,24/68,11.24%,PMP22;ANPEP;IL32;TNFRSF12A;LAMA3;SLC6A8;LRP1;MYLK;MATN2;PMEPA1;DAB2;BMP1;PLOD2;GADD45B;LAMC2;GADD45A;THBS1;PLOD1;FUCA1;COL4A2;TNFAIP3;VEGFA;IGFBP4;PFN2,Ileum,Goblet cell
20,logFC,heme Metabolism,0.4882980035824387,1.5199431209174508,0.003131524008350731,0.0358778394443939,0.469,45/142,19.31%,SLC30A10;MPP1;CA1;HEBP1;NR3C1;SLC22A4;PC;IGSF3;ABCG2;SLC6A8;ENDOD1;MOCOS;NCOA4;SLC30A1;MARCHF8;BLVRB;CAT;PRDX2;MGST3;DCAF11;UROS;RIOK3;SLC25A37;MXI1;ARL2BP;TFDP2;HTATIP2;ISCA1;HAGH;SELENBP1;AQP3;HDGF;FN3K;P4HA2;YPEL5;BTG2;NFE2L1;BSG;CTSB;ALDH6A1;LAMP2;MAP2K3;ALAD;CCDC28A;BACH1,Ileum,Goblet cell
21,logFC,UV Response Up,0.4974324530606601,1.5101551508889863,0.011904761904761904,0.03786112082134186,0.501,38/107,21.51%,FMO1;BMP2;HMOX1;APOM;DGAT1;MAOA;ABCB1;SLC6A8;ACAA1;SULT1A1;GLS;CHKA;ALDOA;CDKN2B;NFKBIA;EPHX1;TMBIM6;GCH1;BTG1;AP2S1;ATP6V1F;ATF3;AQP3;ALAS1;SOD2;GRPEL1;BTG2;BSG;HLA-F;EPCAM;SIGMAR1;TST;CLTB;POLR2H;RHOB;AMD1;MRPL23;GRINA,Ileum,Goblet cell
22,logFC,Interferon Gamma Response,0.4738927816165647,1.4756825717165043,0.008447729672650475,0.0512532981530343,0.636,42/135,18.40%,HLA-DRB1;CIITA;CD74;HLA-DMA;METTL7B;IFIT3;IFIT2;PFKP;CFB;ARL4A;PIM1;PSME2;NAMPT;SECTM1;LGALS3BP;UPP1;ISG15;EPSTI1;NFKBIA;GCH1;SRI;BTG1;TNFAIP3;CDKN1A;SOCS1;RSAD2;TNFSF10;PELI1;PNP;PSMA2;VAMP8;IFNAR2;SOD2;STAT3;VAMP5;HLA-A;MYD88;ISG20;IRF8;B2M;CASP8;PARP14,Ileum,Goblet cell
23,logFC,Apoptosis,0.4791849676443615,1.4636400750207281,0.02600216684723727,0.054499135656446186,0.678,39/115,18.31%,EMP1;BIRC3;BMP2;HMOX1;TNFRSF12A;GPX4;SLC20A1;IL18;RARA;RETSAT;IFNGR1;GADD45B;SOD1;GADD45A;BAX;GPX1;BCL2L1;GCH1;CDKN1A;VDAC2;SMAD7;CTH;TNFSF10;PMAIP1;ATF3;WEE1;NEDD9;LGALS3;MCL1;SOD2;CTNNB1;BTG2;PSEN1;ISG20;BCAP31;SPTAN1;SAT1;CASP6;CASP8,Ileum,Goblet cell
24,logFC,Spermatogenesis,0.5230328980229957,1.4590189979543084,0.051470588235294115,0.0543233720151198,0.694,8/48,8.22%,MEP1B;SLC2A5;ACE;PEBP1;CFTR;ARL4A;PHF7;GSTM3,Ileum,Goblet cell
25,logFC,Cholesterol Homeostasis,0.5082537583455693,1.4542323429222983,0.04132231404958678,0.05420442812894344,0.71,17/56,16.55%,LGMN;TNFRSF12A;JAG1;SEMA3B;ALDOC;PCYT2;PDK3;CHKA;ERRFI1;NFIL3;ATF5;ATF3;PMVK;PLAUR;LGALS3;CTNNB1;NSDHL,Ileum,Goblet cell
26,logFC,Estrogen Response Late,0.4498668184687473,1.3750531246597648,0.038834951456310676,0.10735488126649077,0.91,35/115,13.81%,PDZK1;SLC26A2;SGK1;SFN;KCNK5;SERPINA1;PAPSS2;SEMA3B;ACOX2;SULT2B1;PLAAT3;LAMC2;ALDH3B1;RBBP8;BLVRB;SLC22A5;ITPK1;ADD3;MDK;ALDH3A2;ASS1;KRT19;IL17RB;FRK;CPE;ZFP36;PKP3;IGFBP4;COX6C;PERP;GLA;ETFB;MOCS2;SLC27A2;NRIP1,Ileum,Goblet cell
27,logFC,Pancreas Beta Cells,0.6068374623711561,1.3626730924619344,0.12979351032448377,0.11291966154126103,0.927,5/14,13.33%,SLC2A2;DPP4;VDR;HNF1A;SPCS1,Ileum,Goblet cell
28,logFC,Myc Targets V2,-0.40004449405452563,-1.3508633512492667,0.07555555555555556,0.13220675944333996,0.3152610441767068,17/36,27.60%,PRMT3;HK2;TFB2M;MPHOSPH10;LAS1L;NOP56;UTP20;SRM;GNL3;FARSA;RCL1;WDR43;NOP2;MRTO4;CDK4;DDX18;RABEPK,Ileum,Goblet cell
29,logFC,Glycolysis,0.42770797492709145,1.337897026076867,0.05445026178010471,0.13080632405534598,0.958,52/140,20.71%,ALDOB;ANGPTL4;GLRX;SLC37A4;PC;CYB5A;LDHA;GALK1;GNPDA1;PFKP;PDK3;DSC2;ALDOA;PLOD2;SOD1;BPNT1;PSMC4;IRS2;AKR1A1;PKM;PLOD1;KIF2A;SLC16A3;TPI1;MXI1;VEGFA;CTH;ENO1;LHPP;ME2;GOT1;CITED2;EXT2;PPP2CB;MPI;P4HA2;MDH2;PGAM1;ISG20;NSDHL;PGK1;SDC1;CASP6;UGP2;SDHC;TGFA;PHKA2;EXT1;DLD;IDH1;TXN;HS2ST1,Ileum,Goblet cell
30,logFC,Allograft Rejection,0.4422802497871904,1.317340728455144,0.09933774834437085,0.14634195655030882,0.971,11/84,6.28%,HLA-DRA;HLA-DMB;CD74;HLA-DMA;IL18;PRKCB;LY75;IL2RG;ACHE;IFNGR1;GCNT1,Ileum,Goblet cell
31,logFC,Apical Junction,0.42500088327983043,1.292575166305363,0.10714285714285714,0.16936584478209446,0.989,22/100,13.17%,COL17A1;CLDN15;VAV2;RHOF;LAMA3;NECTIN3;SIRPA;HADH;CRAT;BMP1;LAMB3;LAMC2;MYL12B;RRAS;MDK;CRB3;ITGA3;NECTIN2;ACTB;LIMA1;ZYX;VCL,Ileum,Goblet cell
32,logFC,Myogenesis,0.42736771927000544,1.25186143990439,0.16832779623477298,0.2121484976736452,0.997,14/75,9.80%,KIFC3;PC;HBEGF;SLC6A8;MYLK;ACHE;CRAT;TNNC2;GADD45B;SVIL;CNN3;COL4A2;ADCY9;CDKN1A,Ileum,Goblet cell
33,logFC,KRAS Signaling Dn,0.4493148359229787,1.2417764851309796,0.16747572815533981,0.21835592757710856,0.999,13/55,11.48%,EDN2;EDN1;SELENOP;UGT2B17;SGK1;SYNPO;AKR1B10;ENTPD7;MAST3;SLC25A23;THRB;HNF1A;RSAD2,Ileum,Goblet cell
34,logFC,IL-6/JAK/STAT3 Signaling,0.4504020993930084,1.2367827160698441,0.18948655256723718,0.21689006547879347,0.999,10/43,12.51%,HMOX1;TNFRSF12A;TNFRSF1B;TNFRSF1A;IL2RG;PIM1;IFNGR1;IL17RB;SOCS1;PDGFC,Ileum,Goblet cell
35,logFC,Angiogenesis,0.5607541642801991,1.2319173298758295,0.23742138364779874,0.21668012464743883,0.999,6/13,15.68%,VAV2;JAG1;VEGFA;NRP1;SLCO2A1;PDGFA,Ileum,Goblet cell
36,logFC,IL-2/STAT5 Signaling,0.40275508449967984,1.2185458714412658,0.17456896551724138,0.22803368044929323,1.0,23/109,13.71%,EMP1;PLIN2;BMP2;CTSZ;GPX4;TNFRSF1B;ABCB1;ARL4A;PIM1;IFNGR1;GADD45B;SMPDL3A;KLF6;BCL2L1;NFIL3;SOCS1;GABARAPL1;TNFSF10;NRP1;PNP;PLEC;ITGA6;SCN9A,Ileum,Goblet cell
37,logFC,UV Response Dn,0.38861736981920614,1.1819744819770563,0.2068206820682068,0.2732235465380766,1.0,26/106,15.76%,PMP22;NR3C1;VAV2;DLC1;DBP;DAB2;LPAR1;ATP2B1;SLC22A18;GCNT1;SMAD3;RXRA;ATRN;ADD3;KALRN;SRI;DUSP1;SMAD7;NRP1;PEX14;ID1;CITED2;TFPI;NOTCH2;TJP1;FYN,Ileum,Goblet cell
38,logFC,Androgen Response,0.3952565688157163,1.1791777336053113,0.24351747463359638,0.2697570739696115,1.0,11/81,10.69%,MAF;SELENOP;SLC26A2;SGK1;PMEPA1;NCOA4;TMPRSS2;CDC14B;KRT19;DBI;HPGD,Ileum,Goblet cell
39,logFC,mTORC1 Signaling,0.3777123960873803,1.170498997797909,0.20725388601036268,0.2744707791223122,1.0,51/152,23.99%,GLRX;LGMN;SLC37A4;LDHA;SLC6A6;PRDX1;ALDOA;PLOD2;NAMPT;PSMC4;PPA1;ADD3;CCNG1;TPI1;CTSC;CDKN1A;NFIL3;SRD5A1;GAPDH;CTH;ENO1;PNP;TXNRD1;GLA;TES;GOT1;PPP1R15A;BTG2;NFKBIB;GPI;PGM1;PGK1;LTA4H;MAP2K3;NMT1;HMGCS1;IDH1;HSPD1;ATP6V1D;EGLN3;RIT1;COPS5;EBP;INSIG1;PFKL;DHFR;ADIPOR2;IMMT;SQSTM1;IFRD1;GSR,Ileum,Goblet cell
40,logFC,PI3K/AKT/mTOR  Signaling,0.32822703234517875,0.966963317987895,0.5343082114735658,0.6114351545613488,1.0,29/87,24.99%,SFN;PRKCB;TNFRSF1A;IL2RG;RPS6KA1;VAV3;RALB;CDKN1A;THEM4;NFKBIB;AP2M1;MYD88;DUSP3;HRAS;PLA2G12A;ECSIT;ARHGDIA;MAP2K3;PPP2R1B;MKNK2;RIT1;PIN1;EIF4E;CSNK2B;SQSTM1;YWHAB;CFL1;RIPK1;UBE2D3,Ileum,Goblet cell
41,logFC,Interferon Alpha Response,0.322473661529082,0.9662739841294842,0.5303867403314917,0.5963755034023053,1.0,21/81,20.93%,CD74;IFIT3;IFIT2;PSME2;TENT5A;LGALS3BP;ISG15;EPSTI1;GBP2;RSAD2;NCOA7;TMEM140;ISG20;B2M;IFITM1;CASP8;PARP14;CASP1;IFI35;HLA-C;IRF9,Ileum,Goblet cell
42,logFC,Mitotic Spindle,-0.20636150800628206,-0.9613584939730251,0.5208333333333334,0.850364479787939,0.9558232931726908,46/149,26.92%,TOP2A;LMNB1;CENPF;NUSAP1;SMC4;CDC42EP1;KIF22;CNTRL;TBCD;GSN;DOCK4;FGD6;CDK5RAP2;ARHGEF3;ARHGEF2;TUBGCP3;ECT2;CNTROB;TUBGCP5;OPHN1;LATS1;ARFIP2;TLK1;KATNB1;CEP57;CEP192;RAPGEF5;TRIO;MARK4;PKD2;CKAP5;MID1;KIF5B;PALLD;CLIP2;RASAL2;CDC27;TSC1;STK38L;RASA1;TUBD1;CTTN;ROCK1;RFC1;MARCKS;RHOT2,Ileum,Goblet cell
43,logFC,Hedgehog Signaling,-0.3098563038382207,-0.9025932152082917,0.564179104477612,0.8769604594654297,0.9859437751004017,10/18,27.87%,NRCAM;DPYSL2;ADGRG1;SHH;OPHN1;AMOT;RASA1;CDK6;PTCH1;TLE1,Ileum,Goblet cell
44,logFC,Notch Signaling,0.3700785276397992,0.8961774683680407,0.6135734072022161,0.701822470132906,1.0,6/23,17.44%,JAG1;HES1;FZD7;ARRB1;NOTCH2;FZD5,Ileum,Goblet cell
45,logFC,Apical Surface,-0.268059332018549,-0.8092993200720215,0.7439446366782007,0.9463220675944334,0.9969879518072289,5/20,15.63%,BRCA1;DCBLD2;EFNA5;FLOT2;APP,Ileum,Goblet cell
46,logFC,DNA Repair,0.22636898866729763,0.6958689989425036,0.9248366013071896,0.950693749431353,1.0,29/117,23.68%,GPX4;CDA;NUDT9;GSDME;ELL;EIF1B;GMPR2;POLR2F;PNP;MPC2;GUK1;EDF1;RRM2B;BCAP31;POLR2E;POLR2C;ERCC1;GTF2B;NT5C;DAD1;POLR2H;TAF10;TK2;XPC;VPS28;POLR1D;GTF2A2;POLR2J;NT5C3A,Ileum,Goblet cell
47,logFC,Protein Secretion,0.18720173579873836,0.5710491754667885,0.9847161572052402,1.0,1.0,17/91,23.00%,ATP1A1;TSPAN8;SOD1;CTSC;VAMP7;AP3S1;AP2S1;GOSR2;GLA;AP2M1;CLN5;LAMP2;SNX2;KIF1B;VAMP3;RAB22A;NAPA,Ileum,Goblet cell
48,logFC,Wnt-beta Catenin Signaling,0.20472433067199552,0.5006072078903425,0.9757489300998573,0.9944727504321718,1.0,3/22,15.20%,JAG1;TCF7;CTNNB1,Ileum,Goblet cell
49,logFC,Myc Targets V1,-0.10230037046033441,-0.48361157473391436,1.0,0.9976805831676607,1.0,43/183,29.66%,IARS1;MCM7;NME1;POLE3;DUT;XPO1;PRDX4;NAP1L1;H2AZ1;XPOT;NOP56;SRM;PWP1;GNL3;PCNA;HDAC2;RANBP1;NHP2;ABCE1;SF3B3;HNRNPR;NCBP1;EXOSC7;UBA2;ILF2;HNRNPA3;FBL;SSB;PSMD14;SNRPD1;UBE2E1;CCT2;TFDP1;SNRPD2;CDK4;LSM7;DDX18;RRM1;BUB3;LSM2;SRSF1;SSBP1;CSTF2,Ileum,Goblet cell
0,logFC,E2F Targets,0.7311129240205699,2.977919901633557,0.001,0.001,0.001,70/119,14.07%,TOP2A;CDC20;NAP1L1;MKI67;PTTG1;STMN1;DNMT1;RRM2;LMNB1;HMGB2;CDKN3;POLD2;DIAPH3;TP53;CKS2;NCAPD2;NME1;MCM3;TUBB;CSE1L;MCM7;ANP32E;KIF22;CBX5;DUT;MMS22L;UBE2S;UNG;ATAD2;H2AZ1;NOLC1;CDK4;SMC4;EZH2;NASP;SSRP1;LBR;HMGB3;KPNA2;AURKA;DCTPP1;PRIM2;CNOT9;RAD21;PRKDC;ILF3;CKS1B;CHEK1;PCNA;SLBP;HMGA1;TMPO;NUP153;RBBP7;PRDX4;H2AX;XPO1;POLD3;TRA2B;IPO7;RANBP1;HUS1;DEK;PAICS;RAN;SNRPB;USP1;MSH2;TFRC;CTCF,Ileum,Paneth cell
1,logFC,G2-M Checkpoint,0.7217962224682007,2.9776039742276104,0.001,0.001,0.001,63/128,11.90%,UBE2C;TOP2A;CDC20;NUSAP1;CENPF;PRC1;MKI67;PTTG1;STMN1;LMNB1;CDKN3;SMC2;DTYMK;CKS2;MCM3;SLC12A2;KIF22;UBE2S;DKC1;STIL;H2AZ1;NOLC1;CDK4;MAP3K20;TFDP1;SMC4;EZH2;KIF20B;CBX1;NASP;LBR;KMT5A;HMGB3;KPNA2;AURKA;PRIM2;UPF1;HMGN2;DBF4;RAD21;ODC1;ILF3;CKS1B;NSD2;CHEK1;BUB3;ATRX;FANCC;RBM14;E2F4;SMARCC1;KNL1;HMGA1;TMPO;E2F3;H2AX;XPO1;SLC38A1;TRA2B;CUL4A;SS18;NUP50;HUS1,Ileum,Paneth cell
2,logFC,Oxidative Phosphorylation,-0.5782359847532899,-2.725988291286689,0.001,0.001,0.001,128/195,27.23%,MAOB;ACAA1;CYB5A;BDH2;OAT;HADHB;DECR1;MGST3;DLST;PHYH;LDHA;ALAS1;ACADM;PDK4;SDHB;ATP6V1D;RETSAT;POR;GPX4;SUCLG1;SLC25A5;GLUD1;CASP7;HCCS;COX17;UQCRQ;SDHD;MRPS22;COX5A;IDH3B;SDHA;ATP5PF;NDUFS4;NDUFA3;PDHB;ALDH6A1;NDUFB5;SUCLA2;ACADVL;ATP6V1F;COX7B;NDUFA1;COX6C;UQCRC2;SLC25A4;COX6A1;ATP5MC3;ATP6V0C;ECHS1;ACO2;MDH1;ATP1B1;NDUFB3;AIFM1;GRPEL1;NDUFC1;VDAC2;NDUFS2;SLC25A3;CYC1;NDUFB1;NDUFA5;SURF1;HADHA;SDHC;ATP5F1D;ATP5F1E;NDUFA6;ETFA;VDAC1;MFN2;COX6B1;ATP5F1B;IDH3G;IDH1;NDUFV2;ISCA1;COX7C;COX4I1;ECI1;HSD17B10;MPC1;NDUFA2;UQCRB;ATP6V0E1;AFG3L2;NDUFB6;ATP5F1C;COX5B;UQCR11;NDUFS6;ATP6V0B;ECH1;COX7A2;MDH2;COX8A;DLD;NQO2;NDUFB4;ATP5F1A;NDUFA4;ACAA2;TCIRG1;NDUFB8;NDUFA8;NDUFB2;ATP5PO;NDUFS1;MRPL35;RHOT1;NDUFC2;ATP5ME;NDUFA9;FDX1;ATP6AP1;UQCR10;ATP5PD;SLC25A20;ATP5MF;IMMT;NDUFB7;ATP5MG;VDAC3;PMPCA;TIMM9;NDUFAB1;ISCU;BCKDHA,Ileum,Paneth cell
3,logFC,Bile Acid Metabolism,-0.684139208269904,-2.6895700394228745,0.001,0.001,0.001,39/59,16.70%,HSD3B1;SLC23A1;EPHX2;ABCG8;PECR;ACSL5;CYP27A1;SLC22A18;PHYH;PEX19;RETSAT;SULT1B1;HSD17B11;SCP2;PXMP2;PEX13;SLC27A2;ABCA5;CAT;NR1H4;ABCD3;OPTN;ALDH1A1;RXRA;NEDD4;PEX16;NUDT12;HSD17B4;GSTK1;PEX1;PEX11A;ALDH9A1;CROT;SULT2B1;IDI1;GNPAT;HACL1;IDH1;PNPLA8,Ileum,Paneth cell
4,logFC,Xenobiotic Metabolism,-0.5616647954707993,-2.5027780802845934,0.001,0.001,0.001,61/126,16.66%,ABHD6;ACOX2;ABCC2;FMO1;LEAP2;CYP4F2;BPHL;DHRS7;CBR1;FBP1;SLC35B1;EPHX1;TKFC;CYB5A;PTGR1;CNDP2;FABP1;SLC46A3;DHRS1;BLVRB;ENPEP;HSD17B2;CYP27A1;HMOX1;TMEM176B;CFB;ALAS1;MAOA;CYP2J2;CYP2C18;GSR;DDC;PDK4;RETSAT;POR;PC;ACOX3;SAR1B;CAT;DDT;TNFRSF1A;AKR1C3;TMBIM6;NINJ1;PINK1;PGRMC1;CCL25;ACOX1;GSTM4;GABARAPL1;SLC35D1;ACO2;GSTO1;COMT;ALDH2;ALDH9A1;CROT;ENTPD5;PTS;HACL1;IDH1,Ileum,Paneth cell
5,logFC,Fatty Acid Metabolism,-0.5646572272027278,-2.4563980400699665,0.001,0.001,0.001,63/115,20.55%,AQP7;FMO1;FABP2;BPHL;CBR1;GPD1;CRYZ;EPHX1;ACAA1;FABP1;ACSL5;REEP6;ALDH3A2;HADHB;DECR1;DLST;HPGD;LDHA;MAOA;ACADM;HMGCL;RETSAT;ACOT8;ECI2;HSD17B11;SUCLG1;PRDX6;SLC22A5;HCCS;HSDL2;CPT2;SDHD;IDH3B;SDHA;HMGCS1;PDHB;ACOX1;SUCLA2;HIBCH;ACADVL;GABARAPL1;ALDH1A1;HSD17B4;ECHS1;ACO2;MDH1;SDHC;PSME1;ALDH9A1;PTS;IDI1;IDH3G;IDH1;HADH;ACSS1;ECI1;CRAT;HSD17B10;ACADS;EHHADH;ECH1;MDH2;DLD,Ileum,Paneth cell
6,logFC,Adipogenesis,-0.5002875263632629,-2.2742370083500165,0.001,0.001,0.001,94/145,29.78%,DHRS7;SULT1A1;EPHX2;REEP6;DGAT1;CMBL;DECR1;MGST3;PHYH;ARL4A;ACADM;LPCAT3;SDHB;RETSAT;POR;PLIN2;GPX4;GHITM;SCP2;SUCLG1;ANGPTL4;MIGA2;CAT;DDT;CPT2;ATP1B3;UQCRQ;ACOX1;HIBCH;COX7B;RMDN3;JAGN1;ESRRA;COX6A1;AK2;ECHS1;MTCH2;ACO2;RIOK3;MYLK;AIFM1;GRPEL1;IFNGR1;CYC1;NDUFA5;ALDH2;SDHC;SLC25A1;IDH3G;IDH1;CHCHD10;HADH;CRAT;DNAJC15;COQ5;GADD45A;COQ9;ACADS;UQCR11;ECH1;MDH2;COX8A;DLD;TST;QDPR;ACAA2;ATP5PO;MTARC2;DHRS7B;RNF11;UQCR10;SAMM50;ELMOD3;CMPK1;IMMT;NDUFB7;TALDO1;SLC25A10;AGPAT3;CHUK;REEP5;CD151;NDUFAB1;BCKDHA;PEX14;APLP2;GPD2;ARAF;NDUFS3;NABP1;ALDOA;UBC;ETFB;ITSN1,Ileum,Paneth cell
7,logFC,Myc Targets V1,0.4881839579662136,2.107939200597061,0.001,0.001,0.001,80/182,24.04%,CDC20;NAP1L1;POLD2;TYMS;NME1;IMPDH2;MCM7;DUT;H2AZ1;NOLC1;CDK4;TFDP1;KPNA2;IARS1;FBL;RUVBL2;ODC1;BUB3;PCNA;TRIM28;SMARCC1;POLE3;SF3B3;SRPK1;HDAC2;PRDX4;XPO1;UBE2E1;NHP2;ABCE1;TOMM70;SET;TRA2B;RANBP1;ILF2;DHX15;ETF1;FAM120A;DEK;RPS2;CCT7;RAN;C1QBP;USP1;EPRS1;SNRPD2;NOP56;PABPC1;HSP90AB1;CCT2;RPS6;GOT2;HNRNPA1;RRM1;G3BP1;SNRPA;PPM1G;RPS3;SNRPA1;PRPF31;SNRPD1;NOP16;HNRNPD;SNRPB2;RNPS1;NPM1;LSM2;LSM7;PA2G4;HNRNPC;PSMD1;CCT5;ORC2;GNL3;HNRNPU;CLNS1A;NCBP2;RPLP0;HPRT1;PSMD14,Ileum,Paneth cell
8,logFC,Myc Targets V2,0.6487717329025099,1.9945922994096836,0.001,0.001,0.002,16/28,22.20%,MRTO4;UNG;NOLC1;CDK4;SUPV3L1;DCTPP1;WDR43;WDR74;PRMT3;PPRC1;RRP12;NOP56;NOP16;NPM1;PA2G4;GNL3,Ileum,Paneth cell
9,logFC,Mitotic Spindle,0.4756277077817924,1.960846622169199,0.001,0.001,0.003,42/133,22.11%,TOP2A;NUSAP1;CENPF;ECT2;PRC1;LMNB1;KIF22;CKAP5;SMC4;CLIP2;KIF20B;SAC3D1;AURKA;ARHGEF2;PALLD;TRIO;EPB41L2;MAP1S;CDK5RAP2;PCNT;ABR;RAPGEF6;NCK1;SORBS2;RASA2;GSN;MYO9B;RASAL2;ABL1;ATG4B;ALS2;MARCKS;CEP57;RALBP1;MID1;RFC1;BCR;ALMS1;SSH2;RICTOR;OPHN1;CEP192,Ileum,Paneth cell
10,logFC,Wnt-beta Catenin Signaling,0.7013465999064324,1.897742499254046,0.001,0.0010756894191277138,0.009,7/16,11.05%,TP53;CSNK1E;NCOR2;ADAM17;CCND2;HDAC2;AXIN1,Ileum,Paneth cell
11,logFC,Reactive Oxygen Species Pathway,-0.5251460577708206,-1.828663130129875,0.001,0.004830417831142394,0.02,22/36,25.02%,GLRX;FTL;PRDX1;GSR;GPX4;PRDX6;CAT;HMOX2;ATOX1;LAMTOR5;SELENOS;NDUFS2;PDLIM1;NDUFA6;MSRA;PRDX2;GCLM;TXNRD1;NDUFB4;PFKP;PTPA;TXN,Ileum,Paneth cell
12,logFC,Cholesterol Homeostasis,-0.46388809013755117,-1.7668737837439499,0.00477326968973747,0.009108787910154228,0.043,23/53,20.24%,ALDOC;PCYT2;SEMA3B;CBS;TNFRSF12A;LGALS3;EBP;SC5D;LGMN;HMGCS1;CYP51A1;ALCAM;PLAUR;ATF3;PMVK;PDK3;TP53INP1;NFIL3;IDI1;FDPS;ANXA13;STARD4;ECH1,Ileum,Paneth cell
13,logFC,Pperoxisome,-0.4257490280481402,-1.7599160186628808,0.001,0.00797018942138495,0.043,36/71,20.88%,FABP6;EPHX2;ACAA1;ACSL5;PRDX1;HMGCL;RETSAT;ACOT8;ECI2;MVP;HSD17B11;SCP2;PEX13;SLC27A2;CAT;ABCB1;ABCD3;ACOX1;ALDH1A1;SLC25A4;FIS1;HSD17B4;GSTK1;PEX11A;ALDH9A1;SULT2B1;IDI1;FDPS;GNPAT;IDH1;CRAT;UGT2B17;EHHADH;ECH1;SIAH1;CLN8,Ileum,Paneth cell
14,logFC,Coagulation,-0.464704244580075,-1.7495740262501254,0.0049504950495049506,0.007889682457532576,0.048,13/51,8.77%,ACOX2;APOC2;MEP1A;GDA;CTSO;CFB;CFI;DPP4;FURIN;LAMP2;GNG12;CTSH;LGMN,Ileum,Paneth cell
15,logFC,Interferon Alpha Response,-0.43348087407453967,-1.7028852859845625,0.0025974025974025974,0.009709139840596211,0.066,24/61,18.36%,GBP2;OAS1;IL7;MX1;EPSTI1;IFIH1;IFI27;B2M;IFIT3;CD74;PSME2;TENT5A;STAT2;TRIM5;TDRD7;HLA-C;SAMD9;MVB12A;PSMB9;PSME1;LGALS3BP;IFI35;NUB1;IRF9,Ileum,Paneth cell
16,logFC,IL-2/STAT5 Signaling,0.4226462322968284,1.660358910137774,0.0015923566878980893,0.013932739142987528,0.124,19/95,7.97%,RORA;CKAP4;BCL2;SLC1A5;CD44;PHTF2;CD81;CCND3;PLAGL1;POU2F1;MAPKAPK2;DCPS;ODC1;CCND2;AHCY;P4HA1;WLS;SYNGR2;IFITM3,Ileum,Paneth cell
17,logFC,Interferon Gamma Response,-0.3823784522830258,-1.6468705173079585,0.001,0.014491253493427182,0.105,48/108,24.50%,CIITA;HLA-DRB1;HLA-DMA;METTL7B;VAMP8;IL7;CFB;MX1;ARL4A;EPSTI1;IFIH1;TNFSF10;MVP;IFI27;B2M;IFIT3;CASP7;MYD88;CD74;PSME2;STAT2;BTG1;HLA-A;CASP4;EIF4E3;TDRD7;CDKN1A;SRI;PSMA2;PSMB9;PSME1;LGALS3BP;HLA-B;CASP3;IFI35;SPPL2A;NFKBIA;IRF9;APOL6;XAF1;RBCK1;SAMHD1;NAMPT;LYSMD2;PFKP;ISG15;VAMP5;PTPN6,Ileum,Paneth cell
18,logFC,Complement,-0.3691356159932782,-1.5944395146662194,0.0027472527472527475,0.020529275782355177,0.156,31/103,16.63%,LIPA;CTSO;PRSS36;DUSP5;CFB;DPP4;LAMP2;CTSC;LGALS3;CASP7;CTSH;LGMN;CALM1;STX4;APOA4;CTSD;PLAUR;MSRB1;CASP4;PCLO;ATOX1;PPP2CB;HSPA5;GNAI2;XPNPEP1;PSMB9;COL4A2;CASP3;ERAP2;RHOG;LRP1,Ileum,Paneth cell
19,logFC,Hypoxia,-0.34844869048005234,-1.5294002705153624,0.002840909090909091,0.03254958476985182,0.255,36/118,16.25%,ALDOC;PCK1;SLC37A4;ALDOB;GLRX;SLC2A5;FBP1;STBD1;EFNA1;NOCT;HMOX1;EDN2;LDHA;DUSP1;GALK1;PKLR;PLIN2;ZFP36;ANGPTL4;KLHL24;BTG1;PLAUR;ATF3;PGK1;KLF6;CDKN1A;HSPA5;PDK3;XPNPEP1;NFIL3;JUN;TIPARP;BNIP3L;AK4;SLC25A1;SULT2B1,Ileum,Paneth cell
20,logFC,DNA Repair,0.3588396749021916,1.4452038374539036,0.0171606864274571,0.0840830562618163,0.582,26/105,19.08%,TYMS;TP53;NME1;IMPDH2;DUT;POLA1;ERCC8;POLR1C;ARL6IP1;SSRP1;SAC3D1;DDB2;POLH;PCNA;POLD3;ALYREF;VPS37B;CANT1;POLR3C;SF3A3;SMAD5;SDCBP;TAF12;RPA3;ADCY6;ELL,Ileum,Paneth cell
21,logFC,Myogenesis,-0.3697026928436855,-1.4379647024338222,0.020050125313283207,0.058275540834282165,0.417,16/57,19.73%,KIFC3;SORBS3;GADD45B;TNNC2;PC;SLC6A8;MEF2C;GABARAPL2;OCEL1;CDKN1A;MYLK;COL4A2;FDPS;TSC2;CRAT;HBEGF,Ileum,Paneth cell
22,logFC,Estrogen Response Late,0.35713785695011546,1.4309451970501046,0.021244309559939303,0.08366473259882218,0.628,14/103,5.18%,TOP2A;CDC20;BCL2;ATP2B4;CD44;FABP5;CA12;TFF3;EMP2;SLC24A3;IDH2;STIL;MDK;NCOR2,Ileum,Paneth cell
23,logFC,KRAS Signaling Up,-0.35060481192774107,-1.4259177272444927,0.029411764705882353,0.06047683124590277,0.445,26/80,20.19%,ACE;GLRX;CPE;TMEM176A;PRKG2;MALL;TMEM176B;CFB;SEMA3B;ANGPTL4;NR1H4;EMP1;ABCB1;PLAUR;PTPRR;PRELID3B;TFPI;EPB41L3;FUCA1;CROT;BIRC3;CCSER2;HKDC1;TOR1AIP2;HBEGF;MTMR10,Ileum,Paneth cell
24,logFC,heme Metabolism,-0.3201709835626416,-1.4226299487339906,0.01098901098901099,0.058870717317047926,0.453,43/123,22.98%,AQP3;ABCG2;MPP1;BLVRB;MGST3;HEBP1;MOCOS;SLC22A4;KAT2B;NCOA4;LAMP2;PC;SLC6A8;CAT;CCDC28A;DCAF11;SLC30A10;ALDH6A1;HAGH;OPTN;NFE2L1;TMEM9B;SLC25A37;RIOK3;ATG4A;EZH1;HTATIP2;BNIP3L;MARCHF2;ISCA1;PRDX2;DCAF10;MXI1;GCLM;XK;TENT5C;IGSF3;TRAK2;MARCHF8;ADIPOR1;BACH1;PSMD9;LRP10,Ileum,Paneth cell
25,logFC,Epithelial Mesenchymal Transition,-0.34710739774991084,-1.3282982305882904,0.07494145199063232,0.10936634254157104,0.711,21/52,18.47%,PMP22;GADD45B;IL32;SAT1;MATN2;SLC6A8;TNFRSF12A;ANPEP;DAB2;PFN2;PLAUR;DST;LAMA1;TPM1;MYLK;JUN;FUCA1;COL4A2;LRP1;PLOD2;GADD45A,Ileum,Paneth cell
26,logFC,UV Response Up,-0.31398895168166185,-1.3263296409128214,0.049479166666666664,0.1045785460442328,0.717,20/98,10.35%,AQP3;FMO1;SULT1A1;EPHX1;ACAA1;DGAT1;HMOX1;CLCN2;APOM;ALAS1;MAOA;FURIN;SLC6A8;GLS;TMBIM6;ABCB1;POLR2H;BTG1;ATF3;ATP6V1F,Ileum,Paneth cell
27,logFC,Pancreas Beta Cells,-0.4908525588575089,-1.3029160652217209,0.15098468271334792,0.11501479088467467,0.772,3/12,5.90%,SLC2A2;DPP4;PKLR,Ileum,Paneth cell
28,logFC,Unfolded Protein Response,0.32980405883810343,1.2908942450280194,0.09044368600682594,0.2129865049872873,0.926,23/85,20.20%,EIF4EBP1;DDX10;DKC1;NOLC1;NOP14;IARS1;EXOSC10;CKS1B;DCP2;H2AX;KHSRP;NHP2;EXOSC4;FUS;EXOC2;BANF1;EIF4A3;NOP56;DNAJA4;NPM1;VEGFA;TARS1;EIF4G1,Ileum,Paneth cell
29,logFC,Glycolysis,-0.28766782009564157,-1.2823559383517533,0.06460674157303371,0.12375530483386812,0.808,40/118,21.82%,SLC37A4;ALDOB;GLRX;AKR1A1;MPI;CYB5A;LDHA;BPNT1;GNPDA1;GALK1;PC;ANGPTL4;PSMC4;ME2;PGK1;GLCE;RARS1;CLDN3;PPP2CB;HSPA5;PDK3;DSC2;MDH1;GAL3ST1;SDHC;ALDH9A1;AK4;IDH1;PLOD2;MXI1;B3GNT3;B4GALT4;CTH;NDUFV3;MDH2;DLD;RBCK1;TPI1;RPE;ARPP19,Ileum,Paneth cell
30,logFC,Apical Surface,0.4851099528886247,1.2738760771579156,0.18617021276595744,0.21611578329747702,0.947,6/14,22.37%,SULF2;HSPB1;ADAM10;APP;ATP8B1;B4GALT1,Ileum,Paneth cell
31,logFC,Angiogenesis,0.5207074019955115,1.2736840767003221,0.19029126213592232,0.19840493730577832,0.948,5/11,25.36%,CCND2;APP;VEGFA;ITGAV;NRP1,Ileum,Paneth cell
32,logFC,Notch Signaling,0.45347757440417186,1.2603718592789004,0.1980952380952381,0.1987543065188283,0.957,6/18,23.88%,HES1;PRKCA;APH1A;TCF7L2;PPARD;FBXW11,Ileum,Paneth cell
33,logFC,Hedgehog Signaling,0.5215427521143502,1.2519647102435123,0.2038664323374341,0.19413632849971596,0.963,5/11,25.36%,CDK6;VEGFA;OPHN1;TLE1;NRP1,Ileum,Paneth cell
34,logFC,Protein Secretion,-0.2996846600741514,-1.2427981175969467,0.1279373368146214,0.15443535865852395,0.875,25/86,21.06%,GOSR2;GLA;BET1;LAMP2;CTSC;AP3S1;ATP1A1;ARFGAP3;DST;SCAMP1;RER1;CLN5;STX7;YIPF6;SNX2;RAB14;COPB1;VAMP3;VPS45;RAB2A;TOM1L1;STAM;STX12;RAB9A;TMED10,Ileum,Paneth cell
35,logFC,KRAS Signaling Dn,-0.34285100992819173,-1.1954276741115426,0.19058823529411764,0.20050625288178336,0.942,9/36,8.42%,SGK1;AKR1B10;ARHGDIG;ENTPD7;EDN2;SELENOP;MX1;PDK2;SYNPO,Ileum,Paneth cell
36,logFC,Spermatogenesis,0.34846901249296763,1.1523716577151315,0.25357142857142856,0.32758328443835977,0.999,13/41,17.76%,CDKN3;SLC12A2;MLF1;EZH2;AURKA;DBF4;IP6K1;CFTR;BRAF;TOPBP1;PSMG1;PHKG2;TLE4,Ileum,Paneth cell
37,logFC,IL-6/JAK/STAT3 Signaling,0.34355844204433966,1.126157568801372,0.28401360544217685,0.3511229545602712,1.0,6/36,9.74%,CD44;PLA2G2A;REG1A;PTPN1;CBL;IL17RA,Ileum,Paneth cell
38,logFC,Inflammatory Response,-0.28598511378564256,-1.1117702845513964,0.2678132678132678,0.317610473305941,0.989,18/62,22.08%,SLC28A2;MEP1A;SLC31A1;TLR3;TNFSF10;PLAUR;KLF6;CDKN1A;IFNGR2;SRI;SELENOS;ATP2B1;RHOG;NFKBIA;MXD1;HBEGF;CD82;NAMPT,Ileum,Paneth cell
39,logFC,Apoptosis,-0.2564477153645201,-1.0919062760380924,0.2622107969151671,0.33674050305351416,0.996,28/101,17.11%,GADD45B;SAT1;HMOX1;GSR;RETSAT;TNFRSF12A;TNFSF10;GPX4;LGALS3;EBP;NEDD9;CASP7;BCAP31;SC5D;EMP1;ATF3;CASP4;SLC20A1;BCL2L1;CDKN1A;JUN;IFNGR1;VDAC2;BNIP3L;BIRC3;CASP3;DAP;RARA,Ileum,Paneth cell
40,logFC,UV Response Dn,0.27405937807898473,1.0744980269917168,0.3178294573643411,0.4253824353915241,1.0,18/93,14.94%,CELF2;ATP2B4;PLCB4;ICA1;RUNX1;TGFBR2;ATRX;PRKCA;ATP2C1;ARHGEF9;IGF1R;DYRK1A;RASA2;PTPRM;BCKDHB;BHLHE40;PRKCE;SIPA1L1,Ileum,Paneth cell
41,logFC,p53 Pathway,0.2560877973191305,1.0652923273495913,0.31911532385466035,0.41904078927352933,1.0,14/138,6.32%,PITPNC1;TP53;GPX2;CD81;ABCC5;CCND3;IER3;DDB2;SERPINB5;FOXO3;FBXW7;CCND2;POLH;PCNA,Ileum,Paneth cell
42,logFC,TNF-alpha Signaling via NF-kB,-0.23372280103481757,-1.0205708824114883,0.40059347181008903,0.4628506365800642,0.999,31/120,20.22%,SGK1;GADD45B;EFNA1;SAT1;DUSP5;IFIH1;DUSP1;ZFP36;NINJ1;BTG1;TNIP2;PLAUR;ATF3;KLF6;CDKN1A;IFNGR2;NFIL3;JUN;PLPP3;TIPARP;BIRC3;PHLDA2;ATP2B1;NFKBIA;GADD45A;CEBPD;MXD1;HBEGF;FUT4;SERPINB8;EIF1,Ileum,Paneth cell
43,logFC,Estrogen Response Early,-0.2291381547742784,-1.0073628382386568,0.4450704225352113,0.4732508977411161,0.999,28/111,17.91%,PDZK1;AQP3;PLAAT3;GLA;AMFR;BLVRB;RAB17;SEMA3B;SLC27A2;SEC14L2;SLC1A1;SLC22A5;ALDH3B1;FRK;FHL2;CLDN7;SNX24;ITPK1;TIPARP;SFN;KRT19;PEX11A;SULT2B1;UGCG;KRT8;RARA;SLC19A2;KCNK5,Ileum,Paneth cell
44,logFC,Androgen Response,-0.24229093948305405,-1.0037004604072608,0.44505494505494503,0.46302238476961594,0.999,19/77,16.89%,SGK1;MAF;GPD1L;SAT1;INSIG1;HPGD;SELENOP;GSR;NCOA4;B2M;HMGCS1;IQGAP2;MYL12A;PLPP1;VAPA;KRT19;HERC3;IDI1;KRT8,Ileum,Paneth cell
45,logFC,Allograft Rejection,-0.23069720526250337,-0.9366178245931773,0.583941605839416,0.5885001552634302,1.0,12/72,14.03%,HLA-DMB;HLA-DRA;GBP2;HLA-DMA;IL7;TLR3;B2M;CD74;HLA-A;RARS1;IFNGR2;IFNGR1,Ileum,Paneth cell
46,logFC,Apical Junction,0.2326968819413474,0.8916917786613514,0.6617405582922824,0.7730621292131168,1.0,11/80,11.84%,ACTN1;ADAM15;MAP3K20;MDK;GRB7;ZYX;EPB41L2;NECTIN3;EXOC4;SRC;RSU1,Ileum,Paneth cell
47,logFC,TGF-beta Signaling,0.2517870485607324,0.8518802873008906,0.7075306479859895,0.8202848947128236,1.0,12/44,24.74%,THBS1;SKI;NCOR2;SMURF1;ACVR1;TRIM33;HDAC1;BMPR1A;TGIF1;ARID4B;PMEPA1;CDK9,Ileum,Paneth cell
48,logFC,mTORC1 Signaling,0.19620180656905487,0.8195087762851391,0.8599397590361446,0.8425892294462605,1.0,24/146,15.63%,RRM2;SLC1A5;EEF1E1;UNG;AURKA;SYTL2;TOMM40;ABCF2;DHFR;P4HA1;GMPS;MTHFD2L;GSK3B;STIP1;ACACA;DHCR24;SCD;ETF1;BHLHE40;TFRC;EPRS1;SHMT2;ACSL3;PSMG1,Ileum,Paneth cell
49,logFC,PI3K/AKT/mTOR  Signaling,0.13859712284502965,0.5243818573838964,0.9984076433121019,0.9961535954103918,1.0,13/76,21.00%,CDK4;THEM4;AKT1;GSK3B;ACACA;NCK1;RPS6KA3;ATF1;MAPK1;ECSIT;UBE2N;EGFR;MAP2K6,Ileum,Paneth cell
0,logFC,Xenobiotic Metabolism,0.7453766009268804,1.9315457517367942,0.001,0.001,0.001,28/62,10.85%,ENPEP;PTGR1;CYP2C18;TNFRSF1A;FABP1;MAOA;ETS2;HNF4A;PAPSS2;TMEM176B;REG1A;CYB5A;CBR1;LPIN2;FBP1;MT2A;BLVRB;CNDP2;PDLIM5;ACOX1;GCH1;ALDH2;NPC1;SPINT2;ARG2;ACO2;ASL;PINK1,Ileum,Plasma cell
1,logFC,Unfolded Protein Response,-0.4535856166778642,-1.9013687575606075,0.001,0.001139879498453021,0.0010050251256281408,39/76,26.40%,SLC1A4;DDIT4;PDIA6;FKBP14;MTHFD2;EDEM1;DNAJC3;SLC30A5;SPCS3;ERN1;SRPRA;XBP1;PDIA5;ATF6;HSP90B1;SERP1;DNAJB9;SRPRB;HYOU1;PSAT1;RPS14;EIF2AK3;SPCS1;ATF4;EIF4E;CALR;HSPA5;HERPUD1;IARS1;SSR1;EIF4G1;WIPI1;DDX10;SLC7A5;SEC11A;TSPYL2;NPM1;BANF1;NOLC1,Ileum,Plasma cell
2,logFC,Coagulation,0.773695234729646,1.7957665684171535,0.001,0.001,0.001,7/27,2.66%,APOC3;GDA;APOA1;SERPINA1;DPP4;MEP1A;HNF4A,Ileum,Plasma cell
3,logFC,KRAS Signaling Up,0.6893558275407563,1.7486794579749518,0.001,0.0013072193468463334,0.004,20/52,14.05%,EPB41L3;HKDC1;ACE;NR1H4;MALL;ABCB1;TMEM176B;TMEM176A;PIGR;DNMBP;KLF4;TOR1AIP2;MAP7;ANKH;TSPAN13;GLRX;CCSER2;CBR4;USP12;STRN,Ileum,Plasma cell
4,logFC,Apical Junction,0.6881833901046039,1.7325217105970714,0.001,0.002451036275336875,0.01,17/47,8.95%,LAMA3;CLDN7;TJP1;CTNND1;CLDN4;PTK2;LIMA1;CDH1;MDK;CTNNA1;ACTN4;WASL;MYL12B;ACTB;VASP;MYH9;ITGB1,Ileum,Plasma cell
5,logFC,Bile Acid Metabolism,0.7357130938859308,1.703493766367017,0.0012062726176115801,0.00490207255067375,0.023,9/24,8.00%,APOA1;NR1H4;ACSL5;EPHX2;NR3C2;ABCD3;SCP2;HSD17B11;NPC1,Ileum,Plasma cell
6,logFC,Estrogen Response Early,0.6341727654406939,1.6675968562895018,0.0010775862068965517,0.007353108826010624,0.043,22/59,12.29%,THSD4;KRT8;KRT19;CLDN7;FLNB;ELF3;FHL2;PAPSS2;ABLIM1;KRT18;KAZN;KLF4;BLVRB;TMEM164;TFF3;TOB1;NRIP1;ADD3;UGCG;CHPT1;SLC16A1;MAST4,Ileum,Plasma cell
7,logFC,Pperoxisome,0.6671871547803941,1.652047362650296,0.001,0.008263493728278606,0.056,12/42,10.63%,FABP6;ABCB1;ACSL5;EPHX2;MVP;ABCD3;SCP2;HSD17B11;ACOX1;ACAA1;BCL10;VPS4B,Ileum,Plasma cell
8,logFC,Myc Targets V2,-0.5627448249509278,-1.6482014365452315,0.01606425702811245,0.03647614395049667,0.061306532663316586,11/18,29.86%,RRP12;DUSP2;DDX18;WDR43;GNL3;WDR74;SRM;NPM1;NOLC1;CDK4;IMP4,Ileum,Plasma cell
9,logFC,Estrogen Response Late,0.6251062433747459,1.6371172562684217,0.0010638297872340426,0.010416904170181719,0.081,24/61,13.23%,SERPINA1;KRT19;FLNB;ST14;PAPSS2;AGR2;SGK1;ASS1;CDH1;KLF4;LLGL2;MDK;BLVRB;TFF3;TOB1;NRIP1;PERP;ADD3;ETFB;TSPAN13;CHPT1;SLC16A1;COX6C;LSR,Ileum,Plasma cell
10,logFC,Fatty Acid Metabolism,0.6282866489220345,1.6345331705403368,0.0010559662090813093,0.009913080046918026,0.087,27/71,14.61%,FABP2;FABP1;MAOA;ACSL5;HPGD;CBR1;S100A10;LDHA;HSD17B11;ACOX1;HADHB;MGLL;PPARA;ACAA1;ADIPOR2;ECHS1;GPD2;ACO2;SUCLG1;ACAA2;CPT1A;MDH2;PTPRG;HMGCS1;SDHD;HSDL2;SUCLA2,Ileum,Plasma cell
11,logFC,UV Response Dn,0.6258261617523933,1.6059768981640832,0.002162162162162162,0.013627761690873024,0.127,15/58,10.05%,PMP22;TJP1;NFIB;SMAD3;FHL2;MT1E;ANXA4;ID1;PDLIM5;MGLL;SRI;ADD3;ATRN;ANXA2;PRKCA,Ileum,Plasma cell
12,logFC,Adipogenesis,0.5947815892509674,1.5753777635917685,0.0020491803278688526,0.020588704712829746,0.204,38/90,18.87%,DGAT1;EPHX2;APLP2;RIOK3;PLIN2;SCP2;ARL4A;ACOX1;PFKL;MGLL;SLC25A1;TOB1;MTCH2;ALDH2;ADIPOR2;ECHS1;GPD2;ACO2;SUCLG1;ACAA2;ETFB;GPX4;AGPAT3;RNF11;MDH2;DHRS7;CYC1;UQCRC1;RREB1;CMPK1;SDHB;MGST3;NDUFS3;SQOR;COX7B;UQCR10;DRAM2;COX8A,Ileum,Plasma cell
13,logFC,TGF-beta Signaling,0.6172632907411127,1.506029949508922,0.023255813953488372,0.053432590802343874,0.472,20/35,24.11%,TJP1;SMAD3;SLC20A1;ID1;CDH1;SMURF2;CTNNB1;SPTBN1;SMURF1;BMPR1A;APC;ID3;PPM1A;BMPR2;KLF10;NCOR2;FKBP1A;IFNGR2;XIAP;BCAR3,Ileum,Plasma cell
14,logFC,Androgen Response,0.580289677116984,1.500151777340565,0.007592190889370932,0.05316863304961529,0.495,13/57,9.81%,SELENOP;KRT8;KRT19;MAF;HPGD;SGK1;TSC22D1;MAP7;PDLIM5;ANKH;NDRG1;NCOA4;PLPP1,Ileum,Plasma cell
15,logFC,Hypoxia,0.5514092708477116,1.4625171268143857,0.015856236786469344,0.07591209492757636,0.646,27/78,13.93%,ALDOB;PCK1;MT1E;PLAC8;PLIN2;FBP1;MT2A;LDHA;NEDD4L;PFKL;EXT1;SLC25A1;NDRG1;ATF3;TPI1;MYH9;ANXA2;PRKCA;GPI;TES;MXI1;GLRX;WSB1;IER3;FOSL2;GAPDH;CDKN1A,Ileum,Plasma cell
16,logFC,Epithelial Mesenchymal Transition,0.5555245977063145,1.3577902197726033,0.0933806146572104,0.20301116456523555,0.947,6/34,5.02%,LAMA3;PMP22;ANPEP;IL32;TPM1;DST,Ileum,Plasma cell
17,logFC,Mitotic Spindle,0.5015554010697735,1.3444498261360376,0.0446521287642783,0.2142818463713263,0.963,30/93,17.97%,FLNB;MYO1E;DST;CD2AP;ABR;PDLIM5;FGD4;ACTN4;SPTBN1;WASL;SEPTIN9;MYH9;CSNK1D;NCK2;RAPGEF5;KIF3B;ARHGEF12;NEDD9;SSH2;CAPZB;KIF1B;APC;ABL1;ARHGEF7;WASF2;NUMA1;PAFAH1B1;ARHGAP5;SPTAN1;ARFGEF1,Ileum,Plasma cell
18,logFC,Complement,0.5105247892523556,1.3392670118035557,0.077577045696068,0.21188487707265127,0.973,24/69,20.01%,APOA4;PRSS3;SERPINA1;DPP4;HNF4A;LGALS3;CTSD;PPP2CB;PSEN1;CTSB;GPD2;CALM3;PPP4C;CD55;LGMN;PFN1;USP8;CBLB;AKAP10;CPQ;CALM1;DOCK9;CTSH;ATOX1,Ileum,Plasma cell
19,logFC,Oxidative Phosphorylation,0.48827437176749316,1.3165186232457793,0.04020100502512563,0.2391666730000937,0.984,74/152,29.28%,CYB5A;ATP1B1;OAT;LDHA;HADHB;SLC25A5;OGDH;ACAA1;ECHS1;HADHA;AFG3L2;ACO2;SUCLG1;ACAA2;GPI;ETFB;GPX4;UQCRC2;CPT1A;VDAC1;MDH2;NDUFS2;ATP6V1D;CYC1;UQCRC1;COX6C;COX5B;GLUD1;ATP6V1H;SDHD;ETFA;SUCLA2;SDHB;MGST3;NDUFS1;NDUFS4;OXA1L;VDAC2;NDUFS3;NDUFA9;ABCB7;ATP5F1B;COX7B;OPA1;UQCR10;SLC25A3;NDUFA6;ATP5ME;ACADVL;COX8A;NDUFC1;PRDX3;ATP5MC3;NDUFS7;MDH1;NDUFB2;ACADM;COX6B1;ATP5F1C;UQCRQ;ATP5MF;VDAC3;COX5A;POLR2F;MRPL11;COX4I1;DECR1;NDUFB5;HSPA9;TIMM13;BAX;ATP5PD;IDH3G;IMMT,Ileum,Plasma cell
20,logFC,UV Response Up,0.4948692637245511,1.2982723726648544,0.10210526315789474,0.26259628642503907,0.993,9/65,9.33%,EPCAM;MAOA;ABCB1;DGAT1;PTPRD;GCH1;ACAA1;ATF3;CLTB,Ileum,Plasma cell
21,logFC,KRAS Signaling Dn,0.5884183023665529,1.2956972448477349,0.17101827676240208,0.25407442030142047,0.993,5/20,9.35%,SELENOP;PTPRJ;SGK1;ENTPD7;FGGY,Ileum,Plasma cell
22,logFC,Hedgehog Signaling,0.7129167927581004,1.2742701053113616,0.22240802675585283,0.2843202079390775,0.996,2/6,8.89%,ETS2;MYH9,Ileum,Plasma cell
23,logFC,heme Metabolism,0.4711209761787493,1.251628731550151,0.13631633714880334,0.31310874310030695,0.997,28/80,19.59%,ABCG2;HEBP1;KLF3;RIOK3;LPIN2;BLVRB;NCOA4;TFDP2;ATP6V0A1;CTSB;BMP2K;HDGF;MXI1;ARHGEF12;KDM7A;NFE2L1;TMEM9B;PICALM;FBXO34;MKRN1;CAST;MGST3;SDCBP;RNF19A;LRP10;DCUN1D1;CDR2;OPTN,Ileum,Plasma cell
24,logFC,Spermatogenesis,0.5350997056733954,1.2194832501356019,0.23086574654956085,0.36433055730963954,0.999,8/24,17.37%,ACE;MAP7;MAST2;ARL4A;PEBP1;STAM2;SLC12A2;AGFG1,Ileum,Plasma cell
25,logFC,Inflammatory Response,0.46742339605544664,1.19987732145077,0.24164810690423164,0.39228835586766686,1.0,12/49,14.77%,SGMS2;MEP1A;TNFSF10;MXD1;GCH1;SRI;PSEN1;ITGB8;LDLR;CD55;CDKN1A;KIF1B,Ileum,Plasma cell
26,logFC,Apoptosis,0.4517405944923394,1.1982199741493385,0.1891327063740857,0.38016553044985063,1.0,17/74,13.93%,PTK2;LGALS3;TNFSF10;KRT18;SLC20A1;CTNNB1;ANKH;GCH1;ATF3;PSEN1;BCL10;GPX4;BCL2L1;NEDD9;IER3;SAT1;CDKN1A,Ileum,Plasma cell
27,logFC,Myc Targets V1,-0.23360170414893158,-1.1789266744771967,0.001,0.5441024805949086,0.7778894472361809,87/161,43.77%,DDX18;DUT;APEX1;PRDX4;LSM2;UBE2E1;GSPT1;NAP1L1;PABPC4;RPS5;RPL18;RPL34;RPL6;EIF2S2;EIF3J;GNL3;RPLP0;RPS10;PTGES3;SSBP1;EIF4E;RPS6;RPS3;RPS2;SET;H2AZ1;C1QBP;IARS1;RPL22;EEF1B2;RPL14;HDDC2;RACK1;SF3A1;SRM;SRSF1;EIF3B;KARS1;TXNL4A;TRA2B;ERH;VBP1;NPM1;NOLC1;NME1;PWP1;PPM1G;CDK4;SRSF7;USP1;HNRNPC;ABCE1;EPRS1;CNBP;HNRNPA1;ODC1;RNPS1;CCT4;G3BP1;NDUFAB1;TRIM28;HSP90AB1;RSL1D1;PHB2;EIF1AX;PSMB2;PA2G4;SNRPG;PABPC1;RAN;SNRPD1;CCT3;CCT7;YWHAE;HSPD1;SSB;FBL;DDX21;COPS5;EIF2S1;SNRPB2;SNRPD3;EIF3D;PSMA7;KPNB1;CANX;TARDBP,Ileum,Plasma cell
28,logFC,Glycolysis,0.44886810792519094,1.177922141667229,0.21314952279957583,0.40706056295787024,1.0,16/71,13.01%,ALDOB;ELF3;CYB5A;CLDN3;PPP2CB;LDHA;TFF3;EXT1;SLC35A3;TPI1;B4GALT4;MXI1;GLRX;MDH2;IER3;AK3,Ileum,Plasma cell
29,logFC,Notch Signaling,0.6083976162599705,1.1744548786882163,0.31375579598145287,0.39833878430289654,1.0,4/10,22.23%,TCF7L2;PRKCA;FBXW11;SKP1,Ileum,Plasma cell
30,logFC,Cholesterol Homeostasis,0.47700448583655275,1.1426796932501617,0.3073341094295693,0.45043043779905084,1.0,13/33,21.69%,LGALS3;CTNNB1;ATF3;ACSS2;LDLR;ETHE1;HMGCS1;LGMN;PDK3;FDFT1;ACTG1;CD9;EBP,Ileum,Plasma cell
31,logFC,Myogenesis,0.48110446864024625,1.1326880815857336,0.32261904761904764,0.4552165992746348,1.0,9/31,13.93%,DAPK2;KLF5;ABLIM1;MYH9;ITGB1;PDE4DIP;MYO1C;IFRD1;CDKN1A,Ileum,Plasma cell
32,logFC,Pancreas Beta Cells,0.5884143553131428,1.132562001067767,0.35767511177347244,0.4401407540831604,1.0,2/10,7.80%,DPP4;VDR,Ileum,Plasma cell
33,logFC,p53 Pathway,0.42359418093455936,1.1185601979386381,0.30959752321981426,0.45225572564280403,1.0,23/79,17.25%,ST14;EPS8L2;S100A10;CTSD;MXD1;TSC22D1;KLF4;TOB1;NDRG1;VDR;ATF3;PERP;H2AJ;VAMP8;IER3;SAT1;CDKN1A;SLC35D1;SP1;WWP1;RALGDS;MXD4;IP6K2,Ileum,Plasma cell
34,logFC,Allograft Rejection,-0.2704736294834204,-1.1167470319115191,0.2222222222222222,0.5280491776583619,0.8412060301507538,37/65,34.06%,IL27RA;WARS1;IRF4;SRGN;TGFB1;STAT4;HDAC9;PTPRC;TIMP1;CD79A;HCLS1;EIF3J;RPL9;PRKCB;RPL39;NCK1;RPS19;HLA-E;IFNAR2;RPS9;RPS3A;ICAM1;IL2RG;NCF4;UBE2N;IL16;NPM1;NME1;IL15;CCL5;ABCE1;AARS1;CD47;B2M;CAPG;ST8SIA4;ITGAL,Ileum,Plasma cell
35,logFC,E2F Targets,-0.27198578662811446,-1.103249709043367,0.23333333333333334,0.44409705259729687,0.8542713567839196,36/68,39.24%,DUT;MTHFD2;RBBP7;CBX5;PRDX4;BRCA2;GSPT1;NAP1L1;NUP153;RFC1;HMGB2;TFRC;H2AZ1;SRSF1;TRA2B;NBN;NOLC1;NME1;IPO7;CDK4;NASP;SMC6;USP1;PDS5B;UBE2S;ILF3;PRIM2;ANP32E;CDKN1B;RAD21;STAG1;NUDT21;PA2G4;CTCF;NAA38;RAN,Ileum,Plasma cell
36,logFC,Apical Surface,0.5591328207979931,1.0917217800213872,0.41459627329192544,0.4923519118082948,1.0,4/10,20.41%,ATP8B1;ADIPOR2;CRYBG1;ADAM10,Ileum,Plasma cell
37,logFC,IL-2/STAT5 Signaling,0.40842297812160383,1.0630477969031087,0.410201912858661,0.5345041652070995,1.0,15/69,12.09%,ABCB1;MYO1E;TNFSF10;SNX9;ANXA4;MXD1;PLIN2;ARL4A;PLEC;NDRG1;SERPINB6;PLPP1;GPX4;MYO1C;BCL2L1,Ileum,Plasma cell
38,logFC,TNF-alpha Signaling via NF-kB,0.38480795865486045,1.0302543183095039,0.4492146596858639,0.5810109401383846,1.0,15/84,13.93%,ETS2;SMAD3;SGK1;MXD1;TSC22D1;KLF4;PDLIM5;GCH1;ATF3;BCL3;LDLR;IER3;FOSL2;SAT1;CDKN1A,Ileum,Plasma cell
39,logFC,Reactive Oxygen Species Pathway,0.4441103950345053,1.0281059598408229,0.4667472793228537,0.5685563803487149,1.0,11/26,22.31%,PDLIM1;OXSR1;GPX4;GLRX;NDUFS2;MSRA;NDUFA6;FTL;ATOX1;TXN;PRDX2,Ileum,Plasma cell
40,logFC,Angiogenesis,0.6153093968776192,1.009962113562266,0.5366795366795367,0.5860700071694395,1.0,1/4,2.86%,PTK2,Ileum,Plasma cell
41,logFC,Protein Secretion,0.34522447810543627,0.9107485656462609,0.6348373557187827,0.7406899135620721,1.0,19/73,20.85%,TSPAN8;KRT18;DST;ATP1A1;VPS4B;SNAP23;ATP6V1H;KIF1B;STX7;AP3S1;ARFGEF1;RAB5A;AP2B1;MAPK1;RAB22A;AP2S1;CLTA;ADAM10;RPS6KA3,Ileum,Plasma cell
42,logFC,mTORC1 Signaling,-0.19610816243613785,-0.9039720360506378,0.9444444444444444,0.7245834011833036,0.9778894472361809,35/114,25.36%,WARS1;GLA;SLC1A4;SHMT2;DDIT4;CTSC;FKBP2;PDK1;MTHFD2;EDEM1;DAPP1;GGA2;SLC1A5;XBP1;USO1;HSP90B1;SERP1;PSAT1;EIF2S2;CALR;HSPA5;TFRC;UFM1;STIP1;FGL2;SDF2L1;SSR1;PSMB5;BTG2;PSMA3;SLC7A5;RPN1;PITPNB;NIBAN1;SEC11A,Ileum,Plasma cell
43,logFC,Interferon Gamma Response,0.3290815020219156,0.8858762353802119,0.6797927461139897,0.7606726579553378,1.0,20/92,16.93%,IFI27;HLA-DRB1;TNFSF10;MVP;MT2A;ARL4A;GCH1;SRI;VAMP8;HLA-DMA;ISG15;APOL6;RIPK1;RNF213;CDKN1A;HLA-A;SPPL2A;EIF4E3;STAT3;TRIM26,Ileum,Plasma cell
44,logFC,PI3K/AKT/mTOR  Signaling,0.33181804480493554,0.8590197360951839,0.6982570806100218,0.7800831452305494,1.0,13/56,18.67%,TNFRSF1A;CFL1;VAV3;MAP2K6;RIPK1;RAC1;TBK1;CDKN1A;YWHAB;PFN1;PTEN;NFKBIB;MAPK1,Ileum,Plasma cell
45,logFC,IL-6/JAK/STAT3 Signaling,0.31663745503789864,0.7481738769690519,0.798569725864124,0.8949958959392599,1.0,2/29,3.52%,TNFRSF1A;REG1A,Ileum,Plasma cell
46,logFC,Wnt-beta Catenin Signaling,0.40631431714491606,0.746450395730515,0.7622047244094489,0.8752949446090826,1.0,1/8,5.90%,CTNNB1,Ileum,Plasma cell
47,logFC,DNA Repair,-0.1619385594746895,-0.6671457387140141,1.0,0.9224881941051946,1.0,10/69,17.43%,TAF9;USP11;DCTN4;PDE4B;DUT;HCLS1;POLR3GL;SEC61A1;MRPL40;SUPT4H1,Ileum,Plasma cell
48,logFC,Interferon Alpha Response,0.2670912771268641,0.651008669526388,0.8900584795321638,0.9372996148914433,1.0,1/35,1.26%,IFI27,Ileum,Plasma cell
49,logFC,G2-M Checkpoint,0.2252457133029563,0.60236588906022,0.9697601668404588,0.9457351968809138,1.0,10/85,17.29%,SMAD3;MT2A;JPT1;BCL3;HMGA1;ABL1;FANCC;NUMA1;SLC12A2;PAFAH1B1,Ileum,Plasma cell
0,logFC,IL-2/STAT5 Signaling,0.707827033781661,2.2671005861246933,0.0069767441860465115,0.09795464032280506,0.083,7/49,5.27%,CTLA4;CD83;ICOS;ITGAE;BATF;TNFRSF4;PLIN2,Kidney,CD4T
1,logFC,TNF-alpha Signaling via NF-kB,0.5887389350750986,2.0164637588722245,0.00468384074941452,0.36784008162886694,0.456,4/68,1.70%,CD83;DUSP4;CCL20;BTG3,Kidney,CD4T
2,logFC,Unfolded Protein Response,-0.46664480908767925,-1.6850481355611617,0.006993006993006993,0.17220015306680275,0.16,19/43,23.14%,BAG3;ATF4;XBP1;DNAJB9;ATF3;NOP56;SERP1;HSPA5;RPS14;SRPRA;EIF4A3;HSP90B1;DNAJA4;DDIT4;HSPA9;EIF4A1;TSPYL2;ERN1;EIF4E,Kidney,CD4T
3,logFC,p53 Pathway,-0.40666712937076976,-1.5322148423708681,0.014184397163120567,0.36555632493895557,0.497,20/54,22.73%,DDIT3;TOB1;STOM;CDKN1A;HEXIM1;ATF3;BTG2;RPL36;ZFP36L1;RPS12;IER5;SOCS1;RGS16;RPL18;PRMT2;DDIT4;TPRKB;PPP1R15A;TSPYL2;HINT1,Kidney,CD4T
4,logFC,KRAS Signaling Dn,-0.5850152644695381,-1.3102643400679785,0.1708185053380783,1.0,0.946,5/7,29.15%,SKIL;BTG2;TENT5C;NR4A2;CD40LG,Kidney,CD4T
5,logFC,Pperoxisome,0.42348957545972643,1.2863173911230297,0.13425925925925927,1.0,0.948,8/21,15.77%,ATXN1;ELOVL5;FDPS;IDH2;PRDX1;ITGB1BP1;SOD2;FIS1,Kidney,CD4T
6,logFC,Interferon Gamma Response,0.3869038993674276,1.28257194180691,0.2398190045248869,0.9285283613932563,0.951,16/66,13.24%,HLA-DRB1;CD74;VAMP5;ARID5B;MT2A;STAT1;LCP2;FAS;MTHFD2;APOL6;SP110;TAP1;SOD2;CASP4;PSMA2;PSMB8,Kidney,CD4T
7,logFC,Notch Signaling,0.7523667464815554,1.2819512587866115,0.1830065359477124,0.7434349056166226,0.951,2/3,16.45%,RBX1;APH1A,Kidney,CD4T
8,logFC,Epithelial Mesenchymal Transition,-0.40438111631302726,-1.2803300133603868,0.1520572450805009,0.9574328510514232,0.969,8/25,16.50%,COPA;AREG;TIMP1;RHOB;PPIB;GADD45B;ID2;WIPF1,Kidney,CD4T
9,logFC,Apoptosis,-0.3222962709750325,-1.2127279571932288,0.1783783783783784,1.0,0.996,18/55,20.03%,DDIT3;SC5D;IFNGR1;CDKN1A;ATF3;BTG2;TIMP1;RHOB;TNF;GADD45B;GPX4;CD69;DAP3;SQSTM1;ANXA1;CASP8;IRF1;LEF1,Kidney,CD4T
10,logFC,Reactive Oxygen Species Pathway,0.41217747825008844,1.1920051612547176,0.21476510067114093,0.7853377239769337,0.984,10/21,20.16%,LSP1;NDUFA6;IPCEF1;PRDX1;GLRX;SOD2;LAMTOR5;SELENOS;TXN;ATOX1,Kidney,CD4T
11,logFC,Myc Targets V2,-0.45982835892506485,-1.154978202024126,0.25357142857142856,1.0,0.998,6/12,32.58%,GNL3;NOP56;DUSP2;DDX18;HSPE1;HSPD1,Kidney,CD4T
12,logFC,Adipogenesis,-0.3130816754907032,-1.153567894768236,0.216696269982238,0.9889208790407814,0.998,16/51,19.25%,IFNGR1;DNAJC15;TOB1;MGST3;STOM;DNAJB9;PHYH;ETFB;CYC1;GPX4;CMPK1;NMT1;ARL4A;SDHB;TKT;CHCHD10,Kidney,CD4T
13,logFC,Apical Surface,-0.5398793814403398,-1.14548982324625,0.3155963302752294,0.8981467983527097,0.998,2/6,3.71%,GATA3;MAL,Kidney,CD4T
14,logFC,Hypoxia,-0.30225635295803455,-1.13579630300677,0.2704626334519573,0.832683406829695,1.0,13/47,25.71%,DDIT3;PLAC8;CDKN1A;ATF3;DUSP1;ZNF292;HSPA5;MIF;DDIT4;PPP1R15A;CXCR4;WSB1;FOS,Kidney,CD4T
15,logFC,Myc Targets V1,-0.25839002155839447,-1.1267345315254658,0.22847100175746923,0.7776558912496812,1.0,50/122,33.64%,G3BP1;RSL1D1;MRPS18B;GNL3;CCT2;RPS6;NOP56;EEF1B2;RPLP0;RPS10;CNBP;SNRPB2;CYC1;RPL34;HSP90AB1;RPS2;SRSF7;SSBP1;HNRNPC;RPL18;RPS3;CCT5;RPL14;RPS5;SRSF2;DDX18;EIF4A1;UBE2L3;RPL6;EIF4E;RNPS1;SRSF1;TCP1;SRSF3;SSB;EIF3D;PPIA;NHP2;EIF1AX;SYNCRIP;PABPC1;SNRPG;NCBP2;RPL22;HSPE1;PSMC6;HNRNPA1;HSPD1;CCT4;PGK1,Kidney,CD4T
16,logFC,Spermatogenesis,0.4999384773244257,1.125938115279789,0.30699774266365687,0.8034612759811035,0.993,3/7,18.47%,TALDO1;CAMK4;LPIN1,Kidney,CD4T
17,logFC,Protein Secretion,0.3570325750519284,1.120297865251607,0.23261390887290168,0.7137424052687723,0.993,12/31,21.45%,RAB9A;ADAM10;AP3S1;CTSC;LMAN1;TMX1;AP2S1;AP2B1;GNAS;CLTA;SNX2;RER1,Kidney,CD4T
18,logFC,mTORC1 Signaling,-0.2874705579807947,-1.1200291208977629,0.24701873935264054,0.7287868296286971,1.0,17/66,18.84%,DDIT3;SC5D;XBP1;UFM1;CDKN1A;STIP1;BTG2;IDI1;RAB1A;SERP1;HSPA5;NMT1;SQSTM1;PSMD13;HSP90B1;DDIT4;HSPA9,Kidney,CD4T
19,logFC,Apical Junction,0.3589902604375978,1.0659880823124004,0.31447963800904977,0.7450901576405959,0.997,9/22,22.87%,CAP1;ACTB;ARPC2;PTPRC;EVL;CNN2;ACTG1;PFN1;VASP,Kidney,CD4T
20,logFC,KRAS Signaling Up,-0.31109945292927865,-1.0201583869906432,0.42908438061041293,0.9686668610372099,1.0,12/28,27.31%,CCSER2;IL7R;GADD45G;ID2;RGS16;CTSS;PPP1R15A;LCP1;CXCR4;IL2RG;RBM4;BIRC3,Kidney,CD4T
21,logFC,UV Response Up,-0.2858625599034485,-1.004997642057041,0.4385026737967914,0.9396451429324347,1.0,17/42,28.14%,FOSB;STIP1;ATF3;BTG2;AQP3;RHOB;JUNB;DNAJB1;SQSTM1;ARRB2;IRF1;SELENOW;DNAJA1;FOS;PPP1R2;EIF5;NR4A1,Kidney,CD4T
22,logFC,Cholesterol Homeostasis,-0.3563053162247637,-0.9680898410360659,0.5008576329331046,0.9833683026765866,1.0,3/13,8.71%,SC5D;ATF3;IDI1,Kidney,CD4T
23,logFC,Androgen Response,0.300716936176129,0.9664030219705749,0.430952380952381,0.8978155002087101,1.0,13/29,27.64%,ARID5B;ELOVL5;XRCC5;LMAN1;SAT1;MAF;SLC38A2;DBI;TSC22D1;SPCS3;IQGAP2;GNAI3;INPP4B,Kidney,CD4T
24,logFC,Allograft Rejection,0.2754322892755225,0.9536851046470591,0.35764705882352943,0.8457863735448263,1.0,8/71,6.00%,HLA-DRA;CD74;STAT1;LCP2;FAS;CXCR3;CCL4;GBP2,Kidney,CD4T
25,logFC,Estrogen Response Late,0.3068970643953782,0.94394243256221,0.44419642857142855,0.7980922344356324,1.0,7/29,9.99%,BTG3;BATF;SLC9A3R1;ELOVL5;IL6ST;IDH2;FABP5,Kidney,CD4T
26,logFC,Angiogenesis,-0.5051144197623274,-0.9374405527640088,0.5785288270377733,1.0,1.0,1/4,7.75%,TIMP1,Kidney,CD4T
27,logFC,Xenobiotic Metabolism,0.31749732572559347,0.9251782629230378,0.4853932584269663,0.7772794896768738,1.0,5/21,11.69%,MT2A;FAS;ELOVL5;ACP1;GABARAPL1,Kidney,CD4T
28,logFC,Mitotic Spindle,0.2934159769431926,0.911360194363697,0.44170403587443946,0.7512771074757996,1.0,7/35,14.80%,ARHGAP4;ROCK1;SMC3;TLK1;PPP4R2;RFC1;PAFAH1B1,Kidney,CD4T
29,logFC,heme Metabolism,-0.2690583033512527,-0.8993995497344234,0.6243478260869565,1.0,1.0,9/29,22.87%,MGST3;TMEM9B;YPEL5;BTG2;AQP3;NUDT4;TENT5C;RAD23A;ISCA1,Kidney,CD4T
30,logFC,Inflammatory Response,-0.2515049935729922,-0.8820049447700083,0.6557377049180327,1.0,1.0,14/39,22.18%,CDKN1A;IL7R;BTG2;TIMP1;CD48;RHOG;PDE4B;CD69;SELL;RGS16;IRF1;LY6E;EMP3;GPR183,Kidney,CD4T
31,logFC,Wnt-beta Catenin Signaling,-0.4775416855727084,-0.8695520535972887,0.6696914700544465,1.0,1.0,2/4,20.03%,TCF7;LEF1,Kidney,CD4T
32,logFC,Pancreas Beta Cells,-0.47385118974576657,-0.8693245333763097,0.6513761467889908,0.9524092676386473,1.0,1/4,3.57%,SRP9,Kidney,CD4T
33,logFC,TGF-beta Signaling,-0.32000428220436244,-0.8592471441476601,0.669051878354204,0.9269288239367325,1.0,5/14,20.71%,SKIL;ID3;JUNB;ID2;PPP1R15A,Kidney,CD4T
34,logFC,Estrogen Response Early,-0.2752790290450557,-0.845258422104922,0.6863468634686347,0.9108568096504974,1.0,9/21,28.51%,TOB1;XBP1;AREG;AQP3;ELF1;BCL11B;ADD3;FOS;FKBP5,Kidney,CD4T
35,logFC,Interferon Alpha Response,0.2797614692943254,0.8447606342947949,0.5521739130434783,0.8504367453581313,1.0,14/31,30.52%,CD74;GBP2;SP110;TAP1;PSMB8;UBE2L6;PSMB9;IRF9;ISG15;IRF2;NUB1;SAMD9;ISG20;BST2,Kidney,CD4T
36,logFC,Myogenesis,0.30150542145452885,0.8194448924303319,0.6744730679156908,0.854998608598859,1.0,4/13,18.47%,LSP1;FDPS;TPM3;LPIN1,Kidney,CD4T
37,logFC,Bile Acid Metabolism,0.3167750376850098,0.8174713336770882,0.6778846153846154,0.8086659736943337,1.0,2/11,8.25%,ATXN1;IDH2,Kidney,CD4T
38,logFC,Coagulation,0.34563140832465844,0.8094421434863426,0.6795698924731183,0.7784219449726616,1.0,2/9,5.73%,GNB2;RAC1,Kidney,CD4T
39,logFC,UV Response Dn,-0.25130874391835106,-0.7425575359952712,0.8199300699300699,1.0,1.0,6/19,24.47%,YTHDC1;DUSP1;MRPS31;RASA2;ADD3;ATRX,Kidney,CD4T
40,logFC,IL-6/JAK/STAT3 Signaling,-0.23922097252449218,-0.739621060412941,0.8288288288288288,1.0,1.0,8/22,26.17%,IFNGR1;SOCS3;TNF;SOCS1;LTB;IRF1;IL2RG;PTPN1,Kidney,CD4T
41,logFC,E2F Targets,-0.20180782938130587,-0.7237172962750781,0.9184782608695652,0.9822378731003316,1.0,6/45,9.35%,UBE2S;CDKN1A;EXOSC8;NASP;NOP56;TMPO,Kidney,CD4T
42,logFC,Oxidative Phosphorylation,0.200299606559769,0.7117590223238219,0.7935034802784223,0.9287431742009818,1.0,33/111,26.17%,NDUFB3;VDAC1;OXA1L;MDH2;NDUFA7;SUCLG1;TIMM13;PRDX3;NDUFA6;IDH2;COX5A;NDUFB2;MRPL34;SDHD;BAX;ATP5F1C;COX8A;UQCRFS1;COX5B;UQCR10;ATP6V0B;DECR1;NDUFA4;ATP5F1D;NDUFB4;ATP6V0E1;ETFA;NDUFB8;ATP5MF;MRPS15;ATP5F1A;SURF1;NDUFV2,Kidney,CD4T
43,logFC,Glycolysis,-0.20313665863472177,-0.6994274708139577,0.9166666666666666,0.9717992638215679,1.0,11/34,28.83%,CYB5A;NASP;KIF2A;ZNF292;HSPA5;MIF;DDIT4;SDHC;CXCR4;PPIA;CHST12,Kidney,CD4T
44,logFC,PI3K/AKT/mTOR  Signaling,0.22177601211410009,0.6823692711171642,0.8378378378378378,0.9293956681044478,1.0,6/29,14.44%,THEM4;RAC1;CAMK4;GRB2;PPP1CA;PIN1,Kidney,CD4T
45,logFC,G2-M Checkpoint,0.20352393805931585,0.6522769473902115,0.8923766816143498,0.926779171387492,1.0,7/42,14.80%,CTCF;MT2A;TOP1;HMGA1;JPT1;FOXN3;PAFAH1B1,Kidney,CD4T
46,logFC,Complement,-0.17283428753575175,-0.643265172845867,0.9702048417132216,0.9783996389193372,1.0,8/50,13.06%,GATA3;DUSP5;TIMP1;USP8;KIF2A;HSPA5;RHOG;WAS,Kidney,CD4T
47,logFC,DNA Repair,-0.1750112175414525,-0.6422380504092072,0.9724137931034482,0.9428915047924487,1.0,22/46,40.70%,GTF2B;POLR2F;POLR1D;PDE4B;GPX4;APRT;DAD1;POLR2C;POLR2G;TMED2;POLR3GL;NCBP2;BCAP31;NME3;ZNRD1;POLR2J;GTF2A2;POLR2I;DUT;GTF2H5;EIF1B;MPC2,Kidney,CD4T
48,logFC,Fatty Acid Metabolism,0.19475678770545077,0.6030844233312029,0.919047619047619,0.9339548258429572,1.0,5/34,12.14%,MDH2;SUCLG1;ELOVL5;GABARAPL1;SDHD,Kidney,CD4T
0,logFC,Coagulation,-0.6942048754640671,-1.718061039633063,0.005494505494505495,0.05088995357843259,0.049,7/13,14.08%,PRSS23;PLEK;WDR1;SIRT2;TIMP1;CAPN2;FYN,Kidney,CD8T
1,logFC,TNF-alpha Signaling via NF-kB,0.36895094865057865,1.6671541594253105,0.009345794392523364,0.11577647422043841,0.117,22/79,14.01%,GPR183;KDM6B;BIRC3;ATP2B1;EGR1;AREG;NAMPT;IER3;SQSTM1;GADD45A;TNFAIP8;PDE4B;CDKN1A;MAP3K8;FOSL2;FOSB;TGIF1;SOD2;REL;PPP1R15A;CD44;BTG2,Kidney,CD8T
2,logFC,Bile Acid Metabolism,-0.6457350646002034,-1.633343725447361,0.00546448087431694,0.08702182061911971,0.158,11/14,32.12%,ATXN1;IDH2;PNPLA8;OPTN;PHYH;GCLM;LCK;SOD1;GSTK1;IDI1;LONP2,Kidney,CD8T
3,logFC,Wnt-beta Catenin Signaling,0.8074594655796976,1.5708858067862281,0.039886039886039885,0.11068230935473913,0.207,2/4,6.48%,RBPJ;TCF7,Kidney,CD8T
4,logFC,Inflammatory Response,0.36625175389300735,1.482856487794294,0.012738853503184714,0.13738808274158693,0.359,10/42,6.59%,GPR183;SELL;ATP2B1;TNFSF10;NAMPT;CD55;RGS1;HIF1A;PDE4B;CDKN1A,Kidney,CD8T
5,logFC,Allograft Rejection,-0.4123016061112482,-1.4269822237104894,0.017543859649122806,0.5672533492209286,0.792,30/80,17.43%,GPR65;GBP2;ZAP70;ITGAL;CD247;F2R;STAT1;CD8A;PRF1;IL2RB;TAP1;GZMB;ABI1;TGFB1;KLRD1;TIMP1;STAT4;ITK;ITGB2;CD8B;LCP2;CRTAM;CCND3;TAPBP;IFNG;CD3E;NCK1;PSMB10;FGR;GZMA,Kidney,CD8T
6,logFC,Apical Surface,-0.6402535367344485,-1.4032524784050466,0.0647887323943662,0.5213675744110419,0.851,2/8,3.64%,CD160;IL2RB,Kidney,CD8T
7,logFC,Hedgehog Signaling,-0.9130191684865415,-1.3655031802017312,0.023890784982935155,0.5703745997070725,0.933,1/2,0.25%,ADGRG1,Kidney,CD8T
8,logFC,Interferon Gamma Response,-0.3751025746085179,-1.3168615014792524,0.07048458149779736,0.674970417628611,0.977,25/84,17.50%,SAMHD1;FGL2;BPGM;STAT1;SAMD9L;IL2RB;TAP1;SPPL2A;SOCS3;ITGB7;CASP8;STAT4;KLRK1;UPP1;EIF2AK2;LYSMD2;LCP2;TAPBP;IFITM2;SRI;IRF9;CASP1;PSMB10;GZMA;RNF213,Kidney,CD8T
9,logFC,Protein Secretion,-0.403559773887164,-1.2460005195579982,0.17237163814180928,0.9199449608306942,0.998,19/37,30.36%,IGF2R;CTSC;AP2S1;ARF1;RAB5A;AP3S1;RAB2A;M6PR;AP2M1;TMED2;RAB9A;LMAN1;ADAM10;CLTA;CD63;ANP32E;SOD1;TMED10;TSG101,Kidney,CD8T
10,logFC,Apical Junction,-0.4232812897167622,-1.2397403425684868,0.16393442622950818,0.8337046644986719,0.998,18/27,37.88%,VASP;CAP1;CD99;ARPC2;PTEN;LIMA1;RAC2;ITGB1;TIAL1;GNAI2;FYB1;MSN;STX4;ICAM2;PTPRC;EVL;PFN1;MYL12B,Kidney,CD8T
11,logFC,Complement,-0.36821239767638236,-1.2214489639905457,0.1678082191780822,0.8298455096856409,0.998,23/56,30.72%,PLEK;CTSC;CD59;GZMB;GNG2;HSPA5;TIMP1;LCP2;CD46;RHOG;FYN;CASP1;GZMA;CCL5;RASGRP1;EHD1;LCK;GNAI2;STX4;WAS;PSMB9;LAP3;CALM3,Kidney,CD8T
12,logFC,IL-2/STAT5 Signaling,-0.35551503158093833,-1.176919075288791,0.21683967704728951,0.9418712608296305,1.0,19/56,20.60%,EOMES;FGL2;IGF2R;GPR65;TNFRSF1B;PRNP;IL2RB;CST7;RORA;PTGER2;PHLDA1;MXD1;GALM;CCND3;SLC2A3;SERPINB6;RABGAP1L;PLIN2;RHOB,Kidney,CD8T
13,logFC,Interferon Alpha Response,-0.3530027972153218,-1.0853123585445925,0.35748218527315917,1.0,1.0,17/37,30.43%,GBP2;TENT5A;SAMD9L;TAP1;CASP8;EIF2AK2;IFITM2;IRF9;CASP1;IFITM1;LPAR6;PSME2;B2M;BST2;PSMB9;HLA-C;LAP3,Kidney,CD8T
14,logFC,mTORC1 Signaling,-0.3007169972427553,-1.0493914236800335,0.39082969432314413,1.0,1.0,17/80,15.23%,FGL2;CANX;CTSC;ADD3;NIBAN1;PSMD13;HSPA5;SYTL2;SLA;ITGB2;CYB5B;PGK1;M6PR;EIF2S2;UCHL5;PSMA4;SLC2A3,Kidney,CD8T
15,logFC,Apoptosis,0.2365966980280794,1.0366168333855912,0.39316239316239315,0.8826798394566224,0.967,17/65,14.30%,BIRC3;TNFSF10;IER3;BNIP3L;SQSTM1;PMAIP1;SMAD7;GADD45A;CDKN1A;GPX4;HMGB2;VDAC2;PDCD4;SOD2;CD44;BTG2;SC5D,Kidney,CD8T
16,logFC,Epithelial Mesenchymal Transition,-0.36211957173628323,-1.0300110905684152,0.4305912596401028,1.0,1.0,9/24,24.31%,TGFBR3;CD59;TGFB1;TIMP1;GLIPR1;ITGB1;RHOB;IL32;FLNA,Kidney,CD8T
17,logFC,Estrogen Response Late,-0.34542022384480287,-1.0280142200568303,0.44,1.0,1.0,6/32,9.43%,PRSS23;IDH2;ADD3;FKBP4;CLIC3;BAG1,Kidney,CD8T
18,logFC,IL-6/JAK/STAT3 Signaling,-0.36440253156607016,-1.0111699814510196,0.4756410256410256,1.0,1.0,6/21,15.34%,TNFRSF1B;STAT1;TGFB1;SOCS3;IRF9;HAX1,Kidney,CD8T
19,logFC,heme Metabolism,-0.3027981290681041,-0.9867120005387172,0.4790697674418605,1.0,1.0,15/48,24.70%,BPGM;TFDP2;RIOK3;ARL2BP;CAST;KLF3;EIF2AK1;CCND3;OPTN;PICALM;PSMD9;UCP2;GYPC;GCLM;NARF,Kidney,CD8T
20,logFC,Reactive Oxygen Species Pathway,-0.33602196329894624,-0.96510172292166,0.5109114249037228,1.0,1.0,11/25,33.56%,PRNP;NDUFA6;CDKN2D;SELENOS;MBP;GCLM;NDUFB4;SOD1;LSP1;GLRX;TXN,Kidney,CD8T
21,logFC,Estrogen Response Early,-0.33201951786578215,-0.9611466505064392,0.5415647921760391,1.0,1.0,7/27,11.56%,PRSS23;MYBL1;ADD3;FKBP4;CLIC3;BAG1;BCL11B,Kidney,CD8T
22,logFC,p53 Pathway,-0.28848629467919673,-0.9590894982391708,0.5631284916201117,1.0,1.0,18/61,25.24%,F2R;RAP2B;TAP1;SLC3A2;TGFB1;FBXW7;CCNK;UPP1;MXD1;CCND3;CASP1;STOM;ATF3;FAM162A;PTPRE;CCNG1;PRMT2;MXD4,Kidney,CD8T
23,logFC,Hypoxia,0.226582258915288,0.9585360605906998,0.5081967213114754,0.9302871256560666,0.984,13/57,13.29%,BCL2;IER3;BNIP3L;TPD52;RBPJ;ZNF292;CDKN1A;UGP2;FOSL2;WSB1;LDHA;PPP1R15A;NR3C1,Kidney,CD8T
24,logFC,UV Response Dn,-0.3145458390115331,-0.9456773633540186,0.5637254901960784,1.0,1.0,12/28,28.48%,TGFBR3;ATXN1;ADD3;MT1E;FYN;SRI;PTEN;ATRX;SYNE1;CDK13;MGMT;CELF2,Kidney,CD8T
25,logFC,Oxidative Phosphorylation,-0.25139116141073836,-0.9236416863538109,0.6617021276595745,1.0,1.0,38/127,31.87%,IDH2;NDUFS8;SDHD;CYC1;UQCRC2;NDUFA6;COX8A;ATP5PD;COX5B;NDUFS4;PHYH;DECR1;ACAT1;ACAA1;SLC25A11;POLR2F;MRPL34;NDUFB1;ATP5MF;ATP5F1C;COX5A;IDH3G;ATP5F1A;ETFA;NDUFB4;COX7A2L;NDUFB3;NDUFA3;HSD17B10;MPC1;LDHB;NDUFA2;SLC25A6;NDUFB5;BAX;MGST3;NDUFS3;NDUFC1,Kidney,CD8T
26,logFC,Angiogenesis,-0.5005160372816608,-0.8996984367819496,0.6248085758039816,1.0,1.0,1/4,8.28%,TIMP1,Kidney,CD8T
27,logFC,Myogenesis,-0.32725037952439534,-0.8905935235911111,0.6295336787564767,1.0,1.0,8/20,28.95%,PRNP;SIRT2;TGFB1;BAG1;ITGB1;LSP1;TPM3;IGFBP7,Kidney,CD8T
28,logFC,G2-M Checkpoint,-0.2635965049598211,-0.8728758832496343,0.7053364269141531,1.0,1.0,16/54,27.40%,PTTG1;PURA;TGFB1;SMC4;ARID4A;MTF2;KPNB1;JPT1;NCL;FOXN3;ATRX;PAFAH1B1;LBR;SYNCRIP;EWSR1;G3BP1,Kidney,CD8T
29,logFC,Myc Targets V2,0.305501429350301,0.8725519035042563,0.6236162361623616,0.9990737882062366,0.995,2/12,5.01%,MPHOSPH10;IMP4,Kidney,CD8T
30,logFC,PI3K/AKT/mTOR  Signaling,-0.28169581310204794,-0.8656306245889897,0.6934131736526946,1.0,1.0,17/35,42.24%,ARF1;SLA;PPP1CA;AP2M1;NCK1;PTEN;YWHAB;LCK;VAV3;PIN1;HSP90B1;ARPC3;PFN1;MKNK2;CALR;CFL1;MAP2K3,Kidney,CD8T
31,logFC,Androgen Response,-0.28391145322873546,-0.8551018515174266,0.6918316831683168,1.0,1.0,18/33,38.42%,ADRM1;SPCS3;RAB4A;SMS;CCND3;IQGAP2;LMAN1;PA2G4;B2M;XRCC5;MYL12A;IDI1;MAF;TMEM50A;UBE2I;FKBP5;PIAS1;VAPA,Kidney,CD8T
32,logFC,TGF-beta Signaling,-0.3161310946303389,-0.8290612052403312,0.7150395778364116,1.0,1.0,8/16,39.11%,HDAC1;TGFB1;PPP1CA;FKBP1A;ARID4B;ID2;SKIL;RHOA,Kidney,CD8T
33,logFC,Mitotic Spindle,-0.25476519317638474,-0.8251519811609374,0.7689655172413793,1.0,1.0,18/49,36.19%,PXN;RFC1;ABI1;SMC4;ARHGEF3;NCK1;STAU1;PAFAH1B1;AKAP13;FLNA;ROCK1;PREX1;CLIP1;SUN2;ARF6;SSH2;EPB41;RALBP1,Kidney,CD8T
34,logFC,UV Response Up,-0.24260374188965708,-0.7920290351614848,0.8196531791907514,1.0,1.0,11/48,21.97%,TAP1;AP2S1;FKBP4;CLTB;CYB5B;CCND3;HLA-F;ATF3;ACAA1;RHOB;RASGRP1,Kidney,CD8T
35,logFC,Pancreas Beta Cells,-0.44554674493290064,-0.7844504919922057,0.8003095975232198,1.0,1.0,1/4,7.49%,SRP9,Kidney,CD8T
36,logFC,KRAS Signaling Up,-0.26402138005828935,-0.7827408751808488,0.7867177522349936,1.0,1.0,13/29,37.20%,BPGM;TNFRSF1B;ITGB2;RABGAP1L;IKZF1;GYPC;RBM4;PRDM1;CCSER2;ETS1;GLRX;ID2;LCP1,Kidney,CD8T
37,logFC,Unfolded Protein Response,-0.243849491341727,-0.776408666697122,0.8188235294117647,1.0,1.0,16/46,35.04%,NHP2;SPCS3;HSPA5;DCP2;SRPRA;DNAJA4;ATF3;CNOT4;HERPUD1;DNAJC3;YWHAZ;HSP90B1;IMP3;SPCS1;TSPYL2;XBP1,Kidney,CD8T
38,logFC,Notch Signaling,-0.473657043217253,-0.7745700532339204,0.8237179487179487,1.0,1.0,1/3,15.12%,APH1A,Kidney,CD8T
39,logFC,Cholesterol Homeostasis,-0.27812062672185367,-0.7340999517577619,0.8328947368421052,1.0,1.0,3/16,18.47%,NIBAN1;ATF3;HSD17B7,Kidney,CD8T
40,logFC,DNA Repair,0.17784028957244075,0.7259648980408923,0.9291338582677166,1.0,0.999,15/52,19.66%,NT5C3A;PDE4B;RPA2;NT5C;RNMT;GPX4;POLR2A;SDCBP;GTF2H5;POLR2I;POLR2C;DGUOK;NUDT21;POLR2E;DUT,Kidney,CD8T
41,logFC,KRAS Signaling Dn,0.33086173109370887,0.7188572292122094,0.8152492668621701,0.9985720901512813,0.999,2/5,14.01%,TENT5C;BTG2,Kidney,CD8T
42,logFC,Xenobiotic Metabolism,-0.2372756218254621,-0.6779237900215782,0.9187096774193548,1.0,1.0,5/25,16.64%,SAR1B;ARPP19;UPP1;PSMB10;SSR3,Kidney,CD8T
43,logFC,Pperoxisome,-0.22684065970641287,-0.6563345069744518,0.9028132992327366,1.0,1.0,2/24,3.24%,ATXN1;IDH2,Kidney,CD8T
44,logFC,Fatty Acid Metabolism,-0.20897659044552142,-0.6444735367828226,0.9467312348668281,1.0,1.0,11/40,31.04%,SERINC1;SMS;GLUL;SDHD;DECR1;HSD17B7;ACAA1;IDH3G;HSD17B10;IDI1;LGALS1,Kidney,CD8T
45,logFC,Adipogenesis,-0.18693175756156272,-0.6295543063490721,0.9783845278725825,1.0,1.0,15/59,31.18%,PPM1B;RIOK3;CYC1;COX8A;PHYH;DECR1;STOM;PLIN2;UCP2;IDH3G;GHITM;SOD1;G3BP2;MGST3;NDUFS3,Kidney,CD8T
46,logFC,E2F Targets,-0.19237941649491153,-0.6288012482896297,0.9690011481056258,1.0,1.0,7/55,13.50%,RFC1;PTTG1;PHF5A;SMC4;RBBP7;LYAR;JPT1,Kidney,CD8T
47,logFC,Spermatogenesis,0.25514254781667267,0.5961792774383335,0.954954954954955,0.9727282082947412,0.999,6/6,74.54%,PEBP1;LPIN1;TALDO1;VDAC3;ARL4A;TLE4,Kidney,CD8T
48,logFC,Glycolysis,-0.18968141684642353,-0.5915581514131493,0.9618593563766389,0.9948477025047787,1.0,16/40,35.69%,CHST12;FKBP4;HSPA5;ARPP19;PGK1;HAX1;B4GALT4;FAM162A;PSMC4;SOD1;PGAM1;GLRX;RBCK1;TXN;PKM;B3GAT3,Kidney,CD8T
49,logFC,Myc Targets V1,-0.15381048767514133,-0.5665156377822009,0.9989711934156379,0.9799419109798178,1.0,29/136,31.08%,CANX;NHP2;SSB;AP3S1;EIF4G2;CYC1;KPNB1;PSMD8;PGK1;PSMB3;EIF2S2;CBX3;PSMA4;UBE2L3;TXNL4A;PSMD7;YWHAQ;EIF1AX;COX5A;PA2G4;SYNCRIP;PSMC4;SNRPB2;ACP1;G3BP1;SNRPA1;EIF3J;PSMA2;TRA2B,Kidney,CD8T
0,logFC,TNF-alpha Signaling via NF-kB,-0.4386698147563302,-1.8252720331982024,0.001,0.03754424405865498,0.025,46/94,23.66%,NFKB1;CCL2;EDN1;RELA;KLF4;JAG1;TNFAIP3;FOSL2;NR4A1;IER3;BHLHE40;CXCL2;HBEGF;KLF2;CCN1;IER2;TNFAIP2;GADD45B;DENND5A;DDX58;PER1;ICAM1;BTG3;SOD2;EFNA1;HES1;IER5;CDKN1A;TSC22D1;NFKBIA;TRIP10;KDM6B;SOCS3;CEBPD;PLK2;SGK1;SAT1;RCAN1;CFLAR;ATF3;NFAT5;ZFP36;PPP1R15A;FOSB;CSF1;IRF1,Kidney,Endothelial cell
1,logFC,Inflammatory Response,-0.4660843975668213,-1.7567469719369857,0.004228329809725159,0.039630035395246926,0.054,18/53,14.90%,NFKB1;CCL2;EDN1;RELA;ITGA5;TNFRSF1B;HBEGF;EMP3;IFITM1;NMI;ICAM1;RNF144B;AHR;CDKN1A;CD40;LY6E;ATP2A2;NFKBIA,Kidney,Endothelial cell
2,logFC,Glycolysis,0.46471039890532373,1.6806477463093767,0.011342155009451797,0.12814070351758794,0.171,18/54,13.92%,ALDOB;MIOX;VEGFA;UGP2;CITED2;MDH1;AKR1A1;GLRX;SDHC;GUSB;TPI1;MXI1;NDUFV3;ALDH7A1;PGAM1;IL13RA1;MIF;ALDH9A1,Kidney,Endothelial cell
3,logFC,p53 Pathway,-0.37823217121962127,-1.5687792157590679,0.008213552361396304,0.1608376875105343,0.274,33/85,23.00%,PTPN14;KLF4;S100A4;DDIT3;IER3;MKNK2;AK1;JAG2;HBEGF;S100A10;STOM;TM4SF1;RALGDS;CD81;SEC61A1;IER5;CDKN1A;CCNK;FAM162A;TSC22D1;ISCU;PLK2;SAT1;CCND3;EPHX1;BAX;NDRG1;ATF3;PPP1R15A;DDIT4;TOB1;VAMP8;CDH13,Kidney,Endothelial cell
4,logFC,IL-6/JAK/STAT3 Signaling,-0.4358177447043071,-1.4531536875359745,0.035269709543568464,0.3038302713635598,0.564,13/30,23.66%,LEPR;TNFRSF1B;A2M;HAX1;CBL;CD9;IL3RA;IRF9;PTPN11;SOCS3;STAT3;CSF1;IRF1,Kidney,Endothelial cell
5,logFC,Protein Secretion,-0.3605412685160556,-1.440436729972502,0.01956521739130435,0.2636440249452216,0.59,19/66,21.00%,NAPG;SEC22B;CLTA;ICA1;STX12;RAB5A;PAM;PPT1;SNAP23;CLCN3;RPS6KA3;LMAN1;MON2;VAMP3;KIF1B;LAMP2;ATP1A1;DST;IGF2R,Kidney,Endothelial cell
6,logFC,Interferon Alpha Response,-0.373405833364843,-1.4228548930417255,0.04139433551198257,0.24844092364739592,0.637,33/56,34.76%,IFI27;ELF1;MX1;IFITM1;NMI;IFITM2;IFITM3;SAMD9;LAP3;IRF9;LY6E;HLA-C;UBA7;IFI44;IFIT3;SAMD9L;SP110;B2M;CSF1;IRF1;CD47;PSME1;IFI35;IFIH1;NCOA7;ISG15;TAP1;GBP2;NUB1;PARP14;PLSCR1;PSME2;CD74,Kidney,Endothelial cell
7,logFC,Interferon Gamma Response,-0.3322668759982874,-1.412463780704035,0.031746031746031744,0.2286424598492692,0.661,36/97,24.18%,NFKB1;CCL2;PELI1;TNFAIP3;MT2A;IFI27;MVP;MX1;TNFAIP2;CASP4;NMI;DDX58;ICAM1;FGL2;IFITM2;SOD2;IFITM3;LAP3;IRF9;CDKN1A;CD40;HLA-B;LY6E;NFKBIA;SOCS3;IFI44;ARID5B;IFIT3;SAMD9L;SP110;STAT3;B2M;HLA-DRB1;VAMP8;IRF1;HIF1A,Kidney,Endothelial cell
8,logFC,Pancreas Beta Cells,0.5824910119106705,1.36534248423655,0.12190082644628099,0.6520290848180296,0.835,4/9,9.81%,MAFB;STXBP1;AKT3;SRP9,Kidney,Endothelial cell
9,logFC,Coagulation,-0.3716748709057377,-1.348894235895209,0.0734341252699784,0.30730659025787965,0.799,16/47,17.64%,THBD;GSN;PDGFB;FURIN;CRIP2;A2M;FBN1;PECAM1;CD9;RAC1;ANXA1;RAPGEF3;TIMP3;KLF7;ISCU;LAMP2,Kidney,Endothelial cell
10,logFC,PI3K/AKT/mTOR  Signaling,-0.3526963784141644,-1.3171492037743588,0.07446808510638298,0.3346536322265296,0.853,14/51,15.03%,CDK4;PLCG1;PLCB1;DDIT3;MKNK2;DUSP3;AKT1;PIK3R3;RALB;RAC1;CDKN1A;RIT1;RPS6KA3;PTPN11,Kidney,Endothelial cell
11,logFC,IL-2/STAT5 Signaling,-0.3286959437555048,-1.3167278046430788,0.07640449438202247,0.302300691050059,0.854,22/73,15.01%,ITIH5;SNX9;GABARAPL1;BHLHE40;FURIN;TNFRSF1B;GADD45B;DENND5A;SYT11;PLEC;BCL2L1;FGL2;CD81;IFITM3;IL3RA;AHR;PRKCH;ITGAV;ITGA6;SWAP70;LRRC8C;PRNP,Kidney,Endothelial cell
12,logFC,Apoptosis,-0.31349738933054766,-1.304357237611894,0.06581740976645435,0.2960559581998989,0.882,32/80,21.66%,CAV1;DAP;ANKH;RELA;PDCD4;LMNA;LGALS3;DDIT3;GSN;MGMT;IER3;ADD1;NEDD9;GADD45B;CASP4;BCL2L1;BTG3;SOD2;IFITM3;PPT1;CDKN1A;ANXA1;TIMP3;ETF1;HSPB1;PEA15;TSPO;SAT1;BAX;IGF2R;CFLAR;ATF3,Kidney,Endothelial cell
13,logFC,Angiogenesis,-0.4819738666150846,-1.3031632773091122,0.15082644628099173,0.27428156076184057,0.886,4/14,4.84%,JAG1;THBD;S100A4;JAG2,Kidney,Endothelial cell
14,logFC,Apical Surface,-0.5019719037088287,-1.2922631425439957,0.16770186335403728,0.26890663693293054,0.909,4/12,27.34%,GSTM3;FLOT2;HSPB1;B4GALT1,Kidney,Endothelial cell
15,logFC,Reactive Oxygen Species Pathway,0.4087342459039975,1.2905426451321569,0.12195121951219512,0.6687477793005431,0.942,5/29,5.79%,GPX3;PRDX6;FTL;GLRX;TXNRD1,Kidney,Endothelial cell
16,logFC,Estrogen Response Early,0.3606649450405048,1.2825718464443145,0.13306451612903225,0.5229176183950054,0.948,9/46,7.61%,PMAIP1;NPY1R;FOXC1;GJA1;FKBP5;PRSS23;MED13L;SH3BP5;NRIP1,Kidney,Endothelial cell
17,logFC,Xenobiotic Metabolism,0.33380036790788076,1.2444665416726002,0.119140625,0.505961626313385,0.967,16/58,15.37%,APOE;FABP1;ALDH2;NDRG2;CBR1;CA2;MAN1A1;ACO2;DCXR;ACP1;SAR1B;POR;ALDH9A1;BLVRB;PTGR1;TMBIM6,Kidney,Endothelial cell
18,logFC,Oxidative Phosphorylation,0.28312275656166,1.238412643937814,0.08421052631578947,0.4372747576265164,0.973,39/153,20.62%,ECHS1;OAT;MRPS11;PDHB;MDH1;COX11;UQCR10;ALDH6A1;VDAC1;SDHC;SUCLG1;OPA1;ACO2;ACAA2;ETFA;TOMM22;ATP5MC2;LDHB;ATP5F1C;BDH2;NDUFS2;ATP5MC1;AFG3L2;ATP5F1A;NDUFS1;ATP6V0B;POR;ATP5F1D;FDX1;HADHB;UQCRC1;NDUFB2;NDUFS7;ACADM;NDUFA5;TIMM13;COX7B;NDUFA7;COX5B,Kidney,Endothelial cell
19,logFC,Epithelial Mesenchymal Transition,-0.30890122814931825,-1.2102346778670954,0.14741035856573706,0.39908140906792516,0.978,16/65,9.42%,SERPINE2;CXCL12;ABI3BP;VEGFC;IL32;TNFAIP3;ITGA5;QSOX1;SERPINH1;PMP22;CCN1;EMP3;GADD45B;FLNA;ITGB5;FBN1,Kidney,Endothelial cell
20,logFC,Androgen Response,-0.3191497956649253,-1.2091168254467703,0.1729490022172949,0.3747008258890949,0.978,22/50,24.30%,ANKH;AKT1;SMS;ITGAV;SLC38A2;RPS6KA3;TSC22D1;LMAN1;RAB4A;ADAMTS1;ARID5B;ZMIZ1;SRP19;SGK1;SAT1;CCND3;CDK6;NDRG1;B2M;SPCS3;DBI;PLPP1,Kidney,Endothelial cell
21,logFC,Hypoxia,0.3003955379172727,1.1861591127177615,0.19776119402985073,0.4875078857490918,0.994,11/79,4.88%,ALDOB;VEGFA;CCN2;PCK1;BNIP3L;UGP2;FOXO3;CDKN1C;CITED2;GLRX;GAA,Kidney,Endothelial cell
22,logFC,Myogenesis,-0.30927276094084283,-1.173267814214173,0.21193415637860083,0.42541452469239843,0.989,23/56,21.32%,FLII;GSN;AK1;BHLHE40;HBEGF;FHL1;GADD45B;ITGB5;MEF2A;CDKN1A;RIT1;NQO1;MYH9;MEF2D;WWTR1;PRNP;SORBS3;MEF2C;HDAC5;IFRD1;FDPS;BAG1;IGFBP7,Kidney,Endothelial cell
23,logFC,Adipogenesis,0.2906462494191925,1.1702590907989732,0.19593345656192238,0.461031483173443,0.994,19/92,15.40%,APOE;GPX3;ALDH2;ECHS1;GHITM;UQCR10;SDHC;COL4A1;SUCLG1;ACO2;ACAA2;MYLK;HIBCH;GADD45A;LIFR;CMBL;POR;CHCHD10;UQCRC1,Kidney,Endothelial cell
24,logFC,Allograft Rejection,-0.31322806723519575,-1.165194774943236,0.20425531914893616,0.41683108436362915,0.991,28/52,37.42%,CCL2;ABCE1;SRGN;AKT1;ICAM1;FLNA;CD40;EIF3J;CCND3;B2M;CSF1;CD47;HIF1A;RPL9;HLA-DOA;TAP1;GBP2;IKBKB;RPS19;HLA-A;HLA-DRA;HLA-DMA;HLA-E;CD74;EIF3A;TGFB1;STAT1;TAP2,Kidney,Endothelial cell
25,logFC,heme Metabolism,0.29601566075022834,1.1586386341270063,0.19152854511970535,0.4324568972810179,0.994,14/79,11.81%,PDZK1IP1;HBB;BNIP3L;FOXO3;SLC25A37;ALDH6A1;NCOA4;CA2;DCAF10;DAAM1;MXI1;BACH1;TFDP2;ARHGEF12,Kidney,Endothelial cell
26,logFC,Fatty Acid Metabolism,0.2942406204357364,1.1330330281767862,0.251984126984127,0.4381376579869042,0.994,19/66,17.35%,FABP1;ECHS1;PRDX6;PDHB;CBR1;MDH1;SDHC;CA2;SUCLG1;ACO2;ACAA2;HIBCH;ALDH3A2;MIF;ALDH9A1;HADHB;ERP29;OSTC;ACADM,Kidney,Endothelial cell
27,logFC,KRAS Signaling Dn,-0.45540741558509684,-1.120468872711775,0.3083511777301927,0.48838417888645436,0.996,3/10,8.76%,EDN1;MX1;SKIL,Kidney,Endothelial cell
28,logFC,Apical Junction,-0.28669716116707644,-1.1188483585316535,0.24691358024691357,0.4655339891951351,0.996,19/67,16.49%,PLCG1;PBX2;ADAM15;ICAM2;CD34;CD99;SHC1;MSN;TAOK2;ICAM1;PIK3R3;FBN1;PECAM1;CLDN5;RSU1;LIMA1;MYH9;RRAS;SORBS3,Kidney,Endothelial cell
29,logFC,Estrogen Response Late,0.3055503740000215,1.0961836245488832,0.30828516377649323,0.46879023215249804,1.0,9/51,9.54%,CXCL14;NPY1R;CKB;FOXC1;FKBP5;PRSS23;CA2;NRIP1;DCXR,Kidney,Endothelial cell
30,logFC,Spermatogenesis,-0.361858840368657,-1.0757487755736868,0.3470225872689938,0.5411933254677229,1.0,3/19,7.56%,HSPA2;SLC12A2;GSTM3,Kidney,Endothelial cell
31,logFC,UV Response Dn,-0.26691653321354475,-1.0544169029399693,0.3434959349593496,0.567931183934892,1.0,12/69,9.15%,NFKB1;MGLL;CAV1;MGMT;BHLHE40;PMP22;CCN1;ICA1;MT1E;PIK3R3;ID1;CDK13,Kidney,Endothelial cell
32,logFC,Bile Acid Metabolism,-0.3442527549029739,-1.0392015041237264,0.38742393509127787,0.5791547277936964,1.0,3/20,9.72%,IDH2;HSD17B4;NEDD4,Kidney,Endothelial cell
33,logFC,UV Response Up,-0.26748309667759373,-1.0379019904431017,0.40638297872340423,0.5570574311698019,1.0,20/62,19.66%,TUBA4A;HSPA2;NR4A1;DDX21;CXCL2;FURIN;ICAM1;BTG3;HYAL2;CEBPG;SOD2;PPT1;UROD;GRINA;PSMC3;NFKBIA;CDC5L;SELENOW;CCND3;EPHX1,Kidney,Endothelial cell
34,logFC,TGF-beta Signaling,0.3034969914722114,1.037900974442268,0.40077821011673154,0.5466473783056698,1.0,11/37,19.91%,PMEPA1;CDKN1C;HIPK2;XIAP;UBE2D3;TRIM33;SMAD6;APC;PPP1CA;SMAD7;SERPINE1,Kidney,Endothelial cell
35,logFC,Hedgehog Signaling,0.4292578214688417,1.0251833999012159,0.412,0.5286426304014243,1.0,1/10,0.41%,VEGFA,Kidney,Endothelial cell
36,logFC,Myc Targets V1,-0.22176573428661184,-1.0041459783841582,0.43387470997679817,0.6095145794707567,1.0,44/154,28.32%,GOT2;XPOT;STARD7;ABCE1;SF3A1;CDK4;PHB2;SNRPA1;MRPL9;DDX21;RANBP1;DDX18;UBE2E1;NCBP2;EIF3J;ETF1;COPS5;PPM1G;SSB;LSM2;IFRD1;EIF4H;EIF3B;C1QBP;ILF2;NDUFAB1;NOP56;SRSF7;PWP1;HDGF;BUB3;EIF4G2;PSMC6;TRIM28;VBP1;SET;HNRNPA3;PSMA1;COX5A;XPO1;SSBP1;VDAC3;TUFM;YWHAE,Kidney,Endothelial cell
37,logFC,KRAS Signaling Up,0.2568689191552034,0.9509790596430487,0.5511363636363636,0.6491630229067415,1.0,9/53,11.15%,MAFB;BIRC3;TFPI;GLRX;CMKLR1;CA2;ST6GAL1;SATB1;EVI5,Kidney,Endothelial cell
38,logFC,Cholesterol Homeostasis,0.3276532171731031,0.9509091948989271,0.5326530612244897,0.6059286330643116,1.0,5/21,10.45%,GNAI1;LGMN;CLU;GUSB;CYP51A1,Kidney,Endothelial cell
39,logFC,Pperoxisome,-0.26785979678213756,-0.9393897626130975,0.5652173913043478,0.7479369627507164,1.0,5/36,9.76%,IDH2;MVP;HSD17B4;ITGB1BP1;SOD2,Kidney,Endothelial cell
40,logFC,mTORC1 Signaling,-0.22356936847543032,-0.9319675704053842,0.6078838174273858,0.7382096876661179,1.0,31/90,28.56%,TUBA4A;DDIT3;SERPINH1;BHLHE40;PPA1;SLC6A6;PIK3R3;FGL2;PSMD13;CD9;CDKN1A;RIT1;ATP2A2;ETF1;COPS5;IMMT;PITPNB;IFRD1;ATP6V1D;PPP1R15A;DDIT4;UFM1;PSMC6;CCT6A;HSPA9;PSMC2;NMT1;TCEA1;M6PR;GAPDH;XBP1,Kidney,Endothelial cell
41,logFC,Wnt-beta Catenin Signaling,-0.3313962122249661,-0.919188093149645,0.563265306122449,0.7418207015375395,1.0,7/15,27.97%,JAG1;JAG2;NOTCH4;HDAC5;RBPJ;ADAM17;NCOR2,Kidney,Endothelial cell
42,logFC,Myc Targets V2,-0.32866488175002617,-0.8388442875755969,0.6701680672268907,0.8952514386843562,1.0,5/12,24.09%,CDK4;DDX18;WDR43;NOP56;MPHOSPH10,Kidney,Endothelial cell
43,logFC,DNA Repair,-0.21051790685380167,-0.8279511794427861,0.7939814814814815,0.8848550189762695,1.0,18/66,24.16%,SUPT5H;NUDT9;AK1;SURF1;MPG;SEC61A1;TK2;MRPL40;COX17;NCBP2;POLR2K;SDCBP;SRSF6;DDB1;POLR3GL;TAF10;CETN2;POLR2J,Kidney,Endothelial cell
44,logFC,Notch Signaling,-0.31321407088558256,-0.8107902285483274,0.7235772357723578,0.8838193156918929,1.0,3/13,12.56%,JAG1;HES1;FBXW11,Kidney,Endothelial cell
45,logFC,Mitotic Spindle,-0.18816321868545682,-0.8011863443556702,0.8970917225950783,0.8715019328740831,1.0,26/98,24.36%,TUBA4A;MAP3K11;GSN;ARHGEF2;STK38L;NEDD9;SOS1;TAOK2;RFC1;FLNA;MYH9;KIFAP3;DYNC1H1;CDC42BPA;RAB3GAP1;STAU1;RASAL2;KIF1B;RALBP1;SEPTIN9;DST;CTTN;CEP57;RAPGEF5;AKAP13;ACTN4,Kidney,Endothelial cell
46,logFC,E2F Targets,0.20603044712176471,0.7571736004670047,0.879472693032015,0.9199191982640476,1.0,12/60,20.55%,POP7;SSRP1;SMC1A;NUDT21;RPA3;EIF2S1;RAN;TMPO;SNRPB;PRDX4;SYNCRIP;STMN1,Kidney,Endothelial cell
47,logFC,Unfolded Protein Response,-0.18017312156927448,-0.7090458881327728,0.941304347826087,0.955509702090005,1.0,14/59,22.89%,CCL2;XPOT;NFYB;LSM4;SHC1;CEBPG;IMP3;PAIP1;MTREX;NOP56;YIF1A;ATF3;DDIT4;SPCS3,Kidney,Endothelial cell
48,logFC,G2-M Checkpoint,0.17637201700716368,0.6861222061939466,0.9712643678160919,0.937680828384346,1.0,16/73,21.96%,E2F4;SMC1A;HMGN2;CUL4A;MARCKS;KPNB1;ARID4A;SNRPD1;FOXN3;TMPO;TOP1;SMARCC1;SYNCRIP;STMN1;CASP8AP2;MTF2,Kidney,Endothelial cell
49,logFC,Complement,-0.16562721953281573,-0.6590444672031205,0.9907834101382489,0.9603910332041126,1.0,14/75,19.48%,LGALS3;TNFAIP3;PDGFB;PPP2CB;CD46;CASP4;LAP3;PPP4C;USP15;NOTCH4;CALM1;LAMP2;DOCK9;RAF1,Kidney,Endothelial cell
0,logFC,TNF-alpha Signaling via NF-kB,0.7468340519662944,2.671160270211187,0.001,0.001,0.001,50/93,11.29%,MAFF;PPP1R15A;FOSB;ATF3;IL18;KLF2;JUN;FOS;EGR1;MARCKS;BTG3;JUNB;DUSP1;LITAF;IER2;BTG2;CCN1;IER3;CCNL1;NR4A1;DNAJB4;ZFP36;JAG1;NR4A2;GADD45B;BTG1;NFAT5;REL;KLF6;HES1;NFKBIA;CDKN1A;PFKFB3;MCL1;TRIB1;ETS2;CEBPB;IRS2;TNFAIP8;NAMPT;CEBPD;FOSL2;PHLDA1;NFKB1;PER1;CD83;KDM6B;KLF10;RHOB;PNRC1,Kidney,Epithelial cell
1,logFC,Xenobiotic Metabolism,-0.5916270957751564,-2.408004416640111,0.001,0.001,0.001,69/118,19.41%,ENPEP;FMO1;HNF4A;ACOX2;ABCC2;DDC;G6PC;KYNU;FABP1;VNN1;SERPINA6;PC;AKR1C3;FBP1;PLG;IDH1;MAOA;ANGPTL3;ENTPD5;PROS1;BPHL;ABHD6;UPB1;AOX1;FAH;EPHX1;ALDH2;CYP4F2;CYP17A1;IGFBP4;TKFC;HMOX1;RBP4;DCXR;NINJ1;CYB5A;AHCY;CNDP2;PTGR1;MTHFD1;ACOX1;CYP27A1;GSS;ASL;ECH1;GCLC;APOE;ACP2;GSTM4;BLVRB;RETSAT;ARG2;SHMT2;PMM1;PGRMC1;ADH5;GSTO1;TMEM176B;MCCC2;GCH1;UGDH;SAR1B;DHRS1;TMBIM6;CAT;ALDH9A1;ACO2;CFB;DDT,Kidney,Epithelial cell
2,logFC,Bile Acid Metabolism,-0.6136007182128502,-2.2163639921059746,0.001,0.001,0.001,32/58,17.93%,SLC23A1;SERPINA6;AR;IDH1;PIPOX;AMACR;AGXT;ALDH8A1;SLC27A2;NR1H4;PECR;ABCA1;DIO1;BBOX1;SLC22A18;OPTN;HSD17B11;SOD1;PXMP2;CYP27A1;MLYCD;ABCD3;GCLM;RXRA;RETSAT;EPHX2;PEX11G;ACSL1;GSTK1;PHYH;CAT;ALDH9A1,Kidney,Epithelial cell
3,logFC,Fatty Acid Metabolism,-0.48951989461427625,-2.000967614127085,0.001,0.001,0.001,58/122,20.91%,REEP6;FMO1;GPD1;HAO2;EHHADH;FABP1;VNN1;IDH1;MAOA;BPHL;EPHX1;ECHS1;ALAD;HPGD;ACAA1;CYP4A11;ALDH3A2;ACSM3;SUCLG1;HADH;D2HGDH;ACAA2;ECI2;HSD17B11;GRHPR;CRAT;ACADM;HMGCL;PPARA;HIBCH;CRYZ;ACOX1;MLYCD;ECH1;SUCLG2;RETSAT;CPT2;UROS;ACSL1;HSD17B10;MCEE;SLC22A5;GCDH;UGDH;SDHC;MDH1;UROD;ACAT2;PCBD1;SDHD;ALDH9A1;HSDL2;IDH3G;ACO2;IDH3B;ELOVL5;APEX1;DECR1,Kidney,Epithelial cell
4,logFC,TGF-beta Signaling,0.6439214914263605,1.9658495347358935,0.001,0.001961615947407486,0.003,12/33,14.80%,PPP1R15A;JUNB;CDH1;ID3;ID1;ARID4B;HDAC1;KLF10;TJP1;CDKN1C;IFNGR2;SMAD1,Kidney,Epithelial cell
5,logFC,Interferon Alpha Response,0.6362364895970272,1.9578710016913266,0.001,0.0021795732748972063,0.005,18/39,13.76%,BST2;IFITM2;TXNIP;ISG15;CD47;B2M;UBE2L6;GMPR;PLSCR1;IFITM3;HLA-C;PSMB8;PARP14;ELF1;LGALS3BP;IFI27;CD74;IFI30,Kidney,Epithelial cell
6,logFC,Interferon Gamma Response,0.5565111786769152,1.946269099382599,0.001,0.0022885519386420666,0.007,31/75,13.76%,BST2;HLA-B;ARL4A;IFITM2;TXNIP;ISG15;BTG1;B2M;UBE2L6;NFKBIA;SERPING1;CDKN1A;PLSCR1;IFITM3;UPP1;PTPN2;LYSMD2;FGL2;PSMB8;NAMPT;PARP14;TAPBP;SRI;NFKB1;HLA-A;RNF213;LGALS3BP;IFI27;CD74;STAT3;IFI30,Kidney,Epithelial cell
7,logFC,Oxidative Phosphorylation,-0.42524025850741914,-1.865017235215181,0.001,0.0010480490164463075,0.007,98/192,33.51%,MAOB;IDH1;NQO2;ALDH6A1;ACADSB;ECHS1;ACAA1;ETFB;CYB5A;SUCLG1;AIFM1;ACAA2;ACADM;BDH2;GRPEL1;ETFA;ECH1;LDHB;RETSAT;UQCRC1;TIMM8B;TIMM9;TIMM10;HSD17B10;GLUD1;OAT;SDHC;ACAT1;MDH1;PRDX3;TIMM13;PHYH;COX11;GPX4;SDHD;SDHB;IDH3G;ACO2;OXA1L;ATP5ME;IDH3B;ATP6V1C1;UQCRQ;TIMM17A;ATP5MF;DECR1;SLC25A11;RHOT1;NDUFA3;ATP5PF;MRPL34;TOMM70;MTRR;MRPS15;SLC25A3;NDUFV1;ATP5PB;NDUFC1;VDAC3;ATP5F1C;ATP5F1D;TOMM22;FDX1;ATP5PD;ISCA1;UQCRFS1;NDUFB3;POR;SURF1;OGDH;NDUFB6;NDUFV2;NDUFB4;NDUFA2;NDUFS8;NDUFB1;SLC25A5;LRPPRC;TIMM50;SDHA;NDUFA1;CS;ACADVL;ATP5MC3;NDUFB8;NDUFS7;MRPS11;ATP5F1A;DLD;NDUFB2;UQCR11;FH;COX7C;ATP5MG;NDUFS2;NDUFS6;POLR2F;DLST,Kidney,Epithelial cell
8,logFC,Inflammatory Response,0.5950016381663747,1.8567356852491554,0.0017605633802816902,0.005492524652740961,0.021,18/40,14.43%,IL18;BST2;CD55;BTG2;ADM;KLF6;NFKBIA;CDKN1A;NAMPT;TAPBP;SRI;NFKB1;SELENOS;SGMS2;RELA;ATP2B1;PSEN1;IFNGR2,Kidney,Epithelial cell
9,logFC,Apoptosis,0.5173358173092482,1.8448635540734228,0.0017152658662092624,0.005448933187243017,0.024,28/80,14.23%,ATF3;IL18;JUN;BTG3;BTG2;IER3;TXNIP;LGALS3;GADD45B;TIMP3;TNFRSF12A;CDKN1A;IFITM3;MCL1;IFNGR1;TSPO;HMGB2;CDKN1B;SPTAN1;DDIT3;GSN;DNAJA1;RHOB;PPT1;RELA;CLU;PTK2;PSEN1,Kidney,Epithelial cell
10,logFC,Hypoxia,0.4964719482945819,1.8297890713056588,0.001,0.006165078691852098,0.031,29/103,7.71%,MAFF;PPP1R15A;ATF3;JUN;FOS;S100A4;DUSP1;CCN1;IER3;ZFP36;ADM;WSB1;BTG1;DDIT4;TES;KLF6;ANXA2;CDKN1A;PFKFB3;STC1;SDC2;ERO1A;TPST2;IGFBP3;IRS2;MYH9;FOSL2;CITED2;CDKN1B,Kidney,Epithelial cell
11,logFC,Wnt-beta Catenin Signaling,0.8160131231550625,1.781646248437297,0.008130081300813009,0.008173399780864524,0.047,2/8,5.92%,JAG1;GNAI1,Kidney,Epithelial cell
12,logFC,Allograft Rejection,0.5632413718075352,1.756041477305059,0.003676470588235294,0.009154207754568267,0.057,15/44,14.76%,IL18;CD47;B2M;HLA-E;FLNA;IFNGR1;TAPBP;CAPG;HLA-A;FYB1;HLA-DRA;UBE2D1;CD74;IFNGR2;RPS19,Kidney,Epithelial cell
13,logFC,Pperoxisome,-0.47315145353821875,-1.7100646110132383,0.001,0.00491085824849127,0.039,29/63,20.55%,HAO2;ALB;EHHADH;SERPINA6;IDH1;SLC27A2;ACAA1;DIO1;ECI2;HSD17B11;CRAT;SOD1;HMGCL;ACOX1;MLYCD;ABCD3;ECH1;MVP;RETSAT;EPHX2;ACSL1;PRDX1;GSTK1;PEX11B;CAT;ALDH9A1;ABCB1;SCP2;ELOVL5,Kidney,Epithelial cell
14,logFC,Adipogenesis,-0.4002532125459572,-1.6761707508843042,0.001,0.006687550866847867,0.06,60/146,21.42%,REEP6;IDH1;ENPP2;SLC25A10;CMBL;GPX3;FAH;STOM;AGPAT3;ALDH2;ABCA1;ECHS1;GBE1;QDPR;ETFB;SUCLG1;AIFM1;HADH;ACAA2;TST;CRAT;PLIN2;GPHN;MTCH2;ACADM;SOD1;HIBCH;ACOX1;GRPEL1;UCK1;ECH1;APOE;ACLY;AK2;RETSAT;CPT2;EPHX2;UQCRC1;SAMM50;PFKL;COQ5;SLC25A1;SDHC;PRDX3;GADD45A;PHYH;GPX4;ESRRA;CAT;SDHB;IDH3G;ACO2;GHITM;DDT;SCP2;TALDO1;UQCRQ;DECR1;DNAJC15;GPAT4,Kidney,Epithelial cell
15,logFC,Notch Signaling,0.69469865815489,1.660212350732318,0.014613778705636743,0.022754744989926835,0.152,3/12,9.48%,JAG1;HES1;TCF7L2,Kidney,Epithelial cell
16,logFC,Apical Junction,0.4669002396962792,1.6568345324580265,0.001,0.02128056088399636,0.156,23/74,14.54%,CLDN4;CLDN8;CDH1;CNN2;LIMA1;MAPK13;CLDN7;ITGA2;VASP;YWHAH;GNAI1;MYH9;INSIG1;NECTIN2;FYB1;ITGB1;CRB3;SLIT2;TJP1;AKT3;PTK2;VCL;ACTG1,Kidney,Epithelial cell
17,logFC,KRAS Signaling Dn,0.575536358926568,1.6472984027157342,0.013409961685823755,0.021359818093992625,0.168,9/27,7.49%,ATP6V1B1;SLC16A7;CLDN8;BTG2;NR4A2;SPTBN2;TFCP2L1;HSD11B2;THRB,Kidney,Epithelial cell
18,logFC,Epithelial Mesenchymal Transition,0.4708215668044943,1.5875138348654574,0.01073345259391771,0.037723383603990114,0.304,24/63,12.64%,SNTB1;JUN;CCN1;LGALS1;GADD45B;DST;MGP;SFRP1;TIMP3;TNFRSF12A;ITGA2;PLOD2;FLNA;IGFBP3;TPM4;SERPINH1;CAPG;ITGAV;ITGB1;RHOB;TPM1;VIM;CALU;SLIT2,Kidney,Epithelial cell
19,logFC,Cholesterol Homeostasis,0.4937610317303332,1.5676948484925313,0.018656716417910446,0.04016642178024852,0.334,11/43,8.53%,ATF3;CD9;LGALS3;JAG1;TNFRSF12A;HMGCR;S100A11;PLSCR1;GNAI1;MAL2;CYP51A1,Kidney,Epithelial cell
20,logFC,UV Response Dn,0.4408888000815821,1.5666762068082933,0.012411347517730497,0.03801175791420728,0.339,23/73,13.28%,IGFBP5;DUSP1;CCN1;ID1;ANXA2;PRDM2;TGFBR2;ZMIZ1;SDC2;INSIG1;CITED2;SRI;CDKN1B;ATRX;YTHDC1;NFKB1;APBB2;CDK13;ADGRL2;EFEMP1;TJP1;AKT3;ATP2B1,Kidney,Epithelial cell
21,logFC,p53 Pathway,0.4172255240248554,1.5490365423176868,0.010101010101010102,0.04135740289117449,0.378,15/105,4.14%,PPP1R15A;ATF3;TSPYL2;JUN;FOS;S100A4;BTG2;IER3;ABCC5;TXNIP;PERP;BTG1;DDIT4;CD81;CDKN1A,Kidney,Epithelial cell
22,logFC,IL-6/JAK/STAT3 Signaling,0.5332075124319078,1.511648284193355,0.04807692307692308,0.0516943496728561,0.467,5/25,5.85%,JUN;CD9;TNFRSF12A;IFNGR1;PTPN2,Kidney,Epithelial cell
23,logFC,KRAS Signaling Up,0.4506129440111517,1.5064245116225456,0.02847571189279732,0.05085670974760148,0.482,11/57,6.26%,FGF9;PPP1R15A;TSPAN7;SPARCL1;GADD45G;ST6GAL1;ITGA2;TRIB1;ERO1A;IGFBP3;PSMB8,Kidney,Epithelial cell
24,logFC,IL-2/STAT5 Signaling,0.42167771078295846,1.5048575436575393,0.018612521150592216,0.04886832711085316,0.486,25/85,11.13%,MAFF;MUC1;NFKBIZ;AHNAK;ARL4A;GADD45B;COL6A1;KLF6;CD81;IRF6;PLSCR1;IFITM3;MYO1C;IFNGR1;FGL2;ITGA6;CAPG;CDC42SE2;PHLDA1;ITGAV;PLPP1;XBP1;CD83;DCPS;RHOB,Kidney,Epithelial cell
25,logFC,G2-M Checkpoint,0.4137044373804625,1.498164431333728,0.022452504317789293,0.04969427066765631,0.506,22/88,17.05%,MARCKS;SLC38A1;UBE2S;SRSF2;NASP;MTF2;CDKN1B;ATRX;YTHDC1;TRA2B;NOLC1;SFPQ;JPT1;CBX1;STAG1;KIF5B;SMC1A;SLC12A2;RPA2;AMD1;SRSF10;FOXN3,Kidney,Epithelial cell
26,logFC,Apical Surface,0.5857279214342694,1.4941982148173845,0.056,0.048946988401977275,0.514,5/18,5.90%,ATP6V0A4;RHCG;MAL;GSTM3;GATA3,Kidney,Epithelial cell
27,logFC,Spermatogenesis,0.49183124389638944,1.4922598382041223,0.030245746691871456,0.047078782737779656,0.516,10/35,13.20%,PACRG;HSPA2;ARL4A;TLE4;SPATA6;GSTM3;COIL;STRBP;BRAF;SLC12A2,Kidney,Epithelial cell
28,logFC,Myogenesis,0.435304184059148,1.4710830517509348,0.015517241379310345,0.05242347546404934,0.57,23/61,18.68%,CKMT2;CKB;PVALB;COX7A1;GADD45B;IFRD1;CDKN1A;MYO1C;IGFBP3;MYH9;SPTAN1;TPD52L1;GSN;ITGB1;MEF2A;SYNGR2;CLU;SVIL;IGFBP7;ATP6AP1;APP;BHLHE40;AK1,Kidney,Epithelial cell
29,logFC,UV Response Up,0.411966935824007,1.4515071518919571,0.012477718360071301,0.05857603176286243,0.636,12/84,3.86%,FOSB;ATF3;FOS;BTG3;JUNB;BTG2;HSPA2;DNAJB1;NR4A1;BTG1;TFRC;NFKBIA,Kidney,Epithelial cell
30,logFC,Reactive Oxygen Species Pathway,-0.4477745218490763,-1.4487913506872017,0.037209302325581395,0.05407077374645441,0.46,16/36,17.75%,MGST1;MSRA;GPX3;FTL;TXN;ATOX1;PRNP;GLRX;SOD1;LAMTOR5;GCLM;GCLC;PRDX1;GLRX2;GPX4;CAT,Kidney,Epithelial cell
31,logFC,E2F Targets,0.40210957415524196,1.445303510279643,0.03697183098591549,0.05921464673240731,0.644,23/87,13.96%,TFRC;CDKN1A;UBE2S;PNN;SRSF2;ING3;NASP;HMGB2;CDKN1B;LUC7L3;TRA2B;NOLC1;PRKDC;JPT1;CBX5;STAG1;SMC1A;SLBP;SNRPB;DNMT1;SMC3;RPA2;USP1,Kidney,Epithelial cell
32,logFC,Estrogen Response Late,0.3949905668988181,1.4159473587761193,0.03146853146853147,0.06976311074497904,0.716,20/85,9.46%,FOS;BTG3;CD9;CDH1;PTGER3;SCNN1A;CKB;KRT19;ZFP36;PERP;FLNB;MAPK13;HPRT1;RBBP8;SERPINA5;LSR;TPD52L1;XBP1;HMGCS2;ABHD2,Kidney,Epithelial cell
33,logFC,Unfolded Protein Response,0.3897006787094248,1.384430219757819,0.058519793459552494,0.0826784795611007,0.791,29/77,25.11%,ATF3;TSPYL2;DNAJA4;DDIT4;ERO1A;CEBPB;FUS;SPCS3;XBP1;NOLC1;HSPA5;SLC30A5;KIF5B;EIF4A3;SRPRA;YWHAZ;CNOT2;VEGFA;HYOU1;CNOT6;NOP56;PARN;EXOSC1;HSP90B1;ATF6;CALR;SRPRB;PDIA6;HERPUD1,Kidney,Epithelial cell
34,logFC,Mitotic Spindle,0.3685463358027801,1.3463680177895807,0.047933884297520664,0.10256449096444854,0.87,36/100,27.05%,MARCKS;FLNB;DST;FLNA;CLIP1;AKAP13;RICTOR;MYH9;SPTAN1;SEPTIN9;CDK5RAP2;GSN;KIF5B;SMC1A;PCM1;SMC3;VCL;ARFGEF1;SPTBN1;ROCK1;MAPRE1;MID1IP1;CEP57;TLK1;NCK1;TSC1;FGD4;HOOK3;ARF6;SMC4;EPB41;WASF2;ATG4B;RALBP1;ARHGEF7;DLG1,Kidney,Epithelial cell
35,logFC,Coagulation,-0.37179957168462996,-1.3333537838889016,0.07029478458049887,0.11229096604781866,0.748,17/52,9.15%,APOC3;APOC2;HNF4A;ACOX2;GDA;RGN;PLG;CTSV;PROS1;S100A1;DPP4;SERPINA1;FYN;CTSB;HPN;PROC;LGMN,Kidney,Epithelial cell
36,logFC,Angiogenesis,0.5184653297000814,1.2747027219809055,0.20080321285140562,0.15264528694193885,0.949,8/14,17.06%,S100A4;JAG1;SERPINA5;STC1;ITGAV;PTK2;VEGFA;APP,Kidney,Epithelial cell
37,logFC,Pancreas Beta Cells,-0.5119305862622893,-1.2468897349023247,0.20622568093385213,0.17327743738578952,0.908,3/12,4.39%,SLC2A2;PKLR;DPP4,Kidney,Epithelial cell
38,logFC,Glycolysis,-0.30755500171251365,-1.2190109693584268,0.12534818941504178,0.18643294789699175,0.949,37/105,21.09%,MIOX;ALDOB;AK4;PC;IDH1;SLC25A10;AKR1A1;P4HA2;PLOD1;SLC37A4;GNPDA1;ALDH7A1;NT5E;TXN;CYB5A;GPC4;PDK3;GLRX;SOD1;MPI;GALK2;SDC1;GCLC;LHPP;SLC25A13;GALK1;PKP2;SDHC;MDH1;GLCE;GALE;ALDH9A1;HS2ST1;PGK1;TALDO1;PSMC4;TPI1,Kidney,Epithelial cell
39,logFC,mTORC1 Signaling,0.3126638503814601,1.2084282614402875,0.13614262560777957,0.21255198576797557,0.987,22/143,8.87%,PPP1R15A;IGFBP5;CD9;BTG2;IFRD1;DDIT4;TES;TFRC;PLOD2;CDKN1A;HMGCR;HPRT1;STC1;ERO1A;ACSL3;FGL2;NAMPT;SERPINH1;INSIG1;CYP51A1;DDIT3;XBP1,Kidney,Epithelial cell
40,logFC,Androgen Response,0.3527711976277623,1.2064549195710186,0.1717171717171717,0.20818440216034287,0.987,15/70,9.46%,KRT19;UAP1;TMPRSS2;B2M;HMGCR;ZMIZ1;TNFAIP8;ACSL3;INSIG1;PIAS1;ABCC4;ITGAV;PLPP1;SPCS3;ABHD2,Kidney,Epithelial cell
41,logFC,Estrogen Response Early,0.3310161925543127,1.1776035404471528,0.1849912739965096,0.2335957657371081,0.994,18/81,11.01%,MUC1;FOS;SCNN1A;KRT19;RHOBTB3;ELF3;FLNB;HES1;CLDN7;MINDY1;RBBP8;KAZN;TPD52L1;XBP1;ELF1;ABHD2;MED13L;KLF10,Kidney,Epithelial cell
42,logFC,Protein Secretion,0.32269819494998264,1.1429713229693064,0.24414715719063546,0.271297429817205,0.997,21/81,19.88%,ATP6V1B1;DST;CLCN3;SGMS1;GNAS;PPT1;STAM;ATP6V1H;ATP1A1;STX16;ANP32E;DNM1L;CLN5;AP2B1;RAB5A;ARFGEF1;KRT18;ADAM10;SCAMP1;YIPF6;CD63,Kidney,Epithelial cell
43,logFC,Hedgehog Signaling,0.4205441077857281,0.9804296596694837,0.49002217294900224,0.5266361872922215,1.0,3/11,6.23%,TLE1;ETS2;MYH9,Kidney,Epithelial cell
44,logFC,heme Metabolism,-0.23908989696769417,-0.9720350646151396,0.5456919060052219,0.598286267102778,1.0,33/115,19.93%,FTCD;PC;ACP5;P4HA2;PDZK1IP1;ALDH1L1;ALDH6A1;ALAD;BMP2K;CTSB;OPTN;BNIP3L;ATP6V0A1;SLC6A8;NCOA4;GCLM;GCLC;HAGH;MPP1;BLVRB;HDGF;UROS;ADD1;SELENBP1;UROD;ELL2;FN3K;CAT;DCAF11;ARHGEF12;SLC30A1;FBXO7;PSMD9,Kidney,Epithelial cell
45,logFC,Myc Targets V2,-0.3204932680570576,-0.9631825499756901,0.5230125523012552,0.5692403372184088,1.0,9/27,27.38%,SORD;PES1;PHB;HSPE1;UNG;HSPD1;TFB2M;CDK4;TBRG4,Kidney,Epithelial cell
46,logFC,Complement,0.27956296579095424,0.9570566831715874,0.5229982964224872,0.5575472984231334,1.0,8/71,5.90%,MAFF;CD55;HSPA1A;LGALS3;SERPING1;PLSCR1;CEBPB;GATA3,Kidney,Epithelial cell
47,logFC,DNA Repair,-0.19453118481939152,-0.7670059534421133,0.9369158878504673,0.890588289491869,1.0,41/95,37.10%,POLD3;STX3;GMPR2;SNAPC5;POLR2H;MPC2;RPA3;GPX4;MRPL40;CETN2;NT5C3A;PNP;POLR2E;POLR2C;ADRM1;GTF2H5;GTF2H1;XPC;SEC61A1;ERCC1;POLR2I;APRT;SURF1;VPS28;EDF1;NME1;POLD4;AK3;TK2;POLR2J;MPG;POLR2F;GUK1;POLR1D;TAF9;NELFCD;NUDT9;SUPT4H1;SSRP1;TAF12;TAF13,Kidney,Epithelial cell
48,logFC,Myc Targets V1,0.15635865227416482,0.6207599079720031,0.9983974358974359,1.0,1.0,30/170,23.46%,IFRD1;EXOSC7;SRSF7;HPRT1;SRSF2;UBE2E1;TRA2B;NOLC1;UBA2;RPS2;USP1;RPS3;RNPS1;HNRNPA3;SET;HNRNPR;HNRNPA2B1;HNRNPU;LSM7;IMPDH2;RPL18;SRSF3;PABPC4;NOP56;DEK;LDHA;NAP1L1;LSM2;TARDBP;HSP90AB1,Kidney,Epithelial cell
49,logFC,PI3K/AKT/mTOR  Signaling,0.14952132129015538,0.5053288818158136,1.0,0.996677623440427,1.0,6/60,12.41%,CDKN1A;CDKN1B;ITPR2;DDIT3;CAB39;ACTR3,Kidney,Epithelial cell
0,logFC,Notch Signaling,-0.696460201324175,-1.5777316955513856,0.0419047619047619,0.4533891213389122,0.312,6/9,15.31%,TCF7L2;HES1;ARRB1;RBX1;PSENEN;NOTCH2,Kidney,Mono+mac
1,logFC,KRAS Signaling Dn,0.6918202797196836,1.5441605290517366,0.03898635477582846,0.4846743295019157,0.448,7/9,12.43%,SELENOP;SGK1;NR4A2;IFI44L;SKIL;BTG2;MX1,Kidney,Mono+mac
2,logFC,Allograft Rejection,0.4152952356812959,1.523419419127857,0.013207547169811321,0.28616858237547893,0.498,17/84,6.68%,HLA-DQA1;HLA-DOA;FCGR2B;HLA-DMB;HLA-DRA;CD74;IL18;HLA-DMA;NCF4;LY86;CAPG;NME1;HIF1A;NPM1;BCAT1;IFNGR1;JAK2,Kidney,Mono+mac
3,logFC,Complement,-0.39651729298720784,-1.4760967862014036,0.019823788546255508,0.5494560669456067,0.584,22/71,11.04%,FCN1;LYN;SERPINA1;TIMP1;GNG2;CTSS;LTA4H;S100A9;FCER1G;FYN;DUSP6;CTSL;CEBPB;CD55;MSRB1;APOBEC3G;PPP4C;PSEN1;CASP1;PSMB9;PFN1;WAS,Kidney,Mono+mac
4,logFC,Cholesterol Homeostasis,0.5250091771336682,1.433031226399588,0.08897485493230174,0.3818390804597701,0.736,9/19,18.28%,NIBAN1;CD9;FDFT1;PLSCR1;FABP5;FDPS;CXCL16;ECH1;PNRC1,Kidney,Mono+mac
5,logFC,Myc Targets V2,0.5539550531702376,1.3790621248443518,0.10299625468164794,0.4045977011494253,0.835,6/14,20.69%,TCOF1;DUSP2;NPM1;PA2G4;WDR74;PHB,Kidney,Mono+mac
6,logFC,UV Response Up,-0.3932204606798557,-1.378938907468998,0.0502092050209205,0.6880892608089261,0.805,17/56,19.40%,CDKN1C;GCH1;LYN;BID;CCND3;SULT1A1;HMOX1;STIP1;SOD2;HLA-F;ACAA1;RPN1;RHOB;GRINA;BSG;PRKACA;DNAJA1,Kidney,Mono+mac
7,logFC,IL-2/STAT5 Signaling,-0.391964144859246,-1.367767786095017,0.06581740976645435,0.552092050209205,0.829,18/55,14.78%,CDKN1C;CD79B;RABGAP1L;ANXA4;ARL4A;IFITM3;LTB;TNFRSF1B;CCND3;CD48;NFKBIZ;TNFSF10;CD44;GABARAPL1;PLIN2;RHOB;MXD1;SNX9,Kidney,Mono+mac
8,logFC,TGF-beta Signaling,-0.47703683809281433,-1.3422826101381704,0.11836734693877551,0.5047029288702929,0.876,5/20,10.64%,CDKN1C;XIAP;FKBP1A;PPP1CA;THBS1,Kidney,Mono+mac
9,logFC,IL-6/JAK/STAT3 Signaling,0.40267429276858696,1.2770123696796434,0.12320328542094455,0.5868352490421457,0.957,7/39,6.98%,IL13RA1;CSF2RA;CD9;CXCL3;CD14;IFNGR1;CSF3R,Kidney,Mono+mac
10,logFC,Angiogenesis,-0.6163611041261251,-1.2727547426464065,0.21231422505307856,0.6181868898186891,0.952,2/6,2.58%,S100A4;TIMP1,Kidney,Mono+mac
11,logFC,TNF-alpha Signaling via NF-kB,0.3283934593260055,1.265932000475707,0.08648648648648649,0.5183908045977013,0.963,35/105,18.28%,GPR183;IL18;SGK1;PHLDA1;NR4A3;AREG;CXCL3;KLF9;NR4A2;LITAF;DUSP2;IER3;GADD45B;SLC2A3;CXCL2;PDE4B;CEBPD;CDKN1A;IER2;BTG2;REL;TGIF1;TNFAIP8;MAP3K8;IL1B;FOS;HBEGF;ETS2;EGR1;TRIB1;FOSB;MARCKS;CCL4;B4GALT1;PNRC1,Kidney,Mono+mac
12,logFC,Bile Acid Metabolism,-0.48610708567454736,-1.252936367059927,0.21304347826086956,0.5889539748953975,0.963,4/14,17.36%,SOD1;RXRA;GSTK1;LONP2,Kidney,Mono+mac
13,logFC,Myc Targets V1,0.3171856644960062,1.2521430178833344,0.09357798165137615,0.4815435139573071,0.969,75/141,40.07%,APEX1;NME1;NPM1;C1QBP;STARD7;SRSF7;GLO1;CLNS1A;RPLP0;VBP1;LSM2;CANX;EIF4E;EEF1B2;FBL;EIF2S1;PA2G4;TARDBP;RSL1D1;PSMA1;IMPDH2;COPS5;CNBP;SYNCRIP;RPS3;ILF2;RPL22;HNRNPC;PHB;RPS10;DEK;CCT2;HNRNPA1;BUB3;SERBP1;RPS6;HPRT1;SRSF2;HNRNPD;PSMD1;RPS5;PSMD14;TUFM;HNRNPA3;HNRNPR;YWHAQ;RPS2;HNRNPU;SNRPD1;PHB2;VDAC3;EIF3D;SET;SRM;TRA2B;RACK1;EIF3J;HDGF;RAN;EIF2S2;RPL18;SRSF3;HNRNPA2B1;HSP90AB1;XPO1;PCBP1;HDAC2;EIF1AX;CCT4;RPL6;AP3S1;IFRD1;EIF4H;EIF4A1;RAD23B,Kidney,Mono+mac
14,logFC,Reactive Oxygen Species Pathway,-0.41089159064569797,-1.2391669603400757,0.18786692759295498,0.5544351464435147,0.974,10/26,20.07%,CDKN2D;SOD1;FTL;SOD2;LAMTOR5;EGLN2;G6PD;NDUFB4;LSP1;GLRX,Kidney,Mono+mac
15,logFC,Apical Junction,-0.3826774760368767,-1.2342520101269054,0.15418502202643172,0.5054579265457926,0.974,12/38,15.90%,PECAM1;RRAS;ICAM2;RAC2;VCL;VASP;PFN1;ARPC2;PTPRC;MSN;EVL;ITGB1,Kidney,Mono+mac
16,logFC,UV Response Dn,-0.41175037896912337,-1.23270795033526,0.18162839248434237,0.45772384937238497,0.974,11/26,20.23%,ANXA4;RXRA;FYN;PDLIM5;CDKN1B;NOTCH2;ANXA2;DUSP1;ADD3;SRI;SIPA1L1,Kidney,Mono+mac
17,logFC,Apoptosis,-0.3377964930878026,-1.2325982004772604,0.1349036402569593,0.416538607835679,0.974,20/67,13.59%,GCH1;RARA;IFITM3;TIMP1;BID;SOD1;BIRC3;BCL10;SAT1;TNFSF10;HMOX1;XIAP;SOD2;PSEN1;CASP1;NEDD9;CD44;EREG;CDKN1B;RHOB,Kidney,Mono+mac
18,logFC,Unfolded Protein Response,0.3680962094846647,1.2229792359098104,0.1491395793499044,0.48762452107279697,0.978,10/49,12.30%,HERPUD1;HSPA5;NPM1;HSP90B1;DDIT4;SSR1;PDIA6;TSPYL2;EIF4E;EIF2S1,Kidney,Mono+mac
19,logFC,Hedgehog Signaling,0.6870416003840607,1.2072661306194534,0.2677165354330709,0.4676287782034908,0.988,3/4,20.17%,ETS2;TLE3;DPYSL2,Kidney,Mono+mac
20,logFC,Mitotic Spindle,-0.33950688655239514,-1.1848442863083488,0.19383259911894274,0.48755927475592753,0.994,18/55,21.39%,FLNA;CDC42EP2;PCGF5;SEPTIN9;VCL;SSH2;ARHGAP27;PDLIM5;NEDD9;ARHGAP4;MAPRE1;CDC42;SMC1A;NOTCH2;RALBP1;ACTN4;KIF22;WASF2,Kidney,Mono+mac
21,logFC,Androgen Response,0.36864682131843934,1.1669082308314342,0.21584158415841584,0.5115632183908047,0.998,15/38,22.21%,SELENOP;MAF;SGK1;ELOVL5;RPS6KA3;PIAS1;PA2G4;TNFAIP8;DBI;SLC38A2;B4GALT1;ABHD2;ACSL3;XRCC5;RAB4A,Kidney,Mono+mac
22,logFC,Apical Surface,-0.5177930910594979,-1.1571799301181682,0.3181818181818182,0.5139491470872224,0.998,2/8,4.96%,LYN;ADAM10,Kidney,Mono+mac
23,logFC,Interferon Alpha Response,-0.32921553555549676,-1.1529415250904766,0.23217922606924643,0.48769874476987446,0.998,16/53,17.95%,IFITM2;LY6E;IFITM3;OAS1;IFI30;ISG15;CASP1;PSMB9;CCRL2;CD47;IRF9;GBP2;NUB1;TENT5A;IRF7;NMI,Kidney,Mono+mac
24,logFC,Myogenesis,0.38497086111937623,1.1414328285742366,0.27606177606177607,0.5247509578544062,0.999,10/27,14.31%,GSN;GADD45B;MEF2C;MEF2A;CDKN1A;RB1;ATP6AP1;PRNP;FDPS;HBEGF,Kidney,Mono+mac
25,logFC,mTORC1 Signaling,0.3020658260664737,1.1275133938231807,0.24118738404452691,0.5105938697318008,0.999,15/90,11.14%,NIBAN1;PPA1;CD9;HSPA5;HSP90B1;ARPC5L;ELOVL5;BCAT1;SLC2A3;DDIT4;CCT6A;SSR1;CDKN1A;CANX;BTG2,Kidney,Mono+mac
26,logFC,Estrogen Response Early,-0.36047499331697636,-1.1197130848966705,0.28094302554027506,0.5264937238493724,0.999,4/31,2.74%,HES1;SVIL;RARA;UNC119,Kidney,Mono+mac
27,logFC,Coagulation,-0.3674094828439978,-1.1130330191747893,0.30148619957537154,0.5088912133891214,1.0,7/28,6.05%,PECAM1;CFD;SERPINA1;TIMP1;LTA4H;FYN;DUSP6,Kidney,Mono+mac
28,logFC,Estrogen Response Late,0.34398957533271923,1.1101238464109808,0.30097087378640774,0.5069790745652815,0.999,7/40,6.68%,SGK1;CD9;AREG;DUSP2;ELOVL5;FDFT1;JAK2,Kidney,Mono+mac
29,logFC,p53 Pathway,-0.3071891050309681,-1.104502778215895,0.2698744769874477,0.4972877184346542,1.0,15/64,13.62%,ADA;S100A4;MAPKAPK3;RXRA;CCND3;IFI30;ZBTB16;SAT1;HMOX1;UPP1;NINJ1;CASP1;RPS27L;PLXNB2;MXD1,Kidney,Mono+mac
30,logFC,Spermatogenesis,-0.524449131603039,-1.1018765477348287,0.34674329501915707,0.475583449558345,1.0,2/7,3.37%,ARL4A;TLE4,Kidney,Mono+mac
31,logFC,Xenobiotic Metabolism,0.32142029621869206,1.0793480067907044,0.33271028037383177,0.5394033935413246,0.999,24/47,30.02%,ALDH2;SPINT2;APOE;ELOVL5;BCAT1;PDK4;COMT;ETS2;ECH1;CNDP2;DHRS7;CAT;BLVRB;IRF8;TNFRSF1A;SSR3;ARPP19;NMT1;DDAH2;HPRT1;CD36;TMEM176B;ACO2;DCXR,Kidney,Mono+mac
32,logFC,Epithelial Mesenchymal Transition,0.3454391993167727,1.0694356831451015,0.3603960396039604,0.5247969348659004,0.999,8/30,9.82%,CD59;AREG;CAPG;GADD45B;BASP1;TGFBI;TPM4;CXCL8,Kidney,Mono+mac
33,logFC,Inflammatory Response,0.2987345052924567,1.0609073254728563,0.3391812865497076,0.5086973180076628,0.999,15/70,11.40%,RGS1;GPR183;IL18;AHR;CD14;HIF1A;MSR1;CSF3R;PDE4B;NLRP3;EIF2AK2;CXCL8;CDKN1A;BTG2;IL10RA,Kidney,Mono+mac
34,logFC,Glycolysis,0.30960717032300905,1.0491221481490094,0.3664259927797834,0.501482983998197,0.999,14/49,21.16%,IL13RA1;HSPA5;IER3;SAP30;TGFBI;DDIT4;ZNF292;NASP;PKM;TXN;B4GALT1;COPB2;CXCR4;MDH1,Kidney,Mono+mac
35,logFC,heme Metabolism,-0.2799470057471807,-0.9675112294557068,0.5115303983228512,0.7563884606914776,1.0,13/48,20.96%,SIDT2;CCND3;HAGH;MKRN1;BLVRA;BACH1;PGLS;RIOK3;KLF3;UCP2;BSG;SEC14L1;YPEL5,Kidney,Mono+mac
36,logFC,Interferon Gamma Response,0.24264123339539073,0.9322786942876331,0.6165413533834586,0.6997573435504469,1.0,17/106,12.79%,HLA-DQA1;CIITA;HLA-DRB1;CD74;HLA-DMA;FCGR1A;HIF1A;IFI44L;PLSCR1;JAK2;PDE4B;EIF2AK2;CDKN1A;IL10RA;LAP3;MX1;IFI44,Kidney,Mono+mac
37,logFC,DNA Repair,-0.2435660656771928,-0.8656262619754393,0.7459349593495935,0.9733221757322176,1.0,8/60,11.47%,ADA;POLE4;POLR2F;GTF2H5;POLD4;ADRM1;COX17;RBX1,Kidney,Mono+mac
38,logFC,KRAS Signaling Up,-0.24681256318574282,-0.846713076360237,0.7287784679089027,0.9668619246861924,1.0,17/53,20.43%,PECAM1;RABGAP1L;CTSS;TNFRSF1B;FCER1G;DUSP6;BIRC3;CCL20;EREG;CD37;MAP3K1;ADAM17;MAFB;G0S2;LCP1;GLRX;PLAUR,Kidney,Mono+mac
39,logFC,E2F Targets,-0.23480449178705357,-0.8356875403181251,0.774468085106383,0.9461848611639407,1.0,10/58,13.02%,TMPO;NAP1L1;NBN;JPT1;POLE4;LYAR;NAA38;GSPT1;CDKN1B;PHF5A,Kidney,Mono+mac
40,logFC,G2-M Checkpoint,0.24541627543593125,0.833905882017698,0.7471698113207547,0.8571082879612825,1.0,19/52,28.83%,HIF1A;SAP30;ILF3;FOXN3;ATRX;NASP;SYNCRIP;RAD21;NCL;TLE3;MARCKS;RPA2;CUL5;DR1;MTF2;BUB3;SFPQ;SRSF2;HNRNPD,Kidney,Mono+mac
41,logFC,Wnt-beta Catenin Signaling,-0.43044538033927826,-0.8223309909031237,0.6862348178137652,0.9298017100236493,1.0,3/5,20.79%,NUMB;ADAM17;CTNNB1,Kidney,Mono+mac
42,logFC,Hypoxia,-0.20890501757170007,-0.7653130064163083,0.9046563192904656,0.9838075313807533,1.0,12/68,16.69%,CDKN1C;S100A4;PLAC8;HMOX1;HK1;PLIN2;WSB1;CDKN1B;MAP3K1;ANXA2;PGK1;DUSP1,Kidney,Mono+mac
43,logFC,Pperoxisome,-0.24413815823472962,-0.7629608975682559,0.8166311300639659,0.9476887029288702,1.0,8/29,17.36%,SOD1;BCL10;SOD2;ACAA1;VPS4B;GSTK1;TSPO;LONP2,Kidney,Mono+mac
44,logFC,PI3K/AKT/mTOR  Signaling,0.22238459054654475,0.7464305102956444,0.8673469387755102,0.949624521072797,1.0,15/46,23.60%,ITPR2;HSP90B1;RPS6KA3;CDKN1A;RAC1;EIF4E;AP2M1;MKNK2;CLTC;CXCR4;CAB39;IL2RG;SQSTM1;PRKAR2A;TNFRSF1A,Kidney,Mono+mac
45,logFC,Pancreas Beta Cells,-0.36924836445225895,-0.7261855039901716,0.8174603174603174,0.9562085613131638,1.0,1/5,15.57%,MAFB,Kidney,Mono+mac
46,logFC,Oxidative Phosphorylation,-0.174362789530766,-0.7193101077702986,0.9835680751173709,0.9279528901286224,1.0,42/139,29.82%,POLR2F;TCIRG1;ATP6V1D;ATP6V0C;SDHB;ACAA1;COX17;COX6B1;IDH3G;COX6C;UQCRB;ACAA2;SLC25A6;NDUFB4;COX7A2;COX8A;PRDX3;NDUFS7;ATP6V1G1;TIMM17A;NDUFB3;MPC1;ATP5F1E;COX5B;CYB5A;COX7B;ATP5MG;NDUFA6;COX6A1;BAX;NDUFA5;NDUFC1;GPI;DLD;NDUFB5;NDUFB7;NDUFA2;MDH2;NDUFA1;TIMM8B;NDUFB6;NDUFA4,Kidney,Mono+mac
47,logFC,Protein Secretion,0.214178451557165,0.7087160500123761,0.9078947368421053,0.9451049078635285,1.0,12/43,23.27%,CD63;TMED10;RPS6KA3;PPT1;AP2M1;CLTC;COPB2;GOLGA4;GNAS;STX7;AP2B1;CLTA,Kidney,Mono+mac
48,logFC,Adipogenesis,-0.18620333444158046,-0.6935839066772312,0.9477124183006536,0.9184100418410042,1.0,32/76,34.38%,ARL4A;SOD1;TKT;SULT1A1;SDHB;PLIN2;ATP1B3;REEP5;RIOK3;IDH3G;ACAA2;UCP2;COX8A;PRDX3;TOB1;COX7B;COX6A1;NDUFA5;BAZ2A;DLD;NDUFB7;TANK;CHCHD10;MDH2;G3BP2;NDUFAB1;PFKL;UQCRQ;UQCR11;UQCRC1;UQCR10;RTN3,Kidney,Mono+mac
49,logFC,Fatty Acid Metabolism,0.208561274663711,0.6864337038268213,0.9402985074626866,0.9211111111111111,1.0,18/48,32.30%,YWHAH;APEX1;ELOVL5;OSTC;SUCLG2;PRDX6;ECH1;ACADVL;MDH1;HADHB;GRHPR;XIST;CD36;ACO2;ECHS1;SUCLG1;MIF;SDHD,Kidney,Mono+mac
0,logFC,Myc Targets V1,0.4479785385129235,1.9274228667452165,0.001,0.009227475731738826,0.01,53/118,28.00%,APEX1;DDX21;CCT2;SNRPD1;RANBP1;CCT3;C1QBP;YWHAE;SYNCRIP;PSMA4;NOP56;PHB;SNRPA1;HNRNPD;POLE3;SSB;NDUFAB1;EIF4G2;CCT7;HSP90AB1;HNRNPU;PSMA1;VBP1;EIF4H;SRSF2;RAN;G3BP1;RAD23B;HNRNPA3;CCT5;COX5A;HNRNPA1;PABPC1;HNRNPA2B1;VDAC1;YWHAQ;EIF4E;SRSF3;CCT4;BUB3;EIF4A1;HSPD1;NAP1L1;NPM1;VDAC3;PPIA;ACP1;HNRNPR;HNRNPC;SNRPB2;PTGES3;LSM7;IFRD1,Kidney,NK
1,logFC,G2-M Checkpoint,0.5012417994334981,1.8018508782520153,0.001,0.03045066991473812,0.061,19/43,16.55%,SNRPD1;EWSR1;SYNCRIP;HNRNPD;SFPQ;STMN1;HMGN2;TOP1;NCL;HNRNPU;CTCF;TMPO;MTF2;JPT1;SRSF2;ILF3;G3BP1;RAD23B;SRSF10,Kidney,NK
2,logFC,Androgen Response,-0.5190721894713699,-1.696319105088192,0.013824884792626729,0.17966859907792032,0.145,11/24,21.37%,GNAI3;FKBP5;IDI1;VAPA;B2M;B4GALT1;CCND3;TNFAIP8;ARID5B;SLC38A2;UBE2I,Kidney,NK
3,logFC,Pperoxisome,-0.4998727846379969,-1.5057710902557964,0.04212860310421286,0.4228785319760808,0.538,5/18,10.76%,GSTK1;IDI1;ECH1;PRDX1;VPS4B,Kidney,NK
4,logFC,Pancreas Beta Cells,-0.77669551236607,-1.4948377254879157,0.053418803418803416,0.30602090655954717,0.57,3/4,13.44%,SPCS1;SEC11A;SRP14,Kidney,NK
5,logFC,UV Response Dn,0.4871122985424242,1.4018487267231419,0.0779467680608365,0.5994783400386324,0.822,11/19,34.26%,PRDM2;NIPBL;CDK13;CITED2;SYNE1;PHF3;FYN;ATP2B1;ADD3;NR3C1;YTHDC1,Kidney,NK
6,logFC,KRAS Signaling Up,0.4286580159315807,1.3592046730061393,0.0762081784386617,0.597017679843502,0.907,5/29,11.54%,BIRC3;IRF8;TNFAIP3;PRDM1;CCND2,Kidney,NK
7,logFC,E2F Targets,0.3855065614946837,1.3591396360905892,0.08506944444444445,0.4779832429040712,0.907,13/41,14.79%,RANBP1;PRKDC;SYNCRIP;NOP56;HNRNPD;STMN1;SLBP;CTCF;TMPO;JPT1;SRSF2;ILF3;RAN,Kidney,NK
8,logFC,Myc Targets V2,0.579905952232068,1.353507252006551,0.16122840690978887,0.41077646132457335,0.914,4/9,23.27%,NOP56;PHB;HSPD1;NPM1,Kidney,NK
9,logFC,Inflammatory Response,0.3668098340189081,1.2681971660220044,0.14466546112115733,0.5486393427928141,0.977,18/37,30.37%,LYN;LCP2;SELL;MXD1;EIF2AK2;RIPK2;CD69;BTG2;NFKBIA;RGS1;IL2RB;PTPRE;PTGER4;BST2;IRF1;ATP2B1;IL18RAP;IL10RA,Kidney,NK
10,logFC,Glycolysis,0.36123119853723884,1.2659967764013884,0.14711033274956217,0.4854805669361089,0.979,10/36,15.76%,PKM;STMN1;FKBP4;ENO1;TPI1;IER3;CITED2;ZNF292;HSPA5;MDH2,Kidney,NK
11,logFC,DNA Repair,-0.33044956344199583,-1.2282544056121492,0.16467780429594273,1.0,0.978,15/44,20.40%,SUPT4H1;GTF2A2;POLR2F;RPA2;TAF12;POLD4;POLE4;POLR3GL;BCAP31;APRT;NT5C;VPS28;POLR1D;ZNRD1;DAD1,Kidney,NK
12,logFC,IL-6/JAK/STAT3 Signaling,-0.4153755958483437,-1.2138719585793927,0.2317596566523605,0.9239786369653535,0.981,4/17,8.02%,PIM1;TGFB1;GRB2;IFNGR1,Kidney,NK
13,logFC,PI3K/AKT/mTOR  Signaling,-0.34521648354628776,-1.2023165055710971,0.1976470588235294,0.810517186287488,0.984,7/31,11.22%,DDIT3;PIN1;ARHGDIA;SQSTM1;GRB2;PRKCB;RAC1,Kidney,NK
14,logFC,heme Metabolism,-0.32239809719348655,-1.1592980506250365,0.22146118721461186,0.8396533397674585,0.996,13/37,17.90%,MKRN1;FBXO7;BPGM;RBM5;MGST3;USP15;PGLS;BSG;RBM38;GLRX5;CCND3;CAST;EPB41,Kidney,NK
15,logFC,Mitotic Spindle,-0.31935189183568913,-1.1556296182502745,0.24190064794816415,0.7485278678048113,0.997,17/39,27.82%,ARHGEF3;TUBA4A;RHOF;ARHGDIA;CDC42;DYNC1H1;BIN1;SSH2;KIF5B;EPB41;CSNK1D;WASF2;SEPTIN9;PXN;RFC1;RALBP1;PAFAH1B1,Kidney,NK
16,logFC,Cholesterol Homeostasis,0.45799833042988414,1.1542695363735476,0.286527514231499,0.7196405795674979,1.0,2/10,4.27%,FABP5;MVD,Kidney,NK
17,logFC,Allograft Rejection,0.2827734227073502,1.1368190838654755,0.22822299651567945,0.6978739895914073,1.0,6/73,2.27%,CRTAM;LYN;IL27RA;LCP2;IRF8;ITK,Kidney,NK
18,logFC,Estrogen Response Late,0.3600420278396757,1.1353679665712024,0.30201342281879195,0.6389607513514057,1.0,6/26,12.38%,FABP5;BAG1;FKBP4;AREG;ETFB;DNAJC1,Kidney,NK
19,logFC,TNF-alpha Signaling via NF-kB,0.2854837243391112,1.1080239637322573,0.2747826086956522,0.6526132211272285,1.0,20/62,23.23%,BIRC3;GADD45A;TNFAIP3;MXD1;AREG;NR4A1;RIPK2;IER3;REL;NR4A2;EGR1;TIPARP;CD69;NFAT5;BTG2;NFKBIA;PTPRE;PTGER4;FOSB;IER2,Kidney,NK
20,logFC,Spermatogenesis,-0.46954664007999963,-1.0744471517744776,0.3611111111111111,0.9291398487545838,1.0,3/7,18.59%,TLE4;TALDO1;ARL4A,Kidney,NK
21,logFC,Interferon Gamma Response,0.2686082311493898,1.0624844456031062,0.3504273504273504,0.7150583886272072,1.0,12/71,10.15%,XCL1;LCP2;IRF8;SAMD9L;TNFAIP3;CASP3;PARP14;FGL2;CD38;EIF2AK2;RIPK2;IRF9,Kidney,NK
22,logFC,Hedgehog Signaling,0.6272051996285979,1.0339894919694268,0.481335952848723,0.7324638414772396,1.0,3/3,37.37%,MYH9;ADGRG1;TLE1,Kidney,NK
23,logFC,Epithelial Mesenchymal Transition,0.3442303795802261,1.032497944985234,0.40693430656934304,0.6868317769657599,1.0,3/21,6.58%,GADD45A;TNFAIP3;AREG,Kidney,NK
24,logFC,Bile Acid Metabolism,-0.4133742105974866,-1.0117915443865022,0.4200426439232409,1.0,1.0,2/9,5.29%,GSTK1;IDI1,Kidney,NK
25,logFC,Apoptosis,-0.2585390341181245,-1.005777029749821,0.45614035087719296,0.9739352718309217,1.0,15/53,19.05%,BAX;DDIT3;RHOB;HSPB1;SQSTM1;ISG20;PRF1;IFNGR1;MCL1;BCAP31;ATF3;TXNIP;VDAC2;F2R;CDKN1B,Kidney,NK
26,logFC,Complement,-0.26548103180924415,-0.9958597637339224,0.44221105527638194,0.9253663212671749,1.0,13/45,16.46%,IRF2;GNAI3;RHOG;PIM1;GZMA;HSPA1A;GRB2;EHD1;USP15;GZMB;PLEK;CCL5;WAS,Kidney,NK
27,logFC,p53 Pathway,-0.25447134147386946,-0.9914336959291218,0.4652631578947368,0.8680049580218476,1.0,12/52,15.39%,BAX;DDIT3;TGFB1;MXD4;UPP1;CD81;SLC3A2;ATF3;PITPNC1;TXNIP;S100A4;CCND3,Kidney,NK
28,logFC,Apical Surface,0.4484967581950383,0.9849400459697569,0.4727626459143969,0.7489826708005758,1.0,2/7,5.75%,LYN;CD160,Kidney,NK
29,logFC,Reactive Oxygen Species Pathway,-0.31367923528501107,-0.9839587815163159,0.46153846153846156,0.8238462591865613,1.0,5/21,17.15%,PRDX1;IPCEF1;NDUFS2;FTL;JUNB,Kidney,NK
30,logFC,Interferon Alpha Response,0.2775789309812263,0.9711848824140339,0.493891797556719,0.7352669780125537,1.0,7/38,10.15%,SAMD9L;PARP14;SELL;ELF1;EIF2AK2;RIPK2;IRF9,Kidney,NK
31,logFC,Estrogen Response Early,-0.29943845650073125,-0.9689741584130276,0.49440715883668906,0.8068288674852786,1.0,8/24,18.73%,SYNGR1;FKBP5;XBP1;CLIC3;FCMR;B4GALT1;BCL11B;PRSS23,Kidney,NK
32,logFC,UV Response Up,0.26561879542349354,0.9562394511541187,0.5099818511796733,0.7295344841020845,1.0,8/42,10.85%,LYN;DDX21;CASP3;POLE3;FKBP4;NR4A1;HNRNPU;EIF2S3,Kidney,NK
33,logFC,IL-2/STAT5 Signaling,-0.2471592304423996,-0.9535838849761872,0.5469879518072289,0.7952252704614964,1.0,17/49,24.15%,PIM1;SERPINB6;RHOB;CST7;RHOH;XBP1;PTGER2;IFNGR1;CD81;CDC42SE2;CCND3;ARL4A;EOMES;GPR65;AHNAK;RORA;SLC2A3,Kidney,NK
34,logFC,Notch Signaling,0.5411328634501321,0.9531066391958835,0.5471349353049908,0.6978885592899312,1.0,1/3,10.80%,PSENEN,Kidney,NK
35,logFC,mTORC1 Signaling,0.24228506501276975,0.9363518706483619,0.5836236933797909,0.6951980216292031,1.0,10/62,11.08%,HSPA9;SSR1;ATP6V1D;PSMA4;FGL2;SKAP2;CCT6A;ENO1;PSMD13;TPI1,Kidney,NK
36,logFC,Protein Secretion,-0.2535240161201934,-0.8657802311416994,0.6565420560747663,0.9571799505395804,1.0,9/29,25.31%,RAB14;ADAM10;CLTA;VPS4B;CD63;RAB2A;AP2M1;AP2B1;SOD1,Kidney,NK
37,logFC,Adipogenesis,0.22822108062007143,0.8297259307985695,0.7633851468048359,0.8660205676040025,1.0,7/48,10.89%,TKT;GADD45A;RIOK3;APLP2;NDUFAB1;ETFB;PPM1B,Kidney,NK
38,logFC,Coagulation,-0.30889865219964835,-0.8290066519401206,0.7006237006237006,0.9855601710260039,1.0,4/12,18.73%,CAPN2;RAC1;PLEK;PRSS23,Kidney,NK
39,logFC,Angiogenesis,-0.4618465175149275,-0.7974436168806672,0.7337164750957854,0.9948081963707828,1.0,2/3,15.35%,S100A4;LRPAP1,Kidney,NK
40,logFC,Oxidative Phosphorylation,-0.177275721145823,-0.7932471310529157,0.9189873417721519,0.9510932578627835,1.0,18/107,17.29%,BAX;POLR2F;ATP6V1G1;MGST3;ECH1;TOMM22;UQCR11;MDH1;ETFA;NDUFB8;NDUFS2;NDUFS8;NDUFS7;COX6A1;NDUFA1;VDAC2;SUCLG1;COX5B,Kidney,NK
41,logFC,Fatty Acid Metabolism,0.24126617156168312,0.7923170748979653,0.7926829268292683,0.8920871879016049,1.0,9/31,24.15%,APEX1;GABARAPL1;HSPH1;SERINC1;MDH2;UBE2L6;ACAA2;LGALS1;PRDX6,Kidney,NK
42,logFC,Apical Junction,-0.245647506011127,-0.7887562559317642,0.7852494577006508,0.9136283901427463,1.0,6/24,15.02%,RHOF;TIAL1;CD99;ICAM2;MYL12B;B4GALT1,Kidney,NK
43,logFC,Unfolded Protein Response,0.21257335043229186,0.7371026090270891,0.8772563176895307,0.9299289564607576,1.0,4/40,5.33%,HSPA9;SSR1;NOP56;ATF4,Kidney,NK
44,logFC,Myogenesis,0.2443061504499298,0.6979676476635915,0.875,0.9372808474513712,1.0,7/17,30.64%,BAG1;LPIN1;SPTAN1;MYH9;IFRD1;TPM3;LSP1,Kidney,NK
45,logFC,Hypoxia,-0.1704095425818125,-0.6526973558495238,0.9730941704035875,1.0,1.0,24/47,39.78%,DDIT3;PIM1;ISG20;FOSL2;ATF3;S100A4;CDKN1B;RORA;SLC2A3;BTG1;MT2A;DDIT4;PLAC8;FOS;KLF6;TPST2;JUN;WSB1;UGP2;ANXA2;ZFP36;DUSP1;PNRC1;IDS,Kidney,NK
46,logFC,KRAS Signaling Dn,-0.3024244907848907,-0.6408087002470334,0.9104166666666667,0.9887488811398382,1.0,2/6,16.74%,YPEL1;IFNG,Kidney,NK
47,logFC,TGF-beta Signaling,-0.2395249374065988,-0.6296320127052367,0.9248434237995825,0.95371342493267,1.0,3/12,17.25%,TGFB1;JUNB;FKBP1A,Kidney,NK
48,logFC,Xenobiotic Metabolism,0.17240337545994364,0.5339614600555127,0.9808695652173913,0.9853836784409257,1.0,2/22,6.91%,IRF8;GABARAPL1,Kidney,NK
0,logFC,Allograft Rejection,0.5798485377276034,2.102643572818084,0.001,0.001,0.001,12/74,2.32%,HLA-DQA1;SPI1;ITGB2;HLA-DRA;CD74;PTPRC;INHBA;SRGN;JAK2;CTSS;HLA-DMA;CAPG,Lung,Adventitial cell
1,logFC,Interferon Gamma Response,0.46460918864790374,1.773713406762077,0.001,0.027016209725835502,0.05,20/101,8.66%,HLA-DQA1;IFI30;HLA-DRB1;CD74;PELI1;UPP1;PDE4B;JAK2;HLA-DMA;MYD88;MTHFD2;TNFAIP3;ZNFX1;VAMP8;LYSMD2;TAPBP;OGFR;EIF2AK2;IFIT1;NFKB1,Lung,Adventitial cell
2,logFC,KRAS Signaling Up,0.45431671474938673,1.6643553413664918,0.004709576138147566,0.06704022413448069,0.184,11/77,6.55%,LCP1;ITGB2;FCER1G;LAPTM5;ALDH1A2;INHBA;CTSS;BIRC3;TNFAIP3;ANGPTL4;TRIB1,Lung,Adventitial cell
3,logFC,Complement,0.4023484767606542,1.5232086454717424,0.017214397496087636,0.169601761056634,0.451,25/97,15.48%,FCER1G;C1QA;SERPINA1;APOC1;S100A9;C1QC;JAK2;CTSS;CTSD;TNFAIP3;RHOG;ME1;LTA4H;GNAI2;SERPINE1;DUSP6;USP16;CTSC;USP8;USP15;USP14;CTSH;PSEN1;CDH13;XPNPEP1,Lung,Adventitial cell
4,logFC,Epithelial Mesenchymal Transition,-0.3432689502211555,-1.5098092381722765,0.005263157894736842,0.37666100509541406,0.307,61/141,24.84%,IL6;SERPINE2;SNAI2;PLOD2;PTX3;PMEPA1;SFRP1;NNMT;COL3A1;MGP;NTM;COL6A3;COL1A1;TNFRSF12A;BGN;COL12A1;GAS1;LOXL1;LRP1;PLOD3;LAMA3;LOX;IGFBP4;JUN;COL16A1;TPM2;PCOLCE;ID2;QSOX1;ELN;TIMP1;CCN1;IGFBP3;CDH11;SPOCK1;LAMA2;ABI3BP;FERMT2;SGCB;SERPINH1;FAP;RHOB;COL6A2;TIMP3;GEM;CXCL12;MMP2;FBLN1;MMP14;ITGB5;FBLN5;PPIB;SPARC;FBLN2;WIPF1;COL5A2;COL1A2;ITGAV;FSTL1;LAMC1;CCN2,Lung,Adventitial cell
5,logFC,Angiogenesis,-0.5288827557195522,-1.5010968639087974,0.03815261044176707,0.20531521630532518,0.326,10/17,32.84%,COL3A1;PTK2;TIMP1;NRP1;FGFR1;COL5A2;ITGAV;FSTL1;APP;VCAN,Lung,Adventitial cell
6,logFC,Inflammatory Response,0.40441333492752773,1.4654961791195915,0.0391156462585034,0.20992595557334404,0.601,15/73,11.17%,MSR1;MARCO;INHBA;PDE4B;CXCL8;ATP2B1;ATP2C1;RHOG;TAPBP;EIF2AK2;HRH1;NFKB1;SERPINE1;CD14;HAS2,Lung,Adventitial cell
7,logFC,DNA Repair,-0.35432034000021384,-1.4198698713845013,0.04392764857881137,0.2567689079828155,0.526,24/80,21.06%,GTF2H5;PCNA;NUDT9;POLR2A;POLR2J;POLE4;TK2;DGUOK;IMPDH2;TAF9;RNMT;SUPT4H1;XPC;POLR2I;AK3;POLR2F;SMAD5;NME4;POLR2H;SSRP1;DUT;GMPR2;VPS37B;REV3L,Lung,Adventitial cell
8,logFC,UV Response Up,-0.3519556465315919,-1.4167272298724811,0.02743142144638404,0.1980717354381057,0.533,33/83,23.90%,IL6;SIGMAR1;CXCL2;NR4A1;HLA-F;ICAM1;FOSB;CDKN1C;HYAL2;CDO1;TAP1;PDLIM3;FOS;STIP1;PTPRD;CREG1;JUNB;BTG3;POLR2H;CDKN2B;BTG2;SULT1A1;PDAP1;TARS1;IL6ST;RHOB;EPHX1;ATP6V1C1;MMP14;DNAJB1;GPX3;AGO2;ACAA1,Lung,Adventitial cell
9,logFC,Estrogen Response Late,0.38118680995860094,1.3839528680620874,0.038834951456310676,0.311353478753919,0.825,12/79,5.33%,DUSP2;SERPINA1;AREG;S100A9;JAK2;RAB31;TST;RPS6KA2;NRIP1;FABP5;FKBP4;SGK1,Lung,Adventitial cell
10,logFC,Fatty Acid Metabolism,-0.32765212476308575,-1.3612871498930688,0.026954177897574125,0.23398940953142172,0.664,43/97,28.78%,ACADS;AUH;ACSL4;UBE2L6;ECI2;SDHA;FH;H2AZ1;ALDH1A1;MIF;HADH;PTPRG;SUCLA2;ADSL;HSD17B10;MDH1;HSD17B11;ELOVL5;HSD17B4;G0S2;GABARAPL1;RDH11;OSTC;SMS;EPHX1;SUCLG1;APEX1;ACADVL;LDHA;ETFDH;ACAA1;SDHD;ALDH9A1;DLD;ACADM;ECHS1;ACAA2;CPT1A;GRHPR;PRDX6;ERP29;MAOA;HSP90AA1,Lung,Adventitial cell
11,logFC,Glycolysis,-0.3267716372877506,-1.3474569480468594,0.04032258064516129,0.21597229160422288,0.703,34/89,26.58%,PLOD2;FUT8;ALDH7A1;GNPDA1;EGFR;PAM;MIF;QSOX1;IL13RA1;CHST12;FAM162A;P4HA1;P4HA2;MDH1;AK3;TPST1;IGFBP3;B4GALT1;IER3;GPC3;GALK2;STMN1;NASP;RARS1;TPI1;HSPA5;B3GAT3;LDHA;ALDH9A1;EXT1;DLD;KIF2A;ANG;PPP2CB,Lung,Adventitial cell
12,logFC,Hypoxia,-0.30534786033023825,-1.3151498597064308,0.028169014084507043,0.2307922869417524,0.78,38/117,19.38%,IL6;NFIL3;LXN;CDKN1C;SRPX;ZFP36;F3;MT2A;BGN;CCN5;LOX;EGFR;SELENBP1;PAM;KLF7;FOS;MIF;RORA;JUN;AKAP12;FAM162A;P4HA1;PPP1R15A;PFKL;P4HA2;CCN1;IGFBP3;WSB1;IER3;GPC3;TMEM45A;KLHL24;NAGK;TPI1;FOSL2;MT1E;HSPA5;CAVIN3,Lung,Adventitial cell
13,logFC,Myc Targets V1,-0.27668538834786915,-1.2567554695542635,0.05555555555555555,0.2952342891397742,0.888,71/170,35.70%,USP1;DHX15;PCNA;MYC;PRPF31;H2AZ1;CDK4;IARS1;IMPDH2;PSMD3;HNRNPA1;EIF1AX;AP3S1;GNL3;PABPC4;TFDP1;HDDC2;SNRPA1;YWHAE;XRCC6;SSBP1;SRSF7;UBA2;VBP1;PSMA1;NPM1;DUT;TARDBP;SNRPD3;SRSF3;POLD2;TRA2B;APEX1;UBE2E1;CBX3;RANBP1;MRPS18B;GLO1;RAN;FBL;LDHA;HNRNPC;LSM7;EXOSC7;RPL6;ERH;DDX21;NCBP2;SRM;PRDX3;CCT7;EIF2S1;RPS2;CCT3;EIF4H;RPLP0;HNRNPR;SYNCRIP;BUB3;COPS5;PTGES3;VDAC1;RPS6;SRSF2;SSB;SF3B3;PPIA;U2AF1;POLE3;KPNB1;MRPL9,Lung,Adventitial cell
14,logFC,mTORC1 Signaling,0.3120480433745177,1.2217893430335,0.12149532710280374,0.7084250550330198,0.987,29/123,19.09%,ITGB2;IFI30;GSR;MTHFD2;FADS1;NIBAN1;BCAT1;ACSL3;ME1;LTA4H;NFYC;ACTR3;SKAP2;PGM1;SDF2L1;ACTR2;IFRD1;CTSC;CANX;FADS2;CYB5B;PSMC4;ATP6V1D;GBE1;CD9;FGL2;ACACA;TBK1;TXNRD1,Lung,Adventitial cell
15,logFC,Estrogen Response Early,-0.3013409697734265,-1.2175291217399,0.11405835543766578,0.33203450228128023,0.942,33/80,20.99%,SLC16A1;SYNGR1;GFRA1;DHRS3;AFF1;NXT1;MYOF;MYC;KLF4;CCN5;NPY1R;RHOBTB3;PDLIM3;PRSS23;AR;FOS;IGFBP4;HES1;OLFML3;KLF10;B4GALT1;NCOR2;CLIC3;ELOVL5;SLC19A2;DLC1;RARA;IL6ST;PTGES;WFS1;CXCL12;FDFT1;SLC39A6,Lung,Adventitial cell
16,logFC,TNF-alpha Signaling via NF-kB,-0.2806235781162401,-1.2033804877116616,0.1235632183908046,0.32310920171845336,0.95,46/129,19.68%,IL6;ABCA1;NFIL3;CXCL2;SPSB1;FOSL1;NR4A1;PLK2;PTX3;ICAM1;PMEPA1;FOSB;EGR1;MYC;ZFP36;TAP1;F3;IER2;KLF4;CEBPD;IL15RA;FOS;HES1;JUN;SOCS3;ID2;PPP1R15A;KLF10;GFPT2;DNAJB4;CCN1;B4GALT1;DRAM1;IER3;JUNB;BTG3;CEBPB;BTG2;TUBB2A;IL6ST;G0S2;NAMPT;FOSL2;RHOB;CSF1;GEM,Lung,Adventitial cell
17,logFC,Cholesterol Homeostasis,0.3688907294512658,1.186576667611207,0.21901528013582344,0.7430708425055033,0.993,12/40,17.81%,ALCAM;NIBAN1;FABP5;GNAI1;CXCL16;CTNNB1;ATXN2;ETHE1;ACAT2;FADS2;SEMA3B;CD9,Lung,Adventitial cell
18,logFC,PI3K/AKT/mTOR  Signaling,-0.30456798282671976,-1.1709638866040475,0.20347394540942929,0.3509568660932433,0.972,14/56,15.55%,STAT2;AKT1S1;UBE2N;RAF1;CDK4;THEM4;EGFR;PRKAG1;NCK1;TNFRSF1A;ATF1;ARF1;RPS6KA3;CAB39L,Lung,Adventitial cell
19,logFC,E2F Targets,-0.28456551680492836,-1.138147745600606,0.22531645569620254,0.3814899923402271,0.989,25/77,23.22%,USP1;WEE1;PCNA;CDC25B;MYC;POLE4;H2AZ1;CDK4;SMC3;EXOSC8;RAD21;PHF5A;NUP153;STMN1;NASP;XRCC6;SSRP1;LUC7L3;DUT;POLD2;TRA2B;STAG1;RANBP1;RAN;PSIP1,Lung,Adventitial cell
20,logFC,Oxidative Phosphorylation,-0.2386071949750553,-1.089044334653625,0.22522522522522523,0.45113244234035516,0.998,58/175,30.07%,PMPCA;MRPS22;SDHA;FH;MRPS30;NDUFB3;HADHA;IDH3A;TIMM17A;SUCLA2;HSD17B10;NDUFV2;MDH1;PDK4;MRPL11;NDUFS1;UQCRQ;POLR2F;OAT;UQCRFS1;ALDH6A1;NDUFS6;MRPS15;BDH2;NDUFS4;SUCLG1;ATP6V1C1;ATP6V1E1;ETFA;ACADVL;LDHA;ETFDH;ACAA1;SDHD;AFG3L2;NDUFA9;NDUFB1;SLC25A4;DLD;ACADM;TOMM22;OXA1L;ATP5F1D;OGDH;NDUFV1;ECHS1;ACAA2;NDUFA6;CPT1A;NDUFS2;PRDX3;HTRA2;ATP5F1C;ATP5MF;UQCR11;NDUFB4;ATP6V1H;ISCU,Lung,Adventitial cell
21,logFC,Mitotic Spindle,0.2802923032684142,1.0829241506906562,0.32653061224489793,1.0,1.0,28/106,19.78%,EZR;MYH9;MID1;ARHGEF7;FGD4;ROCK1;CCDC88A;PPP4R2;MAP1S;LRPPRC;RASA1;KIF22;SMC1A;DLG1;CDC42EP4;APC;FLNB;STK38L;CLASP1;ARF6;NIN;NET1;ARFGEF1;AKAP13;RICTOR;PKD2;ARHGEF2;TUBGCP2,Lung,Adventitial cell
22,logFC,IL-2/STAT5 Signaling,0.28544678950841995,1.0780581830243285,0.32532051282051283,0.996397838703222,1.0,11/95,6.24%,IL3RA;CD83;SYNGR2;ALCAM;CAPG;CDC42SE2;CTSZ;GLIPR2;HIPK2;ODC1;PTRH2,Lung,Adventitial cell
23,logFC,Interferon Alpha Response,0.3176830791899256,1.0555265720032911,0.3627287853577371,0.9961431404297125,1.0,5/49,7.62%,IFI30;CD74;OAS1;OGFR;EIF2AK2,Lung,Adventitial cell
24,logFC,G2-M Checkpoint,-0.2539901148256949,-1.0348605408954057,0.3732193732193732,0.5477213365114255,1.0,22/86,20.55%,MEIS2;NUMA1;CDC25B;MYC;MT2A;H2AZ1;CDK4;PML;CBX1;DMD;MEIS1;TOP1;KATNA1;MAPK14;TFDP1;RAD21;STMN1;NASP;HSPA8;TRA2B;STAG1;PURA,Lung,Adventitial cell
25,logFC,Adipogenesis,0.2537549352583631,1.0226012600823566,0.40532544378698226,1.0,1.0,18/141,11.05%,FABP4;APOE;CHCHD10;TST;RREB1;UBQLN1;PFKFB3;MAP4K3;ANGPTL4;ME1;LIFR;ATL2;GRPEL1;PPM1B;SLC25A1;PGM1;PIM3;MGLL,Lung,Adventitial cell
26,logFC,Androgen Response,-0.27026526723105265,-1.013708247193284,0.4482758620689655,0.5658906983714657,1.0,18/60,25.03%,STEAP4;ADAMTS1;PMEPA1;ALDH1A3;SEC24D;AKAP12;PLPP1;B4GALT1;RPS6KA3;ELOVL5;XRCC6;ELL2;APPBP2;SMS;SELENOP;ITGAV;ARID5B;CCND1,Lung,Adventitial cell
27,logFC,Myc Targets V2,0.35868068720502455,0.9982780794343296,0.4570383912248629,1.0,1.0,6/21,14.40%,DUSP2;NOP56;WDR74;DCTPP1;MPHOSPH10;NDUFAF4,Lung,Adventitial cell
28,logFC,Apical Junction,-0.2289192659387187,-0.9588085017698352,0.5328083989501312,0.6695848736137475,1.0,19/86,16.35%,CLDN11;CNN2;ICAM1;SGCE;PARVA;LAMA3;EGFR;MDK;HADH;PTK2;COL16A1;TSPAN4;SHC1;MAPK14;B4GALT1;CERCAM;CDH11;NF1;TJP1,Lung,Adventitial cell
29,logFC,Apical Surface,-0.34688852133945197,-0.9585770547726898,0.482897384305835,0.6307852344654518,1.0,4/14,13.63%,SRPX;GAS1;B4GALT1;SULF2,Lung,Adventitial cell
30,logFC,Bile Acid Metabolism,0.29795854570993713,0.955838840436188,0.5263157894736842,1.0,1.0,9/39,13.82%,ACSL1;NPC1;FADS1;EFHC1;HSD3B7;LONP2;ABCD3;IDH2;FADS2,Lung,Adventitial cell
31,logFC,Xenobiotic Metabolism,0.24914590432462694,0.95431048666096,0.5316455696202531,1.0,1.0,14/96,13.54%,UPP1;APOE;SPINT2;FBP1;GSR;NPC1;MARCHF6;BCAT1;ASL;SERPINE1;CES1;ARPP19;NDRG2;HMOX1,Lung,Adventitial cell
32,logFC,Myogenesis,-0.23384449591141662,-0.9536372592008545,0.5360576923076923,0.6092294712536495,1.0,31/82,26.74%,IGF1;COL3A1;CRYAB;COL6A3;MYL6B;COL1A1;MYO1C;PRNP;DMD;TPM2;DENND2B;CNN3;IGFBP3;BIN1;LAMA2;APOD;AEBP1;WWTR1;FHL1;COL6A2;CFD;HSPB2;ITGB5;IGFBP7;SPARC;GPX3;FXYD1;CLU;GABARAPL2;AK1;TAGLN,Lung,Adventitial cell
33,logFC,Notch Signaling,0.380127383131322,0.948477639665095,0.5305343511450382,1.0,1.0,5/14,21.61%,WNT2;FBXW11;CUL1;TCF7L2;NOTCH2,Lung,Adventitial cell
34,logFC,TGF-beta Signaling,0.28391884943602663,0.9268439486796669,0.5657657657657658,1.0,1.0,10/42,11.36%,RAB31;HIPK2;SLC20A1;BMPR1A;CTNNB1;APC;SERPINE1;PPM1A;CDK9;SMURF1,Lung,Adventitial cell
35,logFC,p53 Pathway,0.22939401339785292,0.8905981779989689,0.6576862123613312,1.0,1.0,26/103,22.22%,IFI30;UPP1;CTSD;KIF13B;MDM2;SESN1;VAMP8;CDKN2AIP;PERP;BAX;FUCA1;HMOX1;TSPYL2;GADD45A;HEXIM1;CDH13;TOB1;NINJ1;TCN2;RB1;CCND2;PHLDA3;IP6K2;HINT1;CCNK;TGFB1,Lung,Adventitial cell
36,logFC,Coagulation,0.24813507987646322,0.8887117498939952,0.6363636363636364,1.0,1.0,3/66,0.58%,C1QA;SERPINA1;APOC1,Lung,Adventitial cell
37,logFC,IL-6/JAK/STAT3 Signaling,0.27034517287660464,0.8883058924299193,0.6159052453468697,0.9796377826696019,1.0,3/44,1.80%,IL3RA;CXCL3;MYD88,Lung,Adventitial cell
38,logFC,KRAS Signaling Dn,0.3118351671018745,0.87934172258585,0.6256983240223464,0.9579557258164423,1.0,5/19,8.52%,IGFBP2;CAMK1D;SGK1;TCF7L1;THRB,Lung,Adventitial cell
39,logFC,Protein Secretion,-0.21418592146474352,-0.8477336715498851,0.7677261613691931,0.8037503089324871,1.0,19/79,18.42%,ABCA1;USO1;TSPAN8;SNX2;EGFR;PAM;BET1;SEC24D;ATP1A1;AP3S1;ARF1;RAB9A;SNAP23;RPS6KA3;GBF1;LAMP2;STAM;BNIP3;NAPA,Lung,Adventitial cell
40,logFC,Reactive Oxygen Species Pathway,0.26661690345812894,0.8252943975276561,0.707635009310987,1.0,1.0,4/35,7.86%,OXSR1;GSR;ABCC1;HMOX2,Lung,Adventitial cell
41,logFC,Hedgehog Signaling,0.3264667701822418,0.8037648147996536,0.681640625,1.0,1.0,2/13,6.41%,MYH9;RASA1,Lung,Adventitial cell
42,logFC,Apoptosis,0.20857110667369783,0.8001719463133636,0.8492935635792779,1.0,1.0,16/101,14.96%,KRT18;BIRC3;GSR;DNM1L;SLC20A1;ROCK1;CFLAR;BAX;CTNNB1;CD14;TSPO;ENO2;HMOX1;PPT1;GADD45A;PSEN1,Lung,Adventitial cell
43,logFC,Pperoxisome,0.23459504129339048,0.7870954843509919,0.8053244592346089,0.9975585351210726,1.0,13/52,17.97%,ACSL1;FADS1;IDE;HSD3B7;LONP2;PEX11B;ABCD3;TSPO;IDH2;PEX2;SMARCC1;SIAH1;YWHAH,Lung,Adventitial cell
44,logFC,Pancreas Beta Cells,-0.30405169402724413,-0.7614995036246333,0.784,0.8966430212808473,1.0,11/11,69.67%,SRPRB;STXBP1;SPCS1;SRP14;SRP9;SEC11A;ELP4;FOXO1;PAK3;AKT3;MAFB,Lung,Adventitial cell
45,logFC,Spermatogenesis,0.27762424441180467,0.7324275675840626,0.7977315689981096,1.0,1.0,5/17,19.61%,IDE;IFT88;AGFG1;PRKAR2A;MLLT10,Lung,Adventitial cell
46,logFC,Wnt-beta Catenin Signaling,0.29721116966367866,0.7280956790970257,0.7810650887573964,1.0,1.0,5/13,19.56%,GNAI1;CTNNB1;RBPJ;CUL1;CCND2,Lung,Adventitial cell
47,logFC,heme Metabolism,0.18935871527829992,0.707861815388509,0.9437299035369775,0.9899153777981073,1.0,9/90,11.94%,ACP5;ACKR1;NNT;EIF2AK1;BACH1;NARF;UBAC1;SEC14L1;NCOA4,Lung,Adventitial cell
48,logFC,UV Response Dn,0.18848719044731413,0.7057153052676081,0.9602543720190779,0.9575745447268361,1.0,24/94,22.21%,SIPA1L1;RUNX1;ABCC1;ATP2B1;ATP2C1;DLG1;BMPR1A;NFKB1;SERPINE1;PTEN;MGLL;HAS2;MRPS31;ATRX;PTPRM;SMAD3;LPAR1;RBPMS;ATXN1;MAP2K5;CDK13;MAGI2;NOTCH2;AGGF1,Lung,Adventitial cell
49,logFC,Unfolded Protein Response,0.18622723857196408,0.6806275168996353,0.9771615008156607,0.9470348875992262,1.0,13/77,14.17%,MTHFD2;DCP2;CEBPG;SDAD1;NOP56;IFIT1;DDX10;EIF4EBP1;EIF4G1;GOSR2;IMP3;SEC31A;TSPYL2,Lung,Adventitial cell
0,logFC,Allograft Rejection,0.6579085619148751,2.2464409105469225,0.001,0.001,0.001,44/144,9.99%,GZMB;IFNG;GZMA;PRF1;CCL4;CD247;CCL5;INHBA;IRF8;ITGAL;GPR65;PTPRC;BCAT1;STAT4;SRGN;TNF;CD3D;NLRP3;ITK;CD96;PRKCB;CD7;IL16;ITGB2;CD3G;IL2RG;FGR;IGSF6;NCF4;HDAC9;FYB1;HLA-DQA1;CD2;LIF;KLRD1;LCP2;BRCA1;WARS1;STAB1;TAP2;IL15;JAK2;CD86;HCLS1,Lung,Basal cell
1,logFC,Epithelial Mesenchymal Transition,0.6288007517607426,2.1542252221246025,0.001,0.001,0.001,55/164,9.13%,NTM;LAMA2;COL1A2;INHBA;COL3A1;SFRP4;COL6A3;COL4A1;DAB2;COL1A1;COL4A2;ITGA5;BGN;SPARC;SLIT3;ENO2;SERPINE1;FBLN2;VIM;COL5A2;PMP22;POSTN;TNC;FN1;FBN1;MMP2;GLIPR1;PLAUR;SGCD;TGFBR3;COL5A1;PCOLCE;WIPF1;TIMP3;IL32;LGALS1;FSTL3;ANPEP;DCN;COL6A2;MGP;MSX1;CALD1;MYLK;WNT5A;MATN2;EMP3;ECM2;VCAN;AREG;FSTL1;THBS1;CDH11;IL15;TGM2,Lung,Basal cell
2,logFC,G2-M Checkpoint,0.6196099758370888,2.1386284101771933,0.001,0.001,0.001,58/183,14.57%,KIF4A;CENPE;CDC20;TTK;CCNB2;CCNA2;E2F1;AURKA;TPX2;BRCA2;MKI67;NDC80;KNL1;CENPF;CDKN3;PLK1;KIF23;CDC6;MAD2L1;CENPA;TOP2A;KIF11;E2F3;SLC7A5;STIL;PRC1;BIRC5;TACC3;PLK4;HMMR;PBK;CDK1;NEK2;UBE2C;NUSAP1;PTTG1;KIF20B;SMC4;MCM5;ORC6;CHAF1A;CDC25B;RACGAP1;DDX39A;CCNF;PRIM2;RASAL2;SQLE;RBL1;POLA2;DTYMK;SMC2;MEIS1;MAP3K20;MCM2;LMNB1;RPA2;STMN1,Lung,Basal cell
3,logFC,E2F Targets,0.6065156216506156,2.104918959812736,0.001,0.001,0.001,63/183,17.05%,KIF4A;CENPE;MELK;CDC20;CCNB2;ASF1B;DIAPH3;AURKA;BRCA2;RRM2;TK1;MKI67;CDKN3;CENPM;PLK1;MAD2L1;DLGAP5;TOP2A;SPC25;CDCA8;BIRC5;TACC3;PLK4;HMMR;TCF19;CDK1;BRCA1;PTTG1;DNMT1;SMC4;MCM5;ORC6;PSMC3IP;RAD51AP1;CDC25B;RACGAP1;DDX39A;UBE2T;HMGB2;NCAPD2;PRIM2;RFC3;DONSON;POLA2;RPA1;CCNE1;MRE11;UNG;ATAD2;MCM2;LMNB1;LIG1;RPA2;RFC2;GINS4;STMN1;SPC24;TUBG1;KPNA2;PCNA;MCM7;MLH1;PAN2,Lung,Basal cell
4,logFC,KRAS Signaling Up,0.5908493104368645,2.0217338038994663,0.001,0.001,0.001,50/154,11.18%,ABCB1;ADGRL4;CPE;INHBA;IRF8;IL10RA;DOCK2;GPNMB;PECAM1;IL7R;IKZF1;CD37;PCSK1N;SPARCL1;CXCR4;ENG;CSF2RA;TNFRSF1B;GNG11;EPB41L3;FCER1G;LY96;ITGB2;SPON1;IL2RG;PLAUR;TMEM176B;LCP1;CLEC4A;HDAC9;TMEM176A;TSPAN7;LAPTM5;LIF;PIGR;GFPT2;NGF;NRP1;TMEM100;PRDM1;APOD;AKAP12;GYPC;PTCD2;MTMR10;CAB39L;ST6GAL1;SCN1B;EPHB2;IL1B,Lung,Basal cell
5,logFC,Complement,0.570148664810156,1.948494231573705,0.001,0.001,0.002,43/160,12.92%,GZMB;GZMA;CCL5;SPOCK2;ZEB1;DOCK10;PIK3R5;COL4A2;GNG2;FYN;SERPINE1;FCER1G;KYNU;GNB4;FN1;PHEX;FCN1;C1QC;PLAUR;RASGRP1;DOCK4;SH2B3;LCP2;CDH13;LTF;TIMP2;APOC1;PLEK;F8;C1QA;S100A9;PDGFB;PRCP;JAK2;CTSL;VCPIP1;C4BPB;PLA2G4A;CASP9;ITGAM;DUSP5;CD36;PSMB9,Lung,Basal cell
6,logFC,Inflammatory Response,0.5538397410210735,1.872920715002952,0.001,0.0011472762811251805,0.009,37/152,8.24%,MSR1;CCL5;TACR1;CD69;INHBA;IL10RA;IL7R;KCNMB2;CALCRL;PIK3R5;ITGA5;GPR183;RGS1;NLRP3;TNFRSF1B;TNFAIP6;SERPINE1;IL18R1;SPHK1;PLAUR;CD48;RASGRP1;SCARF1;PTGER4;LIF;CYBB;LCP2;IL15RA;FPR1;ABCA1;STAB1;SEMA4D;PDE4B;GPR132;CD14;CSF3R;EMP3,Lung,Basal cell
7,logFC,Mitotic Spindle,0.5196484166694291,1.7902566857684452,0.001,0.0021192742415229032,0.019,50/192,16.26%,KIF4A;CENPE;DOCK2;TTK;CCNB2;PREX1;AURKA;TPX2;BRCA2;NDC80;CENPF;SHROOM1;PLK1;KIF23;DLGAP5;ANLN;TOP2A;KIF11;DOCK4;PRC1;BIRC5;CDK1;ECT2;NEK2;CCDC88A;NUSAP1;KATNB1;KIF20B;SMC4;RACGAP1;FSCN1;CEP192;ARHGAP4;RASAL2;GSN;SSH2;PKD2;CKAP5;SORBS2;AKAP13;ARHGEF2;LMNB1;MAP3K11;KIF3C;CDK5RAP2;CEP72;MYO9B;CNTRL;ALMS1;SPTAN1,Lung,Basal cell
8,logFC,Interferon Gamma Response,0.5027453405552919,1.7358013892787305,0.001,0.004362482649216736,0.042,56/175,18.02%,GZMA;CCL5;CD69;IRF8;IL10RA;STAT4;KLRK1;TNFAIP6;MARCHF1;DDX60;IFI27;IFI30;IFIT2;HLA-DQA1;LCP2;IL15RA;FPR1;CIITA;NLRC5;WARS1;IFIH1;SAMHD1;PDE4B;HLA-DRB1;TNFAIP2;IL15;GBP4;JAK2;CD86;CMPK2;MX2;PLA2G4A;IFIT1;CASP8;IFI44;NUP93;PSMB9;IL2RB;BPGM;NOD1;TAP1;TRIM25;IRF7;SOCS1;CD38;APOL6;CD74;CFB;PNP;XAF1;HLA-B;ZNFX1;NCOA3;TXNIP;SECTM1;IFI44L,Lung,Basal cell
9,logFC,Spermatogenesis,0.5424062929513687,1.6947158713203974,0.0036407766990291263,0.006067816775728733,0.064,17/67,15.11%,TTK;CCNB2;PCSK1N;AURKA;DMC1;CDKN3;NCAPH;CDK1;NEK2;POMC;CAMK4;SHE;TULP2;LDHC;RFC4;NPHP1;CLPB,Lung,Basal cell
10,logFC,Oxidative Phosphorylation,-0.3515216985169268,-1.6697519886685999,0.001,0.03145853193517636,0.018,118/199,40.64%,GOT2;PMPCA;SDHB;CYB5A;PHB2;LDHB;ATP6AP1;ATP1B1;SLC25A11;ATP5F1D;MTRF1;NDUFA5;COX5B;COX7C;ACADSB;SLC25A12;GLUD1;GRPEL1;ECH1;ABCB7;SDHD;MTRR;NDUFB7;ATP5PB;ECI1;ATP5PD;VDAC2;TIMM13;CYC1;COX7A2L;PDHA1;NDUFA6;ATP6V0E1;PDHB;BDH2;ISCA1;GPI;COX6A1;SLC25A6;ATP5F1B;ATP6V1E1;MRPL35;NDUFB1;ECHS1;NDUFA8;UQCR11;NDUFS6;UQCR10;RHOT1;COX6C;NDUFV2;ATP5ME;UQCRB;VDAC1;NDUFB3;TOMM22;ATP5MC3;UQCRH;COX7B;UQCRC2;OAT;ATP6V1F;TIMM8B;SLC25A5;NDUFB4;ATP5MC2;NDUFC1;ATP5PO;NDUFA2;COX7A2;COX5A;PDHX;OXA1L;ATP5F1A;UQCRC1;ATP6V1G1;ISCU;ATP5F1C;NDUFA1;COX4I1;NDUFB6;NDUFA7;GPX4;NDUFA4;POLR2F;IDH3B;ATP5MG;LDHA;COX6B1;MRPS11;HSD17B10;NDUFAB1;DLD;NDUFS7;BCKDHA;NDUFA3;NDUFA9;UQCRQ;NDUFB8;OPA1;MTX2;ATP5MC1;ATP5PF;MRPL34;PHYH;MRPS12;MRPS30;NDUFS3;IMMT;MDH2;NDUFS2;CYCS;COX11;COX8A;FXN;TIMM17A;ETFB;MRPS15,Lung,Basal cell
11,logFC,Angiogenesis,0.620109428161568,1.6653100370860454,0.015691868758915834,0.0076253312422259484,0.087,10/26,8.83%,COL3A1;SLCO2A1;COL5A2;POSTN;S100A4;NRP1;FGFR1;MSX1;VCAN;FSTL1,Lung,Basal cell
12,logFC,Coagulation,0.5153750044406339,1.6603761499737157,0.0023094688221709007,0.007510410469958357,0.094,23/92,10.23%,VWF;PECAM1;SPARC;FYN;SERPINE1;CTSE;A2M;CFD;FN1;FBN1;MMP2;CTSK;TIMP3;P2RY1;APOC1;PLEK;F8;C1QA;THBS1;PROS1;PDGFB;KLF7;GSN,Lung,Basal cell
13,logFC,IL-6/JAK/STAT3 Signaling,0.5085769621217455,1.5999268768031794,0.011042944785276074,0.014208575481627237,0.184,20/70,15.63%,HMOX1;PIK3R5;TNF;CSF2RA;TNFRSF1B;IL18R1;A2M;IL2RG;ACVRL1;ITGA4;IL15RA;CD14;CSF3R;IL1B;IL3RA;CD36;IL17RB;MAP3K8;SOCS1;CD38,Lung,Basal cell
14,logFC,IL-2/STAT5 Signaling,0.47008354811496994,1.5960601701528554,0.002197802197802198,0.013767315373502167,0.192,47/163,18.76%,ABCB1;CST7;IRF8;SLC2A3;IL10RA;AGER;GPR65;RHOH;TNFRSF1B;ST3GAL4;IL18R1;PENK;CDC6;SLC39A8;CD48;MAP6;LIF;LRRC8C;NRP1;PHLDA1;CD83;BATF;SHE;TGM2;PLAGL1;GBP4;CD86;RRAGD;PDCD2L;BCL2;CCNE1;COL6A1;IL3RA;IL2RB;SH3BGRL2;MAP3K8;SOCS1;P2RX4;DCPS;GLIPR2;PNP;NCOA3;NDRG1;SMPDL3A;CAPG;SNX9;TRAF1,Lung,Basal cell
15,logFC,UV Response Dn,0.47092119011125255,1.5665592724862258,0.004324324324324324,0.017192147531231407,0.245,32/138,13.33%,COL1A2;COL3A1;GRK5;DAB2;COL1A1;FYN;SERPINE1;MAP1B;KALRN;COL5A2;AMPH;PMP22;PRKAR2B;TGFBR3;PTGFR;NRP1;INSIG1;SDC2;PPARG;DLC1;PLCB4;PIK3CD;LTBP1;ADGRL2;AKT3;IGFBP5;PTPN21;PDGFRB;FBLN5;ARHGEF9;CELF2;WDR37,Lung,Basal cell
16,logFC,Apical Surface,0.5670031860399952,1.5270019285010898,0.03089887640449438,0.0238139500297442,0.345,11/30,19.91%,SRPX;IL2RG;PLAUR;NTNG1;BRCA1;AFAP1L2;SULF2;IL2RB;ADIPOR2;EPHB4;GSTM3,Lung,Basal cell
17,logFC,Myogenesis,0.4473141019040597,1.5008566956329639,0.005512679162072767,0.030601532701123278,0.429,36/136,16.26%,LAMA2;COL3A1;COL6A3;COL1A1;COL4A2;SPARC;CFD;SPHK1;DTNA;SGCD;MEF2C;COX7A1;CDH13;TNNC1;HSPB8;BDKRB2;AK1;COL6A2;ITGA7;MYLK;GPX3;APOD;ACSL1;GSN;LSP1;SORBS1;ATP2A1;TNNT3;CD36;TAGLN;CHRNB1;VIPR1;MRAS;NQO1;PTP4A3;SPTAN1,Lung,Basal cell
18,logFC,Estrogen Response Late,0.43421637043997746,1.485544423612955,0.00964630225080386,0.03440412452905017,0.494,33/165,9.67%,CXCL14;CPE;CDC20;PGR;OLFM1;PAPSS2;PDLIM3;CLIC3;CDC6;TOP2A;SLC7A5;GLA;PRKAR2B;STIL;PLK4;CA12;LTF;TNNC1;HSPB8;SLC24A3;TFF3;CACNA2D2;WFS1;PTGES;BATF;ALDH3B1;S100A9;SNX10;DNAJC12;AREG;FKBP5;JAK2;SLC16A1,Lung,Basal cell
19,logFC,TNF-alpha Signaling via NF-kB,0.428047508744658,1.4830689573768796,0.0053705692803437165,0.03334481355083128,0.498,33/188,9.40%,CCL4;CCL5;CD69;INHBA;SLC2A3;IL7R;GPR183;TNF;TNFAIP6;SERPINE1;KYNU;TNC;SPHK1;PLAUR;KLF2;BCL2A1;FUT4;PTGER4;IFIT2;LIF;GFPT2;IL15RA;ABCA1;PHLDA1;IFIH1;IL23A;RCAN1;PDE4B;PLEK;TNFAIP2;CD83;AREG;NR4A3,Lung,Basal cell
20,logFC,PI3K/AKT/mTOR  Signaling,0.4394797798768587,1.4318535166594726,0.02453271028037383,0.050416418798334334,0.661,17/97,14.13%,E2F1;CXCR4;GNA14;PRKCB;PLCB1;IL2RG;SLA;NGF;CDK1;VAV3;CAMK4;CAB39L;RALB;MAP2K6;TRIB3;PLCG1;NOD1,Lung,Basal cell
21,logFC,Apoptosis,0.421995083236338,1.4289100958962888,0.0208105147864184,0.04950284694484575,0.671,33/145,16.27%,HMOX1;PRF1;CD69;TNF;BGN;ENO2;MMP2;TOP2A;TGFBR3;CD2;TIMP3;BRCA1;TIMP2;DCN;LEF1;GPX3;CD14;CDC25B;HMGB2;GSN;IL1B;CASP8;LUM;PDGFRB;CASP9;CTH;TAP1;CYLD;RNASEL;CD38;PPP2R5B;SPTAN1;TIMP1,Lung,Basal cell
22,logFC,Apical Junction,0.3904531925450086,1.3307868909444647,0.05246252676659529,0.1162863014439457,0.926,52/160,24.16%,CLDN18;VWF;PTPRC;PECAM1;SKAP2;CD34;CLDN5;SDC3;FBN1;MMP2;ARHGEF6;FYB1;CLDN15;RAC2;SIRPA;INSIG1;EVL;VCAN;CDH11;FSCN1;CD86;NECTIN4;AKT3;MAPK11;ICAM2;TGFBI;MAP3K20;PLCG1;TUBG1;NECTIN3;SLIT2;RRAS;NLGN3;CDH4;CDK8;TRAF1;LAMC2;MSN;ITGA10;PTEN;MYH10;PKD1;NF2;GNAI1;PIK3R3;RHOF;PCDH1;NEGR1;ICAM1;YWHAH;MAPK14;VAV2,Lung,Basal cell
23,logFC,Xenobiotic Metabolism,0.391557246878723,1.322755499070749,0.05366922234392114,0.11860176396037556,0.937,21/155,8.87%,HMOX1;ESR1;IRF8;BCAT1;PTGDS;APOE;PAPSS2;SERPINE1;KYNU;MPP2;HES6;TMEM176B;MAN1A1;PDK4;AOX1;ABHD6;SLC35D1;TTPA;PTGES;GSTT2;PROS1,Lung,Basal cell
24,logFC,mTORC1 Signaling,0.37751808721103397,1.3196401024620004,0.04736842105263158,0.1161511005353956,0.94,41/194,17.61%,SLC2A3;BCAT1;SKAP2;AURKA;CXCR4;RRM2;ITGB2;PLK1;CORO1A;SLC7A5;IFI30;GLA;SLA;WARS1;INSIG1;FADS2;DDX39A;CCNF;EGLN3;SQLE;SYTL2;CYB5B;RPA1;IDH1;FADS1;SLC1A4;IGFBP5;NIBAN1;UNG;SRD5A1;MCM2;CTH;TRIB3;ELOVL6;DHFR;TUBG1;MLLT11;PNP;ERO1A;UCHL5;ADD3,Lung,Basal cell
25,logFC,Hypoxia,0.3655188076712292,1.2492567689517238,0.08210526315789474,0.1907792980368828,0.992,32/177,15.27%,HMOX1;SRPX;SLC2A3;BGN;CXCR4;ENO2;SERPINE1;SDC3;DTNA;PLAUR;S100A4;TGFB3;COL5A1;CA12;PGF;DCN;GYS1;SDC2;AKAP12;PDGFB;TGM2;KLF7;RRAGD;KDELR3;LDHC;BCL2;TGFBI;TMEM45A;PHKG1;LOX;MAP3K1;ETS1,Lung,Basal cell
26,logFC,Pancreas Beta Cells,0.5160658883246256,1.220674056998747,0.24646781789638933,0.22524367363748687,0.997,6/15,22.21%,AKT3;PAK3;LMO2;VDR;FOXO1;PCSK2,Lung,Basal cell
27,logFC,Fatty Acid Metabolism,-0.2644118429445384,-1.1858407562103161,0.11827956989247312,0.8109310454401017,0.606,30/134,20.61%,REEP6;EHHADH;ACSM3;NSDHL;ALDH3A1;LTC4S;ADH7;CPOX;ECI2;HSD17B7;ADH1C;PPARA;GSTZ1;PCBD1;ALDH3A2;APEX1;MAOA;CA2;ALDOA;CBR1;ECH1;SDHD;ACOT2;ECI1;G0S2;PDHA1;DHCR24;GCDH;PDHB;MCEE,Lung,Basal cell
28,logFC,Estrogen Response Early,0.34041542919858486,1.1712918892659265,0.1980728051391863,0.29602088703813867,0.999,31/174,12.38%,MYBL1;PGR;OLFM1;PAPSS2;OLFML3;PDLIM3;CLIC3;SLC7A5;GAB2;RASGRP1;GLA;CA12;HSPB8;SLC24A3;MINDY1;TFF3;WFS1;PTGES;ALDH3B1;AREG;FKBP5;TGM2;DLC1;JAK2;SLC16A1;SLC37A1;SH3BP5;BCL2;SLC1A4;INPP5F;GREB1,Lung,Basal cell
29,logFC,Myc Targets V1,-0.23397072671993135,-1.1218944036403222,0.09836065573770492,0.8027751297532041,0.751,90/198,35.64%,SF3A1;GOT2;IMPDH2;MYC;AIMP2;PHB2;RSL1D1;C1QBP;TCP1;NCBP2;NPM1;SRPK1;RPLP0;APEX1;RPL14;RPL34;EXOSC7;RPS3;RPS5;HSPD1;RACK1;RPL18;SNRPA1;RPS10;CCT3;RPL6;EIF3D;STARD7;ABCE1;CAD;HDGF;PSMC4;RPS2;CYC1;RPS6;EIF4A1;SSBP1;TUFM;UBE2L3;HSPE1;SNRPD2;SMARCC1;EEF1B2;HNRNPA1;RPL22;EIF4E;CCT2;NOLC1;RNPS1;HSP90AB1;HNRNPA3;VDAC1;SF3B3;PSMD8;PPIA;TRA2B;CNBP;HDDC2;U2AF1;CCT4;POLD2;SSB;NME1;PSMC6;COX5A;EIF3B;KARS1;MRPS18B;EIF4G2;PABPC1;TXNL4A;YWHAE;PGK1;SNRPB2;EIF2S2;DEK;DDX21;TRIM28;MRPL9;NHP2;PSMA2;LDHA;GNL3;SRSF2;NDUFAB1;EIF1AX;SERBP1;LSM7;SNRPG;PABPC4,Lung,Basal cell
30,logFC,UV Response Up,0.3258089173687233,1.105412846263412,0.30794341675734493,0.4163656836916801,1.0,17/135,12.15%,ABCB1;HMOX1;OLFM1;ENO2;PDLIM3;RASGRP1;SULT1A1;FEN1;MSX1;GPX3;ARRB2;GGH;C4BPB;HYAL2;CYB5B;CCNE1;RFC4,Lung,Basal cell
31,logFC,p53 Pathway,-0.23325850275931925,-1.064048072173357,0.2465753424657534,0.8690419447092469,0.877,68/189,24.23%,GLS2;BMP2;ABAT;GPX2;SERPINB5;CEBPA;RGS16;HRAS;PHLDA3;CCND2;DEF6;FAM162A;LDHB;ERCC5;AEN;KRT17;FDXR;PERP;JAG2;VWA5A;ST14;TGFA;HDAC3;PDGFA;HBEGF;TOB1;FOS;RAP2B;MAPKAPK3;RAB40C;BTG2;CLCA2;XPC;INHBB;EPS8L2;SFN;TAX1BP3;RACK1;RPL18;SDC1;SERTAD3;RPL36;MDM2;IER3;DCXR;CD81;BLCAP;CDKN2AIP;PLXNB2;FUCA1;DDB2;IER5;CDKN1A;JUN;RPS12;SAT1;ITGB4;TSC22D1;OSGIN1;FAS;PIDD1;DNTTIP2;SLC3A2;HINT1;NINJ1;ATF3;TM7SF3;ANKRA2,Lung,Basal cell
32,logFC,Interferon Alpha Response,0.32099228476391134,1.0220434552090758,0.42924528301886794,0.5929967794211163,1.0,23/91,19.23%,DDX60;IFI27;IFI30;IFIT2;WARS1;IFIH1;TMEM140;SAMD9;IL15;GBP4;CMPK2;CASP8;GMPR;IFI44;PSMB9;TAP1;TRIM25;IRF7;CD74;TXNIP;IFI44L;B2M;DHX58,Lung,Basal cell
33,logFC,KRAS Signaling Dn,-0.2367230444745966,-1.0119434861105525,0.45394736842105265,0.9409596441054973,0.926,22/91,13.87%,CCDC106;SLC29A3;MSH5;LGALS7;TENM2;KRT4;CYP39A1;DLK2;RYR1;CELSR2;IDUA;TGM1;NTF3;KRT15;SLC6A14;SPHK2;IGFBP2;FGFR3;TGFB2;MAGIX;KRT5;BTG2,Lung,Basal cell
34,logFC,Unfolded Protein Response,-0.2233959521053648,-0.9746793265832744,0.5074626865671642,0.951038025632878,0.962,31/108,24.83%,PSAT1;HYOU1;GEMIN4;CEBPG;WIPI1;EXOSC4;SLC30A5;EEF2;NPM1;ATP6V0D1;H2AX;DNAJA4;DCTN1;HERPUD1;CEBPB;PARN;SERP1;VEGFA;ATF4;EIF4A1;RPS14;BAG3;SHC1;DNAJB9;TARS1;EXOSC1;PDIA6;ATF3;EIF4E;NOLC1;YWHAZ,Lung,Basal cell
35,logFC,TGF-beta Signaling,0.3296134670423476,0.973285051218396,0.5149156939040207,0.6885187388459251,1.0,3/52,3.41%,ENG;SERPINE1;SMAD6,Lung,Basal cell
36,logFC,Wnt-beta Catenin Signaling,-0.26797809950899176,-0.9390388149854046,0.5882352941176471,0.9569885151391349,0.979,9/38,15.99%,SKP2;FRAT1;MYC;CCND2;TCF7;DLL1;JAG2;PSEN2;FZD8,Lung,Basal cell
37,logFC,Reactive Oxygen Species Pathway,-0.2479217650837446,-0.9158140966823505,0.5893719806763285,0.9162297426120114,0.983,18/48,29.11%,TXNRD2;MGST1;JUNB;SOD2;PDLIM1;GLRX2;LAMTOR5;NDUFA6;PFKP;HMOX2;SELENOS;SOD1;PRDX6;PRNP;CAT;ABCC1;NDUFB4;PRDX1,Lung,Basal cell
38,logFC,Bile Acid Metabolism,0.283896024863145,0.8993417161790426,0.6323353293413174,0.831878106349907,1.0,12/80,11.91%,ABCA8;ABCA6;ABCA9;PIPOX;ABCA1;ABCD1;BMP6;FADS2;ACSL1;RBP1;IDH1;FADS1,Lung,Basal cell
39,logFC,Adipogenesis,0.25281168599499537,0.8715554571407808,0.7238493723849372,0.8641061867935753,1.0,15/188,8.14%,COL4A1;ENPP2;LIFR;SPARCL1;APOE;FZD4;UCP2;ABCA1;HSPB8;LAMA4;SULT1A1;ITGA7;MYLK;GPX3;PPARG,Lung,Basal cell
40,logFC,Myc Targets V2,-0.21339592830108953,-0.8139403872831023,0.839622641509434,1.0,0.995,10/57,12.72%,SLC29A2;NDUFAF4;MYC;AIMP2;WDR74;BYSL;PPAN;TFB2M;NPM1;TMEM97,Lung,Basal cell
41,logFC,Pperoxisome,0.25111140877955107,0.8086760153222697,0.8,0.9554648207235953,1.0,10/89,11.91%,ABCB1;SCGB1A1;TOP2A;CACNA1B;ABCD1;ACSL1;SLC25A17;ABCB9;IDH1;FADS1,Lung,Basal cell
42,logFC,Glycolysis,0.2170471753123412,0.7393169250195408,0.9250535331905781,1.0,1.0,19/172,12.63%,AURKA;CXCR4;ENO2;SDC3;CENPA;COL5A1;HMMR;CDK1;DCN;GYS1;TFF3;SDC2;VCAN;RRAGD;EGLN3;KDELR3;LDHC;IDH1;TGFBI,Lung,Basal cell
43,logFC,Cholesterol Homeostasis,-0.1709810082261886,-0.6897001655252544,0.994475138121547,1.0,0.998,22/69,25.99%,NSDHL;HSD17B7;FBXO6;CBS;ERRFI1;TP53INP1;TMEM97;TM7SF2;ECH1;SCD;CD9;ETHE1;CLU;ALDOC;CXCL16;S100A11;FABP5;ATF3;TNFRSF12A;LDLR;EBP;PMVK,Lung,Basal cell
44,logFC,Hedgehog Signaling,0.26143186416175634,0.6811432386751844,0.8757142857142857,1.0,1.0,4/25,13.59%,DPYSL2;NRP1;CRMP1;SHH,Lung,Basal cell
45,logFC,Androgen Response,0.20509779391318256,0.6700273312570632,0.9605568445475638,1.0,1.0,20/97,21.83%,LIFR;IQGAP2;INSIG1;AKAP12;FKBP5;CENPN;FADS1;PTPN21;MAF;SEC24D;CAMKK2;SMS;ADAMTS1;NDRG1;ZMIZ1;B2M;RRP12;PTK2B;HERC3;ELK4,Lung,Basal cell
46,logFC,Notch Signaling,-0.20209622200737185,-0.6549859420896036,0.9475806451612904,0.9798220527486495,0.998,15/29,33.80%,FZD5;DTX2;DLL1;PSEN2;CCND1;KAT2A;HES1;PSENEN;JAG1;APH1A;TCF7L2;PRKCA;SKP1;ARRB1;NOTCH1,Lung,Basal cell
47,logFC,heme Metabolism,0.1897616022522173,0.6504017933215792,0.9783549783549783,1.0,1.0,22/166,17.69%,ACKR1;CTSE;UCP2;GYPE;TSPAN5;GYPC;MARCHF8;ATG4A;EZH1;PPOX;AGPAT4;SEC14L1;PIGQ;BPGM;LMO2;PICALM;SDCBP;PPP2R5B;MBOAT2;ENDOD1;SYNJ1;BMP2K,Lung,Basal cell
48,logFC,DNA Repair,0.17089864034822902,0.5774124484117814,0.998911860718172,1.0,1.0,25/145,19.53%,ADA;AK1;FEN1;ZWINT;PDE4B;POLA1;CMPK2;RFC3;HCLS1;TYMS;POLA2;RFC4;LIG1;RPA2;RALA;RFC2;ELL;SDCBP;ZNF707;PCNA;PNP;POLR2A;RAD51;ARL6IP1;DCTN4,Lung,Basal cell
49,logFC,Protein Secretion,0.12127937511072548,0.39295448253425874,1.0,0.9998398389237175,1.0,23/95,29.69%,GLA;ABCA1;GALC;SEC24D;OCRL;PAM;MON2;ARFIP1;KIF1B;STX12;AP2S1;GOSR2;SNX2;DOP1A;ARCN1;GBF1;ATP6V1H;ARFGEF2;ADAM10;CLN5;ARFGAP3;VAMP7;SEC22B,Lung,Basal cell
0,logFC,Myogenesis,-0.4887055636800567,-1.9696285186527538,0.001,0.002010696907548156,0.002,25/73,15.73%,TAGLN;DES;SMTN;TPM2;MYH11;PDLIM7;MEF2D;TGFB1;SGCA;SOD3;SORBS1;CKB;DMPK;CDKN1A;MYLK;FXYD1;MYO1C;CRYAB;MEF2C;TPM3;WWTR1;CLU;EIF4A2;FHL1;SVIL,Lung,Bronchial smooth muscle cell
1,logFC,KRAS Signaling Dn,-0.6980958746937056,-1.9030387354183846,0.0019723865877712033,0.003518719588209273,0.007,6/15,10.04%,SCGB1A1;SGK1;SYNPO;THRB;NR4A2;BTG2,Lung,Bronchial smooth muscle cell
2,logFC,Oxidative Phosphorylation,-0.36766769377162534,-1.6305036942049744,0.001,0.07104462406670153,0.186,71/142,33.14%,IDH2;SLC25A4;POLR2F;NDUFA8;HADHA;COX17;SURF1;ECI1;NDUFA7;ISCA1;NDUFA5;GPI;ACAT1;ATP5ME;UQCR11;ATP5F1C;NDUFB6;ATP5F1E;NDUFA9;MRPS15;COX6B1;UQCR10;IDH3G;DECR1;PRDX3;SLC25A6;MDH1;VDAC1;NDUFB2;NDUFS4;TIMM8B;TOMM22;CYB5R3;ATP5MG;HADHB;CYB5A;NDUFA3;VDAC3;COX5A;SDHB;ISCU;PDK4;ATP5PF;COX7C;NDUFS8;COX7B;NDUFA4;COX7A2;NDUFV1;NDUFB7;ATP5F1A;COX6C;ATP5F1D;ATP6V0C;HSPA9;COX5B;MGST3;NDUFB8;ATP5PO;HSD17B10;NDUFS6;SUCLG1;NDUFA2;COX8A;ACADVL;ATP5MC2;MRPL34;ATP6AP1;NDUFS7;NDUFA6;MDH2,Lung,Bronchial smooth muscle cell
3,logFC,UV Response Dn,0.40136697076405603,1.59726506747047,0.0076481835564053535,0.2834918234989854,0.239,24/75,15.22%,SERPINE1;SNAI2;ADD3;PRDM2;CDC42BPA;COL5A2;NEK7;LPAR1;ANXA4;PHF3;APBB2;DLC1;DLG1;MAGI2;PTEN;AKT3;NIPBL;NRP1;DYRK1A;LAMC1;COL1A1;PMP22;ATRX;PDLIM5,Lung,Bronchial smooth muscle cell
4,logFC,IL-6/JAK/STAT3 Signaling,0.43852151004747253,1.490305598407365,0.03143418467583497,0.3421796045040385,0.459,10/32,15.79%,CXCL1;PLA2G2A;FAS;IRF1;LEPR;PTPN2;IRF9;HAX1;IL1R1;PTPN1,Lung,Bronchial smooth muscle cell
5,logFC,Angiogenesis,0.49504531408505814,1.4520334958949406,0.07480314960629922,0.31167522115677926,0.572,9/17,24.27%,COL5A2;VCAN;LUM;NRP1;TIMP1;ITGAV;PTK2;CCND2;JAG1,Lung,Bronchial smooth muscle cell
6,logFC,Mitotic Spindle,0.346239926083932,1.398487428419723,0.036637931034482756,0.33422193928301436,0.703,23/78,19.37%,CDC42EP2;RASAL2;RAPGEF5;ITSN1;CDC42BPA;ABI1;SSH2;MYO1E;RFC1;RAB3GAP1;EPB41L2;EZR;DLG1;MAPRE1;ARF6;RICTOR;PCGF5;NEDD9;PDLIM5;MARCKS;SPTBN1;YWHAE;MID1IP1,Lung,Bronchial smooth muscle cell
7,logFC,Epithelial Mesenchymal Transition,0.31835707037109073,1.3675571049381336,0.028985507246376812,0.3318346397167071,0.777,36/115,16.81%,CXCL1;SERPINE1;SNAI2;IL32;FBLN2;FBN1;ECM1;FAS;PRRX1;ELN;COL5A2;VCAN;ITGB5;THY1;SDC4;FMOD;COL5A1;HTRA1;QSOX1;COL6A3;SLIT3;SLIT2;SGCD;CDH11;LUM;COPA;LAMC1;TIMP1;COL1A1;ITGAV;PMP22;THBS1;LRP1;FN1;COL12A1;MMP2,Lung,Bronchial smooth muscle cell
8,logFC,Xenobiotic Metabolism,0.34351850335595774,1.3301795650182784,0.0688976377952756,0.35726601148556353,0.86,20/63,20.57%,SERPINE1;FAS;FMO3;PTGDS;ELOVL5;PAPSS2;AOX1;DDAH2;SLC1A5;EPHX1;IGF1;CYP27A1;APOE;IL1R1;PDLIM5;AKR1C2;PMM1;CES1;DCXR;ALDH9A1,Lung,Bronchial smooth muscle cell
9,logFC,Hedgehog Signaling,0.543303590573333,1.3000027493541952,0.1720226843100189,0.36804201647236695,0.898,5/9,16.24%,UNC5C;THY1;NRP1;DPYSL2;TLE1,Lung,Bronchial smooth muscle cell
10,logFC,Apoptosis,0.30109946467743776,1.200341106628442,0.16363636363636364,0.5596476743723391,0.976,23/76,22.67%,DPYD;FAS;IRF1;PPP3R1;DDIT3;MCL1;DAP;KRT18;LUM;TIMP1;PPT1;NEDD9;PTK2;CCND1;MMP2;IER3;DNM1L;PDGFRB;SQSTM1;GPX3;CCND2;BAX;IGF2R,Lung,Bronchial smooth muscle cell
11,logFC,Allograft Rejection,-0.3265346672914226,-1.1970276789536751,0.18699186991869918,1.0,0.988,11/49,8.96%,HLA-DRA;SRGN;FLNA;EIF3J;CD74;TGFB1;CD40;F2R;STAT1;CAPG;TAPBP,Lung,Bronchial smooth muscle cell
12,logFC,Inflammatory Response,0.33026088120082203,1.1970200379848948,0.1752988047808765,0.508185342864848,0.977,15/48,15.19%,TNFAIP6;SERPINE1;CCL2;ICAM1;IRF1;ABI1;LPAR1;ABCA1;SELENOS;PDPN;AXL;TIMP1;ADM;GPC3;IL1R1,Lung,Bronchial smooth muscle cell
13,logFC,Unfolded Protein Response,-0.3192667415676561,-1.1889419599547066,0.18095238095238095,0.9623195399525475,0.99,20/53,27.80%,LSM1;CNOT4;NFYB;SSR1;SEC11A;EIF2S1;XBP1;EIF4EBP1;CEBPB;EIF4E;EIF4A2;TUBB2A;LSM4;TSPYL2;SRPRA;NOP56;HERPUD1;HSPA9;MTHFD2;HSPA5,Lung,Bronchial smooth muscle cell
14,logFC,TGF-beta Signaling,0.3538720717710558,1.1878908636729577,0.20123203285420946,0.4793498587514423,0.977,9/33,14.71%,SERPINE1;HIPK2;LTBP2;FNTA;RAB31;ENG;ARID4B;KLF10;THBS1,Lung,Bronchial smooth muscle cell
15,logFC,p53 Pathway,-0.2986105298244415,-1.171258993223251,0.20502901353965183,0.8867173362287369,0.992,18/71,17.78%,PHLDA3;RRAD;TGFB1;PRMT2;F2R;CDKN1A;NINJ1;TM4SF1;BTG2;EI24;BTG1;HRAS;CTSD;ZFP36L1;TSC22D1;VAMP8;JUN;IER5,Lung,Bronchial smooth muscle cell
16,logFC,Estrogen Response Early,0.3102380620654296,1.1709107289838114,0.20739219712525667,0.47538006894231777,0.986,18/55,15.16%,ADD3;ELOVL5;MED13L;PAPSS2;FKBP5;RAB31;SYNGR1;MYOF;KRT19;DLC1;JAK2;KRT18;ELF1;NAV2;KLF10;TOB1;CCND1;RHOBTB3,Lung,Bronchial smooth muscle cell
17,logFC,Pancreas Beta Cells,-0.5294617967470803,-1.164439671218014,0.3202247191011236,0.7834536879053708,0.994,4/7,26.63%,MAFB;SEC11A;SRP14;SRP9,Lung,Bronchial smooth muscle cell
18,logFC,Interferon Gamma Response,0.29530190281189483,1.130160475865466,0.250501002004008,0.5348214167296649,0.997,11/66,11.35%,TNFAIP6;FAS;RNF213;CCL2;ICAM1;IRF1;LAP3;MVP;JAK2;PTPN2;IRF9,Lung,Bronchial smooth muscle cell
19,logFC,Coagulation,-0.30305465387773906,-1.1275899760372363,0.25100401606425704,0.8173482929183256,0.998,14/51,14.54%,CSRP1;CRIP2;COMP;FYN;CTSB;APOC1;PECAM1;F10;WDR1;CD9;VWF;GNB2;CLU;ANG,Lung,Bronchial smooth muscle cell
20,logFC,Androgen Response,-0.29176949159300214,-1.0844701293554848,0.32854209445585214,0.8874992739150056,1.0,7/52,8.19%,ACSL3;PMEPA1;UBE2J1;SGK1;ADRM1;PA2G4;RAB4A,Lung,Bronchial smooth muscle cell
21,logFC,E2F Targets,0.2844487916920591,1.0618874529713043,0.3313373253493014,0.6789265721744933,0.999,12/53,13.60%,STMN1;AK2;POLE4;UBE2S;RFC1;SLBP;ILF3;NME1;DEK;XPO1;STAG1;TUBB,Lung,Bronchial smooth muscle cell
22,logFC,Myc Targets V1,-0.23498327277929704,-1.0553266071564211,0.311340206185567,0.9056178871596895,1.0,63/149,37.78%,MYC;EIF3J;RNPS1;DDX21;PA2G4;UBE2E1;EIF4H;SNRPD1;EIF2S1;HDAC2;POLD2;EIF4E;SERBP1;PGK1;EIF4G2;SYNCRIP;RPL34;PRDX3;HDGF;EIF3D;VDAC1;CCT7;ODC1;RPS10;TCP1;SSBP1;SET;RAD23B;MRPS18B;VDAC3;SNRPD2;COX5A;SNRPD3;PSMA6;NOP56;DHX15;HSPE1;SMARCC1;PTGES3;RPS3;TRA2B;AP3S1;RPL14;EIF3B;PSMA7;PRDX4;YWHAQ;PSMB3;PSMA1;FBL;NHP2;IFRD1;PPM1G;CANX;CCT4;RPL6;NPM1;NDUFAB1;ERH;CYC1;HSPD1;RPL18;SLC25A3,Lung,Bronchial smooth muscle cell
23,logFC,Estrogen Response Late,-0.2771424862698309,-1.0548905682057952,0.36401673640167365,0.8249341039786208,1.0,14/58,18.12%,AREG;CCN5;IDH2;PDLIM3;SGK1;CKB;SEMA3B;XBP1;CD9;BLVRB;PDCD4;DYNLT3;ARL3;ASS1,Lung,Bronchial smooth muscle cell
24,logFC,Apical Junction,-0.27767382202763796,-1.050306523137319,0.3656565656565657,0.7710184850069035,1.0,23/63,25.78%,ACTG2;MYL9;HADH;CLDN18;NEXN;CLDN5;PECAM1;ACTB;PFN1;HRAS;VWF;ACTN4;NEGR1;YWHAH;GTF2F1;ACTN1;SKAP2;ITGB1;MYH9;TIAL1;B4GALT1;ACTG1;CD99,Lung,Bronchial smooth muscle cell
25,logFC,IL-2/STAT5 Signaling,0.2683564719034618,1.0425184206616602,0.3709677419354839,0.6861354735663413,0.999,20/70,21.34%,ECM1;HIPK2;SMPDL3A;RABGAP1L;SLC39A8;AGER;MYO1E;ANXA4;SLC1A5;NFKBIZ;GLIPR2;NRP1;ITGAV;CKAP4;HUWE1;MAPKAPK2;COL6A1;TGM2;PLEC;CCND2,Lung,Bronchial smooth muscle cell
26,logFC,UV Response Up,-0.2781575547578544,-1.0349672430750902,0.39307535641547864,0.7586514101172082,1.0,13/59,14.28%,SLC25A4;RRAD;PDLIM3;NR4A1;HLA-F;DDX21;DNAJB1;BTG2;BTG1;MAOA;AMD1;RHOB;BSG,Lung,Bronchial smooth muscle cell
27,logFC,TNF-alpha Signaling via NF-kB,0.24901996773859492,1.0309807828115412,0.3888888888888889,0.6704996087481268,0.999,8/93,3.19%,TNFAIP6;CXCL1;SERPINE1;ACKR3;CXCL2;CCL2;ICAM1;IRF1,Lung,Bronchial smooth muscle cell
28,logFC,DNA Repair,-0.2777065888107102,-1.0302983611528103,0.41855670103092785,0.7186087126369428,1.0,9/55,8.99%,POLR2F;COX17;GTF2H5;SURF1;GTF2B;ADRM1;RALA;POLR2J;NME3,Lung,Bronchial smooth muscle cell
29,logFC,Myc Targets V2,-0.39072629564334904,-1.015619114269628,0.4385245901639344,0.7115186123510409,1.0,2/12,5.63%,MYC;PA2G4,Lung,Bronchial smooth muscle cell
30,logFC,Pperoxisome,-0.2974257230219702,-1.004288188825864,0.4375,0.6984658382595408,1.0,8/36,19.12%,SCGB1A1;IDH2;SLC25A4;CADM1;HRAS;YWHAH;CTBP1;VPS4B,Lung,Bronchial smooth muscle cell
31,logFC,Wnt-beta Catenin Signaling,-0.40093126420955594,-1.0028606194799956,0.44271844660194176,0.6611644537173055,1.0,3/11,21.42%,MYC;HDAC2;CSNK1E,Lung,Bronchial smooth muscle cell
32,logFC,Spermatogenesis,0.3929978199201554,0.9970905433535334,0.4671968190854871,0.7204173795408427,1.0,3/12,11.10%,SPATA6;GSTM3;MLLT10,Lung,Bronchial smooth muscle cell
33,logFC,Notch Signaling,0.3721116046578709,0.9955226370914149,0.4340770791075051,0.6817846702600986,1.0,7/13,24.27%,TCF7L2;CCND1;MAML2;APH1A;FBXW11;NOTCH2;JAG1,Lung,Bronchial smooth muscle cell
34,logFC,Glycolysis,0.25745378321571954,0.9655939743731686,0.525,0.7174608858649761,1.0,18/59,24.13%,STMN1;EXT1;VCAN;COL5A1;QSOX1;GFPT1;PGLS;GPC3;HAX1;ZNF292;PPP2CB;IER3;AKR1A1;ALDH9A1;EGFR;KIF2A;RBCK1;HDLBP,Lung,Bronchial smooth muscle cell
35,logFC,Complement,-0.24301883314823144,-0.957023394558451,0.5439672801635992,0.7382608812214313,1.0,17/71,14.54%,ZFPM2;CSRP1;HSPA1A;IRF2;RHOG;FYN;CTSB;CTSC;APOC1;F10;PFN1;CEBPB;PSMB9;CTSD;GNB2;CLU;ANG,Lung,Bronchial smooth muscle cell
36,logFC,mTORC1 Signaling,-0.2289195533416643,-0.9447882176060035,0.5944798301486199,0.7297771512869519,1.0,20/88,15.82%,ACSL3;CTSC;ARPC5L;CDKN1A;SSR1;GLRX;SEC11A;XBP1;BTG2;CD9;FKBP2;UBE2D3;PSMC2;GPI;IGFBP5;NIBAN1;PGK1;PFKL;PSMD13;ENO1,Lung,Bronchial smooth muscle cell
37,logFC,Hypoxia,-0.21826381776159506,-0.8934296007837849,0.6760869565217391,0.8223247677645071,1.0,26/89,20.91%,CCN5;FOSL2;LXN;GRHPR;IDS;CDKN1A;PLIN2;GLRX;CCN2;BTG1;CSRP2;GPI;SDC2;CAVIN3;PGK1;PFKL;CCN1;ENO1;CITED2;JUN;PIM1;TNFAIP3;BGN;ALDOA;PAM;P4HA2,Lung,Bronchial smooth muscle cell
38,logFC,Protein Secretion,0.23488384680937413,0.8907622561174684,0.6626262626262627,0.8674902152129618,1.0,26/58,32.23%,SGMS1;ABCA1;STX7;KRT18;CLTC;PPT1;LAMP2;RER1;M6PR;DNM1L;SEC31A;EGFR;COPB1;IGF2R;USO1;NAPA;RAB9A;AP3B1;MON2;CLTA;TSPAN8;ARFGEF1;SNAP23;RAB2A;TMED2;TSG101,Lung,Bronchial smooth muscle cell
39,logFC,KRAS Signaling Up,-0.23623889390047517,-0.848726480011676,0.7306930693069307,0.8800628869394704,1.0,7/46,8.73%,GADD45G;TMEM100;MAFB;GNG11;PECAM1;GLRX;SEMA3B,Lung,Bronchial smooth muscle cell
40,logFC,Adipogenesis,-0.19230489695627934,-0.7993464655191411,0.9028925619834711,0.9293989478571455,1.0,26/103,22.13%,SNCG;HADH;FABP4;SORBS1;G3BP2;MYLK;PLIN2;RIOK3;DNAJC15;SQOR;NDUFA5;PDCD4;UQCR11;RAB34;PFKL;UQCR10;CD151;IDH3G;DECR1;SPARCL1;PRDX3;YWHAG;ALDOA;CHCHD10;GHITM;SDHB,Lung,Bronchial smooth muscle cell
41,logFC,heme Metabolism,-0.2064057320051171,-0.7875203931254726,0.8804780876494024,0.9091409778281326,1.0,21/61,27.85%,CTSB;ISCA1;BTG2;RIOK3;OPTN;BLVRB;HEBP1;DAAM1;BSG;RAD23A;HAGH;HDGF;BLVRA;TNS1;P4HA2;SELENBP1;ARL2BP;YPEL5;TCEA1;VEZF1;MGST3,Lung,Bronchial smooth muscle cell
42,logFC,Cholesterol Homeostasis,0.2351008115404355,0.7528988433762608,0.8288973384030418,1.0,1.0,13/27,31.38%,CYP51A1;ERRFI1;FDPS;ATXN2;PMVK;LGMN;ETHE1;JAG1;S100A11;TNFRSF12A;ATF3;FABP5;ANXA5,Lung,Bronchial smooth muscle cell
43,logFC,Interferon Alpha Response,-0.22548784680636771,-0.7512896580064126,0.860236220472441,0.9184277020415276,1.0,9/31,22.28%,IRF2;CD74;IFI27;PSMB9;GBP2;IFITM1;PLSCR1;NCOA7;TENT5A,Lung,Bronchial smooth muscle cell
44,logFC,G2-M Checkpoint,0.19873575438201774,0.7486324964292685,0.9032258064516129,1.0,1.0,19/61,26.54%,STMN1;RASAL2;UBE2S;ILF3;HNRNPU;XPO1;STAG1;ATRX;CCND1;MARCKS;SRSF2;KIF5B;DMD;CUL3;NOTCH2;SRSF1;BCL3;MEIS2;HMGN2,Lung,Bronchial smooth muscle cell
45,logFC,PI3K/AKT/mTOR  Signaling,0.2080538486808309,0.7244800165813413,0.8897795591182365,1.0,1.0,13/39,24.78%,GSK3B;PIN1;MKNK2;DDIT3;UBE2N;PTEN;ACTR3;CLTC;SQSTM1;EGFR;ACTR2;PTPN11;PLCB1,Lung,Bronchial smooth muscle cell
46,logFC,Apical Surface,0.3137169338764275,0.7035584616738099,0.8461538461538461,1.0,1.0,2/8,8.56%,THY1;GSTM3,Lung,Bronchial smooth muscle cell
47,logFC,Fatty Acid Metabolism,-0.18267790512455556,-0.6984946256151954,0.954,0.9315156633289098,1.0,13/61,20.63%,HADH;GRHPR;GABARAPL1;ECI1;MAOA;IDH3G;YWHAH;DECR1;BLVRA;MDH1;ODC1;HADHB;ALDOA,Lung,Bronchial smooth muscle cell
48,logFC,Bile Acid Metabolism,0.21781445356890017,0.6505922578423184,0.9326732673267327,1.0,1.0,7/22,22.59%,ABCA1;CYP27A1;PRDX5;ATXN1;ALDH9A1;DHCR24;PHYH,Lung,Bronchial smooth muscle cell
49,logFC,Reactive Oxygen Species Pathway,0.14954124335109772,0.47321455515501587,1.0,0.9977718537381133,1.0,8/26,32.09%,MGST1;SELENOS;TXNRD1;GPX3;STK25;FTL;PRDX1;CAT,Lung,Bronchial smooth muscle cell
0,logFC,Complement,0.6371753378079569,2.3131840747246146,0.001,0.001,0.001,29/97,8.79%,OLR1;SERPINA1;FCER1G;LYN;S100A9;CTSC;C1QC;FN1;LGALS3;TIMP2;CTSS;APOC1;C1QA;CTSD;PLAUR;CLU;LTA4H;CTSB;TNFAIP3;CTSL;CD55;CEBPB;LCP2;CPM;LIPA;GRB2;HSPA1A;PFN1;GCA,Lung,Capillary endothelial cell
1,logFC,TNF-alpha Signaling via NF-kB,0.577758297497613,2.201600165298775,0.001,0.001,0.001,34/117,7.33%,OLR1;CXCL3;LITAF;CD83;CXCL2;ATP2B1;CCL4;SAT1;PLAUR;SDC4;RIPK2;FOSB;IER3;EGR1;IFNGR2;REL;TNFAIP3;CCN1;NR4A2;CD44;AREG;CD69;TRIB1;NFIL3;FOS;CEBPB;SOD2;HBEGF;IER5;SQSTM1;BHLHE40;NINJ1;NAMPT;NFKB1,Lung,Capillary endothelial cell
2,logFC,Allograft Rejection,0.6001661627475879,2.1090718351563233,0.001,0.001,0.001,24/74,10.71%,SPI1;CAPG;LYN;PTPRC;CTSS;HDAC9;CCL4;RIPK2;IFNGR2;HLA-DQA1;HLA-DRA;RPL39;LCP2;SRGN;RPS19;NPM1;CD74;FLNA;IL27RA;TGFB1;RPL9;RPS9;RPS3A;MRPL3,Lung,Capillary endothelial cell
3,logFC,Reactive Oxygen Species Pathway,0.6480707990341734,2.0000520562255315,0.001,0.001,0.003,10/35,6.41%,FTL;MGST1;GLRX;GPX4;OXSR1;SOD2;HMOX2;TXN;CAT;PRDX6,Lung,Capillary endothelial cell
4,logFC,Cholesterol Homeostasis,0.6447238427836604,1.9776630066724923,0.001,0.0010105263157894739,0.004,11/35,7.47%,PPARG;LGALS3;ALCAM;PLAUR;FABP5;CLU;S100A11;NFIL3;LPL;CPEB2;ETHE1,Lung,Capillary endothelial cell
5,logFC,Coagulation,0.5871765583089424,1.9155259686884427,0.001,0.003157894736842105,0.015,9/50,2.56%,OLR1;SERPINA1;FN1;APOC1;C1QA;CFD;CLU;LTA4H;CTSB,Lung,Capillary endothelial cell
6,logFC,KRAS Signaling Up,0.5543842228536361,1.9139064908409202,0.001,0.0030676691729323306,0.017,15/62,5.27%,LCP1;FCER1G;IGFBP3;CTSS;HDAC9;LAPTM5;PLAUR;LY96;SLPI;GLRX;TNFAIP3;ADAM17;TRIB1;HBEGF;APOD,Lung,Capillary endothelial cell
7,logFC,Hypoxia,0.5056063552803618,1.8604754932603624,0.001,0.004736842105263158,0.029,32/91,13.40%,FBP1;IGFBP3;PLIN2;PLAUR;SDC4;CITED2;GPI;GLRX;IER3;TNFAIP3;CCN1;NFIL3;S100A4;P4HA1;FOS;UGP2;CCN2;BHLHE40;ANXA2;HDLBP;FOXO3;DDIT3;IDS;ENO1;RORA;NDRG1;GAPDH;PRDX5;KLF6;NAGK;LXN;FAM162A,Lung,Capillary endothelial cell
8,logFC,mTORC1 Signaling,0.497196376644962,1.8604267761020439,0.001,0.004210526315789474,0.029,33/103,17.30%,IFI30;TFRC;CTSC;GPI;LTA4H;GLRX;HSPD1;NFIL3;P4HA1;SQSTM1;BHLHE40;SERP1;M6PR;DDIT3;ETF1;ENO1;XBP1;NAMPT;HSPE1;SEC11A;GAPDH;ATP2A2;ATP5MC1;ACTR2;CD9;PSMD14;INSIG1;STIP1;ATP6V1D;CACYBP;IDI1;IFRD1;CYP51A1,Lung,Capillary endothelial cell
9,logFC,Epithelial Mesenchymal Transition,0.5093833824759356,1.846712109873018,0.001,0.004673684210526317,0.036,20/72,7.09%,CAPG;FN1;IGFBP3;SAT1;PLAUR;SDC4;SNTB1;IGFBP2;TNFAIP3;CCN1;CD44;AREG;TAGLN;LGALS1;VIM;CCN2;DST;QSOX1;MGP;FLNA,Lung,Capillary endothelial cell
10,logFC,Oxidative Phosphorylation,0.45649665403305195,1.8234995279033328,0.001,0.0060861244019138755,0.051,65/149,25.80%,POR;GPI;ATP1B1;GPX4;LDHB;ATP6V1F;TIMM13;MDH1;SLC25A6;COX8A;ATP6V0B;ATP6V0C;UQCR10;DLD;ACAA1;ATP5MF;BAX;PRDX3;ATP5F1D;ATP5MC1;UQCRH;SLC25A5;TCIRG1;UQCRB;ATP5MC2;ATP5MC3;ATP6AP1;UQCR11;ATP5F1E;ECH1;ISCA1;UQCRFS1;MDH2;ATP5MG;ATP6V1D;MRPL34;VDAC2;COX5A;ACO2;COX7C;NDUFV1;COX4I1;ATP5F1C;OXA1L;UQCRQ;ETFB;ATP6V1C1;NDUFA8;COX6B1;NDUFA7;DECR1;FDX1;DLST;IDH3B;NDUFS7;CYCS;HSPA9;COX7A2L;NDUFA6;UQCRC1;ATP5PO;NDUFB8;COX5B;HADHB;CYC1,Lung,Capillary endothelial cell
11,logFC,IL-2/STAT5 Signaling,0.492095281390195,1.7525984903217449,0.0029282576866764276,0.010736842105263157,0.097,22/85,8.65%,CAPG;CD83;ALCAM;GLIPR2;PLIN2;CTSZ;GPX4;IGF2R;ARL4A;CD44;NFIL3;P4HA1;AGER;ANXA4;BHLHE40;NFKBIZ;XBP1;MAPKAPK2;RORA;RNH1;NDRG1;DENND5A,Lung,Capillary endothelial cell
12,logFC,Glycolysis,0.5025034589748787,1.7487865538519878,0.00487012987012987,0.010688259109311742,0.104,19/63,10.63%,IGFBP3;CITED2;GLRX;IER3;PKM;CD44;P4HA1;UGP2;TALDO1;TXN;AKR1A1;PGLS;QSOX1;MDH1;HDLBP;ENO1;STMN1;DLD;B4GALT1,Lung,Capillary endothelial cell
13,logFC,Inflammatory Response,0.48904503592523996,1.7485174073241925,0.0031397174254317113,0.009924812030075189,0.104,14/75,7.33%,OLR1;MSR1;LYN;MARCO;ATP2B1;PLAUR;RIPK2;IFNGR2;CD69;CD55;LCP2;HBEGF;NAMPT;NFKB1,Lung,Capillary endothelial cell
14,logFC,Adipogenesis,0.4484075774615341,1.7030155870117045,0.001447178002894356,0.014399999999999998,0.156,35/112,15.96%,PPARG;FABP4;APOE;PLIN2;CHCHD10;POR;NABP1;GPX4;ARL4A;TKT;JAGN1;RTN3;ATP1B3;LPL;TALDO1;RMDN3;CAT;DDT;COX8A;UQCR10;DLD;CD302;PRDX3;APLP2;YWHAG;CYP4B1;PPP1R15B;UQCR11;ECH1;PDCD4;MDH2;GADD45A;PPM1B;TANK;AK2,Lung,Capillary endothelial cell
15,logFC,Estrogen Response Late,0.4880179740789516,1.6700186887773,0.006329113924050633,0.018157894736842106,0.2,12/60,4.83%,SERPINA1;S100A9;RAB31;KRT19;FABP5;ABHD2;BLVRB;CD44;AREG;DCXR;FOS;NRIP1,Lung,Capillary endothelial cell
16,logFC,Myc Targets V1,0.4208610355890604,1.652554534603011,0.004310344827586207,0.020136222910216717,0.232,71/150,30.36%,RPLP0;RSL1D1;HSPD1;PABPC4;RPS2;TRIM28;APEX1;RPS5;NPM1;PABPC1;RPS3;ETF1;RACK1;EEF1B2;RPS10;HSPE1;RPL14;PRDX3;STARD7;HDGF;RPL6;RPL34;CCT7;RPS6;PSMD14;RPL18;RPL22;TXNL4A;DEK;USP1;COX5A;IFRD1;TCP1;EIF4A1;DDX21;PPM1G;PCBP1;LSM7;HNRNPU;HSP90AB1;H2AZ1;MRPL9;SERBP1;CLNS1A;PSMD8;SNRPD1;PSMC4;NHP2;CBX3;KPNB1;TARDBP;FAM120A;HNRNPC;UBA2;SMARCC1;PGK1;XPO1;CYC1;UBE2L3;PSMD7;CCT5;KARS1;AP3S1;LDHA;EIF4E;VDAC1;COPS5;CANX;EIF2S1;SNRPD2;GSPT1,Lung,Capillary endothelial cell
17,logFC,UV Response Up,0.4726959437075711,1.6520432188665455,0.007861635220125786,0.01901754385964912,0.232,16/69,9.75%,TFRC;LYN;CXCL2;GRINA;FOSB;IGFBP2;ATP6V1F;FOS;SOD2;CREG1;SQSTM1;AMD1;DNAJB1;AP2S1;ACAA1;NUP58,Lung,Capillary endothelial cell
18,logFC,p53 Pathway,0.4469558445841443,1.637010365953587,0.010494752623688156,0.020941828254847646,0.265,33/91,16.54%,IFI30;CTSD;SAT1;UPP1;IER3;LDHB;DCXR;S100A4;FOS;HBEGF;IER5;FOXO3;DDIT3;NINJ1;RPS12;RACK1;KIF13B;VAMP8;TGFB1;NDRG1;PTPRE;BAX;RPL36;SESN1;H1-2;CASP1;RALGDS;FAM162A;RPL18;GADD45A;MDM2;S100A10;XPC,Lung,Capillary endothelial cell
19,logFC,Hedgehog Signaling,-0.594827095845152,-1.5717190270170927,0.017543859649122806,0.14149019607843136,0.218,8/13,24.99%,CDK6;PML;DPYSL2;OPHN1;RTN1;ADGRG1;MYH9;ETS2,Lung,Capillary endothelial cell
20,logFC,Apoptosis,0.40906788116638765,1.5113679142311118,0.010819165378670788,0.05835789473684211,0.588,35/89,20.19%,LGALS3;TIMP2;SAT1;CLU;IER3;GPX4;IGF2R;CD44;CD69;SOD2;TSPO;HSPB1;SQSTM1;DDIT3;ETF1;HMGB2;CYLD;GPX1;BAX;CASP1;PDCD4;GADD45A;BCAP31;ROCK1;MCL1;PLAT;GCH1;VDAC2;LMNA;BIRC3;ANXA1;BNIP3L;PPP3R1;BTG2;PPT1,Lung,Capillary endothelial cell
21,logFC,TGF-beta Signaling,-0.4014240650143335,-1.4419885336453258,0.05063291139240506,0.2090718954248366,0.509,17/42,20.61%,ID1;SERPINE1;SMAD6;ID3;SPTBN1;BMPR2;ENG;SMURF2;BCAR3;HDAC1;WWTR1;TJP1;SMAD7;SLC20A1;FURIN;SKIL;FKBP1A,Lung,Capillary endothelial cell
22,logFC,Xenobiotic Metabolism,0.3994089073453863,1.3871893809730171,0.0571870170015456,0.13052631578947368,0.856,21/68,16.72%,APOE;FBP1;PGD;POR;UPP1;BLVRB;DCXR;COMT;CAT;DDT;NINJ1;SSR3;ATP2A2;MAN1A1;IL1R1;CNDP2;ECH1;CBR1;LPIN2;GCH1;ACO2,Lung,Capillary endothelial cell
23,logFC,Estrogen Response Early,0.4050138360239925,1.3730963812832642,0.084375,0.13596172248803828,0.883,12/59,7.03%,RAB31;KRT19;ABHD2;BLVRB;CD44;AREG;GAB2;FOS;NRIP1;SVIL;BHLHE40;XBP1,Lung,Capillary endothelial cell
24,logFC,UV Response Dn,0.38134999764198935,1.3653519512628167,0.061224489795918366,0.13598169336384439,0.894,11/77,7.33%,RUNX1;PPARG;CELF2;ATP2B1;SIPA1L1;CITED2;CCN1;ANXA4;BHLHE40;ANXA2;NFKB1,Lung,Capillary endothelial cell
25,logFC,Mitotic Spindle,-0.3167869570717681,-1.3631909417766441,0.02727272727272727,0.23907625272331154,0.693,37/111,24.23%,PREX1;SPTBN1;ARHGAP29;RAPGEF5;SHROOM2;ARHGAP4;CTTN;CDC42EP2;RASAL2;RFC1;FSCN1;SSH2;FGD6;NEDD9;ARFGEF1;KLC1;CYTH2;PXN;OPHN1;SORBS2;DOCK4;NCK1;ACTN4;SOS1;MARCKS;EPB41L2;RICTOR;CD2AP;TAOK2;ARHGEF2;STAU1;MYH9;EPB41;CDC42EP4;KIFAP3;ARHGEF12;LATS1,Lung,Capillary endothelial cell
26,logFC,Apical Surface,0.5521903293044524,1.3533974915320472,0.14814814814814814,0.14173684210526313,0.905,5/14,10.63%,LYN;PLAUR;HSPB1;FLOT2;B4GALT1,Lung,Capillary endothelial cell
27,logFC,Angiogenesis,0.5194174732039883,1.3178424402046793,0.16666666666666666,0.16769684210526314,0.946,4/14,8.45%,OLR1;S100A4;LPL;LRPAP1,Lung,Capillary endothelial cell
28,logFC,heme Metabolism,0.34765109196252814,1.2825134840866161,0.12917933130699089,0.19855870445344131,0.97,11/87,6.07%,TFRC;ACP5;ELL2;BLVRB;CTSB;FBXO34;BLVRA;HEBP1;PGLS;CAT;FOXO3,Lung,Capillary endothelial cell
29,logFC,Notch Signaling,-0.48138748873251813,-1.2742659327381876,0.17088607594936708,0.32050980392156864,0.877,4/13,7.73%,JAG1;FBXW11;HES1;NOTCH1,Lung,Capillary endothelial cell
30,logFC,Pperoxisome,0.39817333754231254,1.2558894356462944,0.1723027375201288,0.21964912280701754,0.98,14/44,18.19%,SCGB1A1;ACSL4;SOD2;TSPO;CAT;PABPC1;SEMA3C;ACAA1;PRDX5;ECH1;ATXN1;IDI1;ECI2;SCP2,Lung,Capillary endothelial cell
31,logFC,Apical Junction,-0.3092448280934545,-1.240116488953079,0.10089020771513353,0.3104732026143791,0.912,26/74,21.23%,PIK3R3;CLDN5;JAM3;CX3CL1;CDK8;VWF;PECAM1;SHROOM2;CD34;CTNND1;FSCN1;PTK2;ADAM15;BAIAP2;TJP1;ITGA10;ICAM2;PLCG1;AKT3;ACTN4;EPB41L2;EGFR;TAOK2;NECTIN2;MYH9;PCDH1,Lung,Capillary endothelial cell
32,logFC,Unfolded Protein Response,0.3489565595517296,1.2088654924568198,0.19195046439628483,0.2696390977443609,0.993,28/65,30.18%,NABP1;EIF4EBP1;CEBPB;NPM1;SERP1;XBP1;SEC11A;EIF2AK3;EEF2;RPS14;EXOSC1;EIF4A1;HSPA5;ATP6V0D1;MTREX;DNAJB9;YWHAZ;NHP2;HSPA9;EIF4A3;LSM4;ATF3;EIF4E;EIF4G1;LSM1;HSP90B1;ERO1A;EIF2S1,Lung,Capillary endothelial cell
33,logFC,Interferon Gamma Response,0.31148688743787584,1.180749300370334,0.19271623672230653,0.29919419237749545,0.994,17/111,7.69%,IFI30;RIPK2;UPP1;LGALS3BP;TNFAIP3;ARL4A;CD69;HLA-DQA1;PTPN2;SOD2;LCP2;PELI1;PTPN1;CD74;NAMPT;NFKB1;VAMP8,Lung,Capillary endothelial cell
34,logFC,Fatty Acid Metabolism,0.3350414470850682,1.1721774823705449,0.22432859399684044,0.29962105263157895,0.995,23/72,17.66%,HSPH1;GLUL;BLVRA;ACSL4;LGALS1;SMS;APEX1;MDH1;PRDX6;PCBD1;DLD;ACAA1;HSDL2;ERP29;ECH1;MDH2;CBR1;IDI1;S100A10;ACO2;OSTC;ECI2;HSP90AA1,Lung,Capillary endothelial cell
35,logFC,Myogenesis,-0.2899518507472902,-1.1422386945161302,0.22474747474747475,0.4317559912854031,0.982,22/61,17.30%,SPHK1;HSPB8;SPARC;CD36;VIPR1;SORBS1;PTP4A3;TEAD4;COL4A2;NOTCH1;WWTR1;NQO1;DENND2B;GJA5;RB1;MYO1C;APP;MEF2C;COX7A1;CNN3;GPX3;MYLK,Lung,Capillary endothelial cell
36,logFC,Androgen Response,0.33954944154728656,1.1297427269231737,0.2934426229508197,0.3499762308998302,0.999,11/55,10.63%,ELL2;KRT19;SAT1;ABHD2;SMS;RAB4A;SEC24D;NDRG1;ADAMTS1;ACTN1;B4GALT1,Lung,Capillary endothelial cell
37,logFC,DNA Repair,0.29363634704580027,1.0549518528619388,0.3424242424242424,0.4585657894736842,1.0,20/73,21.73%,GPX4;TAF10;GTF2B;MRPL40;NFX1;POLR1D;APRT;POLD4;POLE4;GTF2H5;REV3L;PDE4B;POLR2A;BCAP31;XPC;TAF12;SEC61A1;SDCBP;DGUOK;SUPT5H,Lung,Capillary endothelial cell
38,logFC,KRAS Signaling Dn,0.38838712584909657,1.0289564508863442,0.4386973180076628,0.4883062200956938,1.0,3/18,2.86%,SCGB1A1;IGFBP2;NR4A2,Lung,Capillary endothelial cell
39,logFC,Myc Targets V2,0.43589956725928874,1.014667649369705,0.46169354838709675,0.4990216718266254,1.0,3/11,8.17%,HSPD1;NPM1;HSPE1,Lung,Capillary endothelial cell
40,logFC,Pancreas Beta Cells,-0.39651908779841477,-0.9636408114212284,0.4794238683127572,0.8171428571428572,1.0,3/10,14.00%,ABCC8;STXBP1;AKT3,Lung,Capillary endothelial cell
41,logFC,IL-6/JAK/STAT3 Signaling,0.2969426717567,0.9507245364595619,0.5578583765112263,0.5941172932330827,1.0,7/44,8.47%,CXCL3;IFNGR2;CD44;PTPN2;PTPN1;GRB2;TGFB1,Lung,Capillary endothelial cell
42,logFC,Wnt-beta Catenin Signaling,-0.3429326652037723,-0.9077988399564983,0.5824847250509165,0.8708692810457517,1.0,3/13,7.73%,JAG1;NOTCH4;NOTCH1,Lung,Capillary endothelial cell
43,logFC,Interferon Alpha Response,0.26418555397380017,0.8963757699382912,0.6225165562913907,0.6788771929824561,1.0,4/60,2.74%,IFI30;RIPK2;LGALS3BP;NCOA7,Lung,Capillary endothelial cell
44,logFC,G2-M Checkpoint,-0.2216311275448257,-0.8940231363007106,0.6804733727810651,0.8093827160493827,1.0,27/78,34.69%,MEIS1;SS18;PML;MT2A;SLC12A2;RASAL2;FOXN3;CDC25B;MTF2;E2F4;FANCC;BCL3;MARCKS;TOP1;ATRX;LBR;STAG1;SYNCRIP;MCM3;WRN;CUL4A;DDX39A;CHMP1A;PRPF4B;TMPO;SRSF10;YTHDC1,Lung,Capillary endothelial cell
45,logFC,Protein Secretion,0.24419818156531864,0.8799967471927462,0.672386895475819,0.6894793741109531,1.0,9/74,11.52%,CTSC;IGF2R;DST;M6PR;SNX2;SEC24D;AP2S1;ARFGAP3;GNAS,Lung,Capillary endothelial cell
46,logFC,E2F Targets,0.2407348666389373,0.8312025815423744,0.7453416149068323,0.7536066481994459,1.0,13/65,17.72%,TFRC;HMGB2;IPO7;STMN1;JPT1;PHF5A;POLE4;NUP153;DEK;USP1;AK2;TUBB;SLBP,Lung,Capillary endothelial cell
47,logFC,Spermatogenesis,0.29590408382851235,0.7955288695673587,0.7443181818181818,0.7916113360323886,1.0,6/20,19.69%,ARL4A;TALDO1;PEBP1;AGFG1;TSN;MLF1,Lung,Capillary endothelial cell
48,logFC,Bile Acid Metabolism,-0.2388846402773236,-0.7309634041642119,0.8531468531468531,1.0,1.0,8/22,25.52%,BCAR3;NEDD4;BMP6;NR3C2;OPTN;ACSL5;GNPAT;HSD17B11,Lung,Capillary endothelial cell
49,logFC,PI3K/AKT/mTOR  Signaling,-0.1733855390042279,-0.6756770656462479,0.9733333333333334,0.9508496732026144,1.0,10/58,19.59%,PIK3R3;GNA14;TNFRSF1A;CAB39;VAV3;PLCG1;NCK1;PAK4;EGFR;PTPN11,Lung,Capillary endothelial cell
0,logFC,TNF-alpha Signaling via NF-kB,-0.48924669595632286,-2.140476887454772,0.001,0.001,0.001,73/166,16.30%,CXCL2;CXCL1;IL6;CCN1;ICAM1;EDN1;SIK1;DUSP5;VEGFA;PLAUR;CCND1;MYC;PTGS2;PLK2;PHLDA2;F3;PTPRE;CFLAR;SDC4;EFNA1;SAT1;RCAN1;CLCF1;DRAM1;CCL4;MAP3K8;B4GALT1;FOSB;NINJ1;PMEPA1;NFAT5;TRIP10;NAMPT;B4GALT5;LDLR;FOSL1;SERPINB8;LITAF;IER5;CXCL3;NFKB2;MAP2K3;TNFAIP3;GFPT2;IER3;SMAD3;BTG3;TRIB1;BIRC3;RIPK2;KLF6;SPSB1;BCL3;F2RL1;ZC3H12A;RELB;PLPP3;TNC;IRF1;GADD45A;TNIP1;CEBPB;IFNGR2;FOSL2;TANK;TIPARP;DENND5A;SOD2;PFKFB3;RNF19B;NFE2L2;BIRC2;CCL2,Lung,Club cell
1,logFC,Cholesterol Homeostasis,-0.5016456976533582,-1.8948961263636153,0.001,0.0027098387993329627,0.003,36/65,27.01%,NIBAN1;CLU;PLAUR;TNFRSF12A;CTNNB1;MAL2;CHKA;LDLR;ERRFI1;FASN;S100A11;FADS2;HMGCS1;LGALS3;SEMA3B;SREBF2;ACSS2;ANXA5;ALCAM;TM7SF2;CXCL16;FDFT1;CPEB2;TMEM97;MVK;TP53INP1;DHCR7;EBP;ATXN2;SCD;ANTXR2;SC5D;FDPS;ECH1;FABP5;SQLE,Lung,Club cell
2,logFC,Apical Surface,-0.6389167068586761,-1.8435240017614853,0.001,0.0060218639985176944,0.009,10/21,11.95%,LYN;PLAUR;EFNA5;B4GALT1;CX3CL1;DCBLD2;EPHB4;SHROOM2;GSTM3;ADIPOR2,Lung,Club cell
3,logFC,Complement,-0.4306558372116199,-1.835497489343649,0.001,0.004968037798777099,0.01,56/135,22.25%,CXCL1;CD55;IL6;CP;LYN;CFH;TFPI2;DUSP5;CLU;PLAUR;F3;CASP10;ME1;C1R;CFB;MMP15;CTSC;LTF;C3;BRPF3;TIMP1;PLA2G4A;TNFAIP3;CPM;S100A12;ANG;SERPING1;PREP;PRKCD;LTA4H;IRF1;LGALS3;CEBPB;CTSH;CASP4;DYRK2;C2;ANXA5;CASP7;RBSN;PRDM4;CDH13;CBLB;MMP14;GPD2;DOCK9;SERPINA1;DOCK4;EHD1;S100A13;RAF1;L3MBTL4;SRC;CA2;PIM1;TIMP2,Lung,Club cell
4,logFC,Inflammatory Response,-0.42880111445035296,-1.782474574543737,0.001,0.008310172317954419,0.022,41/115,12.18%,MET;CD55;SLC4A4;IL6;CXCL8;LYN;ICAM1;AHR;EDN1;OSMR;PLAUR;MYC;LPAR1;IFITM1;F3;PTPRE;ROS1;ICAM4;LY6E;SGMS2;CD82;P2RY2;IL1R1;TNFSF10;ADORA2B;GNA15;SLC11A2;NAMPT;LDLR;CX3CL1;ITGB8;TIMP1;DCBLD2;RIPK2;KLF6;ATP2A2;IL4R;IRF1;SLC7A1;HRH1;IFNGR2,Lung,Club cell
5,logFC,Apoptosis,-0.4204168620946389,-1.7703109342694594,0.001,0.008129516397998887,0.026,54/125,23.15%,IL6;IFITM3;PMAIP1;EMP1;CLU;CCND1;ERBB2;CAV1;CFLAR;TNFRSF12A;ERBB3;SAT1;CTNNB1;GSN;ISG20;ANXA1;BMF;TNFSF10;GNA15;TIMP1;CASP6;IER3;WEE1;BTG3;CYLD;TGFB2;DPYD;BIRC3;SLC20A1;IRF1;GADD45A;LGALS3;KRT18;DAP;CASP4;NEDD9;SOD2;CASP7;BID;CDK2;GSR;IGF2R;PPP3R1;CASP8;SPTAN1;EBP;BCL2L2;TSPO;TIMP2;CTH;LMNA;SQSTM1;ETF1;BCL10,Lung,Club cell
6,logFC,KRAS Signaling Dn,-0.4796333540558463,-1.7595085274188318,0.001,0.007484316683871992,0.028,25/61,15.42%,SCGB1A1;PTGFR;EDN1;EFHD1;TCF7L1;FGFR3;C5;SELENOP;KRT4;SLC16A7;CLDN8;UPK3B;THRB;NR6A1;SYNPO;TFCP2L1;TGFB2;KMT2D;MX1;YPEL1;SKIL;BMPR1B;IDUA;TENT5C;FGGY,Lung,Club cell
7,logFC,IL-2/STAT5 Signaling,-0.4103508852417715,-1.7386036094199888,0.001,0.007903696498054476,0.034,49/130,21.97%,AHR;IFITM3;MUC1;EMP1;PLAGL1;MYC;AGER;NT5E;DHRS3;MYO1C;IKZF2;AHNAK;SOCS2;SWAP70;TNFSF10;MAP3K8;HK2;CD81;LRIG1;NFKBIZ;SLC39A8;KLF6;IL1RL1;MYO1E;IL4R;MAPKAPK2;CYFIP1;NRP1;IGF1R;PRKCH;CDKN1C;SPRY4;DENND5A;CAPN3;CISH;ALCAM;SH3BGRL2;CCND3;TWSG1;AHCY;CKAP4;IGF2R;PLEC;RNH1;RGS16;ANXA4;NOP2;CA2;PIM1,Lung,Club cell
8,logFC,p53 Pathway,-0.38610223998084686,-1.7041951418902466,0.001,0.01063862639738126,0.052,56/170,18.00%,TM4SF1;SDC1;ZFP36L1;VDR;PLK2;PTPRE;EPHA2;PVT1;CD82;SAT1;PTPN14;DRAM1;TRAF4;INHBB;STOM;FGF13;NINJ1;RRAD;IER5;TAX1BP3;CD81;IER3;TP53;SP1;KRT17;TOB1;KIF13B;VAMP8;NUPR1;RPS12;PMM1;IRAK1;PLXNB2;H2AJ;SEC61A1;ST14;TGFA;GADD45A;RACK1;LDHB;RPL36;HEXIM1;SFN;S100A10;RNF19B;EPHX1;RPL18;CCND3;RAP2B;CDH13;BAIAP2;SLC19A2;FUCA1;RALGDS;PPP1R15A;HBEGF,Lung,Club cell
9,logFC,TGF-beta Signaling,-0.48052949081829444,-1.6958718711546008,0.004282655246252677,0.01029738743746526,0.055,15/49,13.18%,WWTR1;CTNNB1;RAB31;TJP1;SMURF2;PMEPA1;CDH1;SMAD3;BMPR1A;SMURF1;SLC20A1;SKIL;IFNGR2;ID3;CDKN1C,Lung,Club cell
10,logFC,Androgen Response,-0.4232538600564284,-1.6931425936435849,0.001,0.009525493961291627,0.056,35/94,20.42%,STEAP4;ALDH1A3;TMPRSS2;KRT19;INPP4B;DHCR24;CCND1;ARID5B;ABCC4;SELENOP;SAT1;B4GALT1;PMEPA1;IQGAP2;PTPN21;CDC14B;SRF;FADS1;HMGCS1;LIFR;BMPR1B;AKT1;CCND3;PGM3;UAP1;ELL2;GPD1L;MERTK;GSR;GUCY1A1;ZMIZ1;SORD;NCOA4;SEC24D;ELK4,Lung,Club cell
11,logFC,Hypoxia,-0.3817633716531603,-1.6669944427700423,0.001,0.00963498239762831,0.062,48/149,17.42%,TMEM45A;IL6;CP;CCN1;GCNT2;NEDD4L;SULT2B1;VEGFA;EXT1;PLAUR;CAV1;CCN2;F3;PPARGC1A;SDC4;EFNA1;ISG20;TES;ADORA2B;ANXA2;SELENBP1;ERRFI1;NDST1;HK2;CASP6;TNFAIP3;IER3;KDELR3;CSRP2;KLF6;MAP3K1;PGM2;WSB1;ETS1;LDHC;SDC2;FOSL2;CDKN1C;TIPARP;PFKFB3;MYH9;PRKCA;SLC6A6;NAGK;KLHL24;PHKG1;ERO1A;PPP1R15A,Lung,Club cell
12,logFC,Spermatogenesis,0.48133068592526135,1.656107444417882,0.00784313725490196,0.04026467689708574,0.099,12/52,11.19%,SCG5;PCSK1N;PACRG;JAM3;NPHP1;ARL4A;HSPA4L;PSMG1;PEBP1;HSPA2;VDAC3;LPIN1,Lung,Club cell
13,logFC,Interferon Gamma Response,-0.38193869614335996,-1.6420072622151207,0.001,0.010978321289605337,0.077,39/147,17.84%,IL6;ICAM1;CFH;IFITM3;MX2;ARID5B;LATS2;PTGS2;VAMP5;C1R;LY6E;CFB;ISG20;IFITM2;TNFSF10;NAMPT;PLA2G4A;TNFAIP3;PELI1;SERPING1;CD74;MX1;ISOC1;RIPK2;VAMP8;ST3GAL5;PTPN1;IL4R;IRF1;PARP14;CASP4;HLA-DMA;SOD2;CASP7;CCL2;PSMB8;PML;HLA-DRB1;NUP93,Lung,Club cell
14,logFC,Notch Signaling,-0.539533808096653,-1.6323212410817047,0.024667931688804556,0.01096839514015723,0.083,13/25,19.13%,NOTCH3;DTX2;CCND1;DTX4;TCF7L2;NOTCH2;PPARD;ARRB1;PRKCA;HES1;FZD5;WNT5A;MAML2,Lung,Club cell
15,logFC,UV Response Dn,-0.37461620631897014,-1.5895349879883558,0.001,0.015656846396146007,0.121,45/128,13.47%,MET;CCN1;PTGFR;INPP4B;PRKAR2B;PMP22;NFIB;RBPMS;ERBB2;CELF2;MYC;CAV1;LPAR1;F3;TGFBR2;RUNX1;TJP1;ADORA2B;ANXA2;NOTCH2;LTBP1;LDLR;DDAH1;PIAS3;EFEMP1;RND3;VAV2;MTA1;PTPN21;SMAD3;BMPR1A;DLC1;SIPA1L1;PIK3CD;TFPI;PLPP3;COL1A1;SLC7A1;NRP1;IGF1R;SDC2;LAMC1;FBLN5;CDON;ABCC1,Lung,Club cell
16,logFC,Estrogen Response Early,-0.3523507576812839,-1.531658995378353,0.001,0.026195108393551974,0.207,67/151,21.90%,KLK10;MYOF;MUC1;SULT2B1;KRT19;PMAIP1;CELSR1;CCND1;MYC;CLIC3;TFAP2C;TGIF2;DHRS3;MREG;KCNK5;P2RY2;SLC24A3;RAB31;ABLIM1;INHBB;B4GALT1;UGCG;SYNGR1;ELF3;FASN;MAST4;LAD1;FOXC1;RPS6KA2;MED13L;LRIG1;DLC1;SVIL;TOB1;AQP3;THSD4;RHOD;KRT18;FARP1;IGF1R;AFF1;SEMA3B;WWC1;TIPARP;SLC7A5;SFN;CISH;BLVRB;SYBU;FDFT1;SLC19A2;KRT15;SNX24;OVOL2;SCNN1A;CANT1;HES1;AKAP1;SLC1A4;CHPT1;DHCR7;CLDN7;PAPSS2;MLPH;AREG;ADCY9;GJA1,Lung,Club cell
17,logFC,Coagulation,-0.3967078070969077,-1.531109883941548,0.009708737864077669,0.024866756040937774,0.209,21/72,12.06%,MMP7;CTSE;CFH;TFPI2;CLU;F3;CFI;C1R;CFB;MMP15;GSN;ANXA1;C3;TIMP1;FBN1;ANG;SERPING1;PREP;LTA4H;CAPN2;CTSH,Lung,Club cell
18,logFC,IL-6/JAK/STAT3 Signaling,-0.41420833403127966,-1.4864053356043887,0.01580135440180587,0.035027175591377926,0.292,16/53,16.60%,CXCL1;IL6;OSMR;TNFRSF12A;TYK2;IL1R1;MAP3K8;CXCL3;TNFRSF1A;PTPN1;IL4R;IRF1;IFNGR2;LTBR;CBL;PDGFC,Lung,Club cell
19,logFC,Bile Acid Metabolism,-0.38221027664107615,-1.4595670466274917,0.015945330296127564,0.04079020508469618,0.346,18/68,12.91%,BMP6;ALDH1A1;SULT2B1;DHCR24;NEDD4;LIPE;ACSL5;HSD17B11;CYP7B1;HSD17B6;NPC1;TFCP2L1;FADS2;ABCD3;ISOC1;FADS1;IDH1;PEX13,Lung,Club cell
20,logFC,Apical Junction,-0.3372506442685318,-1.4461181033855706,0.00702576112412178,0.042183157309616456,0.369,41/131,16.04%,ICAM1;LAMA3;NECTIN4;ITGA9;CNN2;MPZL2;ICAM4;JUP;EPB41L2;TJP1;CTNNA1;B4GALT1;ADRA1B;CDH1;CLDN8;VCL;CLDN4;CX3CL1;LDLRAP1;CD99;FBN1;VAV2;ACTN4;CNTN1;SHROOM2;PARVA;GRB7;TSPAN4;ICAM5;MDK;SORBS3;PLCG1;PBX2;NEXN;CERCAM;MYH9;ITGA3;LAMC2;CTNND1;CDH3;BAIAP2,Lung,Club cell
21,logFC,KRAS Signaling Up,0.3648053785579781,1.4411043453801784,0.019801980198019802,0.14518513304237646,0.513,21/125,6.92%,CPE;SCG5;PCSK1N;TMEM176B;INHBA;TMEM176A;PCP4;TSPAN7;ETV1;KIF5C;GADD45G;EPB41L3;IL33;TMEM100;G0S2;ID2;PECAM1;ANKH;BTBD3;VWA5A;CBR4,Lung,Club cell
22,logFC,Estrogen Response Late,-0.3314498208678279,-1.4073984293936606,0.01015228426395939,0.054798962386511024,0.474,53/139,20.33%,KLK11;KLK10;AGR2;MYOF;SULT2B1;KRT19;TFPI2;PRKAR2B;CCND1;TNNC1;CAV1;FGFR3;CLIC3;TFAP2C;KCNK5;ASS1;SLC24A3;RAB31;ISG20;GALE;CDH1;LTF;SCUBE2;FOXC1;RPS6KA2;BTG3;TOB1;SERPINA3;ALDH3A2;UGDH;ST14;TST;MDK;FARP1;AFF1;SEMA3B;SLC7A5;SFN;CISH;UNC13B;LAMC2;BLVRB;FDFT1;OVOL2;SCNN1A;SERPINA1;IMPA2;TSPAN13;SORD;SLC1A4;NAB2;CHPT1;DHCR7,Lung,Club cell
23,logFC,Hedgehog Signaling,-0.46963118951015126,-1.3703366721496217,0.10570824524312897,0.07062004143716205,0.573,10/20,17.93%,VEGFA;CELSR1;OPHN1;NRP2;TLE3;NRP1;MYH9;HEY2;PML;LDB1,Lung,Club cell
24,logFC,Epithelial Mesenchymal Transition,-0.32446201485056964,-1.3408190417397903,0.03676470588235294,0.08545810474418156,0.66,39/109,15.20%,CXCL1;IL6;MGP;CCN1;SDC1;CXCL8;LAMA3;TFPI2;PMP22;VEGFA;PLAUR;CCN2;NT5E;TNFRSF12A;FERMT2;SDC4;SNTB1;SAT1;VEGFC;COL12A1;PMEPA1;NOTCH2;TIMP1;FBN1;SERPINH1;TNFAIP3;QSOX1;TPM4;COL1A1;TNC;FLNA;GADD45A;ITGB5;LAMC1;IL32;FBLN5;VIM;LAMC2;FSTL1,Lung,Club cell
25,logFC,Xenobiotic Metabolism,-0.3101769148000556,-1.3234507326670055,0.043583535108958835,0.09311307207707985,0.696,45/131,23.49%,CYB5A;GCNT2;FMO3;NDRG2;ATOH8;EPHA2;JUP;CFB;CYP2J2;IL1R1;PGRMC1;NINJ1;PPARD;CASP6;NPC1;ABCC3;GSTM4;TGFB2;SERTAD1;ATP2A2;PMM1;UGDH;TNFRSF1A;MAOA;IDH1;RAP1GAP;AKR1C2;XDH;EPHX1;BLVRB;ALDH2;SLC6A6;AHCY;TMEM97;TTPA;GSR;LPIN2;PAPSS2;SSR3;CA2;CAT;HSD17B2;CBR1;ELOVL5;PTGR1,Lung,Club cell
26,logFC,Myogenesis,0.336095680220496,1.2869919914559231,0.0940959409594096,0.3170843305645502,0.896,28/100,15.49%,SOD3;DTNA;MYOM1;CKB;FKBP1B;MAPRE3;PTP4A3;SORBS1;MRAS;COL4A2;SCHIP1;LSP1;GPX3;GABARAPL2;IGFBP7;SSPN;APP;LAMA2;LPIN1;ATP6AP1;ACSL1;TSC2;SPARC;VIPR1;EIF4A2;PDLIM7;AK1;FHL1,Lung,Club cell
27,logFC,Allograft Rejection,-0.30495866544766986,-1.253161675158692,0.08545034642032333,0.151100611450806,0.871,34/104,20.34%,IL6;LYN;ICAM1;CCL4;INHBB;RPS19;PRKCG;TIMP1;RPL39;KLRD1;HLA-DOA;HLA-DMB;TGFB2;CD74;RIPK2;BCL3;IL4R;FLNA;IFNGR2;ETS1;RPS3A;HLA-DMA;C2;RPS9;ACVR2A;AKT1;CCND3;CCL2;RPL9;HLA-E;EIF3A;HLA-DRA;UBE2D1;TLR2,Lung,Club cell
28,logFC,Oxidative Phosphorylation,0.29847090859540837,1.2514744078109517,0.05733558178752108,0.30827643249331266,0.952,89/199,33.46%,MAOB;COX17;NDUFA5;GOT2;ATP6V1D;ATP6V0B;VDAC3;SLC25A4;ATP6AP1;COX11;NDUFA7;ACAT1;NDUFA8;COX7A2;SURF1;MTRR;SLC25A11;CYB5R3;ATP5F1B;ALAS1;HADHB;NDUFS7;PDHB;COX8A;HSD17B10;BCKDHA;CYC1;NDUFS2;ATP6V1C1;ACO2;MDH1;PDHX;MDH2;IDH3A;ATP5PB;ISCA1;NDUFAB1;NDUFA3;NDUFS8;SDHB;MTX2;NDUFS1;SLC25A20;POR;NDUFA9;HSPA9;ATP6V1F;ACADM;SDHC;COX7A2L;NDUFC2;IMMT;VDAC1;NDUFB8;ATP5F1A;ATP6V1E1;VDAC2;ATP6V0C;NDUFB2;ATP6V0E1;ATP6V1G1;ATP5F1C;TOMM22;NDUFB7;COX5A;COX6A1;MRPL35;NDUFA2;IDH3G;NDUFC1;ISCU;NDUFS6;UQCR11;OPA1;ACAA2;NDUFB1;ATP5MF;MRPL34;NDUFB6;COX15;ECHS1;NDUFB4;COX5B;NDUFS3;ATP5ME;MPC1;NDUFB5;HTRA2;GPX4,Lung,Club cell
29,logFC,Mitotic Spindle,-0.27806017766274604,-1.2195662892186085,0.09832134292565947,0.1839911061700945,0.916,66/161,29.06%,GSN;EPB41L2;SEPTIN9;CDC42EP1;OPHN1;NOTCH2;VCL;SYNPO;ARHGAP29;EZR;ACTN4;FGD6;RANBP9;SHROOM2;MAP1S;MYO1E;FLNA;CLIP1;ARHGAP27;AKAP13;FARP1;BIN1;NEDD9;LMNB1;NUMA1;RABGAP1;MYH9;PLEKHG2;SMC4;RASA2;TUBD1;SMC1A;TUBGCP5;ARAP3;ECT2;MID1IP1;ARHGAP10;NCK2;DOCK4;SPTAN1;PCNT;TAOK2;ARL8A;NET1;CSNK1D;SUN2;ALS2;ARHGEF12;KIF20B;DLG1;ABI1;HDAC6;CDC42EP4;CNTROB;CTTN;BCR;PAFAH1B1;MYO9B;ABL1;LRPPRC;PXN;ITSN1;ARFGEF1;CD2AP;EPB41;TRIO,Lung,Club cell
30,logFC,Wnt-beta Catenin Signaling,-0.38686841633982905,-1.2098109026757404,0.1975560081466395,0.18881889115352152,0.926,8/27,15.15%,MYC;CTNNB1;PPARD;TP53;WNT5B;ADAM17;HEY2;AXIN1,Lung,Club cell
31,logFC,Interferon Alpha Response,-0.30523083291795433,-1.1946959713423442,0.1488469601677149,0.20110875089335342,0.942,22/80,24.84%,IFITM3;NCOA7;IFITM1;LY6E;ISG20;IFITM2;TRIM5;CD74;MX1;RIPK2;IL4R;IRF1;PARP14;PSMB8;MVB12A;SP110;CASP8;LPAR6;TRIM26;TRIM14;MOV10;TRAFD1,Lung,Club cell
32,logFC,Unfolded Protein Response,-0.28062407980895543,-1.1645070184659922,0.16447368421052633,0.2374690920243047,0.969,25/105,22.39%,NABP1;VEGFA;TATDN2;BAG3;RPS14;KDELR3;SEC31A;EDEM1;EIF2AK3;DDX10;CEBPB;SLC7A5;EDC4;CCL2;ERO1A;KHSRP;DCP2;HYOU1;SEC11A;EIF4G1;SLC1A4;WIPI1;NFYA;CALR;PARN,Lung,Club cell
33,logFC,Pperoxisome,-0.2935585393200142,-1.1413381882580416,0.18287037037037038,0.2652028904947193,0.987,19/79,16.51%,SCGB1A1;ALDH1A1;SULT2B1;DHCR24;ACSL5;DHRS3;HSD17B11;ESR2;ABCD3;ISOC1;FADS1;IDH1;SLC25A17;PEX13;PRDX1;SOD2;HSD17B4;CLN8;ECI2,Lung,Club cell
34,logFC,Angiogenesis,0.40832193604173284,1.1272780154256519,0.31610337972166996,0.5237505279459383,0.999,8/21,13.86%,COL5A2;THBD;JAG1;LPL;SLCO2A1;APP;OLR1;CCND2,Lung,Club cell
35,logFC,mTORC1 Signaling,-0.2490475984956758,-1.1039380154802194,0.23232323232323232,0.3216840897272678,0.998,62/179,27.64%,NIBAN1;DHCR24;PHGDH;ME1;CTSC;TES;MTHFD2L;ACACA;NAMPT;LDLR;HK2;MAP2K3;SERPINH1;FADS2;EDEM1;FADS1;NUPR1;HMGCS1;ATP2A2;LTA4H;IDH1;DHFR;ADIPOR2;TXNRD1;SLC7A5;PRDX1;TM7SF2;UFM1;SLC6A6;TMEM97;ERO1A;PPP1R15A;GSR;GMPS;SEC11A;SORD;SLC1A4;DHCR7;YKT6;NFKBIB;EBP;PITPNB;NFYC;ENO1;CALR;CTH;PPA1;SQSTM1;ELOVL5;SCD;ETF1;CANX;SHMT2;HMBS;SC5D;G6PD;PFKL;GGA2;SQLE;CDKN1A;ACSL3;P4HA1,Lung,Club cell
36,logFC,Myc Targets V2,-0.3114751897561149,-1.102986084197909,0.2725274725274725,0.3136073860478043,0.998,24/52,35.45%,MYC;TCOF1;HK2;PPAN;MCM5;CBX3;TMEM97;SORD;NOP2;NDUFAF4;PPRC1;SLC19A1;PUS1;TFB2M;NPM1;NIP7;NOP16;GNL3;MYBBP1A;HSPE1;WDR74;DUSP2;WDR43;UTP20,Lung,Club cell
37,logFC,G2-M Checkpoint,-0.2555759048823598,-1.086941591544096,0.24630541871921183,0.33470614988124714,0.999,62/135,33.70%,CCND1;MYC;EFNA5;NOTCH2;SMAD3;HMGB3;TLE3;TOP1;SLC12A2;BCL3;AMD1;SLC7A1;HMGA1;EZH2;LMNB1;NUMA1;SLC7A5;CUL3;SMC4;SMC1A;MCM5;RPS6KA5;PML;STAG1;SS18;TENT4A;NUP50;SYNCRIP;MAP3K20;FANCC;PRIM2;LBR;DMD;HNRNPU;KMT5A;KIF20B;NUP98;DBF4;GSPT1;PAFAH1B1;CKS1B;TNPO2;ILF3;MCM3;ABL1;SMARCC1;SQLE;DDX39A;CUL1;JPT1;RAD23B;CTCF;CUL4A;KIF22;CKS2;RAD21;MTF2;CDC27;MT2A;CDKN1B;YTHDC1;CHEK1,Lung,Club cell
38,logFC,Glycolysis,-0.24985249886574612,-1.0818957081975502,0.26735218508997427,0.33527613379982346,1.0,29/152,13.11%,MET;CYB5A;SDC1;VEGFA;EXT1;NT5E;ME1;ISG20;GALE;ADORA2B;B4GALT1;ELF3;B4GALT2;HK2;CASP6;IER3;KDELR3;SLC35A3;AGRN;ANG;QSOX1;PGM2;TGFA;IDH1;CLDN3;LDHC;SDC2;CHPF2;HS6ST2,Lung,Club cell
39,logFC,Fatty Acid Metabolism,-0.25325057730499434,-1.0588737405005582,0.31009615384615385,0.3701897879774478,1.0,27/124,18.12%,ALDH1A1;DHCR24;ACSL5;ME1;HSD17B11;REEP6;XIST;FASN;ALDH3A2;HMGCS1;UGDH;MAOA;IDH1;BMPR1B;ADIPOR2;HSDL2;HSD17B4;S100A10;EPHX1;ACSS1;ECI2;OSTC;GPD1;CBR3;BLVRA;GPD2;ACADVL,Lung,Club cell
40,logFC,UV Response Up,-0.24452914385231955,-1.0201575003045946,0.4021978021978022,0.439696436291767,1.0,44/120,28.05%,CXCL2;IL6;LYN;ICAM1;FOSB;CHKA;RRAD;RAB27A;BTG3;TYRO3;AMD1;PRKCD;MAOA;AQP3;IRF1;TST;PTPRD;CDKN1C;GLS;HLA-F;SOD2;EPHX1;CCND3;BID;MMP14;CDK2;DGAT1;YKT6;EIF2S3;MRPL23;SULT1A1;CA2;PLCL1;SQSTM1;HNRNPU;MGAT1;NR4A1;STARD3;PARP2;MARK2;DDX21;GCH1;GRPEL1;IL6ST,Lung,Club cell
41,logFC,E2F Targets,-0.23076209055941363,-0.9940176230101219,0.4748743718592965,0.48567146913450415,1.0,63/137,39.37%,MYC;POLE4;DIAPH3;SPC25;WEE1;TP53;SHMT1;HMGB3;PAICS;BRMS1L;MMS22L;HMGA1;DNMT1;EZH2;IPO7;LMNB1;CIT;SMC4;SMC1A;MCM5;STAG1;MCM7;SYNCRIP;RAD1;PRIM2;LBR;NUP153;GSPT1;CKS1B;HELLS;ILF3;MCM3;SNRPB;CDKN1A;DDX39A;JPT1;USP1;NME1;CTCF;CHEK2;KIF22;ING3;CKS2;RAD21;NCAPD2;CDKN1B;CHEK1;H2AX;ATAD2;PRKDC;NUDT21;NASP;NAA38;TFRC;NBN;DCTPP1;DONSON;UNG;AK2;PPM1D;BRCA2;NAP1L1;NUP205,Lung,Club cell
42,logFC,DNA Repair,0.22888639639438318,0.9135830332141213,0.6479591836734694,1.0,1.0,54/131,33.70%,PDE4B;REV3L;CETN2;RPA2;COX17;BCAM;SNAPC5;DGUOK;SAC3D1;RFC3;TAF6;SURF1;GTF2A2;DDB2;NME3;MRPL40;POLR2I;MPG;AK1;POLR3GL;ERCC5;EIF1B;TAF9;TK2;CSTF3;POLD3;POLR2K;GMPR2;RAE1;GTF2H5;SUPT4H1;RPA3;POLR2C;DUT;USP11;TSG101;ERCC4;NT5C3A;VPS28;GUK1;POLR1C;DGCR8;MPC2;HCLS1;FEN1;NT5C;POLR2E;POLR2A;UPF3B;XPC;GPX4;RRM2B;NELFCD;GTF3C5,Lung,Club cell
43,logFC,heme Metabolism,-0.20746095092033184,-0.8899456322613746,0.7576530612244898,0.7302302448728827,1.0,35/150,19.74%,CTSE;HBB;TSPAN5;SLC25A37;ICAM4;PDZK1IP1;SELENBP1;C3;SLC11A2;MFHAS1;MAP2K3;TOP1;MBOAT2;MOCOS;SLC66A2;GAPVD1;TNS1;AQP3;CLIC2;BACH1;RAP1GAP;HEBP1;TENT5C;BLVRB;CCND3;SLC10A3;FBXO34;ELL2;BLVRA;LPIN2;CA1;GMPS;KLF3;GDE1;NCOA4,Lung,Club cell
44,logFC,Myc Targets V1,-0.1959777908102602,-0.8794926088545826,0.8155844155844156,0.7333703909579395,1.0,63/189,34.70%,MYC;FBL;PABPC4;SNRPA;RPS5;RPS6;RPL34;RPLP0;RPS10;RACK1;EIF3B;TRIM28;STARD7;RPL14;RPL18;FAM120A;SF3B3;MCM5;SF3A1;CBX3;RPS3;CDK2;RPS2;MCM7;SYNCRIP;RPL22;IMPDH2;MRPL23;PRPS2;EEF1B2;ETF1;HNRNPU;DHX15;UBE2E1;CANX;RPL6;GSPT1;DDX21;SRPK1;SMARCC1;TOMM70;PABPC1;SERBP1;CUL1;HNRNPA1;PHB2;RAD23B;USP1;NME1;IFRD1;PRPF31;HNRNPA3;NPM1;HPRT1;NOP16;SNRPD3;HDGF;GNL3;HSPE1;SNRPD2;MRPL9;EIF3D;EIF1AX,Lung,Club cell
45,logFC,Pancreas Beta Cells,0.3551971394519572,0.8771624492958482,0.6192468619246861,1.0,1.0,2/13,4.69%,PCSK2;AKT3,Lung,Club cell
46,logFC,Protein Secretion,0.22300149944278722,0.8426864923537863,0.7841105354058722,1.0,1.0,18/93,19.00%,DST;PAM;TPD52;ICA1;SCAMP1;EGFR;SSPN;SCRN1;TMX1;BNIP3;AP2M1;STX7;GLA;RAB2A;PPT1;STX12;KIF1B;CLN5,Lung,Club cell
47,logFC,PI3K/AKT/mTOR  Signaling,0.2107065264423738,0.7993940046010384,0.856655290102389,1.0,1.0,10/89,13.00%,ADCY2;VAV3;HRAS;EGFR;SLC2A1;RALB;ITPR2;PIN1;AP2M1;TSC2,Lung,Club cell
48,logFC,Adipogenesis,0.16698663436315717,0.694841498006274,0.9950083194675541,1.0,1.0,33/172,17.51%,ENPP2;UCP2;SORBS1;CMBL;PEMT;EPHX2;STAT5A;LPL;MGLL;ARL4A;GPX3;DNAJB9;ALDOA;NDUFA5;QDPR;SSPN;PREB;SCARB1;DRAM2;ELOVL6;GHITM;LTC4S;MCCC1;COQ9;COX8A;BCKDHA;CYC1;ESYT1;ACO2;UCK1;MDH2;FABP4;IDH3A,Lung,Club cell
49,logFC,Reactive Oxygen Species Pathway,0.1665120519100085,0.5678320668215588,0.9945155393053017,0.9954244685344221,1.0,9/45,16.67%,LSP1;GPX3;CDKN2D;GCLC;IPCEF1;ATOX1;PRDX2;GLRX;NDUFS2,Lung,Club cell
0,logFC,Epithelial Mesenchymal Transition,-0.48229979333306056,-1.7469607223213255,0.001,0.04753521126760564,0.049,24/55,18.20%,NT5E;GJA1;TIMP1;IGFBP4;DAB2;FBN1;NNMT;LOX;TGFBR3;HTRA1;VIM;COL4A1;MGP;ITGB1;PTX3;CD59;ELN;PMP22;TPM4;PDLIM4;FN1;CALD1;CCN2;CTHRC1,Lung,Endothelial cell of lymphatic vessel
1,logFC,Apical Surface,-0.6919611163348085,-1.6421865391768293,0.020833333333333332,0.09167505030181088,0.172,5/10,11.80%,EFNA5;LYN;SULF2;APP;ADAM10,Lung,Endothelial cell of lymphatic vessel
2,logFC,Estrogen Response Late,0.45767504863169484,1.626451022477433,0.004273504273504274,0.2936214363045832,0.242,17/48,11.90%,TSPAN13;EMP2;ID2;ARL3;FARP1;RAB31;DNAJC1;ISG20;ABHD2;ELOVL5;FKBP5;XBP1;DCXR;BTG3;ATP2B4;FOS;PDCD4,Lung,Endothelial cell of lymphatic vessel
3,logFC,Coagulation,-0.4720120037253551,-1.5931017759694,0.015151515151515152,0.10250790457027882,0.262,14/43,13.31%,THBD;TIMP1;FBN1;F8;GNG12;PRSS23;CLU;HTRA1;CFI;PROS1;SERPING1;PECAM1;CPQ;A2M,Lung,Endothelial cell of lymphatic vessel
4,logFC,Hypoxia,0.40361740405368296,1.5602671682642206,0.009174311926605505,0.24122609166365933,0.369,21/68,17.43%,NEDD4L;EXT1;ERRFI1;HK1;ATF3;PAM;RORA;BHLHE40;JUN;ISG20;ZNF292;IDS;NR3C1;FOS;WSB1;FOSL2;GLRX;BTG1;S100A4;MIF;HSPA5,Lung,Endothelial cell of lymphatic vessel
5,logFC,Apical Junction,-0.43337659761291464,-1.5516525796734784,0.012704174228675136,0.1195656079333142,0.38,15/56,11.61%,PARD6G;FBN1;FSCN1;LAYN;ITGA9;EPB41L2;CD99;SKAP2;TSPAN4;SHC1;RSU1;ITGB1;ICAM2;PECAM1;MYH10,Lung,Endothelial cell of lymphatic vessel
6,logFC,KRAS Signaling Up,-0.4656127929242256,-1.5487788552074335,0.018281535648994516,0.09836878413337168,0.389,12/36,8.32%,TFPI;GNG11;LY96;GYPC;AKAP12;RELN;FLT4;IL33;RGS16;KLF4;LAPTM5;EMP1,Lung,Endothelial cell of lymphatic vessel
7,logFC,Angiogenesis,-0.6651007247715753,-1.5322401047359109,0.04339622641509434,0.09555547571141133,0.431,5/9,9.76%,THBD;TIMP1;PDGFA;SLCO2A1;APP,Lung,Endothelial cell of lymphatic vessel
8,logFC,TNF-alpha Signaling via NF-kB,0.3868791187156747,1.528122763655554,0.004662004662004662,0.20646878383255143,0.445,26/79,15.90%,EGR1;ATF3;ICAM1;NR4A1;TSC22D1;BHLHE40;ID2;JUN;TGIF1;LITAF;EDN1;IER2;BTG2;JAG1;RHOB;SAT1;BTG3;PDLIM5;FOS;CFLAR;FOSL2;KLF9;JUNB;BTG1;NFKBIA;FOSB,Lung,Endothelial cell of lymphatic vessel
9,logFC,Allograft Rejection,-0.45504222525328863,-1.5238026982152884,0.01936619718309859,0.08800250482486757,0.453,16/42,25.27%,CCL2;IL7;TIMP1;HLA-E;LYN;BCAT1;WARS1;TGFB2;B2M;HLA-A;PSMB10;CD74;RPS19;DEGS1;IFNGR2;ETS1,Lung,Endothelial cell of lymphatic vessel
10,logFC,IL-6/JAK/STAT3 Signaling,-0.4980817121902577,-1.4533436244880773,0.05084745762711865,0.1373913121586663,0.647,7/22,13.31%,IL7;CD36;PDGFC;ACVRL1;IL6ST;TNFRSF1A;A2M,Lung,Endothelial cell of lymphatic vessel
11,logFC,Interferon Gamma Response,-0.3740834492340842,-1.3459337446516404,0.05351170568561873,0.2507185972980742,0.896,28/60,26.39%,CCL2;IL7;VAMP5;ARL4A;IFITM3;IFITM2;CASP4;WARS1;ISG15;SERPING1;HLA-B;HLA-DRB1;LY6E;B2M;ARID5B;PSMB8;MT2A;TNFSF10;NCOA3;UBE2L6;HLA-A;PSMB10;CD74;IFI30;CFH;SOCS3;TXNIP;IFI35,Lung,Endothelial cell of lymphatic vessel
12,logFC,Reactive Oxygen Species Pathway,0.4394209712913194,1.3457772713534057,0.09090909090909091,0.5083904727535186,0.839,6/25,14.49%,GPX3;PRDX2;GPX4;MGST1;JUNB;GLRX,Lung,Endothelial cell of lymphatic vessel
13,logFC,Adipogenesis,-0.3456539650739181,-1.3290854672248638,0.06093189964157706,0.2489292900258695,0.918,20/83,17.27%,LTC4S;FABP4;PPARG;CD36;SNCG;CAVIN2;LAMA4;ARL4A;CAVIN1;SQOR;PLIN2;COL4A1;MGST3;CD302;ACADS;SCP2;ITSN1;RNF11;CDKN2C;CD151,Lung,Endothelial cell of lymphatic vessel
14,logFC,Myogenesis,-0.3755544927208859,-1.2950489464564625,0.10582010582010581,0.2752456296218872,0.956,11/46,9.76%,IGF1;CD36;IGFBP7;COX7A1;FHL1;CNN3;MEF2C;CLU;SPHK1;ITGB1;APP,Lung,Endothelial cell of lymphatic vessel
15,logFC,Glycolysis,0.37092592429094073,1.2894607477350546,0.10922330097087378,0.5557019126669073,0.912,13/45,18.81%,EXT1;PAM;ISG20;ZNF292;CYB5A;ARPP19;TALDO1;GLRX;MDH1;MIF;COPB2;HSPA5;MDH2,Lung,Endothelial cell of lymphatic vessel
16,logFC,Complement,-0.3410494217396417,-1.2647366985861044,0.0975177304964539,0.3011371802242024,0.977,20/64,20.41%,CD36;TIMP1;F8;PRCP;DOCK9;LIPA;CLU;LYN;CASP4;SERPING1;CD59;ZFPM2;CPQ;CTSD;CTSL;FN1;CBLB;TIMP2;S100A13;ANXA5,Lung,Endothelial cell of lymphatic vessel
17,logFC,Interferon Alpha Response,-0.3905032568108775,-1.236439316494013,0.16695957820738136,0.3271497114555465,0.986,18/32,29.46%,IL7;IFITM3;IFITM2;PROCR;WARS1;ISG15;TMEM140;LY6E;B2M;PSMB8;UBE2L6;CD74;IFI30;HLA-C;TXNIP;IFI35;PSMB9;PSME2,Lung,Endothelial cell of lymphatic vessel
18,logFC,UV Response Dn,-0.338845519594721,-1.2197837394539885,0.14594594594594595,0.3322614256970394,0.989,14/58,12.41%,TFPI;KALRN;PPARG;GJA1;DAB2;NFIB;ANXA2;TGFBR3;TGFBR2;SYNE1;ADD3;PLPP3;IGFBP5;PMP22,Lung,Endothelial cell of lymphatic vessel
19,logFC,IL-2/STAT5 Signaling,-0.331443786290622,-1.2121399338945558,0.15357142857142858,0.3229160678355849,0.991,20/58,17.40%,NT5E;SLC2A3;RGS16;GLIPR2;ARL4A;PLIN2;IFITM3;SOCS2;EMP1;CYFIP1;SCN9A;SH3BGRL2;PRKCH;PLPP1;PHLDA1;TNFSF10;NCOA3;PLEC;WLS;AHNAK,Lung,Endothelial cell of lymphatic vessel
20,logFC,UV Response Up,0.32100351922877624,1.18608475246136,0.18072289156626506,0.7861030915433658,0.989,15/55,16.60%,GPX3;ATF3;DNAJB1;ICAM1;NR4A1;BTG2;RHOB;BTG3;FOS;JUNB;BTG1;NFKBIA;PSMC3;FOSB;BSG,Lung,Endothelial cell of lymphatic vessel
21,logFC,Pancreas Beta Cells,-0.5399343141838283,-1.1473827461752588,0.3364485981308411,0.4184189961195746,0.998,3/7,31.70%,LMO2;AKT3;FOXO1,Lung,Endothelial cell of lymphatic vessel
22,logFC,Inflammatory Response,-0.3484239746294796,-1.1433026458163393,0.2559852670349908,0.4020234854505182,0.998,8/38,9.44%,CCL2;TIMP1;CALCRL;RGS16;PDPN;LYN;SPHK1;PTPRE,Lung,Endothelial cell of lymphatic vessel
23,logFC,Xenobiotic Metabolism,-0.3186845684054256,-1.1352019273023282,0.2713472485768501,0.3953183386030469,0.998,14/49,16.89%,IGF1;CD36;IGFBP4;PDK4;BCAT1;PROS1;DDAH2;BCAR1;EPHX1;TGFB2;TNFRSF1A;MT2A;MAN1A1;NINJ1,Lung,Endothelial cell of lymphatic vessel
24,logFC,Cholesterol Homeostasis,0.37217635403164395,1.1335990052048286,0.2744186046511628,0.850183017992473,0.996,6/24,6.53%,ERRFI1;ATF3;CYP51A1;ATXN2;SREBF2;JAG1,Lung,Endothelial cell of lymphatic vessel
25,logFC,Hedgehog Signaling,-0.551019325039416,-1.1230087155708979,0.3333333333333333,0.39662032344442594,0.999,2/6,16.99%,NRP2;TLE1,Lung,Endothelial cell of lymphatic vessel
26,logFC,Estrogen Response Early,0.30445232098928565,1.0688569782682518,0.3372365339578454,0.9942146337062432,0.998,13/49,11.61%,NAV2;KRT8;BHLHE40;ARL3;FARP1;RAB31;ABHD2;ELOVL5;FKBP5;XBP1;IGF1R;FOS;KRT18,Lung,Endothelial cell of lymphatic vessel
27,logFC,Unfolded Protein Response,0.30807808780489,1.0557724628910612,0.3708609271523179,0.9344701070612295,0.998,15/45,24.89%,EIF4EBP1;ATF3;XBP1;CNOT4;SERP1;HSPA9;ATF6;ATP6V0D1;EIF4A2;HSPA5;HERPUD1;LSM4;SEC31A;BANF1;EIF4G1,Lung,Endothelial cell of lymphatic vessel
28,logFC,G2-M Checkpoint,0.292805307031494,1.0516767478894902,0.3743961352657005,0.8530584626488633,0.998,25/53,32.37%,FOXN3;MNAT1;TOP1;H2AZ2;RAD21;HMGN2;TRA2B;MEIS2;SFPQ;JPT1;H2AZ1;YTHDC1;ODC1;EWSR1;SRSF1;ATRX;RAD23B;CDK4;HIF1A;HNRNPU;SMC4;DDX39A;KIF5B;PAFAH1B1;SNRPD1,Lung,Endothelial cell of lymphatic vessel
29,logFC,Protein Secretion,0.27738934584756864,1.0225614230780866,0.41435185185185186,0.8703003510383517,0.999,17/56,27.42%,ATP1A1;PAM;KIF1B;MON2;KRT18;CTSC;ARFGAP3;RPS6KA3;COPB2;GOLGA4;RAB2A;SEC31A;ARFGEF1;TMED10;CLTC;NAPA;TMX1,Lung,Endothelial cell of lymphatic vessel
30,logFC,mTORC1 Signaling,0.24799929409875532,1.0000803814883106,0.44075829383886256,0.8691920786719596,1.0,25/87,22.33%,CYP51A1;BHLHE40;ACACA;BTG2;PIK3R3;PPA1;ELOVL5;CACYBP;XBP1;EPRS1;SERP1;HSPA9;CTSC;ARPC5L;IFRD1;HSPE1;GLRX;PSMC2;HSPA5;SDF2L1;HSPA4;TXNRD1;ACSL3;HSPD1;GSK3B,Lung,Endothelial cell of lymphatic vessel
31,logFC,Pperoxisome,-0.3367116120906302,-0.9960391850883702,0.4621212121212121,0.6281438631790746,1.0,12/24,31.80%,SCGB1A1;GSTK1;ECI2;SCP2;FDPS;CNBP;ECH1;PRDX1;TSPO;YWHAH;MVP;ERCC1,Lung,Endothelial cell of lymphatic vessel
32,logFC,Oxidative Phosphorylation,0.23160345684167705,0.9951100316732752,0.47002398081534774,0.8166969713793966,1.0,46/133,31.45%,ATP1B1;TIMM50;CYB5A;GPX4;ATP6V0B;ACADVL;SDHB;UQCR10;NDUFA7;HSPA9;FDX1;NDUFV2;LDHB;NQO2;MDH1;TIMM17A;MDH2;SLC25A5;PDHB;NDUFS3;NDUFA5;HSD17B10;ATP5F1A;SURF1;VDAC1;NDUFA9;ATP6V0C;SDHA;ATP5MC3;NDUFS8;ATP6AP1;UQCRC2;MRPL34;ECHS1;PHB2;ACADM;COX8A;ATP5MF;VDAC2;ATP6V1G1;POR;SUCLG1;UQCRC1;UQCRFS1;COX17;NDUFB2,Lung,Endothelial cell of lymphatic vessel
33,logFC,Spermatogenesis,0.4468501444567712,0.9910393363469138,0.4912663755458515,0.7713306181368252,1.0,3/7,11.84%,BRAF;TALDO1;PEBP1,Lung,Endothelial cell of lymphatic vessel
34,logFC,KRAS Signaling Dn,0.414632292835845,0.963403903713043,0.4978448275862069,0.7903915553951641,1.0,4/9,11.07%,EDN1;BTG2;ZBTB16;CDKAL1,Lung,Endothelial cell of lymphatic vessel
35,logFC,heme Metabolism,0.2517618817091012,0.9483142894338988,0.5292740046838408,0.7814558146878383,1.0,16/61,16.99%,RNF19A;MARK3;TOP1;H4C3;PRDX2;BTG2;DCAF10;BCAM;YPEL5;NEK7;TMEM9B;NR3C1;DAAM1;RAD23A;BSG;TNRC6B,Lung,Endothelial cell of lymphatic vessel
36,logFC,Apoptosis,0.24576864935824325,0.9374268002368149,0.582392776523702,0.7618533338994206,1.0,15/65,14.94%,GPX3;ATF3;JUN;ISG20;DPYD;BTG2;GPX4;RHOB;SAT1;BTG3;KRT18;CFLAR;PDCD4;DAP;NEDD9,Lung,Endothelial cell of lymphatic vessel
37,logFC,DNA Repair,0.2521714955994335,0.9023556035766067,0.6461538461538462,0.7988993143269578,1.0,17/50,23.61%,VPS37B;IMPDH2;BCAM;GPX4;AK1;POLR1D;RPA3;GTF2A2;EIF1B;REV3L;DUT;SEC61A1;POLR2C;POLR2J;SURF1;POLR2K;ADRM1,Lung,Endothelial cell of lymphatic vessel
38,logFC,Androgen Response,-0.2607132077426198,-0.8870594383381821,0.6466431095406361,0.844177308750462,1.0,14/41,22.58%,AKAP12;MAF;SELENOP;CCND1;MYL12A;PLPP1;SLC38A2;B2M;ARID5B;ACTN1;ADAMTS1;NDRG1;UBE2J1;TMEM50A,Lung,Endothelial cell of lymphatic vessel
39,logFC,p53 Pathway,-0.2403778301068517,-0.8810726799461246,0.6642984014209592,0.8185492827092425,1.0,11/64,10.04%,PDGFA;TM4SF1;RGS16;KLF4;S100A10;SPHK1;BLCAP;PROCR;PTPRE;APP;EPHX1,Lung,Endothelial cell of lymphatic vessel
40,logFC,Mitotic Spindle,-0.21967348124904829,-0.8263574338512362,0.7930434782608695,0.8952394491170627,1.0,18/71,17.91%,FSCN1;EPB41L2;RAPGEF5;ARHGEF12;ARF6;WASF2;BCAR1;MARCKS;MYH10;MAP3K11;CDC42EP2;ITSN1;CDC42;ARHGAP29;TUBA4A;SPTAN1;KIFAP3;PXN,Lung,Endothelial cell of lymphatic vessel
41,logFC,TGF-beta Signaling,0.2651726080966757,0.8053122521254067,0.7559912854030502,0.9619555926988167,1.0,4/24,8.93%,ID2;RAB31;TGIF1;ARID4B,Lung,Endothelial cell of lymphatic vessel
42,logFC,Wnt-beta Catenin Signaling,0.38237134114783305,0.7816568377590483,0.732739420935412,0.9532321364128473,1.0,2/6,21.34%,JAG1;RBPJ,Lung,Endothelial cell of lymphatic vessel
43,logFC,E2F Targets,0.21717384938912518,0.7562715773989553,0.8656036446469249,0.94405492258253,1.0,17/48,31.54%,RAD21;RBBP7;TRA2B;JPT1;H2AZ1;RPA3;DUT;HMGB2;PNN;NAP1L1;EXOSC8;SRSF1;RANBP1;CDK4;SMC4;DDX39A;CBX5,Lung,Endothelial cell of lymphatic vessel
44,logFC,Notch Signaling,-0.2895123341123865,-0.7016157989872158,0.8512241054613936,1.0,1.0,3/11,19.32%,CCND1;TCF7L2;APH1A,Lung,Endothelial cell of lymphatic vessel
45,logFC,Fatty Acid Metabolism,-0.19367654671014553,-0.694922390793356,0.9523809523809523,1.0,1.0,16/53,28.34%,LTC4S;CD36;S100A10;EPHX1;ACADS;ECI2;SUCLG2;SDHC;UBE2L6;SDHD;GRHPR;ECH1;YWHAH;MAOA;ACO2;SERINC1,Lung,Endothelial cell of lymphatic vessel
46,logFC,Bile Acid Metabolism,-0.29831416832725943,-0.6880913222534084,0.8618181818181818,0.9674199040396224,1.0,3/9,22.17%,GSTK1;SCP2;OPTN,Lung,Endothelial cell of lymphatic vessel
47,logFC,Myc Targets V1,0.15139191787992967,0.6560151444577175,1.0,0.9922103113414914,1.0,65/141,39.76%,IMPDH2;CCT7;TRA2B;EPRS1;IFRD1;HSPE1;H2AZ1;APEX1;PSMD7;SRM;DUT;ODC1;YWHAQ;SET;HSPD1;ACP1;NAP1L1;VBP1;SNRPD3;CLNS1A;VDAC1;SRSF1;RANBP1;ETF1;SSBP1;RAD23B;SNRPG;PHB2;PSMB2;CDK4;LSM7;GLO1;HNRNPU;UBA2;HSP90AB1;ILF2;TCP1;HNRNPC;EIF1AX;SNRPD1;PRDX3;PABPC1;UBE2L3;EIF4G2;HNRNPR;HDAC2;BUB3;PTGES3;EIF4E;U2AF1;HNRNPD;PGK1;PRDX4;YWHAE;NHP2;MRPS18B;KPNB1;DEK;PSMD3;SRSF2;SRSF7;GSPT1;CCT5;RPLP0;SRSF3,Lung,Endothelial cell of lymphatic vessel
48,logFC,Myc Targets V2,0.22579885997761856,0.5159431208704693,0.9607390300230947,0.9920155178635871,1.0,4/9,27.80%,HSPE1;SRM;HSPD1;CDK4,Lung,Endothelial cell of lymphatic vessel
49,logFC,PI3K/AKT/mTOR  Signaling,-0.11229915313021893,-0.37017818943141717,1.0,0.9998562805403852,1.0,1/37,1.92%,VAV3,Lung,Endothelial cell of lymphatic vessel
0,logFC,Inflammatory Response,-0.6235691226506169,-2.5678175477491796,0.001,0.001,0.001,72/145,14.08%,CCL17;CCL2;GPR183;CLEC5A;STAB1;PTGER2;SPHK1;CD48;CXCL10;EREG;CD14;IL10;OSM;IL18R1;CMKLR1;NLRP3;GPR132;RGS1;ABCA1;HIF1A;TLR2;PLAUR;TNFRSF1B;MXD1;TIMP1;EMP3;CYBB;ADM;PIK3R5;IRAK2;ICOSLG;FPR1;AQP9;CDKN1A;C5AR1;C3AR1;TNFAIP6;PTAFR;ADORA2B;NAMPT;MEFV;GABBR1;CXCL8;NOD2;PDE4B;MMP14;CSF3R;NFKBIA;ITGA5;KIF1B;IL1R1;NFKB1;PTPRE;IFNGR2;RNF144B;LCP2;P2RX4;SEMA4D;CCL20;IL10RA;RIPK2;IL7R;RHOG;LYN;CD55;OLR1;GNAI3;SLC31A2;TLR1;AHR;GNA15;MARCO,Lung,Macrophage
1,logFC,TNF-alpha Signaling via NF-kB,-0.5454008390611251,-2.317501483899573,0.001,0.001,0.001,93/182,19.12%,CCL2;GPR183;SPHK1;AREG;CXCL10;DUSP4;VEGFA;ABCA1;TLR2;PLAUR;MARCKS;MXD1;PFKFB3;SIK1;SLC2A3;MAP3K8;BTG1;SGK1;SOD2;NINJ1;TRAF1;SOCS3;SLC16A6;ICOSLG;CDKN1A;ETS2;NR4A2;FOSL2;IER3;ID2;MCL1;NR4A3;CXCL2;DUSP2;CD44;TNFAIP6;NFKB2;NAMPT;FOSB;ZFP36;TNIP1;PDE4B;CEBPD;CCL4;NFKBIA;FOS;SAT1;KLF9;PNRC1;JUNB;GADD45B;PHLDA1;TAP1;NFKB1;SERPINB8;PTPRE;IFNGR2;TNFAIP3;EIF1;B4GALT5;G0S2;CCL20;KYNU;KLF2;NFIL3;RIPK2;REL;PLEK;IL7R;BCL2A1;FUT4;RELB;OLR1;KLF10;KLF4;TNFAIP8;CEBPB;BCL3;RNF19B;ICAM1;DUSP5;MAP2K3;CCL5;SNN;CFLAR;DUSP1;TGIF1;FOSL1;LITAF;BIRC2;RHOB;KLF6;ZC3H12A,Lung,Macrophage
2,logFC,Allograft Rejection,-0.563787433806712,-2.281721574232097,0.001,0.001,0.001,50/142,14.30%,MMP9;CCL2;CCR5;STAT4;CCL13;STAB1;FCGR2B;PRKCB;BCAT1;EREG;IL10;NLRP3;ST8SIA4;TLR6;HIF1A;TLR2;TIMP1;CD1D;ICOSLG;CCR1;IFNAR2;CD86;SRGN;FYB1;ITGB2;CCND2;CCL4;TAP1;CD7;IFNGR2;HLA-E;LCP2;CD2;FLNA;IL27RA;HLA-A;RPS3A;TGFB1;NME1;RIPK2;RPL9;EIF5A;CAPG;RPL39;LYN;RPS9;TLR1;CTSS;IGSF6;IFNGR1,Lung,Macrophage
3,logFC,Estrogen Response Early,0.6959276699352132,2.1731203396530616,0.001,0.007643633105610931,0.013,40/123,9.14%,TFF3;ELF3;KRT19;CCND1;MUC1;ABLIM1;THSD4;SCNN1A;PRSS23;KRT8;CELSR1;KRT18;WFS1;NAV2;AR;IGFBP4;MLPH;MAST4;KAZN;HES1;TSKU;ABCA3;AQP3;FARP1;MYB;DLC1;FASN;RETREG1;PEX11A;DHCR7;TGM2;RHOD;PLAAT3;IL17RB;FDFT1;ENDOD1;SVIL;CLDN7;SLC37A1;ADCY9,Lung,Macrophage
4,logFC,IL-6/JAK/STAT3 Signaling,-0.6000036915668563,-2.163288420148232,0.001,0.001,0.001,27/71,15.32%,IL1R2;CXCL10;CD14;IL18R1;TLR2;TNFRSF1B;HMOX1;MAP3K8;IL3RA;SOCS3;CSF2RA;PIK3R5;CCR1;GRB2;CD44;LTBR;ITGA4;CSF3R;IL1R1;IFNGR2;MYD88;TGFB1;PIM1;TNFRSF21;IL10RB;IFNGR1;IL13RA1,Lung,Macrophage
5,logFC,Estrogen Response Late,0.6472791128923056,2.0106060245389723,0.002631578947368421,0.04262795385821481,0.124,28/116,7.81%,TFF3;AGR2;KRT19;PERP;CCND1;CDH1;SCNN1A;CKB;PRSS23;PTGER3;WFS1;TSPAN13;LARGE1;CPE;IGFBP4;ABCA3;FARP1;MYB;HOMER2;CAV1;DHCR7;LLGL2;EMP2;PLAAT3;MDK;PRKAR2B;IL17RB;FDFT1,Lung,Macrophage
6,logFC,KRAS Signaling Dn,0.677762041448328,1.9459710510492372,0.020602218700475437,0.04488184567140777,0.189,16/55,12.08%,GRID2;SCGB1A1;TCF7L1;IGFBP2;PRKN;SPTBN2;TFCP2L1;THRB;FGGY;CD80;MACROH2A2;C5;TGFB2;PLAG1;RYR1;COQ8A,Lung,Macrophage
7,logFC,IL-2/STAT5 Signaling,-0.46887175944207554,-1.9443117261923817,0.001,0.001,0.001,58/152,15.48%,SPP1;PTGER2;IL1R2;CD48;CXCL10;IL10;IL18R1;EMP1;UCK2;FGL2;SMPDL3A;BATF;TNFRSF1B;MXD1;SLC2A3;MAP3K8;IL3RA;SLC39A8;TRAF1;FURIN;SNX9;CD86;PRAF2;NDRG1;CCND2;CD44;NCOA3;ALCAM;CST7;SYT11;GADD45B;PHLDA1;ENO3;IFITM3;CYFIP1;PLEC;P2RX4;GSTO1;ITGAV;AHNAK;IL10RA;PLIN2;PNP;NFIL3;AGER;CKAP4;BCL2;CAPG;PUS1;PIM1;TNFRSF21;GPX4;AHR;IFNGR1;GLIPR2;ITGAE;SWAP70;PLSCR1,Lung,Macrophage
8,logFC,Myc Targets V1,-0.450135485726473,-1.897278265637617,0.001,0.001,0.002,128/195,39.85%,CTPS1;EIF4A1;TFDP1;LSM7;SLC25A3;RPS10;RPS2;COX5A;LDHA;PSMA6;NCBP1;RPL18;PSMB3;NME1;PSMD8;EEF1B2;PABPC4;PGK1;RPS6;RPLP0;PCBP1;SNRPD2;CBX3;RPL6;RPS5;CCT5;RPL34;HNRNPA1;HNRNPA2B1;RPS3;AIMP2;DDX21;PPIA;PSMD7;SNRPG;PABPC1;PSMB2;DEK;CANX;SYNCRIP;UBE2E1;CYC1;EIF4G2;RPL22;SRM;PSMA7;NDUFAB1;MYC;PSMA4;SET;HNRNPA3;HPRT1;PSMA2;EIF4E;U2AF1;MRPL23;SRSF3;PRDX3;PSMA1;SRSF2;HNRNPR;RPL14;RACK1;CCT2;RAN;APEX1;PSMC4;EIF3B;CNBP;UBE2L3;SERBP1;HNRNPD;G3BP1;EIF2S1;PSMD1;LSM2;GSPT1;NOP56;EIF2S2;C1QBP;EIF3J;XRCC6;SRSF7;AP3S1;ETF1;TRIM28;CCT3;TUFM;RFC4;GOT2;HNRNPU;EIF3D;RSL1D1;EXOSC7;TRA2B;PSMC6;ERH;DHX15;XPO1;KPNA2;SNRPB2;HNRNPC;GNL3;HDGF;SSB;SNRPD1;IMPDH2;ILF2;SNRPA1;SNRPA;FAM120A;CCT4;SNRPD3;PHB2;ACP1;BUB3;EIF1AX;CCT7;UBA2;CUL1;PRPF31;PA2G4;NPM1;YWHAQ;VBP1;PSMD14;VDAC1;SF3A1,Lung,Macrophage
9,logFC,Angiogenesis,-0.6800804644111472,-1.8581515799775188,0.001,0.001740208825059007,0.005,11/20,13.53%,SPP1;VCAN;VEGFA;TIMP1;FGFR1;CCND2;VAV2;ITGAV;S100A4;OLR1;TNFRSF21,Lung,Macrophage
10,logFC,Myogenesis,0.5889881869613215,1.839869319371397,0.020463847203274217,0.0665878037854183,0.33,30/99,9.22%,IGF1;CLU;CNN3;ABLIM1;SOD3;CKB;IGFBP7;COL6A2;APOD;LAMA2;KLF5;DMD;LARGE1;NAV2;TNNT1;MAPRE3;DENND2B;SSPN;WWTR1;DTNA;FHL1;PKIA;AK1;AGRN;SCD;NQO1;PVALB;SVIL;ADCY9;TNNI1,Lung,Macrophage
11,logFC,Interferon Gamma Response,-0.4078754948290833,-1.7184926683079897,0.001,0.007613413609633156,0.029,38/179,10.56%,CCL2;STAT4;CXCL10;CMKLR1;ST8SIA4;HIF1A;FGL2;EIF4E3;BTG1;SOD2;ARID5B;SOCS3;IFI30;FPR1;CDKN1A;IFNAR2;CD86;IL18BP;TNFAIP6;NAMPT;MT2A;NCOA3;PDE4B;PELI1;UPP1;NFKBIA;VAMP5;TAP1;NFKB1;TNFAIP3;HLA-B;IFITM3;LCP2;MYD88;HLA-A;IL10RA;PNP;RIPK2,Lung,Macrophage
12,logFC,Unfolded Protein Response,-0.4273116202092072,-1.713224874882385,0.001,0.007218644015059585,0.031,30/107,15.56%,CCL2;SLC7A5;VEGFA;HERPUD1;WIPI1;EIF4A1;CALR;SPCS3;EIF4EBP1;DDIT4;EDEM1;ATP6V0D1;PDIA6;SLC1A4;FUS;EIF4A3;EIF2AK3;CEBPG;YWHAZ;ERO1A;RPS14;GEMIN4;CEBPB;MTHFD2;PDIA5;HSPA5;HSP90B1;ATF6;ERN1;SERP1,Lung,Macrophage
13,logFC,mTORC1 Signaling,-0.3993951441678145,-1.676758560738467,0.001,0.009339120694483338,0.045,66/181,22.10%,BCAT1;SLC7A5;CORO1A;SLC7A11;LGMN;FGL2;CXCR4;SLC2A3;IFI30;ACSL3;INSIG1;CDKN1A;ITGB2;CTH;NAMPT;TES;GAPDH;TRIB3;CALR;ENO1;DDX39A;DDIT4;EDEM1;UBE2D3;GLA;LDHA;SLC1A4;PNP;NFIL3;IDH1;ACTR3;GLRX;ALDOA;PGK1;TPI1;ERO1A;SHMT2;NUP205;MTHFD2;M6PR;HSPA5;HSP90B1;PDK1;SERP1;MAP2K3;ACTR2;UCHL5;PPIA;AURKA;TBK1;NFYC;YKT6;RAB1A;FADS1;CFP;PSMC2;CANX;SSR1;RIT1;FADS2;PSMA4;HPRT1;SLA;CCT6A;FKBP2;PFKL,Lung,Macrophage
14,logFC,KRAS Signaling Up,-0.41515935417869854,-1.6665535262820534,0.004016064257028112,0.010151218146177542,0.053,31/126,4.85%,MMP9;SPP1;EPHB2;ADAM8;F13A1;CXCL10;EREG;TMEM176A;CMKLR1;KCNN4;EMP1;ANGPTL4;PRDM1;TMEM176B;ANKH;PLAUR;CXCR4;TNFRSF1B;MAFB;SATB1;DNMBP;TRAF1;SPRY2;CSF2RA;RETN;ID2;ITGB2;CCND2;C3AR1;FCER1G;EPB41L3,Lung,Macrophage
15,logFC,p53 Pathway,-0.3861166758932058,-1.6343196707036385,0.001,0.01387333146644264,0.08,46/171,10.20%,SPHK1;SLC7A11;DGKA;HMOX1;MXD1;ADA;BTG1;NINJ1;ZBTB16;ZFP36L1;IFI30;ALOX15B;CDKN1A;IRAK1;PVT1;IER3;NDRG1;KIF13B;S100A10;CCND2;RHBDF2;APAF1;RAP2B;VDR;TRIB3;UPP1;FOS;SAT1;FOXO3;TAP1;DDIT4;PTPRE;RPS12;RPL36;WRAP73;IRAG2;TCN2;SLC3A2;PLK3;ST14;CDKN2B;PITPNC1;TGFB1;RPL18;CTSD;S100A4,Lung,Macrophage
16,logFC,Oxidative Phosphorylation,-0.38143563068948355,-1.625224038602294,0.001,0.013899360230920019,0.087,113/198,37.73%,ATP6V1F;ATP6V0B;ATP5F1E;SLC25A3;NDUFS6;ATP6V0C;COX5A;TIMM8B;LDHA;SLC25A5;COX6B1;IDH1;COX7A2;CPT1A;OGDH;ATP6V1C1;ATP5MC2;MRPL35;COX8A;ATP5ME;TIMM13;UQCRC1;TCIRG1;GPX4;IDH2;ATP5MF;COX7B;NDUFS7;SLC25A11;AIFM1;BAX;COX4I1;SLC25A6;ATP6V0E1;NDUFB2;NDUFA2;ATP5F1C;ACAA1;ACADVL;CYC1;NDUFB7;NDUFB8;NQO2;NDUFAB1;GRPEL1;ATP6V1G1;COX5B;ATP5PB;HSD17B10;TIMM17A;UQCRH;ATP5F1D;COX7C;HADHA;UQCR11;ETFB;BCKDHA;PRDX3;PDP1;NDUFB4;RHOT1;IDH3G;ACAA2;NDUFA6;COX6C;PDK4;UQCRFS1;NDUFC2;SDHB;ATP5F1A;UQCRQ;TOMM22;ETFA;CYCS;UQCRB;AFG3L2;ATP5MC3;ATP5PO;ATP6AP1;DLST;ATP5PF;PDHA1;NDUFS8;COX6A1;POLR2F;ATP5PD;ATP5F1B;SDHA;NDUFS3;GOT2;NDUFB3;MRPL11;ATP5MG;TIMM10;MDH1;SDHD;MDH2;NDUFA1;HSPA9;NDUFB6;ECHS1;HCCS;MRPS30;MRPL34;GLUD1;TIMM50;NDUFA3;IMMT;PHB2;ATP6V1H;SURF1;RHOT2;HADHB,Lung,Macrophage
17,logFC,PI3K/AKT/mTOR  Signaling,-0.3919377106887798,-1.486093610554673,0.00980392156862745,0.040169820378445416,0.241,38/88,24.45%,PRKCB;CXCR4;PLCB1;CDKN1A;GRB2;PFN1;TRIB3;CALR;CDKN1B;ARPC3;MYD88;UBE2D3;CFL1;VAV3;RAC1;PTEN;ACTR3;DUSP3;CAB39;PIKFYVE;HSP90B1;PDK1;MAP2K3;ARHGDIA;ACTR2;TBK1;PPP1CA;TNFRSF1A;CLTC;CSNK2B;RIT1;YWHAB;SLA;EIF4E;RAF1;ARF1;AP2M1;MAPK8,Lung,Macrophage
18,logFC,Hypoxia,-0.35244728124238506,-1.4463325228236878,0.00851063829787234,0.05143283860729954,0.323,50/147,12.65%,SDC2;VEGFA;ANGPTL4;AMPD3;PLAUR;CXCR4;HMOX1;PFKFB3;PDGFB;SLC2A3;BTG1;NDST2;ADM;SAP30;CDKN1A;FOSL2;IER3;TGFBI;NDRG1;ADORA2B;TES;MT2A;ZFP36;GAPDH;ENO1;FOS;PNRC1;FOXO3;CDKN1B;SIAH2;RBPJ;DDIT4;ENO3;BNIP3L;TNFAIP3;LDHA;B3GALT6;PLIN2;S100A4;NFIL3;GALK1;GLRX;HEXA;ALDOA;BCL2;PGK1;MXI1;ISG20;TPI1;ERO1A,Lung,Macrophage
19,logFC,UV Response Dn,0.456375281437499,1.4293336353324895,0.0743801652892562,0.32115018479113006,0.885,29/110,12.19%,EFEMP1;KALRN;NFIB;RBPMS;RND3;TJP1;CCN1;BMPR1A;F3;SYNE1;MAGI2;MET;DLC1;CAV1;APBB2;AKT3;TGFBR3;PIAS3;MT1E;GCNT1;PRKAR2B;PTPRM;CDC42BPA;LDLR;MRPS31;PIK3R3;TOGARAM1;DLG1;ID1,Lung,Macrophage
20,logFC,Complement,-0.3441433015076658,-1.41982095231552,0.0045871559633027525,0.060272857742929155,0.385,55/154,16.78%,CDA;PLA2G7;DOCK4;LGMN;FCN1;GNG2;PLAUR;ITGAM;PDGFB;TIMP1;FYN;CTSL;PIK3R5;ADAM9;CTSB;S100A9;GRB2;CPQ;PRCP;FCER1G;PRSS36;GNB4;PFN1;MMP14;DYRK2;DOCK10;LIPA;TNFAIP3;CPM;LCP2;ATOX1;F5;KYNU;CALM3;CTSD;PLEK;PPP4C;RHOG;LYN;CD55;OLR1;GNAI3;ANXA5;PSMB9;PIM1;CTSS;CEBPB;HSPA5;GNGT2;PLSCR1;DUSP5;CALM1;CASP9;PSEN1;CCL5,Lung,Macrophage
21,logFC,Glycolysis,0.4318904480378019,1.3897686750923977,0.082010582010582,0.30829320192630755,0.919,8/148,5.49%,TFF3;ELF3;DCN;MET;GPC3;KDELR3;AGRN;CYB5A,Lung,Macrophage
22,logFC,Apical Surface,0.5666440899363179,1.3835790877225325,0.12149532710280374,0.27097099339231717,0.928,5/22,5.91%,EFNA5;ATP8B1;GATA3;PCSK9;CROCC,Lung,Macrophage
23,logFC,DNA Repair,-0.32608782366392647,-1.3320157129860473,0.034482758620689655,0.10664750358278288,0.582,70/141,41.34%,GSDME;CDA;ADA;RALA;PDE4B;FEN1;SDCBP;APRT;NME1;PNP;RFC5;CANT1;DCTN4;GPX4;POLL;SUPT4H1;TAF13;POLD1;POLR2G;POLE4;ADRM1;GTF2H3;POLR2E;TP53;ERCC2;RAE1;HPRT1;POLR2J;GTF2F1;RNMT;TMED2;POLR2A;ERCC5;SNAPC4;BCAP31;EDF1;HCLS1;ELOA;POLR1D;GUK1;STX3;RPA2;ALYREF;POLR2F;RFC4;SRSF6;POLR2C;POLR2D;ELL;DDB2;ITPA;SEC61A1;ERCC1;NELFB;GTF2H5;IMPDH2;EIF1B;GTF2A2;RBX1;SURF1;BRF2;CLP1;DAD1;TAF9;POLD4;GTF2H1;NT5C;NFX1;DGCR8;VPS28,Lung,Macrophage
24,logFC,Apoptosis,-0.32925303093383146,-1.3147065487932001,0.037037037037037035,0.11414480848812969,0.63,29/135,8.67%,EREG;CD14;EMP1;ANKH;HMOX1;TIMP1;SATB1;SOD2;BMF;CDKN1A;IER3;MCL1;CCND2;CD44;CTH;PAK1;SAT1;CDKN1B;GADD45B;GPX1;TAP1;LMNA;BCL2L11;DPYD;BNIP3L;SLC20A1;IFITM3;CD2;PEA15,Lung,Macrophage
25,logFC,Coagulation,0.42015004901866015,1.2691165745020985,0.1301169590643275,0.37262711389853287,0.984,18/78,9.07%,CLU;FBN1;CRIP2;PRSS23;C8B;C3;CFB;CFH;F3;GNG12;SERPING1;DUSP14;TIMP3;RAPGEF3;PROS1;F8;S100A13;S100A1,Lung,Macrophage
26,logFC,Spermatogenesis,0.42726528593559693,1.2448815875705093,0.1934477379095164,0.3685276440064211,0.988,9/57,9.64%,PACRG;NPHP1;MLF1;MAP7;SPATA6;STRBP;TULP2;SLC12A2;IFT88,Lung,Macrophage
27,logFC,Bile Acid Metabolism,0.39635993200198766,1.177724504773698,0.22418879056047197,0.44256635681487294,1.0,19/68,14.19%,NR3C2;EFHC1;AR;DHCR24;ABCA3;NEDD4;PEX11A;TFCP2L1;PXMP2;ALDH1A1;ABCA5;PECR;SOD1;PEX11G;CROT;SLC27A5;PEX1;ABCD3;PEX7,Lung,Macrophage
28,logFC,Notch Signaling,0.45170641611818535,1.1333441525511707,0.30671506352087113,0.48320589702603367,1.0,6/24,13.21%,CCND1;HES1;DTX4;TCF7L2;JAG1;FZD5,Lung,Macrophage
29,logFC,Xenobiotic Metabolism,-0.28044053027840765,-1.1324169651023284,0.1732283464566929,0.3452482718978909,0.954,22/137,9.68%,CDA;BCAT1;TPST1;TMEM176B;PC;CYP2S1;HMOX1;BLVRB;PAPSS2;NINJ1;AQP9;APOE;ETS2;ID2;MT2A;UPP1;IL1R1;VNN1;ACP2;GSTO1;ABCC3;KYNU,Lung,Macrophage
30,logFC,Epithelial Mesenchymal Transition,0.3530890821498254,1.1173757921441405,0.27349228611500703,0.47508119610258714,1.0,24/101,7.40%,FBN1;PDLIM4;COL6A2;CALD1;MGP;LAMA1;LAMA2;CCN1;IGFBP4;DCN;INHBA;NNMT;IGFBP2;PCOLCE2;DST;MFAP5;TGFBR3;CADM1;TGM2;TIMP3;IL32;ACTA2;FERMT2;PTX3,Lung,Macrophage
31,logFC,heme Metabolism,-0.27141177327849464,-1.1066979198134734,0.2,0.3782343881265751,0.967,35/147,19.11%,SNCA;SLC7A11;SLC25A37;PC;BLVRB;ACKR1;MPP1;TNS1;ELL2;EPOR;CTSB;SLC22A4;SLC30A1;FOXO3;KDM7A;BNIP3L;FECH;SDCBP;FBXO34;EZH1;MXI1;CPOX;PSMD9;CLCN3;PGLS;MAP2K3;NEK7;AGPAT4;UROS;PICALM;KLF3;ACP5;TOP1;MINPP1;ADIPOR1,Lung,Macrophage
32,logFC,Androgen Response,0.35772873628479435,1.093537733849302,0.30536451169188444,0.48503148771935867,1.0,11/87,5.92%,KRT19;CCND1;AKAP12;KRT8;PLPP1;CDC14B;MAP7;DHCR24;HOMER2;TPD52;SCD,Lung,Macrophage
33,logFC,UV Response Up,-0.2708151893501161,-1.0848944088771326,0.2868217054263566,0.4062420823832193,0.975,47/122,22.64%,HMOX1;BTG1;SOD2;PPIF;FURIN;AP2S1;CXCL2;MGAT1;FOSB;CHKA;MMP14;FEN1;NFKBIA;FOS;ATP6V1F;JUNB;TAP1;BCL2L11;PLCL1;PPAT;ARRB2;CDKN2B;CREG1;CEBPG;ALDOA;ATP6V1C1;LYN;APOM;DLG4;PPT1;FKBP4;ICAM1;STARD3;DDX21;YKT6;AGO2;ACAA1;RHOB;HSPA13;CDC34;GRPEL1;CDC5L;GRINA;GLS;MRPL23;CLTB;CNP,Lung,Macrophage
34,logFC,Apical Junction,0.3420008197000874,1.0771659852081077,0.31016042780748665,0.47970097435323106,1.0,23/115,12.03%,CLDN4;FBN1;CDH1;PARVA;CLDN5;TJP1;NEGR1;ITGA9;MYH10;PTK2;AKT3;MDK;LIMA1;MPZL2;CD274;CLDN7;CLDN18;EVL;PIK3R3;JUP;AMIGO2;DLG1;NECTIN1,Lung,Macrophage
35,logFC,Hedgehog Signaling,-0.40458177515073535,-1.069036039778038,0.3770833333333333,0.4244132023115501,0.981,4/17,6.97%,VEGFA;ETS2;CDK6;TLE3,Lung,Macrophage
36,logFC,Cholesterol Homeostasis,0.3629679750745664,1.0436413768114525,0.39111111111111113,0.5094579460185911,1.0,15/64,13.14%,CLU;MAL2;TM7SF2;FASN;TMEM97;DHCR7;SQLE;SCD;FDFT1;LPL;LDLR;JAG1;SC5D;SREBF2;ERRFI1,Lung,Macrophage
37,logFC,Reactive Oxygen Species Pathway,-0.31266476747297106,-1.0307071395014615,0.4316353887399464,0.495114631147042,0.994,18/48,25.44%,SOD2;LSP1;OXSR1;JUNB;CDKN2D;FTL;ATOX1;FES;GLRX;GPX4;MBP;HHEX;LAMTOR5;TXN;ERCC2;NDUFB4;NDUFA6;PRDX1,Lung,Macrophage
38,logFC,Wnt-beta Catenin Signaling,-0.35752880937084064,-1.0273078588077331,0.44954128440366975,0.48209826845888176,0.994,14/25,37.79%,CCND2;RBPJ;FRAT1;NUMB;NCOR2;CTNNB1;TP53;MYC;MAML1;PPARD;HDAC5;SKP2;NOTCH1;CUL1,Lung,Macrophage
39,logFC,TGF-beta Signaling,0.3528131513372972,1.003667644721198,0.4336569579288026,0.549900604770971,1.0,6/50,4.17%,CDH1;TJP1;BMPR1A;SMAD1;WWTR1;SPTBN1,Lung,Macrophage
40,logFC,E2F Targets,-0.2237502132717587,-0.9345173443695827,0.6532663316582915,0.6988098571828619,1.0,81/168,41.56%,HMGA1;CTPS1;ORC6;CDKN1A;CCNB2;CDKN1B;DDX39A;ASF1B;DCLRE1B;CKS2;PTTG1;EZH2;NME1;CENPE;NUP205;TUBB;MTHFD2;HMGB2;POLD1;HMMR;AURKA;POLE4;DEK;SYNCRIP;TP53;LBR;TOP2A;MYC;SNRPB;BRMS1L;CSE1L;SRSF2;RAN;RNASEH2A;NBN;LMNB1;CDKN3;RAD51C;HNRNPD;EIF2S1;SMC4;GSPT1;NOP56;ZW10;UBE2S;RAD51AP1;XRCC6;PAICS;RPA2;ANP32E;TBRG4;MRE11;HUS1;DCK;TRA2B;PHF5A;XPO1;KPNA2;H2AX;ILF3;RAD1;PRKDC;PRIM2;CNOT9;NAA38;RPA1;NASP;TIMELESS;PA2G4;RAD21;POP7;STAG1;PNN;TFRC;TIPIN;PDS5B;ASF1A;PRDX4;CDK4;CTCF;POLE,Lung,Macrophage
41,logFC,Pancreas Beta Cells,-0.39235402356879656,-0.9344161405185613,0.5642023346303502,0.6724791590375461,1.0,2/12,5.16%,MAFB;VDR,Lung,Macrophage
42,logFC,Myc Targets V2,-0.2619581275472786,-0.8988887892306693,0.6437125748502994,0.7314892601927047,1.0,32/54,46.13%,DUSP2;MAP3K6;PES1;PUS1;NOC4L;CBX3;AIMP2;WDR74;SRM;MYC;WDR43;PPAN;NOP56;FARSA;TBRG4;MPHOSPH10;GNL3;RRP12;NOP2;TFB2M;EXOSC5;PA2G4;NPM1;LAS1L;CDK4;DDX18;HSPE1;MYBBP1A;RABEPK;NDUFAF4;NOP16;NIP7,Lung,Macrophage
43,logFC,Pperoxisome,0.2923788944278803,0.8892223808437235,0.591776798825257,0.7480730336708543,1.0,4/79,5.72%,SCGB1A1;DHCR24;PEX11A;CADM1,Lung,Macrophage
44,logFC,Mitotic Spindle,0.2668801116706236,0.8724017806675254,0.6317780580075663,0.7393091798260351,1.0,25/175,13.69%,CTTN;RAPGEF5;ARHGAP29;MID1;SORBS2;MYH10;ITSN1;FARP1;SPTBN1;ARHGEF12;DST;PALLD;RASAL2;KIF23;CDC42BPA;HDAC6;DLG1;ALMS1;ARHGEF7;KIF3B;NET1;KPTN;BCAR1;KIFAP3;PXN,Lung,Macrophage
45,logFC,G2-M Checkpoint,-0.2034332271378795,-0.8486866122784795,0.8861386138613861,0.8152153258391007,1.0,69/163,32.58%,SLC7A5;UCK2;HIF1A;MARCKS;HMGA1;SAP30;ORC6;CCNB2;MT2A;TFDP1;H2BC12;CDKN1B;DDX39A;MAP3K20;NUSAP1;TLE3;CKS2;PTTG1;NOTCH2;EZH2;TGFB1;FOXN3;CENPE;ATF5;BCL3;SLC7A1;HMMR;AURKA;ODF2;PRC1;SYNCRIP;TOP1;LBR;TOP2A;MYC;CENPA;SRSF2;TENT4A;DR1;SFPQ;NCL;H2AZ2;LMNB1;EWSR1;CDKN3;HNRNPD;INCENP;G3BP1;SS18;SMC4;E2F3;GSPT1;KIF20B;UBE2S;CUL3;RPA2;CUL4A;E2F4;PRPF4B;KNL1;HUS1;HNRNPU;AMD1;STIL;HIRA;TRA2B;CUL5;XPO1;KPNA2,Lung,Macrophage
46,logFC,Adipogenesis,0.24169852734796807,0.8066226386147123,0.7765432098765432,0.8249244036286258,1.0,9/175,5.21%,CYP4B1;CAVIN2;ITIH5;PTGER3;C3;ITSN1;CAVIN1;SSPN;DHCR7,Lung,Macrophage
47,logFC,Fatty Acid Metabolism,-0.1821345266942499,-0.7376333215765218,0.9956140350877193,0.9278913469616354,1.0,28/130,20.54%,IL4I1;CD1D;LGALS1;S100A10;ACSL4;SMS;ENO3;VNN1;G0S2;LDHA;CRAT;ADSL;IDH1;GLUL;CPT1A;ALDOA;CPOX;MIF;ACSL1;PTS;UROS;ACAA1;NSDHL;ACADVL;OSTC;METAP1;PSME1;HSD17B10,Lung,Macrophage
48,logFC,Protein Secretion,0.20652865432056844,0.6290236044348373,0.9667149059334298,1.0,1.0,6/92,5.12%,KRT18;CAV2;SSPN;DST;TOM1L1;TPD52,Lung,Macrophage
49,logFC,Interferon Alpha Response,0.19882247884508839,0.6235315527138181,0.9724137931034482,0.9670735804681375,1.0,17/94,18.93%,LAMP3;IFI27;NCOA7;LGALS3BP;IL7;SAMD9L;OASL;TMEM140;LY6E;HERC6;GBP2;PROCR;GBP4;PARP9;CSF1;IFIT3;IFIT2,Lung,Macrophage
0,logFC,TNF-alpha Signaling via NF-kB,0.6652982245640099,2.6860355949671844,0.001,0.001,0.001,81/131,22.67%,CCL2;DRAM1;PTPRE;CD44;EDN1;PLPP3;SLC2A3;RCAN1;PHLDA2;VEGFA;BTG1;SGK1;GCH1;KLF9;MYC;CXCL2;IER5;PLK2;RIPK2;TNFAIP2;CEBPD;CD83;AREG;RELB;ICAM1;BHLHE40;BCL3;TRIB1;ID2;MAFF;NFKBIA;MCL1;CXCL1;NFKB1;IL6ST;NFIL3;PLAUR;DENND5A;JUNB;KLF2;SOD2;IRS2;F3;RHOB;FOSB;NR4A1;FOS;IER3;GADD45A;LDLR;BTG3;CCL20;PNRC1;NINJ1;IER2;NAMPT;KLF4;ZBTB10;KLF10;EFNA1;CCN1;CDKN1A;MAP2K3;ATP2B1;EGR1;KLF6;NR4A2;CCNL1;TANK;IRF1;JUN;TSC22D1;MAP3K8;ATF3;TIPARP;PDLIM5;TAP1;BTG2;REL;ZC3H12A;CXCL3,Lung,Multiciliated epithelial cell
1,logFC,Coagulation,0.7275320039427609,2.6600388425753985,0.001,0.001,0.001,27/64,9.01%,A2M;MMP7;TIMP3;C3;TIMP1;C2;FN1;CFD;SPARC;LGMN;THBD;THBS1;DUSP6;PECAM1;VWF;PRSS23;KLF7;SERPING1;C1S;MAFF;CSRP1;S100A13;PREP;F3;LRP1;LTA4H;SERPINA1,Lung,Multiciliated epithelial cell
2,logFC,Epithelial Mesenchymal Transition,0.6580157532503158,2.541368855171822,0.001,0.001,0.001,36/88,10.15%,NNMT;CALD1;TIMP3;TIMP1;ELN;ABI3BP;NTM;FN1;CD44;PMP22;CADM1;SPARC;VEGFA;THBS1;LAMC1;FERMT2;LAMA2;MGP;FLNA;AREG;SDC1;EMP3;VIM;ID2;FBLN5;CXCL1;QSOX1;PLAUR;DST;LRP1;RHOB;IGFBP4;TPM4;PPIB;GADD45A;WIPF1,Lung,Multiciliated epithelial cell
3,logFC,Inflammatory Response,0.6141980174392366,2.3648938643669615,0.001,0.001,0.001,33/85,10.18%,CCL2;ROS1;TIMP1;PTPRE;EDN1;SLC4A4;GCH1;MYC;HIF1A;RIPK2;LAMP3;CALCRL;EMP3;TPBG;ICAM1;BST2;AHR;P2RX4;NFKBIA;SLC31A1;IFITM1;GNA15;NFKB1;LPAR1;PLAUR;TNFSF10;F3;SLC7A1;LY6E;IL1R1;KIF1B;LDLR;CCL20,Lung,Multiciliated epithelial cell
4,logFC,IL-2/STAT5 Signaling,0.5522515041214948,2.1589386562185933,0.001,0.001,0.001,42/107,13.07%,HOPX;CD44;SLC2A3;SLC39A8;EMP1;MYC;CKAP4;RORA;PLAGL1;PLPP1;GABARAPL1;NRP1;NOP2;CD83;SPRED2;BHLHE40;MAFF;AHR;MYO1C;P2RX4;COL6A1;IL3RA;NFIL3;SYNGR2;DENND5A;TNFSF10;PRAF2;GSTO1;PLIN2;RHOB;AHCY;IFITM3;XBP1;MAPKAPK2;SNX9;AGER;CDKN1C;BMPR2;POU2F1;CCND3;AMACR;TWSG1,Lung,Multiciliated epithelial cell
5,logFC,Androgen Response,0.5531043147934608,2.101528318051234,0.001,0.001,0.001,41/81,25.48%,SGK1;FADS1;SCD;PLPP1;ABCC4;TPD52;HMGCS1;SLC38A2;DNAJB9;SPCS3;ELL2;ZMIZ1;CDK6;SELENOP;ELOVL5;SEC24D;FKBP5;STEAP4;ARID5B;UBE2I;PTK2B;HOMER2;RPS6KA3;INSIG1;CCND3;ZBTB10;APPBP2;HERC3;LIFR;INPP4B;UAP1;TSC22D1;IDI1;PDLIM5;XRCC5;NCOA4;TMPRSS2;H1-0;SRP19;XRCC6;MAP7,Lung,Multiciliated epithelial cell
6,logFC,KRAS Signaling Up,0.5382065618754537,2.0163919954264182,0.001,0.001,0.001,25/81,13.62%,GNG11;SPARCL1;TMEM176B;ENG;PCSK1N;EMP1;TMEM176A;DUSP6;PECAM1;NRP1;MALL;TRIB1;ID2;HDAC9;GLRX;PLAUR;APOD;MPZL2;CCL20;TFPI;TOR1AIP2;ITGB2;KLF4;GPNMB;LCP1,Lung,Multiciliated epithelial cell
7,logFC,Hypoxia,0.4920972866922772,2.006415342790716,0.001,0.001,0.001,51/124,21.09%,PAM;TMEM45A;SLC2A3;VEGFA;BTG1;RORA;LDHA;KLF7;TPD52;DTNA;TPBG;BHLHE40;GYS1;FBP1;GAA;MAFF;ERRFI1;GAPDH;NFIL3;GLRX;CAV1;PLAUR;S100A4;IRS2;F3;PLIN2;FOS;IER3;PFKL;SDC2;PNRC1;CDKN1C;VHL;KLHL24;EGFR;EFNA1;MIF;TPI1;CCN1;CDKN1A;ENO1;EXT1;KLF6;CITED2;CASP6;JUN;MYH9;ATF3;HEXA;TIPARP;ENO2,Lung,Multiciliated epithelial cell
8,logFC,UV Response Up,0.497324839862153,1.982974486795057,0.001,0.001,0.002,50/104,26.10%,PTPRD;GPX3;HYAL2;BTG1;GCH1;TARS1;MGAT1;CXCL2;GLS;POLG2;ICAM1;BID;NFKBIA;IL6ST;TUBA4A;JUNB;SOD2;TST;STARD3;RHOB;FOSB;PLCL1;NR4A1;ARRB2;FOS;AGO2;BTG3;CDKN1C;CCND3;HLA-F;AMD1;STK25;GGH;BSG;PRPF3;EIF2S3;IRF1;PPP1R2;RAB27A;ATF3;ENO2;TAP1;BTG2;NXF1;KLHDC3;DDX21;POLE3;CASP3;MARK2;PDAP1,Lung,Multiciliated epithelial cell
9,logFC,Estrogen Response Late,0.493725708813709,1.9587293346344365,0.001,0.001,0.002,38/116,14.57%,FABP5;KLK11;ABCA3;KLK10;CD44;ASS1;CLIC3;SGK1;MDK;TFF3;PRSS23;DCXR;AREG;TPBG;SFN;ID2;LSR;IL6ST;CAV1;ELOVL5;TST;FKBP5;IGFBP4;FOS;XBP1;GALE;SERPINA1;DNAJC1;NCOR2;BTG3;HOMER2;ITPK1;KLF4;PAPSS2;PKP3;JAK1;ST14;NXT1,Lung,Multiciliated epithelial cell
10,logFC,Cholesterol Homeostasis,0.5508903981158516,1.9557042376321248,0.001,0.001,0.002,28/58,20.49%,FABP5;LGMN;NIBAN1;FASN;SCD;ATF5;HMGCS1;ERRFI1;CYP51A1;NFIL3;PLAUR;ACSS2;TMEM97;LDLR;STX5;PNRC1;ANTXR2;CXCL16;FDPS;ETHE1;ACTG1;LSS;SC5D;TNFRSF12A;MAL2;ACAT2;ATF3;IDI1,Lung,Multiciliated epithelial cell
11,logFC,Interferon Gamma Response,0.479024670330999,1.952126032858398,0.001,0.001,0.002,42/124,19.54%,CCL2;AUTS2;BTG1;GCH1;HIF1A;RIPK2;SERPING1;TNFAIP2;C1S;VAMP5;ICAM1;BST2;NFKBIA;IFITM2;NFKB1;UPP1;TRAFD1;TNFSF10;SOD2;LY6E;ARID5B;IFITM3;TXNIP;RAPGEF6;ST3GAL5;LGALS3BP;NAMPT;PARP12;RIPK1;IFI30;CDKN1A;HLA-A;SP110;SSPN;PSME2;PTPN1;TAPBP;HLA-DQA1;PML;TRIM25;IRF1;NOD1,Lung,Multiciliated epithelial cell
12,logFC,Angiogenesis,0.7407285658055763,1.9422282332856415,0.001,0.001,0.002,6/15,6.51%,TIMP1;THBD;VEGFA;SLCO2A1;NRP1;S100A4,Lung,Multiciliated epithelial cell
13,logFC,p53 Pathway,0.4612275863553626,1.938980099761894,0.001,0.001,0.003,40/143,12.27%,DRAM1;PTPRE;TSPYL2;ABAT;BTG1;PITPNC1;IER5;PLK2;RPS12;DCXR;SDC1;TM4SF1;SFN;CYFIP2;HEXIM1;CCNG1;SP1;TAX1BP3;SEC61A1;UPP1;TRAFD1;SLC3A2;S100A4;ZBTB16;RACK1;RCHY1;PLK3;FOS;IER3;FBXW7;GADD45A;TXNIP;RPL18;EI24;PHLDA3;NINJ1;PPM1D;POM121;CCND3;KLF4,Lung,Multiciliated epithelial cell
14,logFC,Estrogen Response Early,0.47944644951037974,1.9359085907992535,0.001,0.001,0.003,39/123,14.70%,MSMB;ABCA3;KLK10;CD44;DLC1;CLIC3;ABAT;FASN;MYC;TFF3;PRSS23;RHOBTB3;AR;AREG;TPBG;BHLHE40;SFN;GAB2;SH3BP5;IL6ST;ENDOD1;ELOVL5;AKAP1;TMEM164;FKBP5;TBC1D30;IGFBP4;FOS;XBP1;NCOR2;SLC39A6;ITPK1;KLF4;MAST4;KLF10;SYBU;PAPSS2;NXT1;MUC1,Lung,Multiciliated epithelial cell
15,logFC,Apical Junction,0.48692908180915956,1.9031601253136516,0.001,0.001,0.009,37/99,20.42%,CLDN5;AKT3;ITGA9;MDK;PECAM1;VWF;ICAM1;TSPAN4;MSN;CLDN18;ZYX;INPPL1;NECTIN2;MPZL2;VCL;TIAL1;EPB41L2;CNN2;LIMA1;INSIG1;VASP;SKAP2;EVL;CDK8;ACTG1;EGFR;STX4;CAP1;TUBG1;WASL;PFN1;ITGB1;CDH3;HRAS;MYH9;PIK3CB;CX3CL1,Lung,Multiciliated epithelial cell
16,logFC,UV Response Dn,0.4721651014326118,1.891018661599234,0.001,0.001,0.012,38/116,17.89%,KCNMA1;AKT3;PMP22;PLPP3;DLC1;CELF2;LAMC1;MYC;NRP1;BHLHE40;ZMIZ1;FBLN5;NFKB1;APBB2;ADGRL2;LPAR1;BCKDHB;CAV1;F3;ICA1;PTGFR;WDR37;SLC7A1;SDC2;LDLR;TGFBR2;CDC42BPA;ARHGEF9;TFPI;INSIG1;SYNJ2;SPOP;RBPMS;CCN1;ATP2B1;ID1;LTBP1;CITED2,Lung,Multiciliated epithelial cell
17,logFC,Unfolded Protein Response,0.4782994160704229,1.8399195963741397,0.0014367816091954023,0.0018683807028766972,0.024,40/90,26.14%,CCL2;TSPYL2;VEGFA;ERN1;TARS1;DNAJB9;SPCS3;EEF2;EIF4EBP1;EIF4E;XBP1;DCP1A;NPM1;ATF6;GOSR2;IMP3;ATF4;SEC11A;SDAD1;PDIA6;HYOU1;NABP1;RPS14;EDEM1;SRPRB;EIF2S1;CKS1B;ATF3;EIF4A1;NOLC1;DCP2;EIF4G1;SEC31A;ATP6V0D1;PARN;CNOT2;CALR;IARS1;NFYB;TUBB2A,Lung,Multiciliated epithelial cell
18,logFC,mTORC1 Signaling,0.4383962939516566,1.838815721197459,0.001,0.0017700448764095026,0.024,60/158,22.48%,QDPR;SLC2A3;LGMN;NIBAN1;FADS1;LDHA;SCD;CTSC;BHLHE40;HMGCS1;PSMG1;ACACA;PPA1;CCNG1;GAPDH;RDH11;CYP51A1;NFKBIB;NFIL3;GLRX;TUBA4A;DHFR;ELOVL5;LTA4H;TMEM97;XBP1;PFKL;UCHL5;PNO1;LDLR;ITGB2;PSMD12;INSIG1;NAMPT;PLOD2;SEC11A;ACLY;SKAP2;IFI30;FKBP2;TPI1;CDKN1A;MAP2K3;ENO1;SDF2L1;SC5D;TUBG1;EDEM1;ARPC5L;GOT1;EPRS1;IDI1;PPIA;ADIPOR2;TBK1;NUFIP1;BTG2;MTHFD2L;GPI;GMPS,Lung,Multiciliated epithelial cell
19,logFC,Allograft Rejection,0.47091864354911117,1.7991421976741373,0.001,0.0023121211198099127,0.033,28/85,17.76%,CCL2;TIMP1;C2;HIF1A;FLNA;RIPK2;TPD52;GBP2;ICAM1;BCL3;NCK1;HDAC9;SPI1;HLA-DMB;SRGN;NPM1;RPS9;MRPL3;RPS19;ITGB2;CCND3;EGFR;RPS3A;RPL9;HLA-A;EIF5A;TAPBP;HLA-DQA1,Lung,Multiciliated epithelial cell
20,logFC,Myogenesis,0.45874507196512687,1.7751875437190607,0.002886002886002886,0.003202938347788624,0.047,18/90,7.36%,SOD3;GPX3;CFD;SPARC;SORBS1;DAPK2;MEF2C;LAMA2;FHL1;SCD;DTNA;BHLHE40;GAA;MYO1C;MYOM1;SYNGR2;APOD;MEF2D,Lung,Multiciliated epithelial cell
21,logFC,Myc Targets V1,0.4086749039534123,1.7687950110020267,0.001,0.0031847398344489156,0.049,86/183,33.03%,KPNA2;SRM;MYC;RPS3;LDHA;RPS2;EIF4E;RACK1;RPL14;EEF1B2;GNL3;SLC25A3;NPM1;PABPC1;RSL1D1;PABPC4;RPL18;RPL6;ILF2;RPS10;RRM1;DHX15;RPLP0;VDAC1;TARDBP;RAD23B;EIF1AX;RNPS1;PRPS2;H2AZ1;GSPT1;VBP1;HNRNPA1;RPS6;FBL;EIF2S1;SRSF1;KPNB1;RPS5;EPRS1;LSM2;EIF4A1;PPIA;NME1;NOLC1;SET;PSMA6;SMARCC1;SF3B3;AIMP2;DDX21;SRSF2;AP3S1;HNRNPR;DUT;RPL34;SRSF3;XRCC6;POLE3;PGK1;EIF3J;RPL22;IARS1;HNRNPD;HNRNPA3;PSMD14;KARS1;MRPL9;IFRD1;PPM1G;MRPS18B;ETF1;PSMA1;TXNL4A;TRA2B;CCT3;RAN;SRPK1;EIF3B;APEX1;EIF2S2;PSMD8;CLNS1A;PSMD7;HPRT1;PRDX4,Lung,Multiciliated epithelial cell
22,logFC,Protein Secretion,0.45621634511667314,1.763900035759016,0.0015174506828528073,0.0033509001736375544,0.054,35/88,25.79%,PAM;TSPAN8;TPD52;CTSC;CAV2;SGMS1;NAPA;DST;SEC24D;ICA1;KIF1B;GOSR2;SCAMP3;RPS6KA3;TMX1;EGFR;VAMP3;VPS45;AP2M1;RAB5A;GNAS;BET1;SSPN;RAB2A;NAPG;AP1G1;CD63;AP3B1;SEC31A;STAM;AP3S1;DNM1L;ATP6V1H;KRT18;ADAM10,Lung,Multiciliated epithelial cell
23,logFC,Complement,0.4236769904022196,1.7016817146172123,0.001,0.006013850387384369,0.098,23/111,9.01%,C3;TIMP1;C2;FN1;TIMP2;LGMN;DUSP6;SERPING1;C1S;CTSC;DOCK9;MAFF;PCLO;CSRP1;CXCL1;S100A13;PREP;PLAUR;LIPA;F3;LRP1;LTA4H;SERPINA1,Lung,Multiciliated epithelial cell
24,logFC,Apoptosis,0.4257253624867077,1.6938092999884562,0.001,0.006165656319493101,0.104,48/111,26.61%,TIMP3;TIMP1;GPX3;CD44;TIMP2;EMP1;GCH1;PEA15;BID;MCL1;GNA15;CAV1;TNFSF10;CYLD;DPYD;SOD2;RHOB;LMNA;DAP3;IFITM3;IER3;GADD45A;TXNIP;BTG3;PPP3R1;HSPB1;CDKN1A;SC5D;TNFRSF12A;CASP6;NEDD9;IRF1;CREBBP;JUN;ERBB3;ATF3;ENO2;TAP1;BTG2;H1-0;DNM1L;EBP;PSEN1;KRT18;CASP3;TGFB2;TSPO;CDKN1B,Lung,Multiciliated epithelial cell
25,logFC,G2-M Checkpoint,0.4129986188848844,1.680651501629106,0.001,0.006844740844192516,0.118,50/122,26.61%,KPNA2;SLC38A1;CKS2;MYC;HIF1A;ATF5;UBE2S;BCL3;STMN1;TOP1;TNPO2;SLC7A1;SLC12A2;NUMA1;CTCF;BARD1;ARID4A;HMGA1;TLE3;NSD2;AMD1;SMC2;CENPF;RAD23B;MEIS2;PAFAH1B1;H2AZ1;GSPT1;RAD21;TMPO;PML;PURA;SRSF1;KPNB1;MTF2;CKS1B;NOLC1;FANCC;KIF22;SMARCC1;SMC4;FOXN3;ABL1;SRSF2;CDC27;NCL;HIRA;TGFB1;HNRNPD;CDKN1B,Lung,Multiciliated epithelial cell
26,logFC,Hedgehog Signaling,0.6116907254325443,1.6738034610589752,0.01890359168241966,0.007058327099756409,0.126,10/18,19.55%,VEGFA;NRP1;TLE1;DPYSL2;CDK6;OPHN1;TLE3;PML;RTN1;MYH9,Lung,Multiciliated epithelial cell
27,logFC,Xenobiotic Metabolism,0.4078735147086518,1.6546828978737058,0.0029806259314456036,0.007757116311050572,0.142,27/115,11.56%,MAN1A1;HES6;TMEM176B;GCH1;NPC1;ABCC3;GABARAPL1;ARG2;DCXR;FBP1;CYFIP2;ID2;UPP1;ELOVL5;GSTO1;BCAR1;DHRS7;SSR3;IL1R1;AHCY;IGFBP4;TMEM97;MCCC2;ARPP19;NINJ1;PEMT;PPARD,Lung,Multiciliated epithelial cell
28,logFC,IL-6/JAK/STAT3 Signaling,0.48190880517593315,1.6148002762559124,0.003418803418803419,0.01087204288311871,0.2,15/42,20.61%,A2M;CD44;IL3RA;CXCL1;IL6ST;IL1R1;PTPN11;LTBR;TNFRSF12A;PTPN1;IRF1;JUN;MAP3K8;OSMR;CBL,Lung,Multiciliated epithelial cell
29,logFC,Myc Targets V2,0.49431942385594246,1.6104429539394907,0.02264808362369338,0.010743189041541007,0.203,9/36,12.90%,SRM;MYC;MRTO4;NOP2;TMEM97;GNL3;NPM1;MPHOSPH10;WDR43,Lung,Multiciliated epithelial cell
30,logFC,TGF-beta Signaling,0.46485678236280936,1.5566889536872137,0.022913256955810146,0.016679818049068578,0.305,20/44,30.21%,ENG;THBS1;ID2;JUNB;ID3;NCOR2;FKBP1A;CDKN1C;BMPR2;KLF10;ID1;APC;PPP1CA;SMURF2;TGFB1;HIPK2;IFNGR2;XIAP;TJP1;ARID4B,Lung,Multiciliated epithelial cell
31,logFC,Adipogenesis,0.3655855008643677,1.5099745388531252,0.008633093525179856,0.02504797879794072,0.425,34/148,17.53%,C3;GPX3;QDPR;SPARCL1;SORBS1;CAVIN2;DNAJB9;LTC4S;TST;PLIN2;DHRS7;FABP4;CD151;PFKL;BCL2L13;GADD45A;CD302;PEMT;ACADS;GPHN;BCKDHA;PPM1B;PHYH;ACLY;GHITM;SQOR;NABP1;CMBL;LIFR;MAP4K3;SSPN;PIM3;DDT;MCCC1,Lung,Multiciliated epithelial cell
32,logFC,Interferon Alpha Response,0.39064835599655134,1.4435570260776633,0.04,0.042930292968371385,0.629,21/65,22.05%,RIPK2;C1S;LAMP3;GBP2;BST2;IFITM1;IFITM2;TRAFD1;LY6E;IFITM3;TXNIP;LGALS3BP;PARP12;IFI30;SP110;PSME2;TRIM25;IRF1;CD47;TAP1;TRIM14,Lung,Multiciliated epithelial cell
33,logFC,Pancreas Beta Cells,0.5892772706033682,1.438711534262477,0.08614232209737828,0.04352227990230424,0.643,4/11,18.00%,AKT3;FOXA2;SEC11A;SRPRB,Lung,Multiciliated epithelial cell
34,logFC,Glycolysis,0.34501264421020666,1.4126007579561377,0.027181688125894134,0.052488152174386064,0.725,42/127,25.23%,PAM;CD44;VEGFA;TFF3;LDHA;SDC1;TPBG;PYGB;GYS1;STMN1;GLRX;QSOX1;IRS2;HOMER1;IER3;GALE;ARPP19;NOL3;PMM2;SDC2;PLOD2;EGFR;GMPPA;MIF;TPI1;ENO1;EXT1;CAPN5;CITED2;CHPF;GOT1;CASP6;PPIA;ENO2;AK3;ME2;GUSB;PGAM1;IDH1;RBCK1;MET;PGK1,Lung,Multiciliated epithelial cell
35,logFC,Spermatogenesis,-0.35319431823627595,-1.360966332665561,0.07142857142857142,0.18983287719093928,0.552,16/49,15.98%,ALOX15;PCSK4;CCNA1;TEKT2;CRISP2;MTOR;CNIH2;NPHP1;PACRG;STAM2;IFT88;MLF1;SPATA6;PHKG2;CLGN;ZC2HC1C,Lung,Multiciliated epithelial cell
36,logFC,PI3K/AKT/mTOR  Signaling,0.3654065341829493,1.358113204731663,0.057777777777777775,0.07664253341592117,0.829,31/79,28.78%,ITPR2;PLCB1;SFN;ACACA;NCK1;NFKBIB;EIF4E;CFL1;RPS6KA3;PTPN11;RIPK1;EGFR;AP2M1;CDKN1A;MAP2K3;PFN1;PLA2G12A;RPTOR;HRAS;PPP1CA;NOD1;TBK1;YWHAB;DUSP3;CALR;PTEN;CDKN1B;MAPK8;ADCY2;PRKAG1;ATF1,Lung,Multiciliated epithelial cell
37,logFC,Mitotic Spindle,0.3220061224336021,1.3167193911142305,0.06960227272727272,0.09873382079188275,0.899,45/141,25.64%,ARHGAP29;ARHGEF2;FLNA;STK38L;EPB41;SUN2;NCK1;FGD6;TUBA4A;DST;BCAR1;SSH2;KIF1B;NUMA1;OPHN1;VCL;RAPGEF6;EPB41L2;PCNT;TRIO;CDC42BPA;MAP3K11;PCGF5;CENPF;PAFAH1B1;WASL;ARHGEF11;KLC1;LATS1;NEDD9;APC;MYH9;BCR;ARF6;ARHGAP27;PDLIM5;DYNLL2;KIF22;AKAP13;SMC4;ARHGEF7;ABL1;HDAC6;CDC27;RASA2,Lung,Multiciliated epithelial cell
38,logFC,KRAS Signaling Dn,0.3502067543214113,1.2417097469300449,0.1650485436893204,0.1594884185514812,0.979,22/53,22.34%,EDN1;SGK1;TENT5C;C5;PTPRJ;MTHFR;SELENOP;ZBTB16;GTF3C5;PTGFR;KMT2D;DTNB;BARD1;SLC25A23;THRB;PDK2;CAMK1D;NR4A2;SCGB1A1;PLAG1;BTG2;PRKN,Lung,Multiciliated epithelial cell
39,logFC,Fatty Acid Metabolism,0.3067631866887993,1.2382310534269618,0.1329394387001477,0.1587404989482548,0.979,29/117,21.32%,PTPRG;ACSL4;FASN;LDHA;GABARAPL1;HMGCS1;HSD17B10;RDH11;LTC4S;BCKDHB;ELOVL5;PPARA;ACSL5;NTHL1;FH;ACADS;ACSL1;MLYCD;MIF;H2AZ1;PDHB;ETFDH;ERP29;UROS;ACAT2;IDI1;DLST;ENO2;ADIPOR2,Lung,Multiciliated epithelial cell
40,logFC,Reactive Oxygen Species Pathway,0.34859615005840955,1.1690776721981522,0.2131979695431472,0.23457519724616932,0.996,9/43,14.40%,GPX3;GLRX;JUNB;SOD2;SBNO2;GLRX2;STK25;PRDX2;MSRA,Lung,Multiciliated epithelial cell
41,logFC,Oxidative Phosphorylation,0.26771831218937825,1.1554459062929852,0.17493472584856398,0.24529332264413517,0.999,56/193,28.70%,LDHA;NNT;SLC25A6;HSD17B10;PDHX;TIMM13;TIMM9;HTRA2;ACADSB;BDH2;SLC25A3;OAT;ATP6V0B;OXA1L;ALDH6A1;MRPL34;FH;ATP5F1D;BCKDHA;PHYH;VDAC1;UQCRFS1;CYB5R3;ETFA;SLC25A5;NQO2;MRPS15;PDHB;ETFDH;GLUD1;ABCB7;ATP6V0E1;DLST;ATP5F1C;UQCRH;TCIRG1;GPI;MRPS30;ATP5F1B;ATP6V1E1;NDUFV2;TOMM22;IDH1;OPA1;NDUFB4;TIMM50;ATP6V1H;COX7A2;COX11;IMMT;ACAT1;IDH3B;MRPL11;ATP5PB;NDUFA5;PDHA1,Lung,Multiciliated epithelial cell
42,logFC,heme Metabolism,0.2793160483851853,1.1548668477743464,0.1967930029154519,0.24062074337762035,0.999,40/134,23.17%,BCAM;C3;ACKR1;ATP6V0A1;TENT5C;EPB41;NNT;HEBP1;ELL2;SLC25A38;ENDOD1;TOP1;HTRA2;ALDH6A1;ACP5;FN3K;CCND3;H4C3;PRDX2;MAP2K3;NFE2L1;BSG;PSMD9;MFHAS1;MARCHF8;MARCHF2;SYNJ1;FBXO7;UROS;SDCBP;RAD23A;KLF3;BACH1;BTG2;DCUN1D1;NR3C1;GMPS;NCOA4;USP15;TNS1,Lung,Multiciliated epithelial cell
43,logFC,E2F Targets,0.28849743561578245,1.154864363253726,0.20913107511045656,0.23502491213628032,0.999,39/115,28.42%,KPNA2;CKS2;MYC;UBE2S;RFC3;STMN1;ATAD2;PNN;CTCF;BARD1;RBBP7;PPM1D;HMGA1;PHF5A;CSE1L;CDKN1A;TUBG1;H2AZ1;GSPT1;RAD21;TMPO;EIF2S1;SRSF1;CKS1B;IPO7;NME1;NOLC1;KIF22;SMC4;SRSF2;DUT;XRCC6;HNRNPD;CDKN1B;RAD1;TUBB;HMGB3;SNRPB;LBR,Lung,Multiciliated epithelial cell
44,logFC,Wnt-beta Catenin Signaling,0.3858085023354967,1.133340080082713,0.29131175468483816,0.2589830433373858,1.0,9/22,25.19%,MYC;HDAC5;NCOR2;TCF7;PPARD;ADAM17;NCSTN;CSNK1E;MAML1,Lung,Multiciliated epithelial cell
45,logFC,Bile Acid Metabolism,-0.2383747331643521,-0.9516189924418392,0.5694050991501416,1.0,1.0,20/63,20.21%,SLC27A2;SLC23A1;FDXR;CYP39A1;EFHC1;PRDX5;PEX11G;CROT;PEX1;ALDH1A1;PECR;GCLM;CAT;SOD1;SULT2B1;RXRA;DHCR24;SLC22A18;ABCD3;HACL1,Lung,Multiciliated epithelial cell
46,logFC,DNA Repair,0.21550237788417415,0.8679961384602037,0.7362962962962963,0.726457556956841,1.0,15/115,14.93%,BCAM;POLD4;POLR2D;NME4;RFC3;SEC61A1;GTF3C5;STX3;RALA;TK2;POM121;CSTF3;POLR2G;GTF2H3;RNMT,Lung,Multiciliated epithelial cell
47,logFC,Apical Surface,-0.2827614707472889,-0.8476628256061283,0.6821345707656613,1.0,1.0,5/19,16.25%,CROCC;SHROOM2;NCOA6;DCBLD2;FLOT2,Lung,Multiciliated epithelial cell
48,logFC,Notch Signaling,-0.260537105135203,-0.7995866256979242,0.7591743119266054,0.8720666161998486,1.0,9/20,33.96%,PSENEN;DLL1;SAP30;MAML2;HES1;DTX2;ST3GAL6;SKP1;JAG1,Lung,Multiciliated epithelial cell
49,logFC,Pperoxisome,0.21276390679428436,0.7924477380858536,0.8292682926829268,0.8448837846894325,1.0,11/74,14.50%,CADM1;ACSL4;FADS1;RDH11;ELOVL5;SOD2;ACSL5;PABPC1;FDPS;ACSL1;MLYCD,Lung,Multiciliated epithelial cell
0,logFC,Epithelial Mesenchymal Transition,0.6289552998822535,2.475784546044068,0.001,0.001,0.001,20/85,3.91%,TIMP1;ACTA2;VIM;TPM2;IGFBP4;DCN;NNMT;MGP;CALD1;EMP3;DAB2;AREG;HTRA1;TAGLN;PLAUR;ID2;LGALS1;TPM1;CD44;PMP22,Lung,Pulmonary alveolar type 1 cell
1,logFC,Coagulation,0.6632337839383305,2.412697579277051,0.002012072434607646,0.004239126148507433,0.005,18/53,10.62%,TIMP1;CLU;CFD;PECAM1;A2M;APOC1;PRSS23;C1QA;HTRA1;CTSB;C1S;SERPINA1;C3;FN1;GSN;GNB2;S100A13;CFI,Lung,Pulmonary alveolar type 1 cell
2,logFC,Glycolysis,0.5778503180334019,2.2713288139648915,0.001,0.012434770035621804,0.021,28/94,14.41%,TFF3;DCN;SLC16A3;STMN1;IER3;ALDOA;ALDH7A1;CD44;UGP2;ECD;CITED2;IDH1;PMM2;GUSB;AKR1A1;GOT1;PSMC4;IRS2;LDHA;QSOX1;GALK2;PPIA;PGLS;MDH2;NASP;GLRX;ME2;PYGB,Lung,Pulmonary alveolar type 1 cell
3,logFC,Estrogen Response Late,0.5538027384569988,2.2267870131975736,0.001,0.016956504594029732,0.039,12/94,3.14%,TFF3;IGFBP4;FABP5;S100A9;FKBP5;AREG;PRSS23;ADD3;AGR2;ID2;CD44;SERPINA1,Lung,Pulmonary alveolar type 1 cell
4,logFC,Allograft Rejection,0.5759938390118399,2.1752332832233723,0.003861003861003861,0.022721716155999844,0.056,27/70,14.69%,TIMP1;HLA-DQA1;CTSS;SRGN;BCL3;IRF7;WARS1;HLA-DMA;HLA-DRA;NPM1;HLA-E;CD74;TAP1;RPS3A;UBE2D1;RIPK2;ABCE1;RPS9;GBP2;RPL39;RPS19;IL4R;TPD52;NME1;DARS1;EIF4G3;NCK1,Lung,Pulmonary alveolar type 1 cell
5,logFC,Complement,0.5356323364979098,2.130096838664142,0.0036429872495446266,0.026282582120746086,0.076,31/96,13.65%,TIMP1;CLU;CTSC;APOC1;FCER1G;C1QC;CTSS;S100A9;C1QA;IRF7;PRCP;CTSB;PLAUR;C1S;CTSL;SERPINA1;GNAI2;C3;LIPA;STX4;LAP3;FN1;GNB2;S100A13;CASP7;CD59;ZFPM2;PSMB9;LTA4H;CTSD;ANXA5,Lung,Pulmonary alveolar type 1 cell
6,logFC,KRAS Signaling Up,0.5671672218604867,2.0174603610423487,0.01006036217303823,0.04675150552353912,0.145,9/57,2.10%,GNG11;TFPI;LAPTM5;PECAM1;SPARCL1;FCER1G;CTSS;PLAUR;ID2,Lung,Pulmonary alveolar type 1 cell
7,logFC,Estrogen Response Early,0.4793793209974226,1.9794165853562402,0.0038240917782026767,0.048749950707835485,0.172,8/103,3.02%,TFF3;IGFBP4;FKBP5;AREG;PRSS23;ADD3;SH3BP5;CD44,Lung,Pulmonary alveolar type 1 cell
8,logFC,Interferon Alpha Response,0.5506235574509366,1.9604597827062142,0.02240325865580448,0.04747821286328325,0.186,27/58,18.75%,IFITM1;IRF7;IFI30;WARS1;C1S;CD74;TXNIP;MX1;TAP1;ISG15;RIPK2;PSME2;PSMB8;SAMD9;LAP3;GBP2;TENT5A;IL4R;IRF9;PSMB9;IFIT3;ELF1;IFITM2;IRF1;PLSCR1;TRIM26;SP110,Lung,Pulmonary alveolar type 1 cell
9,logFC,Interferon Gamma Response,0.4839222649092691,1.951755003225804,0.005703422053231939,0.0444260420363579,0.194,43/106,18.75%,ARL4A;HLA-DQA1;IRF7;IFI30;WARS1;VAMP5;HLA-DRB1;HLA-DMA;C1S;CD74;BTG1;TXNIP;MX1;MT2A;TAP1;ISG15;CDKN1A;IL15RA;RIPK2;PSME2;PSMB8;LAP3;NCOA3;IL4R;CASP7;IRF9;SOD2;PSMB9;IFIT3;NAMPT;RIPK1;SRI;UPP1;TNFSF10;HLA-A;PSMA2;IFITM2;IRF1;C1R;HLA-B;PLSCR1;TRIM26;SP110,Lung,Pulmonary alveolar type 1 cell
10,logFC,TNF-alpha Signaling via NF-kB,0.4562318158767666,1.8461407166898527,0.015238095238095238,0.06720941820906332,0.287,33/110,11.55%,CXCL3;AREG;BCL3;MAP3K8;IER3;PLAUR;LITAF;ID2;REL;DNAJB4;KLF2;CD44;BTG1;TAP1;DENND5A;JUNB;CDKN1A;IL15RA;ETS2;BCL6;RIPK2;RHOB;DRAM1;ATP2B1;BHLHE40;NR4A1;RELA;TSC22D1;KLF9;HES1;IRS2;SOD2;B4GALT5,Lung,Pulmonary alveolar type 1 cell
11,logFC,Apoptosis,0.46450058983540776,1.8301803352049097,0.020560747663551402,0.06401080484246224,0.296,23/96,11.17%,TIMP1;CLU;DCN;GPX3;IER3;HMGB2;BAX;CD44;TXNIP;TAP1;PEA15;DAP;CDKN1A;RHOB;GPX1;RELA;H1-0;PAK1;TGFBR3;GSN;HSPB1;CASP7;SOD2,Lung,Pulmonary alveolar type 1 cell
12,logFC,Myc Targets V1,0.4072441008628988,1.7701266617684959,0.0055147058823529415,0.07708687857747364,0.366,76/174,23.71%,LSM2;NPM1;PABPC1;NHP2;FBL;NCBP2;RPS2;H2AZ1;EEF1B2;ILF2;PSMD14;ABCE1;RPL6;CCT5;RPLP0;C1QBP;RSL1D1;MRPL9;PSMC4;APEX1;SNRPA1;DDX21;PTGES3;LDHA;BUB3;TFDP1;RPS5;RANBP1;SNRPD3;TCP1;PABPC4;RPS6;CLNS1A;EIF4A1;NME1;PPIA;EIF2S1;SNRPD2;SF3A1;PA2G4;RPL22;RPS10;DDX18;CCT2;CBX3;RACK1;PHB2;YWHAQ;HPRT1;RPL34;SNRPD1;PSMA2;RAN;PRDX3;ERH;CCT3;VDAC1;PSMA1;RUVBL2;HDGF;RPL14;TRA2B;CYC1;SRSF3;CCT4;LSM7;RPS3;PSMB2;SLC25A3;EIF4E;EIF3J;EIF3D;HSPE1;HNRNPA1;AP3S1;SNRPB2,Lung,Pulmonary alveolar type 1 cell
13,logFC,Myogenesis,0.44808868152518666,1.7608063996914798,0.026156941649899398,0.0738819128739867,0.375,14/80,7.61%,TPM2;CLU;CFD;GPX3;ACSL1;NQO1;TAGLN;GAA;IGFBP7;NOTCH1;CDKN1A;MEF2C;BHLHE40;SCD,Lung,Pulmonary alveolar type 1 cell
14,logFC,Adipogenesis,0.40353333255953655,1.7098977185529751,0.01125703564727955,0.08127817868738252,0.424,31/144,14.36%,FABP4;PPARG;ARL4A;APOE;SPARCL1;PLIN2;GPX3;ALDOA;LIFR;SAMM50;YWHAG;TST;C3;G3BP2;CHCHD10;BCL6;IDH1;PHYH;DECR1;ACLY;ESYT1;MRPL15;SOWAHC;GRPEL1;DNAJB9;MGST3;UQCRC1;PFKL;MDH2;DHRS7B;HADH,Lung,Pulmonary alveolar type 1 cell
15,logFC,Xenobiotic Metabolism,0.43287346490825673,1.6943593406248787,0.03244274809160305,0.079271658977089,0.435,18/88,10.06%,IGFBP4;APOE;EPHX1;FBP1;GSTO1;NQO1;ID2;MT2A;PDK4;AKR1C3;ETS2;IDH1;JUP;PPARD;MCCC2;PTS;PGD;PTGES3,Lung,Pulmonary alveolar type 1 cell
16,logFC,Inflammatory Response,0.4566563910302055,1.6884737902517168,0.03125,0.07650375896247533,0.441,15/67,10.30%,TIMP1;MARCO;IFITM1;EMP3;IRF7;PLAUR;CDKN1A;IL15RA;RIPK2;SLC4A4;ATP2B1;P2RX4;RELA;IL4R;AXL,Lung,Pulmonary alveolar type 1 cell
17,logFC,Oxidative Phosphorylation,0.35997170742572093,1.5781067588327027,0.026785714285714284,0.1017390275641784,0.569,69/184,26.31%,LDHB;BAX;MRPL11;UQCRH;CYCS;PDK4;NDUFA9;IDH1;SLC25A11;NQO2;TIMM50;PHYH;TOMM22;DECR1;COX11;ATP6V1C1;LDHA;CASP7;MRPL15;OPA1;GRPEL1;MRPS11;MGST3;UQCRC1;COX4I1;MDH2;SLC25A5;NDUFB3;HSD17B10;OGDH;FDX1;OXA1L;PHB2;ATP6V1F;ATP6V0B;SLC25A6;ATP5F1C;ATP6AP1;PRDX3;TIMM10;ATP5MC3;VDAC1;CS;ISCA1;NDUFB8;NDUFA8;COX6B1;ACADSB;IDH3G;CYC1;COX7A2L;TIMM13;ATP6V1E1;VDAC2;SDHD;SLC25A3;MPC1;NDUFS3;BDH2;AFG3L2;IDH3B;MRPS12;ATP5MC2;COX8A;NDUFS2;COX5A;DLST;ATP5PB;VDAC3,Lung,Pulmonary alveolar type 1 cell
18,logFC,IL-6/JAK/STAT3 Signaling,0.4659401430778931,1.5345541445673343,0.04722792607802875,0.11012803510017205,0.626,7/34,10.69%,A2M;CXCL3;MAP3K8;CD44;IL15RA;IL4R;IRF9,Lung,Pulmonary alveolar type 1 cell
19,logFC,Pancreas Beta Cells,0.6274317316243916,1.5338551216078662,0.05790645879732739,0.10479119839110376,0.627,7/10,26.63%,FOXO1;AKT3;SRPRB;SRP14;STXBP1;SEC11A;FOXA2,Lung,Pulmonary alveolar type 1 cell
20,logFC,UV Response Up,0.3854375690722393,1.5151553000816407,0.046296296296296294,0.10658374316247261,0.655,23/89,12.88%,EPHX1;GPX3;PPP1R2;HYAL2;ALDOA;MGAT1;BTG1;TFRC;TAP1;CDC34;TARS1;TST;JUNB;CDC5L;RHOB;NR4A1;ARRB2;ATP6V1C1;NXF1;DDX21;SOD2;GRPEL1;CEBPG,Lung,Pulmonary alveolar type 1 cell
21,logFC,E2F Targets,0.40063162022398213,1.505553972265072,0.061420345489443376,0.10505325346210238,0.665,24/75,16.14%,STMN1;HMGB3;HMGB2;LBR;TUBB;TFRC;HMGA1;H2AZ1;CDKN1A;CKS2;EXOSC8;POP7;SNRPB;NUDT21;NAA38;RANBP1;JPT1;NME1;EIF2S1;PA2G4;NASP;PHF5A;POLE4;RAN,Lung,Pulmonary alveolar type 1 cell
22,logFC,Cholesterol Homeostasis,0.43444994848076923,1.5022628752819658,0.0688976377952756,0.102107647229266,0.671,9/48,9.09%,PPARG;CLU;FABP5;PLAUR;S100A11;TP53INP1;GUSB;SCD;ACAT2,Lung,Pulmonary alveolar type 1 cell
23,logFC,IL-2/STAT5 Signaling,0.36235087297784296,1.4501210325477496,0.048,0.11919009687553399,0.751,28/87,19.59%,ARL4A;PLIN2;MAP3K8;GSTO1;PLPP1;HIPK2;CD44;PRKCH;DENND5A;RHOB;BHLHE40;P2RX4;GALM;TTC39B;NCOA3;NFKBIZ;IL4R;LRRC8C;SERPINB6;WLS;TNFSF10;ITGAE;CKAP4;NDRG1;PLSCR1;CDKN1C;CDC42SE2;MYO1E,Lung,Pulmonary alveolar type 1 cell
24,logFC,Reactive Oxygen Species Pathway,0.4295946024077869,1.429783788849194,0.07142857142857142,0.12310422335265586,0.782,10/36,14.88%,GPX3;FTL;NQO1;GLRX2;JUNB;PDLIM1;SOD2;GCLM;GLRX;MSRA,Lung,Pulmonary alveolar type 1 cell
25,logFC,mTORC1 Signaling,0.337314897785672,1.4221011156771317,0.06133828996282528,0.1222172677277374,0.79,39/128,18.78%,CTSC;IFI30;WARS1;ADD3;GAPDH;SKAP2;ALDOA;SDF2L1;TFRC;CDKN1A;PSMD14;IDH1;BHLHE40;SCD;PSMD12;GOT1;ACLY;PSMC4;HSP90B1;LDHA;PSMD13;GTF2H1;M6PR;EEF1E1;LTA4H;PPIA;NAMPT;PFKL;GLRX;CCT6A;HPRT1;PITPNB;PSMB5;GGA2;ACTR2;CCNG1;PSMC2;PLOD2;UCHL5,Lung,Pulmonary alveolar type 1 cell
26,logFC,Angiogenesis,0.5526300852561226,1.3852671596001338,0.1284796573875803,0.1338935844239681,0.835,1/11,0.07%,TIMP1,Lung,Pulmonary alveolar type 1 cell
27,logFC,Hypoxia,0.3305823861648069,1.3453832953150389,0.10053859964093358,0.1509734498318433,0.883,15/107,7.10%,DCN;FBP1;PLIN2;IER3;GAPDH;GAA;PLAUR;PPARGC1A;ALDOA;BTG1;MT2A;UGP2;CDKN1A;CITED2;BHLHE40,Lung,Pulmonary alveolar type 1 cell
28,logFC,Androgen Response,0.36191071842842376,1.3416820731365495,0.10474308300395258,0.14781394349554194,0.889,22/71,16.99%,FKBP5;UAP1;SEC24D;LIFR;PLPP1;ACTN1;NCOA4;SCD;H1-0;TSC22D1;CDC14B;XRCC5;ELL2;TPD52;UBE2J1;DNAJB9;PA2G4;LMAN1;DBI;SMS;NDRG1;ZMIZ1,Lung,Pulmonary alveolar type 1 cell
29,logFC,Mitotic Spindle,-0.29512339254220643,-1.334907555088841,0.04771784232365145,0.4974229941966641,0.809,59/127,35.79%,CNTROB;ARL8A;FGD6;NUMA1;CTTN;BIN1;ATG4B;FGD4;CD2AP;NEDD9;APC;PPP4R2;CYTH2;ARHGEF12;TSC1;DST;CLIP1;ARFGEF1;MID1;CEP192;NF1;SOS1;RASA2;CDK5RAP2;RAB3GAP1;DYNLL2;TUBA4A;SPTBN1;EPB41;AKAP13;FLNB;DOCK4;PALLD;ITSN1;OPHN1;TBCD;CDC27;RABGAP1;ARHGEF2;EZR;RASAL2;DLG1;NOTCH2;SPTAN1;ABI1;ARFIP2;BCR;KLC1;PCM1;PCGF5;TRIO;ARHGAP27;RICTOR;RAPGEF6;ARHGAP5;FARP1;PAFAH1B1;ACTN4;WASL,Lung,Pulmonary alveolar type 1 cell
30,logFC,Apical Junction,0.33485576971086417,1.3160272082243063,0.09778597785977859,0.15927809981991928,0.91,14/92,7.19%,CLDN5;PECAM1;ZYX;EPB41L2;CD99;SKAP2;AKT3;ACTN1;GNAI2;STX4;SHC1;MAPK13;MYH10;JUP,Lung,Pulmonary alveolar type 1 cell
31,logFC,p53 Pathway,0.3188216162046319,1.2822900327325835,0.11553030303030302,0.17749631421814996,0.936,30/114,17.62%,EPHX1;IFI30;LDHB;IER3;BAX;TPRKB;BTG1;TXNIP;NOTCH1;TAP1;TSPYL2;SERTAD3;CDKN1A;SLC3A2;CCNK;DRAM1;TSC22D1;PITPNC1;BLCAP;RPS12;FBXW7;CTSD;RAD9A;UPP1;RACK1;RPL36;NDRG1;MDM2;FAM162A;CCNG1,Lung,Pulmonary alveolar type 1 cell
32,logFC,Bile Acid Metabolism,-0.34382878301669856,-1.2372200865342988,0.14471243042671614,0.4683048577573962,0.961,13/39,16.01%,HSD17B11;ABCA5;ATXN1;PEX13;DHCR24;SULT2B1;CAT;ABCA8;LONP2;RETSAT;HSD17B6;ISOC1;ABCA1,Lung,Pulmonary alveolar type 1 cell
33,logFC,UV Response Dn,0.30651101123482394,1.2318238225103295,0.1425891181988743,0.212009296502228,0.965,11/98,8.25%,TFPI;PPARG;ADGRL2;DAB2;ADD3;AKT3;PMP22;CITED2;ATP2B1;BHLHE40;TGFBR3,Lung,Pulmonary alveolar type 1 cell
34,logFC,Pperoxisome,-0.2738520066792242,-1.067262277260346,0.3537832310838446,0.7859529510436536,0.999,13/59,11.05%,HSD17B11;CADM1;ATXN1;PEX13;DHCR24;SULT2B1;ERCC3;CTBP1;CAT;LONP2;RETSAT;HRAS;ACAA1,Lung,Pulmonary alveolar type 1 cell
35,logFC,Spermatogenesis,0.32851616298059505,1.0524379365302725,0.3684210526315789,0.43973868580517106,0.997,2/28,2.96%,ARL4A;COIL,Lung,Pulmonary alveolar type 1 cell
36,logFC,Myc Targets V2,0.36539733910422423,1.0513576977715888,0.3497854077253219,0.42855071757793384,0.997,10/19,23.35%,NPM1;WDR43;PA2G4;DDX18;CBX3;IMP4;MAP3K6;MPHOSPH10;HSPE1;WDR74,Lung,Pulmonary alveolar type 1 cell
37,logFC,KRAS Signaling Dn,-0.30736607694079643,-1.0358481696000985,0.4003831417624521,0.678381559189968,1.0,14/28,33.79%,PTPRJ;NR6A1;PRKN;UPK3B;TGFB2;EDN1;CAPN9;KRT4;MFSD6;SELENOP;MTHFR;FGGY;KMT2D;KRT15,Lung,Pulmonary alveolar type 1 cell
38,logFC,G2-M Checkpoint,0.25879730255692157,1.0274947603842448,0.3612167300380228,0.45889146147042753,1.0,18/92,14.58%,STMN1;BCL3;HMGB3;LBR;MT2A;MEIS2;HMGA1;UPF1;H2AZ1;CKS2;HMGN2;BUB3;TFDP1;HSPA8;JPT1;NASP;SRSF10;KATNA1,Lung,Pulmonary alveolar type 1 cell
39,logFC,Fatty Acid Metabolism,0.2549028954549845,1.0152052721941205,0.3663551401869159,0.46734010717211943,1.0,16/101,10.22%,EPHX1;ACSL1;ALDOA;LGALS1;H2AZ1;PTPRG;ALDH1A1;IDH1;DECR1;GLUL;NTHL1;ACOT8;ACAT2;PTS;APEX1;LDHA,Lung,Pulmonary alveolar type 1 cell
40,logFC,Unfolded Protein Response,0.26752383672082847,1.007506538473606,0.39285714285714285,0.4678620416228367,1.0,17/76,13.27%,EIF4EBP1;NPM1;ERN1;NHP2;TARS1;TSPYL2;SHC1;EIF4A3;HSP90B1;ATP6V0D1;SRPRB;POP4;EIF4A1;DNAJB9;EIF2S1;CEBPG;EEF2,Lung,Pulmonary alveolar type 1 cell
41,logFC,DNA Repair,0.23840592185765744,0.9497916231658542,0.48565965583174,0.561840393009022,1.0,28/93,24.22%,SF3A3;POLR3GL;NCBP2;MPG;MRPL40;GUK1;ARL6IP1;UPF3B;POLD4;NUDT21;SMAD5;GTF2H1;ERCC1;NME1;TAF9;NT5C3A;HPRT1;REV3L;POLE4;CANT1;APRT;RRM2B;TAF10;SSRP1;VPS28;POLR2J;MPC2;SUPT4H1,Lung,Pulmonary alveolar type 1 cell
42,logFC,heme Metabolism,-0.20428523684818412,-0.8917626523293373,0.6842105263157895,0.9403027474534312,1.0,31/113,26.16%,TFDP2;MBOAT2;DCAF11;ICAM4;PDZK1IP1;XPO7;IGSF3;BCAM;CAT;CTSE;CLIC2;YPEL5;DCAF10;ADD1;GAPVD1;SELENBP1;ARHGEF12;CIR1;ALDH6A1;PICALM;MAP2K3;MFHAS1;BMP2K;TOP1;RBM5;EPB41;SLC66A2;NEK7;CDC27;BLVRB;PIGQ,Lung,Pulmonary alveolar type 1 cell
43,logFC,Notch Signaling,0.30871364667147494,0.8432470429674628,0.6584269662921348,0.766434007650144,1.0,6/17,18.91%,NOTCH1;TCF7L2;PPARD;HES1;SKP1;JAG1,Lung,Pulmonary alveolar type 1 cell
44,logFC,TGF-beta Signaling,0.21651812749159594,0.7375369100107755,0.8189300411522634,0.939899049647068,1.0,5/44,7.07%,ID2;HIPK2;JUNB;FKBP1A;HDAC1,Lung,Pulmonary alveolar type 1 cell
45,logFC,Hedgehog Signaling,0.2948624574301086,0.7256808136644977,0.7962962962962963,0.9325663953433572,1.0,2/10,7.01%,ETS2;NRP2,Lung,Pulmonary alveolar type 1 cell
46,logFC,Protein Secretion,-0.15773566897734403,-0.658297548281996,0.9919678714859438,1.0,1.0,26/84,30.65%,SEC22B;GALC;CAV2;NAPG;YKT6;RAB22A;RAB14;ABCA1;DST;ARFGEF1;STX7;RAB9A;RAB2A;EGFR;MON2;YIPF6;PAM;RAB5A;ARFGAP3;TOM1L1;ERGIC3;AP2B1;ATP1A1;ARCN1;GOSR2;SGMS1,Lung,Pulmonary alveolar type 1 cell
47,logFC,Apical Surface,0.2467055803831187,0.6477540000158791,0.8680851063829788,0.9823064601841368,1.0,4/14,19.99%,PLAUR;HSPB1;FLOT2;GSTM3,Lung,Pulmonary alveolar type 1 cell
48,logFC,Wnt-beta Catenin Signaling,-0.22975000336521473,-0.634480871859358,0.9197761194029851,0.9780853049795057,1.0,1/15,0.55%,FZD8,Lung,Pulmonary alveolar type 1 cell
49,logFC,PI3K/AKT/mTOR  Signaling,0.1435014551378347,0.527490275966405,1.0,0.9937300366733705,1.0,21/64,26.41%,CDKN1A;HSP90B1;CFL1;AP2M1;RIPK1;NCK1;YWHAB;ARPC3;ACTR2;RAF1;PLA2G12A;PFN1;ARF1;EIF4E;RAC1;CALR;PPP1CA;GRB2;PTPN11;PTEN;TNFRSF1A,Lung,Pulmonary alveolar type 1 cell
0,logFC,KRAS Signaling Up,0.701152582497569,2.4029537306526136,0.001,0.001,0.001,45/105,12.42%,INHBA;CD37;CPE;GPNMB;FCER1G;IL1B;RETN;LY96;LAPTM5;CXCR4;LCP1;EPB41L3;CTSS;SERPINA3;GYPC;PECAM1;PLAUR;GNG11;ITGB2;TMEM176B;PCSK1N;AKAP12;GLRX;TMEM176A;IL7R;LIF;CFB;HBEGF;TNFAIP3;PSMB8;ADAM17;ID2;ETS1;MAFB;HDAC9;PTGS2;IGFBP3;TRIB2;CCL20;MTMR10;ALDH1A3;SDCCAG8;DNMBP;ZNF639;NRP1,Lung,Respiratory tract goblet cell
1,logFC,Complement,0.6578599266536869,2.2897228183869736,0.001,0.001,0.001,43/122,10.26%,OLR1;C1QC;C1QA;FCER1G;APOC1;LRP1;FN1;CTSS;TIMP2;LTF;SH2B3;CTSL;CASP1;PLAUR;KYNU;CPM;GCA;SERPINA1;SERPING1;S100A9;ZFPM2;CTSB;RHOG;CTSD;GNAI2;GRB2;LAP3;PSMB9;CFB;TNFAIP3;LIPA;CEBPB;IL6;LAMP2;ANXA5;PFN1;VCPIP1;C1S;PDP1;PLSCR1;LGALS3;PRCP;ATOX1,Lung,Respiratory tract goblet cell
2,logFC,Allograft Rejection,0.6745269600679812,2.254112470814105,0.001,0.001,0.001,26/93,6.49%,INHBA;IGSF6;SPI1;IL1B;HLA-DQA1;PTPRC;SRGN;HCLS1;CTSS;CAPG;HLA-DRA;HLA-DMB;ITGB2;CCL4;CD74;HLA-DMA;GBP2;FLNA;LIF;B2M;PTPN6;TGFB1;IL6;ETS1;IL18;PSMB10,Lung,Respiratory tract goblet cell
3,logFC,Epithelial Mesenchymal Transition,0.6702636559062385,2.2460812932460192,0.001,0.001,0.001,48/96,13.29%,INHBA;DAB2;DCN;LRP1;LGALS1;FN1;EMP3;CAPG;VIM;DST;FBLN1;THBS1;WIPF1;PLAUR;FBN1;TAGLN;SPARC;NNMT;CD44;AREG;FLNA;COLGALT1;TNFAIP3;TGFB1;ANPEP;WNT5A;ITGAV;GADD45A;IL6;ID2;PDLIM4;TIMP3;ABI3BP;DPYSL3;NTM;IGFBP2;SLIT2;IGFBP3;CALD1;PMP22;MCM7;FSTL1;CDH11;IGFBP4;FBLN5;LAMC2;IL32;TIMP1,Lung,Respiratory tract goblet cell
4,logFC,Interferon Gamma Response,0.6141460621417539,2.1550104159330683,0.001,0.001,0.001,56/132,14.28%,HLA-DQA1;IFI30;UPP1;HLA-DRB1;CASP1;EPSTI1;CD74;MX1;ISG15;HLA-DMA;SERPING1;ARL4A;IFI27;MTHFD2;TXNIP;CIITA;XAF1;MYD88;CASP8;LAP3;PSMB9;UBE2L6;CFB;SP110;B2M;PTPN6;TNFAIP3;PSMB8;HLA-B;IL6;TNFAIP2;PSMB10;IFI44;SAMHD1;NMI;OGFR;C1S;PTGS2;PLSCR1;TRIM25;LYSMD2;PSME2;CD40;RNF31;MT2A;SOCS1;MX2;BST2;IFIH1;RNF213;SOD2;ZNFX1;IRF7;CASP4;SLC25A28;PNP,Lung,Respiratory tract goblet cell
5,logFC,Interferon Alpha Response,0.6689081644302346,2.125392539067253,0.001,0.001,0.001,31/68,11.74%,IFI30;CASP1;EPSTI1;OAS1;CD74;MX1;ISG15;IFI27;TXNIP;GBP2;CASP8;LAP3;PSMB9;UBE2L6;SP110;B2M;PSMB8;HLA-C;LPAR6;IFI44;MOV10;NMI;OGFR;C1S;PLSCR1;TRIM25;PSME2;RNF31;NUB1;BST2;IFIH1,Lung,Respiratory tract goblet cell
6,logFC,Coagulation,0.6260728240614193,2.023182029078872,0.001,0.001,0.001,20/69,8.97%,OLR1;C1QA;APOC1;CFD;LRP1;FN1;THBD;PECAM1;THBS1;FBN1;SPARC;SERPINA1;SERPING1;CTSB;CFB;TIMP3;LAMP2;C1S;MMP7;A2M,Lung,Respiratory tract goblet cell
7,logFC,Inflammatory Response,0.5853734434529192,1.9923541637023454,0.001,0.001,0.001,25/101,8.45%,OLR1;INHBA;MSR1;MARCO;IL1B;CYBB;CD14;EMP3;AXL;C5AR1;SLC31A2;PLAUR;ADM;IL7R;CALCRL;RHOG;LIF;HBEGF;IL6;IL18;ATP2C1;P2RX4;CSF3;NMI;ATP2B1,Lung,Respiratory tract goblet cell
8,logFC,Angiogenesis,0.7169117861136648,1.8008908381326416,0.0066555740432612314,0.0033790808899979204,0.026,10/18,14.56%,OLR1;THBD;S100A4;LRPAP1;ITGAV;SLCO2A1;FSTL1;NRP1;TIMP1;JAG1,Lung,Respiratory tract goblet cell
9,logFC,Adipogenesis,0.49795186292880184,1.7976062017575416,0.001,0.003275109170305677,0.028,51/158,19.49%,PPARG;FABP4;APOE;SNCG;RETN;PLIN2;ATP1B3;CAVIN1;ARL4A;CDKN2C;DRAM2;MGST3;GPX3;CAT;RMDN3;GADD45A;ACAA2;ITSN1;SQOR;IDH3A;PREB;QDPR;VEGFB;PHYH;ALDOA;PEX14;COQ5;GBE1;MTCH2;ESYT1;DECR1;IFNGR1;REEP5;UCP2;SLC66A3;CHUK;GHITM;MGLL;SULT1A1;ARAF;PPP1R15B;MRPL15;C3;GPD2;TALDO1;BCL2L13;RTN3;NDUFS3;PRDX3;SDHB;COX8A,Lung,Respiratory tract goblet cell
10,logFC,KRAS Signaling Dn,-0.47055486025645465,-1.7963079023376574,0.001,0.00520471894517696,0.012,22/53,15.74%,PTGFR;KRT4;FGFR3;MTHFR;MACROH2A2;EDN1;THNSL2;SYNPO;SLC16A7;TENT5C;SPTBN2;SELENOP;BTG2;FGGY;SCGB1A1;TFCP2L1;ZBTB16;SLC25A23;C5;GAMT;BMPR1B;THRB,Lung,Respiratory tract goblet cell
11,logFC,Apoptosis,0.5072629999021714,1.7567257087333499,0.0012165450121654502,0.0055294050927238705,0.048,34/112,16.86%,DCN;IL1B;CD14;TIMP2;HMOX1;CASP1;HMGB2;GPX1;PPT1;TXNIP;CD44;TSPO;CASP8;GPX3;GADD45A;IL6;TIMP3;IL18;BAX;BCL2L11;LGALS3;BID;SOD2;TIMP1;CASP4;DNAJA1;RARA;PSEN1;IFNGR1;CLU;GSN;ROCK1;CASP7;BCAP31,Lung,Respiratory tract goblet cell
12,logFC,E2F Targets,0.5066315101684661,1.7565905792179992,0.001,0.005068621334996881,0.048,47/122,19.78%,STMN1;TK1;PTTG1;CDK1;LYAR;HMGB2;TFRC;MTHFD2;CDKN2C;ATAD2;JPT1;RPA3;SMC4;ANP32E;SLBP;H2AZ1;KPNA2;CKS2;PCNA;TUBB;NUP107;RAD51C;UBE2S;SMC1A;USP1;MLH1;TMPO;CKS1B;MCM7;NBN;EED;POP7;NUP205;EZH2;MCM5;TBRG4;PRIM2;DCTPP1;RAD21;DUT;DDX39A;SMC3;SMC6;XPO1;MCM3;LBR;HELLS,Lung,Respiratory tract goblet cell
13,logFC,TNF-alpha Signaling via NF-kB,0.4576319604720876,1.6378759806414331,0.002372479240806643,0.020424444551082107,0.2,26/159,6.60%,OLR1;INHBA;IL1B;BCL2A1;PHLDA1;SLC2A3;CD83;PLAUR;KYNU;CCL4;IL7R;CD44;AREG;LIF;HBEGF;TNFAIP3;CEBPB;GADD45A;IL6;ID2;MARCKS;PLPP3;TNFAIP2;IL18;NR4A2;ACKR3,Lung,Respiratory tract goblet cell
14,logFC,IL-6/JAK/STAT3 Signaling,0.5243799035196278,1.5912509764377918,0.02373887240356083,0.031330763746546655,0.31,13/50,10.24%,IL1B;CD14;HMOX1;IL17RA;CD44;MYD88;IL3RA;GRB2;TGFB1;IL6;PDGFC;A2M;SOCS1,Lung,Respiratory tract goblet cell
15,logFC,Xenobiotic Metabolism,0.44794973113925257,1.553289354103905,0.0097442143727162,0.04265439800374299,0.412,19/121,6.49%,APOE;CYP27A1;FBP1;FBLN1;UPP1;HMOX1;MAN1A1;KYNU;TMEM176B;HES6;GSTO1;HSD17B2;AKR1C3;AKR1C2;CFB;CAT;ID2;PGD;PSMB10,Lung,Respiratory tract goblet cell
16,logFC,Reactive Oxygen Species Pathway,0.5186767762563346,1.5404889603665815,0.024251069900142655,0.04547138178415471,0.456,19/42,26.36%,FTL;LSP1;GLRX;GLRX2;GPX3;CAT;ATOX1;SOD2;NQO1;G6PD;HMOX2;TXN;PDLIM1;GCLM;GPX4;PRDX1;NDUFA6;OXSR1;PRNP,Lung,Respiratory tract goblet cell
17,logFC,mTORC1 Signaling,0.4076984334972131,1.4806985789671314,0.010344827586206896,0.07506605262192213,0.651,51/168,22.08%,IFI30;CXCR4;SLC2A3;SKAP2;ITGB2;IGFBP5;GLA;DAPP1;GLRX;TFRC;MTHFD2;DHFR;PSMG1;M6PR;ACTR2;FADS2;SCD;QDPR;CACYBP;NUP205;ALDOA;GGA2;GBE1;ADD3;PNP;PHGDH;ATP6V1D;PSMD12;PSMC2;PSMA4;PSMC4;G6PD;COPS5;LDHA;NUFIP1;WARS1;UCHL5;SDF2L1;GMPS;SLC7A5;DDX39A;PGK1;CTSC;INSIG1;SLC2A1;EBP;ACTR3;ATP5MC1;PSMD14;ABCF2;TOMM40,Lung,Respiratory tract goblet cell
18,logFC,Hypoxia,0.40590330710351685,1.4423616205134446,0.027972027972027972,0.0994879392805157,0.762,32/142,13.54%,DCN;CXCR4;PLIN2;S100A4;SLC2A3;FBP1;HMOX1;PLAUR;SAP30;ADM;AKAP12;GLRX;GALK1;LXN;CAVIN1;GAA;TNFAIP3;IL6;ETS1;ACKR3;CITED2;RRAGD;IGFBP3;MT2A;PGM2;JMJD6;HEXA;ALDOA;UGP2;ILVBL;GBE1;IRS2,Lung,Respiratory tract goblet cell
19,logFC,IL-2/STAT5 Signaling,0.4119816495400415,1.4198149717589046,0.02977667493796526,0.11259726827986997,0.806,22/114,10.24%,PLIN2;PHLDA1;SLC2A3;CD83;CAPG;CTSZ;GLIPR2;GSTO1;ARL4A;CD44;ST3GAL4;IL3RA;LIF;ITGAV;SNX9;P2RX4;RRAGD;PLSCR1;GABARAPL1;CDCP1;HIPK2;SOCS1,Lung,Respiratory tract goblet cell
20,logFC,G2-M Checkpoint,0.3967659093908294,1.3892542430975001,0.03519417475728155,0.13281737367436058,0.866,39/131,19.84%,STMN1;SAP30;PTTG1;CDK1;KIF20B;SMC2;CDKN2C;TGFB1;JPT1;RASAL2;SMC4;MARCKS;H2AZ1;ATF5;KPNA2;CKS2;BUB3;UBE2S;SMC1A;MT2A;TMPO;CKS1B;HSPA8;HMGN2;EZH2;DBF4;MCM5;MAPK14;DTYMK;E2F3;HIF1A;PRIM2;RAD21;SLC7A5;DDX39A;XPO1;MCM3;LBR;MAP3K20,Lung,Respiratory tract goblet cell
21,logFC,PI3K/AKT/mTOR  Signaling,0.39972677153370495,1.3464881809525642,0.09244791666666667,0.16982666429017024,0.938,28/86,21.06%,CXCR4;DAPP1;PLCB1;CDK1;MYD88;GRB2;ITPR2;ACTR2;DUSP3;PFN1;MKNK1;RALB;ARPC3;IRAK4;PPP1CA;CFL1;ARHGDIA;CSNK2B;TIAM1;YWHAB;UBE2N;RAC1;RPS6KA1;SLC2A1;SFN;PRKCB;NCK1;ACTR3,Lung,Respiratory tract goblet cell
22,logFC,Oxidative Phosphorylation,0.3604777784376526,1.3201143057191373,0.04734411085450346,0.19507103158849887,0.965,78/194,29.13%,MGST3;ATP6V1F;ATP6V0B;ACAA2;ATP6AP1;ATP6V1E1;TCIRG1;ATP6V1C1;MPC1;HADHB;BAX;VDAC3;MRPL34;ATP6V0C;PDP1;MRPS30;MDH1;FXN;IDH3A;NDUFA9;PHYH;ATP6V0E1;ACAT1;ALAS1;NQO2;NDUFB6;NDUFB5;ACADVL;COX5A;DECR1;PDK4;ATP6V1D;TIMM50;LDHA;PDHX;MRPL15;CASP7;ATP5MC3;NDUFS3;PRDX3;SDHB;COX8A;CYC1;NNT;VDAC1;MRPS12;ATP5MC1;ATP6V1H;TIMM8B;GPX4;DLD;ATP5F1B;GRPEL1;COX7B;NDUFA2;MDH2;NDUFS8;NDUFV2;NDUFS1;COX17;IDH2;UQCRH;SDHD;UQCRC1;COX7A2;NDUFA6;PDHA1;UQCRFS1;DLST;NDUFS7;NDUFAB1;TIMM17A;POR;ATP5F1C;CPT1A;SUCLG1;NDUFC2;HADHA,Lung,Respiratory tract goblet cell
23,logFC,Myogenesis,0.3923295244355559,1.3123435573435733,0.10909090909090909,0.19594713716130086,0.967,18/85,10.63%,CFD;LSP1;IGFBP7;TAGLN;SPARC;ACSL1;GPX3;GAA;HBEGF;TGFB1;SOD3;ATP6AP1;IGFBP3;TPM3;SCD;OCEL1;CKB;PICK1,Lung,Respiratory tract goblet cell
24,logFC,Wnt-beta Catenin Signaling,-0.43288213421234334,-1.2953873395129551,0.1412037037037037,0.18867106176266482,0.584,6/20,9.60%,AXIN1;TP53;CSNK1E;MAML1;MYC;GNAI1,Lung,Respiratory tract goblet cell
25,logFC,Apical Junction,0.3767876590119851,1.280607711234976,0.10754017305315204,0.22526122894572675,0.987,23/112,9.11%,PTPRC;SKAP2;SYK;PECAM1;RAC2;FBN1;AKT3;YWHAH;ZYX;GNAI2;ACTN1;MSN;RRAS;CD99;EVL;CD276;PFN1;LAYN;VASP;ICAM2;ARPC2;CAP1;SLIT2,Lung,Respiratory tract goblet cell
26,logFC,Estrogen Response Late,0.3459363268725673,1.2124595559577367,0.17865707434052758,0.32465689332501557,0.997,25/127,13.94%,SNX10;CPE;SERPINA3;LTF;OPN3;GLA;FKBP5;SERPINA1;S100A9;CD44;AREG;PTPN6;ITPK1;ID2;SLC26A2;TRIM29;RAB31;DNAJC12;CKB;IGFBP4;ATP2B4;LAMC2;KLF4;ADD3;PLAAT3,Lung,Respiratory tract goblet cell
27,logFC,Mitotic Spindle,0.33112078539946366,1.1773672438353469,0.18941176470588236,0.3742981908920774,0.999,33/145,18.90%,CCDC88A;DST;ARHGAP10;CDK1;MYO9B;KIF20B;ABR;FLNA;ECT2;RASAL2;CDC42EP2;ITSN1;SMC4;CNTRL;MARCKS;SMC1A;ARHGEF2;PCNT;BCL2L11;CKAP5;RASA1;WASF2;AKAP13;FGD4;PDLIM5;BCAR1;GSN;ROCK1;ARHGDIA;KLC1;MAPRE1;SMC3;TIAM1,Lung,Respiratory tract goblet cell
28,logFC,Fatty Acid Metabolism,0.3375990144116904,1.1583594560056885,0.2184049079754601,0.3983849726207805,0.999,27/119,16.90%,LGALS1;HPGD;S100A10;YWHAH;ACSL1;UBE2L6;ACAA2;H2AZ1;CBR3;HADHB;GLUL;NCAPH2;MDH1;GABARAPL1;NBN;ALDOA;BLVRA;ACADVL;HSPH1;DECR1;MLYCD;RAP1GDS1;MGLL;LDHA;UROD;GPD2;GRHPR,Lung,Respiratory tract goblet cell
29,logFC,Glycolysis,0.3278762370575026,1.1514606677356243,0.23792270531400966,0.39840199180108726,0.999,31/141,17.72%,DCN;CXCR4;STMN1;SAP30;GLRX;CDK1;GALK1;CD44;CITED2;GUSB;RRAGD;RPE;PKP2;CLN6;IGFBP3;MDH1;PGM2;SLC16A3;PKM;ALDOA;GMPPA;UGP2;IRS2;PSMC4;G6PD;PGAM1;LDHA;TALDO1;RARS1;TXN;TPST1,Lung,Respiratory tract goblet cell
30,logFC,Protein Secretion,0.33813001630102907,1.1262492449446417,0.27204030226700254,0.4335486264977305,0.999,13/89,11.02%,DST;GLA;PPT1;GALC;AP2S1;SNX2;ANP32E;LAMP2;M6PR;STX12;STX7;VAMP3;STAM,Lung,Respiratory tract goblet cell
31,logFC,Cholesterol Homeostasis,0.35589611883591193,1.1220059435578513,0.296,0.42728477854023705,0.999,11/63,10.09%,PPARG;PLAUR;CXCL16;ETHE1;ATF5;ANXA5;GUSB;PLSCR1;FADS2;LGALS3;SCD,Lung,Respiratory tract goblet cell
32,logFC,p53 Pathway,0.3111486965904225,1.1112165893325858,0.2835648148148148,0.43500845189463305,1.0,20/154,8.60%,IFI30;S100A4;UPP1;HMOX1;CASP1;S100A10;PHLDA3;TXNIP;CTSD;LIF;HBEGF;SLC3A2;TGFB1;KRT17;GADD45A;PITPNC1;PCNA;BAX;RAD51C;MAPKAPK3,Lung,Respiratory tract goblet cell
33,logFC,UV Response Dn,0.3179765424093114,1.095340516986633,0.30853658536585366,0.4517896132252027,1.0,24/117,16.48%,PPARG;DAB2;IGFBP5;AKT3;PLPP3;CITED2;ATP2C1;KCNMA1;KALRN;ADGRL2;ATP2B1;PMP22;GCNT1;PTPRM;ATP2B4;FBLN5;NRP1;PEX14;ADD3;MAPK14;WDR37;PDLIM5;MGLL;EFEMP1,Lung,Respiratory tract goblet cell
34,logFC,UV Response Up,0.3146886324700743,1.0751994543807177,0.336996336996337,0.4766985198207906,1.0,26/108,16.89%,HMOX1;TFRC;PPT1;ARRB2;HLA-F;GPX3;ATP6V1F;AP2S1;MGAT1;IL6;GRINA;ATP6V1C1;IGFBP2;BCL2L11;BID;SOD2;ALAS1;CREG1;ALDOA;DNAJA1;GGH;PPP1R2;SULT1A1;HYAL2;UROD;PPIF,Lung,Respiratory tract goblet cell
35,logFC,TGF-beta Signaling,0.3319748150146385,1.0216630661564041,0.41836734693877553,0.5707015338886646,1.0,9/47,13.16%,THBS1;TGFB1;ID2;RAB31;HIPK2;BCAR3;RHOA;PPP1CA;SKIL,Lung,Respiratory tract goblet cell
36,logFC,Estrogen Response Early,-0.22324822449805945,-1.0067389707781407,0.4607329842931937,0.7345882489012261,0.989,48/136,23.89%,SIAH2;SULT2B1;KLK10;NAV2;LAD1;ELF3;WWC1;RAB17;TGIF2;MSMB;TFAP2C;AKAP1;SCNN1A;ADCY9;MYC;DHRS3;PRSS23;TOB1;HES1;MUC1;UGCG;KRT8;FASN;SYBU;RPS6KA2;KRT18;IL6ST;PMAIP1;CLIC3;MED13L;OVOL2;TFF3;FARP1;CELSR1;SLC19A2;CCND1;FLNB;INHBB;P2RY2;NCOR2;KCNK5;MLPH;SLC1A4;RRP12;RHOD;ALDH3B1;TJP3;SLC39A6,Lung,Respiratory tract goblet cell
37,logFC,DNA Repair,0.28287894535910096,0.981511724726128,0.515970515970516,0.6374766063630692,1.0,45/118,29.52%,HCLS1;TYMS;SDCBP;RPA3;PCNA;ARL6IP1;GTF2B;NT5C3A;CETN2;POLA1;POLB;POLR3GL;PNP;ALYREF;POLL;BCAP31;STX3;ERCC4;DUT;TAF9;DGUOK;POLR1C;MPC2;GPX4;SUPT4H1;GUK1;REV3L;RBX1;GTF3C5;POLD4;CANT1;DAD1;COX17;AK1;POLR2G;ERCC3;AGO4;RPA2;NELFE;GTF2H1;GTF2A2;RRM2B;TAF10;POLD3;TSG101,Lung,Respiratory tract goblet cell
38,logFC,Myc Targets V2,-0.2598456055945037,-0.9406627561997748,0.5635179153094463,0.7364677307425399,0.997,8/46,12.33%,SORD;PRMT3;TMEM97;MYC;NOP2;SUPV3L1;GNL3;MPHOSPH10,Lung,Respiratory tract goblet cell
39,logFC,Pancreas Beta Cells,0.4118988165255455,0.9378117343090542,0.5383275261324042,0.7108741422333126,1.0,2/11,7.62%,AKT3;MAFB,Lung,Respiratory tract goblet cell
40,logFC,Spermatogenesis,0.29717326070130945,0.9020102481015528,0.6169296987087518,0.7661099964593414,1.0,9/46,13.22%,PCSK1N;CDK1;ARL4A;RPL39L;PSMG1;VDAC3;TOPBP1;EZH2;DBF4,Lung,Respiratory tract goblet cell
41,logFC,Androgen Response,0.26702393247387607,0.8958551038346914,0.6488833746898263,0.7588464884919723,1.0,9/91,6.13%,HPGD;AZGP1;FKBP5;AKAP12;PTK2B;ACTN1;B2M;ITGAV;SLC26A2,Lung,Respiratory tract goblet cell
42,logFC,heme Metabolism,0.24351904946537678,0.8584198846848946,0.7354758961681088,0.8107394788617496,1.0,36/134,21.71%,ACP5;GYPC;TFRC;CTSB;MGST3;SDCBP;CAT;ATG4A;HTATIP2;LAMP2;PDZK1IP1;BACH1;H4C3;SIDT2;PICALM;MARCHF2;ACKR1;ARL2BP;BLVRA;MINPP1;HAGH;SEC14L1;UCP2;UROD;C3;GMPS;NFE2L1;YPEL5;KAT2B;SLC30A1;ATP6V0A1;SLC2A1;ADIPOR1;NNT;MKRN1;GCLM,Lung,Respiratory tract goblet cell
43,logFC,Pperoxisome,0.2537850963427686,0.8256773180494896,0.7354497354497355,0.8509435433562071,1.0,15/75,14.72%,CRABP2;YWHAH;ACSL1;TSPO;CAT;SEMA3C;PEX2;CLN6;STS;ITGB1BP1;SOD2;PEX14;CLN8;CTBP1;MLYCD,Lung,Respiratory tract goblet cell
44,logFC,Notch Signaling,0.311035266523921,0.7945942375379336,0.6988543371522095,0.8813695357789512,1.0,3/21,5.07%,SAP30;ST3GAL6;WNT5A,Lung,Respiratory tract goblet cell
45,logFC,Bile Acid Metabolism,0.24217045563399375,0.7665150630623816,0.8128415300546448,0.903523527314856,1.0,7/57,11.21%,CYP27A1;ACSL1;CAT;PEX16;FADS2;PHYH;BCAR3,Lung,Respiratory tract goblet cell
46,logFC,Apical Surface,0.29885557991359046,0.7495378256239194,0.7959527824620574,0.9066394405837891,1.0,2/19,7.74%,PLAUR;AKAP7,Lung,Respiratory tract goblet cell
47,logFC,Unfolded Protein Response,-0.16283674319450725,-0.6997410869721279,0.9852216748768473,0.9556731436502429,1.0,34/99,32.90%,PDIA5;SEC31A;WIPI1;ALDH18A1;XPOT;VEGFA;EDEM1;DDIT4;RPS14;EEF2;GOSR2;PARN;ATF3;ATF6;BAG3;KHSRP;DCP1A;SLC1A4;MTREX;CXXC1;DNAJB9;EIF4G1;NOP14;CNOT6;DDX10;YWHAZ;IARS1;HYOU1;NABP1;EXOSC1;ATF4;SERP1;PDIA6;FUS,Lung,Respiratory tract goblet cell
48,logFC,Myc Targets V1,0.1872908072182524,0.680877507816941,0.973744292237443,0.9591125304826179,1.0,59/187,30.78%,TYMS;H2AZ1;KPNA2;PSMA6;PCNA;BUB3;VDAC3;HDDC2;USP1;PSMD8;PSMA7;MCM7;PSMD1;MCM5;COX5A;CCT5;TCP1;PSMA4;PSMC4;RRM1;PSMD7;COPS5;LDHA;CCT7;LSM2;EXOSC7;TXNL4A;DUT;PGK1;PRDX3;XPO1;CYC1;VDAC1;YWHAQ;PRPS2;CBX3;PSMD14;PSMB3;VBP1;NAP1L1;HNRNPR;SNRPB2;NOLC1;DEK;AIMP2;RANBP1;NDUFAB1;EIF2S1;CDK4;PWP1;UBE2L3;CCT2;PRPF31;PSMB2;SNRPA1;PPIA;EIF4A1;SNRPG;DDX21,Lung,Respiratory tract goblet cell
49,logFC,Hedgehog Signaling,0.20469766074061319,0.49654812809844656,0.9754098360655737,0.9972967352880017,1.0,3/16,12.42%,HEY1;RASA1;NRP1,Lung,Respiratory tract goblet cell
0,logFC,Epithelial Mesenchymal Transition,0.5471603739021784,2.108531380664555,0.001,0.0013514557108657039,0.001,24/65,13.74%,TPM2;IGFBP3;FN1;IL6;TNFAIP3;LGALS1;VEGFC;FSTL1;TGFB1;MYL9;TPM1;THBS1;JUN;CALU;GADD45B;PMP22;DPYSL3;COL4A2;IL32;SAT1;TGM2;CXCL12;COL4A1;ITGAV,Lung,Vein endothelial cell
1,logFC,Myogenesis,0.5235097750781975,1.8749613115433807,0.001,0.022299019229284112,0.033,12/50,7.95%,CFD;TPM2;IGFBP3;APOD;CD36;GJA5;GPX3;TGFB1;SORBS3;CDKN1A;GADD45B;COL4A2,Lung,Vein endothelial cell
2,logFC,Complement,0.4653938873780704,1.841135128949218,0.001,0.01937086518907509,0.043,22/79,13.77%,CD36;CEBPB;C1R;FN1;IL6;TNFAIP3;CTSC;SERPING1;C1S;LYN;PIK3CA;ADAM9;TIMP2;DUSP5;COL4A2;CTSB;HSPA1A;CPQ;USP8;GNB2;USP14;CTSS,Lung,Vein endothelial cell
3,logFC,TNF-alpha Signaling via NF-kB,0.41650610164580276,1.7287630143116641,0.0038022813688212928,0.043584446675418956,0.12,26/99,15.05%,CCL2;CEBPB;CXCL2;IL6;CXCL3;TNFAIP3;BCL6;IL7R;TSC22D1;BTG2;MARCKS;PHLDA1;NR4A1;JUN;CDKN1A;IER2;GADD45B;DUSP5;TIPARP;SAT1;PLPP3;RCAN1;PPP1R15A;PTPRE;FOSB;GADD45A,Lung,Vein endothelial cell
4,logFC,KRAS Signaling Dn,0.5791769427515215,1.691862786417939,0.01593625498007968,0.04730094988029964,0.163,7/19,9.76%,SCGB1A1;BTG2;IFI44L;SELENOP;SYNPO;CAMK1D;TCF7L1,Lung,Vein endothelial cell
5,logFC,IL-6/JAK/STAT3 Signaling,0.48975147034609723,1.6443936142909,0.011764705882352941,0.06599608721394187,0.252,6/34,4.89%,CD36;IL6;CXCL3;PTPN11;TGFB1;JUN,Lung,Vein endothelial cell
6,logFC,KRAS Signaling Up,0.4485025193474303,1.6288405112246098,0.009861932938856016,0.06486987412155379,0.277,15/53,14.33%,SLPI;IGFBP3;APOD;TMEM100;TNFAIP3;IL7R;GYPC;RBM4;IL33;PTBP2;ANKH;CCSER2;EVI5;CTSS;PPP1R15A,Lung,Vein endothelial cell
7,logFC,Pancreas Beta Cells,-0.6697623924388783,-1.5824980721510569,0.03592814371257485,0.22031366691560866,0.297,5/9,26.05%,LMO2;SEC11A;ELP4;STXBP1;SRP14,Lung,Vein endothelial cell
8,logFC,Hypoxia,0.39543085034330033,1.5240451365045158,0.016544117647058824,0.12805042860452545,0.517,16/78,10.98%,IGFBP3;MT1E;IL6;S100A4;TNFAIP3;BNIP3L;CAVIN3;JUN;CDKN1A;EGFR;TIPARP;GPI;NEDD4L;TGM2;MT2A;UGP2,Lung,Vein endothelial cell
9,logFC,Inflammatory Response,0.3916899710083224,1.4995153983528655,0.022813688212927757,0.13499540934091867,0.568,30/60,29.27%,CCL2;IL6;IL7R;LYN;BTG2;CX3CL1;CDKN1A;AHR;TNFSF10;PTPRE;ABI1;EMP3;IL18R1;RNF144B;TIMP1;SERPINE1;ATP2C1;HIF1A;PLAUR;ICAM1;HBEGF;IFNAR1;KIF1B;EIF2AK2;PSEN1;KLF6;TNFRSF1B;IL4R;HRH1;IL15RA,Lung,Vein endothelial cell
10,logFC,Coagulation,0.4128316791834774,1.4935771202885837,0.041666666666666664,0.12717198239246275,0.58,11/48,12.04%,CFD;C1R;FN1;SERPING1;C1S;ADAM9;THBS1;CTSB;CPQ;CD9;GNB2,Lung,Vein endothelial cell
11,logFC,Notch Signaling,0.5314596886504934,1.375955694591276,0.13562753036437247,0.2395762396534657,0.822,7/12,27.01%,APH1A;MAML2;PSENEN;CUL1;SKP1;TCF7L2;PPARD,Lung,Vein endothelial cell
12,logFC,Interferon Gamma Response,0.33376305275021934,1.3587641714980128,0.037109375,0.24405037712049835,0.852,13/90,10.69%,CCL2;C1R;AUTS2;IL6;TNFAIP3;SERPING1;C1S;IFI44L;CDKN1A;ADAR;TNFSF10;GBP4;MT2A,Lung,Vein endothelial cell
13,logFC,Apoptosis,0.3255463540212317,1.2814071435525067,0.12115384615384615,0.345660787586805,0.951,20/72,18.26%,IL6;GPX3;BNIP3L;DPYD;BTG2;TIMP2;JUN;CDKN1A;GPX4;GADD45B;SAT1;GPX1;TNFSF10;DAP;ANKH;GADD45A;EMP1;LMNA;ANXA1;TIMP1,Lung,Vein endothelial cell
14,logFC,Adipogenesis,0.31762341397128036,1.2701592332349494,0.10720887245841035,0.3397945787319484,0.957,19/85,15.58%,CD36;FABP4;ENPP2;GPX3;BCL6;PPARG;LAMA4;CD302;GPX4;LTC4S;SDHC;ALDH2;CYC1;PPM1B;COL4A1;MAP4K3;GADD45A;PRDX3;SORBS1,Lung,Vein endothelial cell
15,logFC,Myc Targets V2,-0.47403435986025894,-1.1952758137212616,0.23552123552123552,1.0,0.989,5/11,24.24%,HSPD1;WDR43;HSPE1;NPM1;PA2G4,Lung,Vein endothelial cell
16,logFC,Wnt-beta Catenin Signaling,0.4634035228581353,1.186730330090686,0.2520833333333333,0.4788658068834144,0.989,7/12,27.01%,CUL1;HDAC2;RBPJ;CSNK1E;NUMB;NOTCH4;PPARD,Lung,Vein endothelial cell
17,logFC,Glycolysis,0.3267874247288738,1.1774839021745578,0.22674418604651161,0.46954639354390304,0.99,5/50,7.52%,TFF3;IGFBP3;EGFR;SDHC;CYB5A,Lung,Vein endothelial cell
18,logFC,Estrogen Response Late,0.322449447980687,1.1749135687064478,0.19408502772643252,0.4476498298755753,0.99,10/51,12.47%,TFF3;NBL1;FARP1;MDK;PAPSS2;HPRT1;FOXC1;CD9;RABEP1;CXCL12,Lung,Vein endothelial cell
19,logFC,Estrogen Response Early,0.3210461599504244,1.1615754143206252,0.22857142857142856,0.4531130675041402,0.991,12/50,17.49%,TFF3;NBL1;FARP1;PAPSS2;THSD4;TIPARP;TGM2;FOXC1;CXCL12;DHRS3;MAST4;NXT1,Lung,Vein endothelial cell
20,logFC,PI3K/AKT/mTOR  Signaling,0.31794380945057427,1.1497379669922783,0.2480916030534351,0.45231088765236904,0.993,8/46,9.38%,PTEN;PTPN11;CAB39;CDKN1A;CSNK2B;EGFR;PPP1CA;RPS6KA3,Lung,Vein endothelial cell
21,logFC,Protein Secretion,0.30960324446338106,1.1446022259175532,0.22120658135283364,0.439493397173527,0.993,13/56,14.14%,CTSC;COPE;RER1;TMED2;STX12;EGFR;AP3S1;RPS6KA3;CLCN3;ARFGAP3;TSG101;GBF1;CAV2,Lung,Vein endothelial cell
22,logFC,Apical Junction,0.29979585705590533,1.1426931669884008,0.25,0.4224907972301594,0.993,12/64,9.06%,PTEN;CDK8;MDK;MYL9;ADAM9;CX3CL1;ITGA9;SORBS3;EGFR;CD99;ITGA10;ZYX,Lung,Vein endothelial cell
23,logFC,Pperoxisome,-0.3486930472315415,-1.1359768654127866,0.2874743326488706,1.0,0.999,13/28,28.42%,ESR2;ABCB1;LONP2;GSTK1;SOD1;TSPO;PRDX1;PABPC1;ATXN1;ECH1;FIS1;SMARCC1;ITGB1BP1,Lung,Vein endothelial cell
24,logFC,Cholesterol Homeostasis,0.3707354904839645,1.1329709182472205,0.28823529411764703,0.42140846256994224,0.995,13/24,23.10%,PPARG;SREBF2;ETHE1;ATXN2;CD9;ALCAM;S100A11;ERRFI1;IDI1;CYP51A1;FDPS;PLAUR;ANXA5,Lung,Vein endothelial cell
25,logFC,TGF-beta Signaling,0.32743672373394905,1.1149639412897603,0.28709055876685935,0.43675523038542513,0.996,6/35,8.13%,TGFB1;HIPK2;THBS1;FNTA;ID3;PPP1CA,Lung,Vein endothelial cell
26,logFC,DNA Repair,0.29278927055340476,1.0781071855558575,0.3128491620111732,0.4860735706746982,0.998,10/53,12.17%,RALA;COX17;MPG;HPRT1;GPX4;TMED2;REV3L;POLR2I;MPC2;TSG101,Lung,Vein endothelial cell
27,logFC,Unfolded Protein Response,0.29990199796317285,1.0753083641573014,0.3346456692913386,0.4719283342343038,0.998,5/48,5.50%,CCL2;CEBPB;YIF1A;MTREX;HERPUD1,Lung,Vein endothelial cell
28,logFC,Fatty Acid Metabolism,0.2988877997305763,1.075306981204425,0.3326959847036329,0.4537772444560613,0.998,9/48,17.25%,CD36;LGALS1;GABARAPL1;LTC4S;SDHC;HADHB;MAOA;ACADVL;IDI1,Lung,Vein endothelial cell
29,logFC,Androgen Response,0.30024891604100673,1.071977395794212,0.35359116022099446,0.44227639485960585,0.998,16/46,22.86%,TSC22D1;PLPP1;ELL2;SELENOP;RPS6KA3;SAT1;SPCS3;ANKH;ABCC4;ITGAV;APPBP2;IDI1;VAPA;AKAP12;UAP1;ZBTB10,Lung,Vein endothelial cell
30,logFC,Mitotic Spindle,-0.2509496786114564,-1.0689763503422167,0.3401826484018265,1.0,1.0,21/97,14.17%,TLK1;CEP57;RABGAP1;PXN;PCM1;SEPTIN9;SPTBN1;SMC3;MYH9;MAP3K11;TBCD;PKD2;MID1;SMC4;CDC27;GSN;ARF6;NCK1;PLEKHG2;RASA1;SORBS2,Lung,Vein endothelial cell
31,logFC,UV Response Up,0.28380454842487984,1.065977349778916,0.34448818897637795,0.43690632481272684,0.998,13/55,18.58%,CXCL2;IL6;GPX3;LYN;BTG2;NR4A1;CLTB;HLA-F;FOSB;MAOA;ATP6V1F;EIF2S3;PPP1R2,Lung,Vein endothelial cell
32,logFC,Apical Surface,-0.4014529567740867,-1.0508787006376037,0.41222879684418146,1.0,1.0,5/12,14.83%,ATP8B1;SULF2;EPHB4;ADAM10;APP,Lung,Vein endothelial cell
33,logFC,mTORC1 Signaling,-0.2369139429414825,-1.0081864293933918,0.4345991561181435,1.0,1.0,22/90,21.08%,GSK3B;ATP6V1D;GLRX;CYB5B;IFI30;SDF2L1;LDHA;HSPD1;SSR1;SEC11A;RPN1;ACACA;HSPE1;CACYBP;PRDX1;PSMD13;IFRD1;SERPINH1;BHLHE40;GBE1;PNP;ACSL3,Lung,Vein endothelial cell
34,logFC,p53 Pathway,-0.24665495932764922,-0.9960571046501085,0.47121535181236673,0.9871439240371279,1.0,13/71,9.68%,NDRG1;BAX;PERP;CCNK;EI24;TXNIP;PLK2;ZBTB16;IFI30;SLC3A2;TPD52L1;PRMT2;PTPN14,Lung,Vein endothelial cell
35,logFC,Bile Acid Metabolism,-0.3498141523710153,-0.9928321784222554,0.4774951076320939,0.8734752302713468,1.0,7/15,25.12%,LONP2;GSTK1;SOD1;PNPLA8;BCAR3;ATXN1;NR3C2,Lung,Vein endothelial cell
36,logFC,Allograft Rejection,0.26422392059331823,0.9897720255159941,0.44377510040160645,0.5620191680358755,1.0,14/57,21.80%,CCL2;IL6;LYN;TGFB1;EGFR;GBP2;CD47;CTSS;ABI1;TAP2;TIMP1;PSMB10;HIF1A;ICAM1,Lung,Vein endothelial cell
37,logFC,G2-M Checkpoint,0.2562006762628703,0.9894036726868786,0.4866412213740458,0.5439158750997504,1.0,12/66,13.64%,TGFB1;MARCKS;BUB3;YTHDC1;MTF2;ARID4A;ABL1;SRSF1;MT2A;MNAT1;CUL5;CUL1,Lung,Vein endothelial cell
38,logFC,Spermatogenesis,-0.37427373973413247,-0.9891069694803283,0.4543726235741445,0.7867258595413935,1.0,2/12,6.09%,SHE;PRKAR2A,Lung,Vein endothelial cell
39,logFC,IL-2/STAT5 Signaling,0.24774521221885187,0.9712147239740816,0.4900900900900901,0.5620311943380857,1.0,21/75,17.70%,SOCS2;PLPP1;GABARAPL1;HIPK2;PHLDA1;GPX4;GADD45B;AHR;TGM2;TNFSF10;GBP4;GSTO1;LRRC8C;ITGAV;NFKBIZ;ALCAM;SERPINB6;EMP1;DHRS3;RORA;IL18R1,Lung,Vein endothelial cell
40,logFC,Xenobiotic Metabolism,-0.24668667229913516,-0.9363954335473178,0.5456389452332657,0.8508837440876276,1.0,8/54,6.88%,NQO1;PTGR1;PTGDS;ASL;DHRS7;CDA;ADH5;CNDP2,Lung,Vein endothelial cell
41,logFC,heme Metabolism,-0.24063851698436722,-0.9323696113716484,0.55,0.783544934030371,1.0,10/57,11.03%,ACKR1;KLF3;SNCA;CLIC2;ARL2BP;LMO2;NR3C1;NEK7;RAD23A;CDC27,Lung,Vein endothelial cell
42,logFC,UV Response Dn,-0.21924527309860953,-0.8932458635384857,0.6673960612691466,0.810202472823832,1.0,21/75,20.60%,EFEMP1;PLCB4;MET;KALRN;WDR37;SPOP;MRPS31;CDK13;ICA1;NRP1;NR3C1;NEK7;PTPRM;SMAD3;ZMIZ1;BHLHE40;SRI;ATXN1;DYRK1A;ATP2B1;PDLIM5,Lung,Vein endothelial cell
43,logFC,Angiogenesis,0.3504444364299539,0.8877874098062879,0.6024590163934426,0.7069802687466213,1.0,5/12,19.64%,S100A4;FSTL1;ITGAV;TIMP1;THBD,Lung,Vein endothelial cell
44,logFC,Oxidative Phosphorylation,0.2045884786247976,0.8646396821427716,0.7422303473491774,0.7290079730036484,1.0,46/120,30.60%,NDUFS7;COX17;GPX4;SDHC;CYB5A;VDAC3;PDK4;UQCRFS1;GPI;OXA1L;HADHB;CYC1;NDUFB3;ATP5PB;NDUFA3;GLUD1;LRPPRC;PRDX3;ACADVL;SLC25A5;ETFB;ATP6V1F;UQCR10;ATP5F1C;NDUFS4;NDUFA1;CYB5R3;NDUFAB1;ATP5ME;NDUFB1;VDAC2;COX8A;ATP5PO;SLC25A6;NDUFB2;SLC25A3;MPC1;HSD17B10;DECR1;ACAT1;ATP6V1E1;PHB2;HADHA;COX7A2;ISCU;ATP5F1B,Lung,Vein endothelial cell
45,logFC,Reactive Oxygen Species Pathway,0.26398031654569293,0.8475637715438278,0.6693386773547094,0.7398822530015945,1.0,3/28,5.21%,HHEX;GPX3;GPX4,Lung,Vein endothelial cell
46,logFC,Hedgehog Signaling,-0.3193699228893345,-0.8090615021893143,0.7315175097276264,0.9212290074874093,1.0,3/11,13.53%,MYH9;NRP1;RASA1,Lung,Vein endothelial cell
47,logFC,E2F Targets,-0.2041992397992511,-0.767824282380607,0.8794466403162056,0.9189960524911981,1.0,13/48,29.48%,SPC25;SMC3;SMC4;XPO1;NUP153;ILF3;JPT1;PA2G4;LUC7L3;PSIP1;AK2;PRKDC;POLE4,Lung,Vein endothelial cell
48,logFC,Interferon Alpha Response,0.21585961874928886,0.7487640894216163,0.8411764705882353,0.8672098231523669,1.0,7/41,12.36%,C1S;IFI44L;ADAR;GBP2;CD47;GBP4;TRIM5,Lung,Vein endothelial cell
49,logFC,Myc Targets V1,-0.1185051158953303,-0.5390352732178734,1.0,0.9925317401045557,1.0,35/149,27.99%,TARDBP;LDHA;SNRPA;HSPD1;RPS6;SNRPD3;RPL34;PCBP1;SNRPD1;XPO1;EIF4A1;NHP2;SNRPB2;HSP90AB1;HSPE1;HNRNPA1;RPS5;IFRD1;PABPC1;SRPK1;ACP1;HNRNPA2B1;NPM1;DDX21;PTGES3;PA2G4;G3BP1;RPS2;EEF1B2;CCT2;PSMD14;SMARCC1;CCT4;C1QBP;SET,Lung,Vein endothelial cell
0,logFC,TNF-alpha Signaling via NF-kB,-0.4892504276676989,-1.9055921641020008,0.001,0.0023613912530132336,0.003,47/150,12.45%,TNF;GADD45B;FOS;TUBB2A;DUSP1;EGR2;NR4A1;JUNB;CD69;SGK1;TRIB1;FOSB;TNFSF9;JUN;PLK2;CCL2;KLF10;KLF6;DUSP2;IER2;SQSTM1;CXCL2;ZFP36;SLC2A3;KLF9;PPP1R15A;IER3;NFKBIA;PER1;BTG2;PTGER4;NR4A2;DNAJB4;MYC;CSF1;ID2;ATP2B1;TNFAIP3;CCL4;ZC3H12A;IL23A;IRF1;BTG1;EGR1;PHLDA2;CCNL1;TGIF1,Skin,CD4T
1,logFC,Angiogenesis,0.6095989021707258,1.6109100149075375,0.0471976401179941,0.16948427134603042,0.084,3/10,6.31%,ITGAV;PTK2;FGFR1,Skin,CD4T
2,logFC,Mitotic Spindle,0.34055735064469944,1.6055192849294062,0.001,0.0895570297453456,0.088,35/141,15.16%,FARP1;DOCK4;SPTBN1;TRIO;RACGAP1;FLNB;ARHGEF7;TOP2A;MAP3K11;ARHGEF2;CENPF;DST;CCDC88A;RALBP1;BCL2L11;PKD2;ARHGAP27;NOTCH2;KIF3B;ARHGEF12;CDC27;CDK1;CSNK1D;VCL;ARHGAP10;SMC4;SMC1A;ATG4B;CLIP1;ARHGAP5;DLG1;CNTRL;PXN;CEP250;HOOK3,Skin,CD4T
3,logFC,UV Response Up,-0.41893143886998707,-1.538670032314417,0.00477326968973747,0.15978747478722882,0.332,26/96,16.23%,CDKN1C;FOS;NR4A1;JUNB;HSPA2;DNAJB1;FOSB;SQSTM1;DNAJA1;POLG2;CXCL2;NFKBIA;H2AX;AMD1;BTG2;NXF1;PPP1R2;IRF1;STARD3;BTG1;ENO2;GRPEL1;EIF5;TFRC;SLC25A4;ABCB1,Skin,CD4T
4,logFC,Notch Signaling,0.4950259133663389,1.5012720354818048,0.06489675516224189,0.12839717526214423,0.176,7/16,17.62%,HES1;ARRB1;NOTCH2;PPARD;SAP30;FBXW11;CUL1,Skin,CD4T
5,logFC,Estrogen Response Early,0.3303012541863066,1.44432295665852,0.001,0.1401134175048149,0.241,19/92,10.52%,FARP1;IL17RB;ABAT;FLNB;IGF1R;ABLIM1;SLC1A4;HES1;SLC37A1;KAZN;PMAIP1;MAST4;RBBP8;ADCY9;FASN;KLF4;PLAAT3;AFF1;RASGRP1,Skin,CD4T
6,logFC,Hedgehog Signaling,0.5058157582362977,1.390002219316155,0.11349693251533742,0.1613952493045153,0.327,4/12,13.39%,TLE1;CDK6;ETS2;LDB1,Skin,CD4T
7,logFC,Apical Junction,0.3310643031174196,1.3896647552144414,0.027932960893854747,0.13481703402525147,0.328,27/77,24.81%,PARD6G;ADAM23;MPZL1;CTNNA1;PTK2;CTNND1;PIK3CB;CDK8;MAPK13;NF2;VCL;ADAM9;B4GALT1;HADH;DLG1;MAPK14;PBX2;ADAM15;SORBS3;CNN2;LDLRAP1;JAM3;WASL;LIMA1;GTF2F1;PFN1;ACTG1,Skin,CD4T
8,logFC,Hypoxia,-0.3709070512214572,-1.3857250935616816,0.02591283863368669,0.47883767074990574,0.828,34/115,22.86%,CDKN1C;FOS;DUSP1;ANKZF1;CITED2;DCN;JUN;KLF6;CXCR4;ADM;ZFP36;SLC2A3;PPP1R15A;DDIT3;IER3;COL5A1;DDIT4;JMJD6;TNFAIP3;BTG1;TPST2;ENO2;UGP2;AMPD3;WSB1;CAV1;GYS1;ERRFI1;CAVIN1;HEXA;NDST2;S100A4;ETS1;TPD52,Skin,CD4T
9,logFC,KRAS Signaling Up,-0.38350573338428945,-1.3826641978952077,0.048134777376654635,0.3668027746347223,0.829,20/81,16.23%,GADD45G;HDAC9;TRIB1;DUSP6;CXCR4;APOD;PPP1R15A;RGS16;TRIB2;ADAM8;SDCCAG8;MAP4K1;BPGM;ID2;TNFAIP3;PRDM1;CDADC1;PCSK1N;IL7R;ABCB1,Skin,CD4T
10,logFC,Myogenesis,-0.3971114286330335,-1.3683513603419926,0.06427688504326329,0.3307522015053869,0.861,25/62,22.66%,GADD45B;CFD;MYOM2;APOD;COL6A2;AGL;FXYD1;WWTR1;IGFBP7;IFRD1;GSN;CHRNB1;KLF5;HDAC5;EIF4A2;COL1A1;CLU;PRNP;ADAM12;APP;RIT1;SIRT2;CKB;RB1;AKT2,Skin,CD4T
11,logFC,heme Metabolism,0.2840327784800814,1.3275931395444964,0.013793103448275862,0.1661826296964324,0.435,32/121,16.17%,RHD;NCOA4;GDE1;KLF3;HBB;BACH1;HDGF;BMP2K;XPO7;ACSL6;ARHGEF12;CDC27;UCP2;KDM7A;DCAF10;SLC30A1;GMPS;ADD1;HTATIP2;GCLM;DAAM1;SLC10A3;TSPAN5;PICALM;PSMD9;GAPVD1;GYPC;CPOX;LRP10;MFHAS1;TRAK2;KAT2B,Skin,CD4T
12,logFC,Apoptosis,-0.34689479515638694,-1.2944036541337491,0.07372175980975029,0.48474114888243874,0.973,32/115,19.93%,TNF;GADD45B;CD69;DCN;JUN;SQSTM1;DNAJA1;HSPB1;TXNIP;LMNA;DDIT3;ANXA1;IER3;RHOT2;BTG2;GSN;IRF1;FASLG;CDC25B;LEF1;IFITM3;ENO2;MGMT;CLU;MCL1;SOD1;TIMP2;CAV1;APP;CD2;WEE1;SLC20A1,Skin,CD4T
13,logFC,KRAS Signaling Dn,-0.3941859519202613,-1.261462736878453,0.15163398692810456,0.5242288581689378,0.99,10/38,12.88%,CCR8;SGK1;GTF3C5;BTG2;CD40LG;NR4A2;SLC16A7;IFNG;KRT5;BARD1,Skin,CD4T
14,logFC,G2-M Checkpoint,0.2550538090596869,1.2106191854629824,0.078125,0.31248662529424354,0.738,34/137,16.94%,E2F3;SMC2;HIRA;RACGAP1;MCM6;TOP2A;CBX1;MCM3;DMD;SMAD3;CENPF;NOTCH2;CDC27;NSD2;CDK1;TFDP1;RAD23B;CKS1B;SMC4;SMC1A;KMT5A;GSPT1;SAP30;CASP8AP2;NOLC1;DR1;HMGA1;HMGN2;MT2A;SMARCC1;SS18;MAPK14;UPF1;PRC1,Skin,CD4T
15,logFC,Glycolysis,-0.32156680078207683,-1.1918500171682724,0.16071428571428573,0.7285875928567914,0.998,22/102,18.22%,HMMR;ANKZF1;CITED2;DCN;B3GAT3;CXCR4;GOT1;IER3;EGLN3;COL5A1;AURKA;AGL;DDIT4;GALK2;HAX1;G6PD;COG2;ENO2;UGP2;SOD1;NDUFV3;GYS1,Skin,CD4T
16,logFC,DNA Repair,-0.316937613685248,-1.1838351898055894,0.17249417249417248,0.6771070770677206,0.998,44/108,33.28%,GTF3C5;NELFE;GMPR2;GTF2H3;DDB2;POLR2A;GTF2H5;NME3;PNP;POLR3GL;SURF1;MRPL40;TAF12;ERCC1;REV3L;USP11;DAD1;TP53;SDCBP;ELL;ALYREF;POLR2K;EIF1B;RNMT;TAF13;GTF2B;NT5C;MPG;GTF2H1;XPC;GTF2A2;POLD3;POLR2H;POLR2D;POLD4;GPX4;POLR2I;VPS28;RRM2B;POLR2C;PDE4B;RAE1;RPA2;CETN2,Skin,CD4T
17,logFC,TGF-beta Signaling,-0.35500435867040575,-1.1492331490842742,0.2646675358539765,0.7504501402076056,1.0,11/43,13.91%,CDKN1C;ID3;JUNB;KLF10;PPP1R15A;CDK9;ID2;WWTR1;ID1;TGIF1;TGFBR1,Skin,CD4T
18,logFC,Epithelial Mesenchymal Transition,-0.3252250418872684,-1.1285182634227284,0.2839657282741738,0.761298228509327,1.0,16/62,18.00%,GADD45B;LOXL1;DCN;JUN;COL6A2;COL5A1;SNTB1;ID2;TNFAIP3;ACTA2;TPM1;SERPINH1;ENO2;COL1A1;COLGALT1;ADAM12,Skin,CD4T
19,logFC,p53 Pathway,-0.2888256340461642,-1.1070349492068594,0.2806004618937644,0.7825388235679966,1.0,58/140,33.90%,FOS;ANKRA2;TNFSF9;JUN;PLK2;ACVR1B;SERTAD3;PPP1R15A;TXNIP;RGS16;DDIT3;IER3;DDB2;BTG2;DDIT4;DEF6;TOB1;ZNF365;BTG1;SOCS1;CCNK;RXRA;NOL8;CDKN2AIP;TSPYL2;TP53;TM7SF3;IER5;SLC3A2;APP;SLC19A2;COQ8A;S100A10;S100A4;RB1;ZFP36L1;XPC;CGRRF1;HEXIM1;EPS8L2;DCXR;RNF19B;GADD45A;TPRKB;FOXO3;RRAD;DGKA;RPL36;NUDT15;PPM1D;SLC35D1;CDKN1A;H2AJ;VAMP8;FBXW7;RCHY1;CCND3;RALGDS,Skin,CD4T
20,logFC,Myc Targets V1,0.22342391802751638,1.0902550478177206,0.17333333333333334,0.5760753263428204,0.923,53/187,20.90%,MCM6;HDGF;VDAC1;SRPK1;GNL3;HDAC2;MRPL23;TOMM70;CTPS1;NOP16;COX5A;ABCE1;NME1;TFDP1;RAD23B;DDX21;PRPS2;EIF2S2;GSPT1;KARS1;PSMD14;PSMA1;RANBP1;CYC1;SRM;XPOT;NOLC1;CANX;RPLP0;EIF3D;IMPDH2;SMARCC1;DEK;PSMA4;NHP2;FAM120A;SERBP1;PSMA2;CUL1;SET;RNPS1;RSL1D1;PPM1G;NCBP1;HNRNPR;BUB3;HPRT1;RRM1;EIF4E;CCT3;C1QBP;UBA2;PSMD1,Skin,CD4T
21,logFC,IL-2/STAT5 Signaling,0.23526564116546755,1.089021525682305,0.27522935779816515,0.5225123047292959,0.924,17/132,7.06%,CYFIP1;IL13;ITGAV;NCS1;SELL;SOCS2;FURIN;IGF1R;IL18R1;TNFRSF9;DENND5A;GBP4;SYNGR2;IRF4;SNX14;IL2RB;TNFRSF18,Skin,CD4T
22,logFC,UV Response Dn,-0.29089979204483507,-1.0606343890815813,0.37761377613776137,0.9021120071447223,1.0,35/87,31.99%,DUSP1;CITED2;IGFBP5;ARHGEF9;DBP;MYC;ATP2B1;INPP4B;ID1;MGLL;RXRA;AGGF1;SYNE1;SCAF8;PRKAR2B;ACVR2A;MGMT;COL1A1;CAV1;NEK7;PRDM2;BMPR1A;LDLR;MIOS;MAP2K5;AKT3;MTA1;BHLHE40;NR3C1;CDKN1B;COL3A1;DYRK1A;BCKDHB;NIPBL;PHF3,Skin,CD4T
23,logFC,Pancreas Beta Cells,0.4002098873195277,1.030579867876717,0.4311377245508982,0.6485224597786121,0.975,6/11,30.12%,PAK3;STXBP1;DPP4;FOXO1;SEC11A;ELP4,Skin,CD4T
24,logFC,Spermatogenesis,-0.3178370607767528,-1.02184952651598,0.421259842519685,0.9901538418289537,1.0,9/45,15.05%,TULP2;MLF1;HSPA2;AURKA;MTOR;GSTM3;NCAPH;PCSK1N;TLE4,Skin,CD4T
25,logFC,Reactive Oxygen Species Pathway,-0.3095745611463986,-0.9793378161463662,0.5095628415300546,1.0,1.0,9/39,18.01%,JUNB;FTL;G6PD;CDKN2D;GLRX2;HMOX2;SOD1;PRNP;STK25,Skin,CD4T
26,logFC,Interferon Gamma Response,-0.24940038155322408,-0.9628121143485884,0.5490417136414881,1.0,1.0,28/146,16.28%,CD69;CCL2;SAMD9L;ZBP1;TXNIP;NOD1;NFKBIA;TOR1B;HLA-DRB1;BPGM;PNP;TNFAIP3;LCP2;DDX60;IRF1;BTG1;SLC25A28;SOCS1;NLRC5;PTPN6;IRF7;HLA-DQA1;IFITM3;IRF9;KLRK1;HERC6;B2M;VAMP5,Skin,CD4T
27,logFC,Allograft Rejection,-0.25180564613066686,-0.9548268213941271,0.565266742338252,1.0,1.0,50/131,34.14%,TNF;IL2;HDAC9;CCL2;CD40LG;CD8B;CSF1;MAP4K1;LCP2;CCL4;IFNG;TRAF2;SOCS1;FASLG;PTPN6;IRF7;MRPL3;HLA-DQA1;ITK;ACVR2A;ZAP70;B2M;CSK;CD2;CD3G;CD3D;PSMB10;ICAM1;DYRK3;ETS1;TPD52;MTIF2;NLRP3;CCR2;RIPK2;HLA-DRA;NCF4;PRF1;BCL10;AARS1;IL12RB1;CTSS;CD28;RPL39;CD8A;UBE2D1;CCND3;HIF1A;LCK;CD3E,Skin,CD4T
28,logFC,Inflammatory Response,-0.25841336763453415,-0.9528178054943152,0.5750605326876513,1.0,1.0,17/98,13.00%,CD69;TNFSF9;CCL2;KLF6;ACVR1B;ADM;RGS16;NFKBIA;BTG2;PTGER4;MYC;CSF1;ATP2B1;LCP2;IRF1;RGS1;IRF7,Skin,CD4T
29,logFC,Unfolded Protein Response,-0.25562279230450996,-0.9203985866707577,0.6079613992762364,1.0,1.0,15/92,14.93%,TUBB2A;CCL2;ZBTB17;PARN;YIF1A;H2AX;DDIT4;FUS;NABP1;EIF4A3;DNAJA4;NFYA;TSPYL2;POP4;EIF4A2,Skin,CD4T
30,logFC,Estrogen Response Late,-0.2551711465896015,-0.918617753113327,0.6073985680190931,0.997963300044276,1.0,17/84,14.15%,FOS;SGK1;SLC26A2;DUSP2;METTL3;SLC16A1;ZFP36;CISH;ID2;TOB1;GLA;UGDH;LLGL2;BATF;PTPN6;PRKAR2B;BLVRB,Skin,CD4T
31,logFC,Apical Surface,-0.3284807627272633,-0.8918590882850436,0.6098265895953757,1.0,1.0,3/18,5.17%,CROCC;HSPB1;AKAP7,Skin,CD4T
32,logFC,Pperoxisome,0.21024369864170508,0.888335856846991,0.7024390243902439,1.0,0.998,8/63,9.15%,ACSL4;CADM1;TOP2A;PEX13;ACSL5;CTPS1;SLC23A2;CLN8,Skin,CD4T
33,logFC,Wnt-beta Catenin Signaling,-0.31366912380439166,-0.8710889450043903,0.6570188133140377,1.0,1.0,5/21,17.11%,MYC;LEF1;HDAC5;TP53;PTCH1,Skin,CD4T
34,logFC,Interferon Alpha Response,-0.23285619602617091,-0.8247414390957778,0.7783191230207065,1.0,1.0,13/72,16.08%,LPAR6;SAMD9L;TXNIP;CSF1;DDX60;IRF1;SLC25A28;SAMD9;IRF7;IFITM3;IRF9;HERC6;B2M,Skin,CD4T
35,logFC,IL-6/JAK/STAT3 Signaling,-0.24629770056157793,-0.8174748886319496,0.78125,1.0,1.0,8/49,14.38%,TNF;JUN;ACVR1B;CSF1;IRF1;SOCS1;HAX1;IRF9,Skin,CD4T
36,logFC,Complement,0.1732253241128271,0.7955809150279943,0.9280575539568345,1.0,1.0,26/105,18.01%,DOCK4;PIK3R5;FDX1;ZEB1;SPOCK2;PIK3CA;ATOX1;PPP2CB;GATA3;CD59;CSRP1;CASP10;CASP9;DOCK9;CD55;RASGRP1;CALM3;ADAM9;CTSD;DGKH;CASP7;PSEN1;DPP4;RHOG;CTSH;PLSCR1,Skin,CD4T
37,logFC,PI3K/AKT/mTOR  Signaling,-0.21949466470863196,-0.7889478093792962,0.8429447852760736,1.0,1.0,13/87,17.78%,CXCR4;SQSTM1;IRAK4;NOD1;DDIT3;PRKAG1;THEM4;TRAF2;FASLG;NFKBIB;MAP2K6;RPS6KA1;MAPKAP1,Skin,CD4T
38,logFC,Xenobiotic Metabolism,0.18150360200379015,0.7849323930641773,0.9072847682119205,1.0,1.0,22/84,19.98%,TPST1;NINJ1;GSS;POR;APOE;ETS2;PPARD;SHMT2;MAN1A1;MTHFD1;ACOX3;KARS1;CASP6;GART;MT2A;IL1R1;PDLIM5;CNDP2;CYB5A;GCLC;HPRT1;NPC1,Skin,CD4T
39,logFC,Coagulation,-0.24814577293151918,-0.7810716724096903,0.8095238095238095,1.0,1.0,10/39,20.00%,CFD;DUSP6;ANXA1;GSN;CPQ;USP11;RABIF;CLU;CRIP2;SIRT2,Skin,CD4T
40,logFC,Fatty Acid Metabolism,-0.2115622579511619,-0.7731767475934556,0.8585017835909632,1.0,1.0,25/96,28.97%,HSD17B7;HMGCS1;HSPH1;ODC1;HSP90AA1;XIST;UGDH;MGLL;UROS;CBR3;ENO2;IDI1;GLUL;SUCLG2;SERINC1;S100A10;PDHA1;ACAA1;LTC4S;DECR1;G0S2;ELOVL5;GCDH;ADIPOR2;RAP1GDS1,Skin,CD4T
41,logFC,Bile Acid Metabolism,-0.23985659735880208,-0.7520733950883717,0.8575268817204301,1.0,1.0,8/38,19.84%,PHYH;PECR;GSTK1;RXRA;PEX1;SOD1;IDI1;CROT,Skin,CD4T
42,logFC,Myc Targets V2,-0.2313901384682757,-0.7306646403512874,0.8634590377113134,1.0,1.0,9/40,21.76%,DUSP2;TBRG4;RABEPK;MYC;RRP12;PRMT3;WDR74;HSPE1;DDX18,Skin,CD4T
43,logFC,Cholesterol Homeostasis,0.18046096747016033,0.7184367029004488,0.9763779527559056,1.0,1.0,6/49,8.32%,STARD4;PPARG;ALDOC;FASN;TP53INP1;ATXN2,Skin,CD4T
44,logFC,Adipogenesis,0.14899131891613682,0.7075798067382687,0.9925373134328358,1.0,1.0,21/132,14.81%,STAT5A;MTCH2;PPARG;PHLDB1;GBE1;POR;APOE;PGM1;CD302;CS;ACAA2;UCP2;ATP1B3;TKT;CHUK;RREB1;CYC1;UQCRC1;HADH;SQOR;GPAT4,Skin,CD4T
45,logFC,Androgen Response,-0.1943766797080215,-0.6824384822028529,0.9637681159420289,1.0,1.0,20/71,27.46%,SGK1;SLC26A2;HMGCS1;UAP1;SLC38A2;INPP4B;RRP12;SRF;B2M;SELENOP;IDI1;STK39;TPD52;ELK4;GSR;ELOVL5;ZBTB10;HERC3;CENPN;MYL12A,Skin,CD4T
46,logFC,mTORC1 Signaling,-0.17070495317996048,-0.6547878872734693,0.9943630214205186,0.998030586999335,1.0,48/158,32.30%,IGFBP5;CXCR4;SQSTM1;HMGCS1;SLC2A3;PPP1R15A;DDIT3;GOT1;EGLN3;AURKA;BTG2;DDIT4;PNP;GLA;PNO1;IFRD1;G6PD;SERPINH1;DDX39A;NFKBIB;TFRC;IDI1;SQLE;COPS5;RIT1;HSPE1;LDLR;QDPR;XBP1;GTF2H1;EBP;SDF2L1;GSR;ELOVL5;SLA;BHLHE40;CACYBP;USO1;ADIPOR2;TUBA4A;CYP51A1;HSPD1;RPA1;NIBAN1;EEF1E1;HK2;CDKN1A;NUP205,Skin,CD4T
47,logFC,E2F Targets,-0.15231158259789687,-0.5876617369451042,0.9988623435722411,0.9885866089437694,1.0,47/135,34.68%,HMMR;UBE2S;TBRG4;H2AX;AURKA;MYC;POLD2;TRA2B;AK2;CDC25B;SRSF2;BARD1;CKS2;XPO1;TP53;DDX39A;NUP107;TFRC;WEE1;NUP153;MRE11;CDKN2C;EXOSC8;PTTG1;BRMS1L;MLH1;SRSF1;POLD3;SYNCRIP;PRDX4;PRPS1;RPA1;CDKN1B;PPM1D;ASF1A;PNN;NASP;CENPM;CDKN1A;NUP205;JPT1;POLE;TIPIN;RPA2;EED;POLE4;NAA38,Skin,CD4T
48,logFC,Oxidative Phosphorylation,0.11215683553479999,0.5544819073958885,1.0,1.0,1.0,47/186,25.38%,MRPS11;VDAC1;NDUFS1;FDX1;POR;TOMM70;CS;ACAA2;ATP5PB;TIMM8B;COX5A;MRPL11;CYC1;UQCRC1;TOMM22;PMPCA;TIMM10;MRPS15;NDUFA7;ACADVL;HADHA;SLC25A6;CPT1A;CASP7;IDH3B;COX7A2L;IMMT;CYB5A;ECHS1;LDHB;HADHB;ATP5MC3;LRPPRC;AFG3L2;ALAS1;NDUFB3;ABCB7;MRPS22;OXA1L;IDH3A;ATP5F1A;SLC25A5;VDAC3;ETFA;ISCA1;UQCRFS1;UQCRQ,Skin,CD4T
49,logFC,Protein Secretion,0.11404791053285579,0.4979754192269596,1.0,0.9980740423710678,1.0,22/83,25.94%,SEC24D;ARFIP1;DST;GALC;LMAN1;TSG101;CLTC;ERGIC3;AP2M1;STX7;RAB9A;DNM1L;AP2S1;NAPG;SEC31A;VAMP3;COPB1;STX12;CLTA;MON2;YIPF6;ARCN1,Skin,CD4T
0,logFC,TNF-alpha Signaling via NF-kB,-0.614684280860281,-2.405327015910848,0.001,0.001,0.001,61/129,13.92%,PHLDA2;SGK1;JUNB;GADD45B;TUBB2A;FOS;ZFP36;CD69;GEM;TNFSF9;NR4A1;NFKBIA;FOSB;EGR3;KLF6;EGR1;DUSP2;DUSP1;AREG;CSF2;IER2;EGR2;RHOB;KLF10;IER3;DNAJB4;NR4A2;CCL4;PHLDA1;SLC2A3;SOCS3;SQSTM1;TNF;SIK1;PER1;KLF9;PTGER4;BTG2;CCL5;TNFAIP3;PPP1R15A;IER5;ZBTB10;MYC;JUN;KLF4;DUSP4;ICAM1;BTG1;GADD45A;ID2;MXD1;BCL6;EIF1;ZC3H12A;TRAF1;ATP2B1;RIPK2;SAT1;ATF3;NAMPT,Skin,CD8T
1,logFC,Estrogen Response Late,-0.5215466874284641,-1.8966934602126782,0.0012804097311139564,0.0022352757706503093,0.004,20/70,11.35%,CD9;SGK1;SFN;FOS;ZFP36;LSR;EGR3;GLA;DUSP2;AREG;NXT1;CHPT1;TIAM1;CXCL14;TOB1;PERP;KLF4;ID2;NAB2;PTPN6,Skin,CD8T
2,logFC,Apoptosis,-0.47162232203975957,-1.813250761861942,0.001,0.007450919235501031,0.019,45/105,22.13%,GADD45B;LMNA;CD69;EGR3;GPX1;EMP1;DCN;RARA;RHOB;IER3;TNFRSF12A;CLU;ANXA1;DDIT3;LGALS3;FASLG;SQSTM1;TNF;TIMP2;HSPB1;IFITM3;BTG2;TNFSF10;DNAJA1;LEF1;JUN;RHOT2;GADD45A;TXNIP;SAT1;ATF3;BCL10;TSPO;TIMP1;BCAP31;VDAC2;NEDD9;BIRC3;CD44;SOD1;MCL1;GCH1;CD2;CDKN1A;GSN,Skin,CD8T
3,logFC,UV Response Up,-0.4846804759462903,-1.793367114897352,0.001,0.006426417840619639,0.022,29/84,15.78%,HSPA2;JUNB;CDKN1C;FOS;POLG2;NR4A1;NFKBIA;FOSB;RHOB;DNAJB1;ALDOA;H2AX;SQSTM1;BTG2;DNAJA1;PRKCD;PPP1R2;ICAM1;AMD1;BTG1;HLA-F;ATP6V1C1;CLTB;TUBA4A;PDAP1;ATF3;NXF1;TFRC;EIF5,Skin,CD8T
4,logFC,Epithelial Mesenchymal Transition,-0.5268342543675633,-1.7900352673759128,0.001375515818431912,0.005141134272495711,0.022,20/45,15.83%,GADD45B;MGP;GEM;COL6A2;AREG;DCN;CAPG;RHOB;TNFRSF12A;LGALS1;TNFAIP3;JUN;GADD45A;ID2;VIM;COL1A2;IL32;SAT1;TIMP1;EMP3,Skin,CD8T
5,logFC,p53 Pathway,-0.44747397983524984,-1.7806665299830273,0.001,0.004656824522188145,0.024,39/123,14.63%,SFN;FOS;ZNF365;TNFSF9;SERTAD3;RGS16;SOCS1;IER3;TPRKB;DDIT3;TOB1;FAM162A;TSPYL2;CGRRF1;BTG2;PPP1R15A;IER5;S100A4;PERP;RXRA;HEXIM1;JUN;SLC19A2;KLF4;BTG1;ZFP36L1;GADD45A;CTSD;RPL36;S100A10;TXNIP;MXD1;H2AJ;PVT1;RPL18;DDB2;SAT1;ATF3;SLC3A2,Skin,CD8T
6,logFC,Inflammatory Response,-0.46336585773428585,-1.7139349609141363,0.0012422360248447205,0.01005874096792639,0.061,37/81,22.82%,CD69;TNFSF9;RGS1;NFKBIA;KLF6;RGS16;AHR;PTGER4;BTG2;CCL5;TNFSF10;ACVR2A;CD70;MYC;ICAM1;BST2;MXD1;IL10RA;KCNA3;CXCR6;ATP2B1;RIPK2;P2RX4;NAMPT;TNFRSF9;IFITM1;TIMP1;EMP3;CD48;GPR183;PDE4B;CD55;GCH1;CDKN1A;CD82;SRI;SELENOS,Skin,CD8T
7,logFC,Reactive Oxygen Species Pathway,-0.4913279091884242,-1.5867424244746349,0.0196078431372549,0.041352601757030726,0.251,15/36,22.82%,JUNB;MSRA;PRDX1;PRNP;CDKN2D;NDUFS2;FTL;TXN;SOD1;NDUFB4;GLRX;PRDX4;PRDX6;LAMTOR5;SELENOS,Skin,CD8T
8,logFC,IL-2/STAT5 Signaling,-0.40209115924550887,-1.5718504034393834,0.0036363636363636364,0.041973511693322474,0.278,42/118,19.31%,GADD45B;CDKN1C;TNFRSF4;TNFRSF18;KLF6;RGS16;EMP1;CSF2;SOCS1;CAPG;RHOB;TIAM1;PHLDA1;SLC2A3;AHR;ITGAE;IFITM3;TNFSF10;PRNP;MYC;ALCAM;PLEC;PLPP1;MXD1;RNH1;LTB;IL10RA;RHOH;ANXA4;TRAF1;SLC1A5;P2RX4;ICOS;AHNAK;TNFRSF9;NDRG1;MYO1E;HOPX;CD48;ARL4A;PNP;CD44,Skin,CD8T
9,logFC,IL-6/JAK/STAT3 Signaling,-0.45861281911581997,-1.532194259818568,0.02592087312414734,0.056664240785985344,0.378,10/42,12.18%,CD9;CSF2;HAX1;SOCS1;TNFRSF12A;SOCS3;TNF;JUN;LTB;IL10RB,Skin,CD8T
10,logFC,Hypoxia,-0.3940691845295747,-1.4916383570632052,0.017135862913096694,0.0750849452050263,0.508,22/95,10.81%,CDKN1C;FOS;ZFP36;KLF6;DUSP1;DCN;CITED2;ALDOA;IER3;SLC2A3;CXCR4;DDIT3;FAM162A;TNFAIP3;PPP1R15A;S100A4;WSB1;JUN;BTG1;ERRFI1;MIF;UGP2,Skin,CD8T
11,logFC,Oxidative Phosphorylation,-0.3629798459780889,-1.4842905593779316,0.0011494252873563218,0.07422978288367903,0.537,79/169,34.67%,TCIRG1;GLUD1;TIMM8B;OAT;PDHX;PHB2;MGST3;NDUFV1;RHOT2;NDUFS3;COX17;ATP5PF;NDUFC1;CYCS;NDUFB7;COX5B;ATP6V0E1;ATP6V1C1;NDUFA3;ABCB7;PDHB;NDUFS2;UQCR11;ATP1B1;NDUFB5;NDUFA7;NDUFA1;ATP6V1G1;COX7C;ATP5MC1;UQCRQ;VDAC2;PHYH;ATP6V0C;ATP5F1E;NDUFB4;NDUFA4;NDUFB8;ECHS1;SURF1;ATP5ME;SDHD;NDUFB6;NDUFA5;COX4I1;ECH1;ATP5F1D;COX6B1;ATP5PO;ATP5MG;COX6C;COX6A1;NDUFS4;COX7A2;UQCR10;ATP5MC2;COX5A;SLC25A3;MDH1;ATP5PD;HSD17B10;NDUFB1;POLR2F;MDH2;TIMM17A;NDUFA2;HSPA9;UQCRB;POR;OXA1L;SLC25A6;NDUFB3;ATP6V1F;ETFB;ATP5F1B;FDX1;DECR1;UQCRH;GPX4,Skin,CD8T
12,logFC,Cholesterol Homeostasis,-0.4271219945592458,-1.4513272558383943,0.03994673768308921,0.09422547094741304,0.644,14/47,13.90%,CD9;TNFRSF12A;CLU;HSD17B7;LGALS3;S100A11;NIBAN1;ALCAM;ABCA2;HMGCS1;ERRFI1;CYP51A1;ATF3;PMVK,Skin,CD8T
13,logFC,Mitotic Spindle,0.30274521331958976,1.4346226798748616,0.006134969325153374,0.2398924171438487,0.331,43/121,22.30%,CENPF;PCNT;BCR;VCL;MARK4;SPTBN1;ALMS1;NOTCH2;CNTRL;EPB41;CEP192;HOOK3;PLEKHG2;CDK5RAP2;PPP4R2;FLNB;ATG4B;TUBGCP3;MYO9B;CLASP1;CEP57;CLIP1;RFC1;SSH2;TSC1;ARFGEF1;RABGAP1;LATS1;ARHGAP5;PXN;CKAP5;WASL;RASA2;ABL1;ARHGEF2;DOCK2;NDC80;APC;NUSAP1;DLG1;KIF20B;KIF3B;RANBP9,Skin,CD8T
14,logFC,Notch Signaling,0.4790380356105082,1.4317838366780937,0.08011869436201781,0.12359014402221066,0.339,6/14,24.54%,NOTCH2;PRKCA;MAML2;PPARD;FBXW11;SAP30,Skin,CD8T
15,logFC,Apical Surface,-0.5342535337267268,-1.4089409852937353,0.10194902548725637,0.12900734447753212,0.772,4/16,6.00%,CROCC;AKAP7;HSPB1;GATA3,Skin,CD8T
16,logFC,KRAS Signaling Up,-0.38202936059883447,-1.3974428877922496,0.046875,0.13255185319956334,0.807,17/70,12.62%,GADD45G;RGS16;EMP1;CSF2;HDAC9;FCER1G;CXCR4;DUSP6;TNFAIP3;PPP1R15A;KLF4;ID2;PRDM1;IL10RA;CD37;ADAM8;TRAF1,Skin,CD8T
17,logFC,Estrogen Response Early,-0.36808293968081873,-1.3698926674596381,0.04975124378109453,0.15234801424338515,0.864,16/82,7.61%,SFN;FOS;EGR3;GLA;AREG;RARA;KLF10;NXT1;CHPT1;TIAM1;TOB1;UGCG;SNX24;MYC;SLC19A2;KLF4,Skin,CD8T
18,logFC,DNA Repair,-0.3582939370992687,-1.3483133211237728,0.056303549571603426,0.1693550113292705,0.912,50/94,32.01%,NT5C;ITPA;POLR2J;POLR2C;POLR2I;POLR2K;DAD1;POLR3GL;POLD4;COX17;NME3;TAF9;VPS28;DDB2;DGUOK;POLR2G;POLR1C;GTF2H1;MPG;RNMT;APRT;STX3;BCAP31;TAF10;GTF2H5;PNP;PDE4B;SURF1;EIF1B;POLE4;GTF2A2;RPA2;NCBP2;SDCBP;NME1;POLR1D;GUK1;ERCC1;POLR2A;DCTN4;EDF1;MPC2;REV3L;GTF2F1;TAF13;POLR2F;SF3A3;TAF12;SMAD5;SRSF6,Skin,CD8T
19,logFC,Myc Targets V2,-0.4484516259239804,-1.341419502750879,0.10766961651917405,0.16764568279877318,0.923,9/23,24.78%,DUSP2;MYC;NDUFAF4;IMP4;DDX18;MPHOSPH10;RCL1;RRP12;WDR74,Skin,CD8T
20,logFC,G2-M Checkpoint,0.2808673763063972,1.337734206269987,0.01764705882352941,0.15891607380415296,0.549,40/120,24.60%,CENPF;STMN1;CBX1;E2F3;MT2A;NOTCH2;BARD1;HMGN2;FANCC;DR1;MCM6;UPF1;CKS1B;MTF2;TFDP1;MAP3K20;NSD2;NUP50;SMAD3;XPO1;SNRPD1;LBR;PTTG1;HMGA1;TACC3;TENT4A;RAD21;ATRX;ABL1;CDC25B;NDC80;G3BP1;HNRNPD;NUSAP1;KIF20B;PML;MNAT1;PAFAH1B1;SAP30;DKC1,Skin,CD8T
21,logFC,KRAS Signaling Dn,-0.4133704242767388,-1.2815615306029766,0.14733969986357434,0.2462332730511104,0.979,6/29,5.92%,SGK1;KRT1;IFNG;NR4A2;BTG2;PRKN,Skin,CD8T
22,logFC,Allograft Rejection,-0.31994939114660403,-1.2609468235039258,0.09038238702201622,0.2678419192181733,0.986,48/122,28.33%,KRT1;IFNG;GCNT1;HLA-DQA1;SOCS1;CAPG;CCL4;HDAC9;FASLG;CRTAM;CXCR3;TNF;CCL5;ACVR2A;ICAM1;MRPL3;LTB;CD3D;PTPN6;CD8B;SRGN;SIT1;RIPK2;BCL10;RPL39;TIMP1;RPL9;IL27RA;CD40LG;RPS3A;RPS9;BCL3;AKT1;B2M;CD3E;CD2;CD28;HLA-DMA;TPD52;NME1;RPS19;CD74;ABI1;HLA-A;GBP2;DARS1;ETS1;UBE2N,Skin,CD8T
23,logFC,Coagulation,-0.3959331408402666,-1.2537445733997918,0.14985590778097982,0.2672751171477584,0.989,6/33,5.84%,CD9;CFD;CLU;CRIP2;ANXA1;DUSP6,Skin,CD8T
24,logFC,E2F Targets,0.26525644049610614,1.2298957462119857,0.07602339181286549,0.2291124414367517,0.756,33/108,22.07%,STMN1;ATAD2;MCM7;DUT;PCNA;TUBB;BARD1;HMGB2;MCM6;RPA1;DNMT1;CKS1B;SSRP1;MSH2;CTPS1;XPO1;RANBP1;LBR;RFC1;PTTG1;HMGA1;NBN;TACC3;RAD21;TP53;DEK;CDC25B;RPA3;PRKDC;HNRNPD;UBR7;NUDT21;MRE11,Skin,CD8T
25,logFC,Interferon Gamma Response,-0.3108193181899828,-1.2163379323855077,0.13085234093637454,0.3219305126957048,0.994,38/131,25.56%,CD69;NFKBIA;XCL1;HLA-DQA1;KLRK1;SOCS1;SOCS3;IFITM3;CCL5;TNFSF10;TNFAIP3;HLA-DRB1;TOR1B;ICAM1;BTG1;TXNIP;BST2;IL10RA;PTPN6;RIPK2;NAMPT;ITGB7;SAMD9L;ARL4A;SLAMF7;PNP;PDE4B;GCH1;B2M;CDKN1A;HLA-DMA;SRI;FGL2;LY6E;ISG15;ISOC1;UBE2L6;CD74,Skin,CD8T
26,logFC,Myogenesis,-0.36020614274339235,-1.214731479066193,0.19727891156462585,0.3111892616357518,0.994,9/47,10.74%,GADD45B;FXYD1;COL6A2;CFD;CLU;KLF5;PRNP;GABARAPL2;IFRD1,Skin,CD8T
27,logFC,Adipogenesis,-0.3148071898315815,-1.2122964994277285,0.13122721749696234,0.3028798669231169,0.995,41/113,26.07%,SLC66A3;ALDOA;TOB1;HIBCH;UBC;DRAM2;MGST3;GADD45A;NDUFS3;PIM3;ESRRA;BCL6;CHCHD10;NDUFB7;NABP1;VEGFB;DDT;PPP1R15B;SLC1A5;UQCR11;UQCRQ;RNF11;PFKL;PHYH;SPARCL1;ARL4A;ARAF;BCL2L13;SOD1;ECHS1;REEP5;G3BP2;DNAJB9;NDUFA5;DNAJC15;ECH1;STOM;ATP5PO;ESYT1;DHRS7;COX6A1,Skin,CD8T
28,logFC,TGF-beta Signaling,-0.3611450129361909,-1.179736506419517,0.23013698630136986,0.35075947393044654,1.0,6/39,8.91%,ID3;JUNB;CDKN1C;KLF10;PPP1R15A;ID2,Skin,CD8T
29,logFC,Complement,-0.3006469426690249,-1.158385510221479,0.22317073170731708,0.3793950759953775,1.0,14/104,9.15%,GZMK;HSPA1A;DOCK4;CLU;FCER1G;LGALS3;TIMP2;CCL5;DUSP6;GATA3;TNFAIP3;PRKCD;CTSD;STX4,Skin,CD8T
30,logFC,mTORC1 Signaling,-0.2892874184389955,-1.1506504805754574,0.1937799043062201,0.38107312490012496,1.0,41/142,25.75%,CD9;GLA;ALDOA;SLC2A3;CXCR4;PRDX1;DDIT3;GOT1;SQSTM1;SDF2L1;BTG2;NIBAN1;PPP1R15A;HMGCS1;DAPP1;IFRD1;CYP51A1;TUBA4A;PDAP1;SLC1A5;NAMPT;INSIG1;TFRC;GTF2H1;ATP5MC1;PFKL;HMGCR;CACYBP;PNP;SLC6A6;GLRX;CDKN1A;GMPS;EEF1E1;FGL2;DDIT4;NFIL3;PGK1;COPS5;IDI1;USO1,Skin,CD8T
31,logFC,Androgen Response,-0.3202886465619694,-1.141563270234116,0.24871794871794872,0.385305660965847,1.0,19/65,23.29%,SGK1;HPGD;SLC38A2;ZBTB10;HMGCS1;PLPP1;INPP4B;SAT1;ELL2;INSIG1;NDRG1;DBI;MYL12A;HMGCR;AKT1;B2M;TPD52;DNAJB9;RRP12,Skin,CD8T
32,logFC,Fatty Acid Metabolism,-0.30502118451778093,-1.13283494997809,0.255,0.390402475115304,1.0,31/82,29.97%,ALDOA;ECI2;LGALS1;HSD17B7;HPGD;HIBCH;S100A10;HMGCS1;MIF;APEX1;UROS;PDHB;HSD17B11;HSP90AA1;ACSL1;AUH;ECHS1;HSPH1;SDHD;PRDX6;ECH1;GRHPR;HSD17B4;UBE2L6;IDI1;H2AZ1;ODC1;MDH1;HSD17B10;MDH2;OSTC,Skin,CD8T
33,logFC,Bile Acid Metabolism,-0.34702357493075997,-1.1060633347882396,0.31267217630853994,0.42574552511652886,1.0,14/33,25.48%,PEX16;GNPAT;RXRA;ABCA2;HSD17B11;PHYH;ACSL1;SOD1;GSTK1;PNPLA8;HSD17B4;ISOC1;PRDX5;IDI1,Skin,CD8T
34,logFC,Glycolysis,-0.2981357725115453,-1.0970073461034218,0.29846938775510207,0.4311558538904363,1.0,25/80,24.57%,TPST1;DCN;CITED2;HAX1;ALDOA;IER3;CXCR4;GOT1;FAM162A;NDUFV3;B3GAT3;AKR1A1;MIF;UGP2;ECD;TXN;SLC25A13;CD44;SOD1;GLRX;PGLS;DDIT4;AGL;PGK1;FUT8,Skin,CD8T
35,logFC,Angiogenesis,-0.5080091692062338,-1.0929702280601248,0.36772046589018303,0.42526121536622136,1.0,3/7,15.51%,S100A4;LRPAP1;TIMP1,Skin,CD8T
36,logFC,Hedgehog Signaling,0.37619681457373866,1.032265672662726,0.41456582633053224,0.5411244143675169,0.985,4/12,14.55%,TLE1;LDB1;CDK6;ADGRG1,Skin,CD8T
37,logFC,Pancreas Beta Cells,-0.45535742813845004,-1.0216799628652262,0.43760399334442596,0.5620363850597254,1.0,3/8,24.81%,AKT3;SRP14;SPCS1,Skin,CD8T
38,logFC,Interferon Alpha Response,0.23700454741795804,0.9977004649541185,0.4334763948497854,0.5276620972872925,0.991,7/60,6.65%,GBP4;SELL;IFIH1;PARP9;TMEM140;TRIM25;EPSTI1,Skin,CD8T
39,logFC,PI3K/AKT/mTOR  Signaling,-0.2676105299883028,-0.9827541825279572,0.5111989459815547,0.6303148956208777,1.0,7/76,4.88%,SFN;TIAM1;THEM4;CXCR4;DDIT3;FASLG;SQSTM1,Skin,CD8T
40,logFC,Spermatogenesis,-0.3094665242566017,-0.969802397515271,0.5234042553191489,0.6411409560445273,1.0,3/32,4.20%,HSPA2;TULP2;MLF1,Skin,CD8T
41,logFC,Xenobiotic Metabolism,-0.26943547200399187,-0.9631239278247374,0.5289672544080605,0.6373019586098548,1.0,11/66,13.23%,SERTAD1;TPST1;SLC35B1;DHPS;DDAH2;ASL;ID2;COMT;SPINT2;DDT;SLC1A5,Skin,CD8T
42,logFC,Wnt-beta Catenin Signaling,-0.3512781090298387,-0.9588988026197804,0.5176651305683564,0.6290790972913965,1.0,4/19,15.67%,LEF1;MYC;ADAM17;RBPJ,Skin,CD8T
43,logFC,Pperoxisome,-0.23515074354081494,-0.8285667759528933,0.7417218543046358,0.8719340196934088,1.0,18/56,25.48%,ECI2;PRDX1;GNPAT;FIS1;HSD17B11;BCL10;TSPO;HRAS;ACSL1;SOD1;GSTK1;PEX2;ECH1;ERCC1;HSD17B4;ISOC1;PRDX5;IDI1,Skin,CD8T
44,logFC,Unfolded Protein Response,-0.20997120420656196,-0.7806824118390601,0.859375,0.9288143974685537,1.0,28/83,35.69%,TUBB2A;H2AX;TSPYL2;EIF4A1;NFYB;EIF4A3;RPS14;NABP1;ATF3;HERPUD1;FUS;NFYA;EIF4A2;DNAJB9;DDIT4;SPCS1;CNOT2;DCP1A;HSPA9;SERP1;XBP1;EXOSC10;NPM1;BANF1;HSPA5;ATF4;GOSR2;SLC7A5,Skin,CD8T
45,logFC,heme Metabolism,-0.20205706815028346,-0.7800934181501622,0.8772782503037667,0.9062925612101679,1.0,24/106,22.01%,HBB;BTG2;ARL2BP;MGST3;CCDC28A;UBAC1;DCAF11;LRP10;TENT5C;UROS;SLC25A38;YPEL5;ELL2;TFRC;HTATIP2;GLRX5;NARF;RNF19A;TMEM9B;MFHAS1;RCL1;TOP1;GMPS;PGLS,Skin,CD8T
46,logFC,UV Response Dn,-0.20541616579491606,-0.7583507816057066,0.8704856787048568,0.9131919306925044,1.0,15/77,17.13%,GCNT1;DUSP1;CITED2;ACVR2A;RXRA;MYC;INPP4B;MTA1;COL1A2;AKT3;ANXA4;ATP2B1;INSIG1;DMAC2L;ARHGEF9,Skin,CD8T
47,logFC,Protein Secretion,0.17058774097032575,0.7333771944803279,0.9318181818181818,0.9188790560471977,1.0,24/77,23.41%,GALC;ADAM10;AP3B1;IGF2R;STX12;ARCN1;DOP1A;ARFGEF1;VAMP7;COPB1;SEC31A;ARFGEF2;ARFGAP3;TMX1;STX7;CLTC;SCAMP3;RPS6KA3;SEC24D;ARFIP1;AP2M1;AP2S1;ATP6V1H;MON2,Skin,CD8T
48,logFC,Myc Targets V1,-0.1481626748957637,-0.6025387307885965,0.9988700564971752,1.0,1.0,50/178,31.02%,TRA2B;EIF4A1;PHB2;MYC;SRSF3;SRSF7;LSM2;APEX1;RPL34;SRSF2;IFRD1;RPL18;RPL14;HDDC2;RPL22;RPS3;DDX18;RPS10;HSP90AB1;LSM7;CCT4;SNRPB2;SNRPA1;RPS5;PRDX4;RPL6;EXOSC7;NCBP2;NME1;PABPC4;PGK1;COPS5;EEF1B2;SNRPD2;H2AZ1;TCP1;PABPC1;COX5A;ODC1;SLC25A3;EIF4G2;PCBP1;EIF3J;SSB;TRIM28;SYNCRIP;PRPF31;HSPE1;RPS6;SSBP1,Skin,CD8T
49,logFC,Apical Junction,-0.15281683855603187,-0.5377866902309185,1.0,0.9942818526797318,1.0,12/65,20.90%,FSCN1;ICAM1;STX4;PARD6G;AKT3;TRAF1;INSIG1;CD99;RHOF;HRAS;JAM3;BAIAP2,Skin,CD8T
0,logFC,TNF-alpha Signaling via NF-kB,-0.7096204386306855,-3.217231146748385,0.001,0.001,0.001,109/166,12.37%,CXCL3;IL1B;PTX3;CXCL2;CCRL2;IER3;G0S2;VEGFA;BCL2A1;PLAUR;SOD2;ATF3;OLR1;PTGS2;GPR183;ABCA1;GADD45B;DUSP2;PHLDA2;SDC4;EGR2;NFKBIA;SGK1;ICAM1;KYNU;ZFP36;PNRC1;SOCS3;CEBPD;ZC3H12A;LITAF;NFKBIE;RHOB;SNN;IRS2;HBEGF;CCL4;SAT1;TLR2;TRAF1;RIPK2;DUSP1;JUNB;NINJ1;KLF4;BTG1;IER5;EHD1;ETS2;TUBB2A;TNFAIP3;DNAJB4;TNFAIP8;PLEK;EGR3;PLAU;TRIP10;CD83;NAMPT;PPP1R15A;CDKN1A;NFE2L2;RNF19B;NFKB1;MAFF;CEBPB;NR4A2;KLF2;TGIF1;CD44;MAP2K3;FOSB;BHLHE40;MARCKS;DRAM1;IFNGR2;DUSP5;GEM;KDM6B;EIF1;SQSTM1;CFLAR;DENND5A;KLF10;NFIL3;TNFAIP2;FOS;FOSL2;BIRC3;IL18;MXD1;REL;NR4A1;LAMB3;PTGER4;TNIP2;IER2;NR4A3;JUN;ATP2B1;TANK;BIRC2;SLC2A3;SERPINE1;PER1;NFKB2;BTG3;GCH1;GADD45A,Skin,DC
1,logFC,Inflammatory Response,-0.6140612641307186,-2.685239385530596,0.001,0.001,0.001,71/127,15.60%,IL1B;CXCL8;CXCL9;CCRL2;IL10;C5AR1;CCL22;PLAUR;OLR1;PTGER2;CCR7;C3AR1;PTGIR;GPR183;ABCA1;NLRP3;NFKBIA;ICAM1;CLEC5A;TIMP1;FPR1;HBEGF;EBI3;TLR2;CD14;RIPK2;RGS1;ACVR2A;P2RX7;NAMPT;CCL17;CDKN1A;IL10RA;NFKB1;ITGA5;STAB1;TLR1;IFNGR2;IRAK2;ADM;EMP3;CSF3R;NOD2;RNF144B;P2RX4;CD40;IL18;MXD1;GPR132;AXL;RHOG;MMP14;PTAFR;PTGER4;TNFRSF1B;ATP2B1;PIK3R5;SERPINE1;IL1R1;MSR1;SLC11A2;CD55;GCH1;HIF1A;ATP2C1;MARCO;KIF1B;LYN;IRF1;CD82;KLF6,Skin,DC
2,logFC,E2F Targets,0.5915918709916216,2.53417557004667,0.001,0.001,0.001,59/128,18.69%,DIAPH3;RRM2;TOP2A;MKI67;TK1;ATAD2;CENPE;BARD1;CKS1B;MCM5;LMNB1;POLD2;LIG1;ORC2;MCM7;HELLS;RFC3;STMN1;TMPO;BRMS1L;DUT;SMC6;RPA1;DNMT1;PRKDC;PCNA;DCTPP1;HMGB2;POLD3;CTPS1;USP1;ING3;SMC3;MRE11;HMGB3;RPA3;TACC3;LBR;SMC1A;ASF1A;STAG1;PDS5B;PA2G4;SSRP1;MYC;RAD1;ZW10;CBX5;PAICS;PHF5A;NUP107;NUP205;CTCF;EIF2S1;EXOSC8;SMC4;XPO1;RFC2;RPA2,Skin,DC
3,logFC,G2-M Checkpoint,0.5156120143863034,2.2552947721067818,0.001,0.001,0.001,37/135,12.60%,UBE2C;TOP2A;CENPF;MKI67;RBL1;DMD;FANCC;CENPE;BARD1;CKS1B;CCND1;MCM5;LMNB1;SMC2;ODF2;NUSAP1;UCK2;STMN1;TMPO;DTYMK;ODC1;ABL1;NSD2;HMGN2;CUL5;SLC7A5;HMGB3;CHAF1A;CDC27;TACC3;SLC12A2;LBR;SMC1A;STAG1;PDS5B;MYC;CASP8AP2,Skin,DC
4,logFC,IL-6/JAK/STAT3 Signaling,-0.548891639941511,-2.1430245732541056,0.001,0.001,0.001,39/62,28.37%,CXCL3;IL1B;CXCL9;SOCS3;EBI3;TLR2;CD14;IL1R2;CD44;IFNGR2;CSF3R;PIM1;IL13RA1;FAS;TNFRSF12A;CSF2RA;GRB2;TNFRSF1B;JUN;PIK3R5;IL1R1;TNF;IRF1;IL10RB;IFNGR1;HMOX1;IL18R1;TGFB1;STAT3;IRF9;MYD88;IL6ST;MAP3K8;PDGFC;PTPN1;LTBR;TYK2;IL4R;IL2RG,Skin,DC
5,logFC,UV Response Up,-0.5062039626149099,-2.110040351650383,0.001,0.001,0.001,49/95,27.00%,CXCL2;RRAD;SOD2;ATF3;NFKBIA;ICAM1;CA2;RHOB;JUNB;BTG1;MGAT1;PPIF;PRKCD;FOSB;ATP6V1C1;DNAJA1;DNAJB1;SQSTM1;ARRB2;FKBP4;FOS;CREG1;NR4A1;CDKN1C;MMP14;BTG3;GCH1;AMD1;BID;CHKA;LYN;IRF1;ATP6V1F;KLHDC3;ACAA1;HMOX1;PRKACA;AGO2;DDX21;FURIN;IL6ST;GRINA;BTG2;STIP1;EIF5;BSG;TFRC;GLS;ALDOA,Skin,DC
6,logFC,Apoptosis,-0.4517096385396188,-1.9429232008761255,0.001,0.0015917038466176294,0.006,44/115,14.98%,IL1B;IER3;SOD2;ATF3;GADD45B;TIMP1;RHOB;SAT1;CD14;BNIP3L;LGALS3;DDIT3;EGR3;CDKN1A;TGFB2;CASP1;PMAIP1;CD44;CCND2;DNAJA1;RARA;SQSTM1;HSPB1;CFLAR;ANXA1;FAS;TNFRSF12A;GPX4;BIRC3;IL18;PLCB2;GPX1;CASP4;JUN;CDKN1B;LMNA;BTG3;GCH1;GADD45A;PEA15;BID;MCL1;TNF;IRF1,Skin,DC
7,logFC,KRAS Signaling Up,-0.462056701461665,-1.9271707822320663,0.001,0.0019896298082720362,0.009,33/98,9.02%,IL1B;G0S2;PLAUR;PTGS2;C3AR1;MMP9;KCNN4;CA2;HBEGF;IL1RL2;FCER1G;MAFB;TRAF1;KLF4;TNFAIP3;LY96;PLAU;PPP1R15A;IL10RA;EPB41L3;USP12;CCND2;CD37;GLRX;GADD45G;CLEC4A;ADAM17;MMD;BIRC3;PLEK2;CSF2RA;ZNF277;CTSS,Skin,DC
8,logFC,Hypoxia,-0.45644337227371146,-1.9221347004134919,0.001,0.0017053969785188884,0.009,46/118,13.65%,IER3;VEGFA;PLAUR;ATF3;SDC4;ZFP36;PNRC1;IRS2;DUSP1;BTG1;TNFAIP3;BNIP3L;PDGFB;DDIT3;PPP1R15A;CDKN1A;MAFF;BHLHE40;GLRX;ADM;GBE1;PIM1;NFIL3;MT2A;S100A4;FOS;FOSL2;SDC2;CDKN1C;BCL2;CITED2;TES;DTNA;HEXA;PLIN2;KLF7;JUN;AMPD3;SLC2A3;SERPINE1;TPST2;FBP1;CDKN1B;FOXO3;DDIT4;TGFBI,Skin,DC
9,logFC,Complement,-0.4425123215732106,-1.9017852382578795,0.001,0.0016580248402266972,0.01,46/121,14.98%,PLAUR;OLR1;KYNU;CA2;TIMP1;FCER1G;EHD1;CTSL;TNFAIP3;DOCK4;LGALS3;PDGFB;SERPINA1;PLEK;HSPA1A;CTSB;CASP1;MAFF;CEBPB;PRKCD;RABIF;ITGAM;DUSP5;CTSH;PIM1;ANXA5;PIK3CA;PLSCR1;RHOG;MMP14;CTSS;GRB2;PLA2G4A;FDX1;CPM;CASP4;PIK3R5;SERPINE1;CD55;MMP12;PRCP;DUSP6;LAMP2;LYN;ME1;IRF1,Skin,DC
10,logFC,Allograft Rejection,-0.4324779293722323,-1.8940959992299264,0.001,0.0017685598295751439,0.012,51/134,17.25%,IL1B;CXCL9;IL10;CCL22;MMP9;NLRP3;ICAM1;CCR5;TIMP1;BCAT1;SRGN;FCGR2B;CCL4;TLR2;RIPK2;CCL19;HLA-DMA;ACVR2A;NCF4;HLA-DQA1;HLA-DRA;IL16;TGFB2;STAB1;CFP;CCND2;TLR1;IFNGR2;TLR6;FAS;HLA-DMB;CD86;CD40;IL18;CTSS;UBE2D1;ST8SIA4;FGR;CAPG;RPS9;LY86;HIF1A;RPL39;MTIF2;LYN;TNF;IL27RA;CD74;WAS;RPS19;SPI1,Skin,DC
11,logFC,Mitotic Spindle,0.4271262232853898,1.877613165501356,0.001,0.0013534493053620476,0.006,43/143,14.86%,TOP2A;CENPF;FLNB;SPTBN1;CD2AP;CENPE;CDC42BPA;ALMS1;LMNB1;KIFAP3;CKAP5;NUSAP1;TBCD;FGD6;ARHGEF3;DST;BCR;SUN2;CLASP1;CDK5RAP2;ABL1;CEP192;FARP1;LATS1;TUBA4A;SMC3;PKD2;ACTN4;RICTOR;NCK2;EPB41;PXN;CDC27;SMC1A;DLG1;CNTROB;SOS1;SPTAN1;NF1;ARHGAP5;TLK1;OPHN1;NIN,Skin,DC
12,logFC,Epithelial Mesenchymal Transition,-0.4577082708184049,-1.807534357469558,0.0021598272138228943,0.0034486916676715303,0.026,28/69,14.38%,CXCL8;PTX3;VEGFA;PLAUR;GADD45B;SDC4;TIMP1;RHOB;SAT1;TNFAIP3;ITGA5;CD44;GEM;EMP3;GLIPR1;FAS;TNFRSF12A;MMP14;JUN;SERPINE1;CAPG;QSOX1;LGALS1;GADD45A;ANPEP;TGFBI;ID2;PMP22,Skin,DC
13,logFC,Coagulation,-0.44721987704038246,-1.6777848819987091,0.002036659877800407,0.011093693476425902,0.087,20/53,16.40%,OLR1;MMP9;TIMP1;PDGFB;SERPINA1;PLEK;PLAU;CTSB;MAFF;RABIF;CTSH;ANXA1;MMP14;KLF7;SERPINE1;CAPN2;DUSP6;LAMP2;CFD;C1QA,Skin,DC
14,logFC,Cholesterol Homeostasis,-0.44718296089470516,-1.655390293605634,0.011811023622047244,0.01193777884963222,0.098,20/49,16.17%,PLAUR;ATF3;PNRC1;LGALS3;FBXO6;PPARG;ALCAM;CPEB2;NFIL3;TNFRSF12A;ANXA5;CXCL16;PLSCR1;S100A11;ETHE1;MVD;CHKA;GUSB;ACAT2;HMGCR,Skin,DC
15,logFC,Angiogenesis,-0.5717645765153322,-1.6441843904401803,0.01949317738791423,0.012243875743212534,0.11,7/17,13.26%,VEGFA;OLR1;TIMP1;CCND2;S100A4;FGFR1;LRPAP1,Skin,DC
16,logFC,IL-2/STAT5 Signaling,-0.3749291500769733,-1.6310011545187915,0.002012072434607646,0.012790477338891664,0.125,39/124,11.82%,IL10;PTGER2;GADD45B;CA2;NFKBIZ;RHOB;TRAF1;IL1R2;CD83;IL10RA;MAFF;ALCAM;CD44;CCND2;BHLHE40;PRNP;FGL2;CST7;DENND5A;PIM1;P2RX4;NFIL3;GPX4;CD86;MXD1;CDKN1C;BCL2;PLSCR1;CDCP1;SLC39A8;CTSZ;TNFRSF1B;PLIN2;PNP;ARL4A;SWAP70;SLC2A3;TWSG1;CAPG,Skin,DC
17,logFC,Interferon Gamma Response,-0.3644470890638453,-1.6181136939989,0.001,0.013087342738856063,0.135,48/150,16.52%,CXCL9;SOD2;PTGS2;NFKBIA;ICAM1;SOCS3;UPP1;FPR1;SECTM1;RIPK2;BTG1;TNFAIP3;HLA-DMA;HLA-DQA1;NAMPT;CDKN1A;IL10RA;NFKB1;CASP1;PELI1;ISG15;FGL2;HLA-DRB1;PIM1;RIPK1;FAS;MT2A;TNFAIP2;CD86;CD40;MTHFD2;PLSCR1;PLA2G4A;ST8SIA4;CASP4;PNP;IRF5;ARL4A;GCH1;EPSTI1;HIF1A;OGFR;VAMP8;IFITM2;IRF1;CD74;IFI30;ZNFX1,Skin,DC
18,logFC,p53 Pathway,-0.35099873416864685,-1.5465104658214401,0.00819672131147541,0.023046545279151093,0.23,56/133,22.36%,IER3;RRAD;ATF3;UPP1;HBEGF;SAT1;ZFP36L1;NINJ1;KLF4;BTG1;IER5;DDIT3;PPP1R15A;CDKN1A;RNF19B;CASP1;CCND2;DRAM1;FAS;S100A4;FOS;IRAG2;SLC3A2;MXD1;SERTAD3;RHBDF2;JUN;S100A10;DGKA;GADD45A;FOXO3;RAP2B;BAIAP2;DDIT4;PLK2;VAMP8;MAPKAPK3;CD82;TOB1;ABCC5;IFI30;RPS27L;RPL36;RAD51C;BAX;HDAC3;RALGDS;MKNK2;RPL18;HMOX1;DNTTIP2;NOTCH1;RACK1;PLK3;TGFB1;CTSD,Skin,DC
19,logFC,Reactive Oxygen Species Pathway,-0.42111552750871833,-1.5136301971480965,0.02240325865580448,0.029103212489626263,0.304,9/43,7.58%,SOD2;JUNB;FTL;FES;PRNP;HHEX;GLRX;GPX4;EGLN2,Skin,DC
20,logFC,Hedgehog Signaling,-0.5375802942052305,-1.4821841606415842,0.06810035842293907,0.03713975642107802,0.391,3/14,2.48%,VEGFA;NRP2;ETS2,Skin,DC
21,logFC,UV Response Dn,0.36442413506098886,1.4794039122508382,0.021442495126705652,0.09355718323315156,0.421,29/91,19.01%,LDLR;TFPI;PTPRM;ID1;INPP4B;SYNE1;CDC42BPA;MT1E;PEX14;PRKCA;IGF1R;GCNT1;PIK3CD;ADD3;DLG1;COL1A2;NR3C1;MYC;TGFBR2;TENT4A;PIK3R3;ATRX;NIPBL;RASA2;ATP2B4;AKT3;BCKDHB;CELF2;MGMT,Skin,DC
22,logFC,KRAS Signaling Dn,0.41149633278993125,1.3957126824063868,0.07581967213114754,0.14089407268818918,0.634,12/36,10.36%,KRT5;KRT1;BARD1;SLC16A7;CPEB3;ENTPD7;ZBTB16;DTNB;FGGY;MFSD6;MX1;KMT2D,Skin,DC
23,logFC,Spermatogenesis,0.4087982398363188,1.3772937839055956,0.06504065040650407,0.13590886774677227,0.691,15/36,23.03%,NF2;STRBP;GMCL1;CLPB;IP6K1;TOPBP1;SLC12A2;MTOR;LPIN1;IDE;CHFR;VDAC3;PRKAR2A;PSMG1;DBF4,Skin,DC
24,logFC,Wnt-beta Catenin Signaling,-0.45349069728293334,-1.3716927140180204,0.10547667342799188,0.0831455825141051,0.675,8/21,20.80%,FZD1;CCND2;ADAM17;NUMB;WNT5B;PPARD;HDAC5;NOTCH1,Skin,DC
25,logFC,Myc Targets V1,0.2860638540574937,1.3151857064066899,0.036328871892925434,0.18097550711698238,0.838,44/186,22.63%,TYMS;MCM5;POLD2;NCBP1;RRM1;ORC2;MCM7;DUT;ODC1;PCNA;CTPS1;USP1;PRPS2;PSMD14;SF3B3;HNRNPR;PPM1G;GOT2;IARS1;PA2G4;MYC;RUVBL2;CCT2;TXNL4A;VDAC3;CYC1;EIF2S1;KARS1;EXOSC7;CCT7;SRPK1;PSMD3;XPO1;EPRS1;PSMB2;PSMD7;VBP1;C1QBP;XPOT;PWP1;SYNCRIP;RNPS1;NME1;SRSF7,Skin,DC
26,logFC,Estrogen Response Late,0.3148598571435719,1.2800264187866908,0.07414829659318638,0.19997213486724255,0.887,19/88,11.57%,TOP2A;PERP;FLNB;TSPAN13;SFN;CXCL14;CCND1;UGDH;IGFBP4;CDH1;ST14;FARP1;IDH2;SLC7A5;BATF;ADD3;SLC1A4;IMPA2;LARGE1,Skin,DC
27,logFC,DNA Repair,0.29956096241385904,1.2479436133961612,0.09213051823416507,0.2205370451459381,0.923,16/110,12.22%,TYMS;POLB;POLA1;LIG1;AK3;RFC3;NFX1;DDB1;DUT;PCNA;POLD3;NT5C3A;RPA3;POLR3C;POLR1C;SSRP1,Skin,DC
28,logFC,Apical Surface,-0.4441629481811869,-1.2449924486548969,0.1913214990138067,0.18941275774749788,0.92,3/15,5.89%,PLAUR;LYPD3;HSPB1,Skin,DC
29,logFC,Myc Targets V2,0.36739311603568514,1.2396133482033336,0.14747474747474748,0.20931093507424067,0.935,12/35,18.90%,MCM5;TMEM97;DCTPP1;MPHOSPH10;RCL1;PRMT3;EXOSC5;PA2G4;MYC;FARSA;NDUFAF4;NOP2,Skin,DC
30,logFC,Pperoxisome,0.3258292181497503,1.2209422761184905,0.18087318087318088,0.21525995997553657,0.95,9/59,6.72%,TOP2A;CADM1;SLC25A17;PEX14;CDK7;FADS1;IDH2;CTPS1;ALDH9A1,Skin,DC
31,logFC,Myogenesis,0.3182478899869354,1.2035203572358337,0.178,0.2217401111951488,0.964,8/61,5.70%,ABLIM1;TPM2;DMD;SPARC;IGFBP7;MYOM1;KLF5;APP,Skin,DC
32,logFC,Estrogen Response Early,0.295769633767871,1.1979939342395016,0.15851272015655576,0.21155453757659087,0.966,14/90,7.80%,ABLIM1;BCL11B;FLNB;SFN;MAST4;CCND1;IGFBP4;SLC37A1;LRIG1;AQP3;IGF1R;FARP1;SLC7A5;CBFA2T3,Skin,DC
33,logFC,Xenobiotic Metabolism,-0.28609245157976254,-1.1950622878341408,0.13293650793650794,0.2472193990341826,0.968,35/99,20.95%,PAPSS2;KYNU;CA2;BCAT1;UPP1;NINJ1;ETS2;TGFB2;CYP2S1;FAS;MT2A;POR;SERPINE1;IL1R1;ABHD6;FBP1;CSAD;PPARD;DDAH2;GCH1;ALDH2;DHPS;ABCC3;ID2;GABARAPL1;IDH1;LPIN2;HMOX1;SPINT2;GSS;SLC6A6;ECH1;BLVRB;CAT;COMT,Skin,DC
34,logFC,Unfolded Protein Response,-0.27464472876855595,-1.1502743013744559,0.2003853564547206,0.31002049921620645,0.994,23/91,19.20%,VEGFA;ATF3;TUBB2A;ATF6;BAG3;CEBPB;IMP3;DNAJB9;MTHFD2;EDEM1;EIF4A1;SEC11A;EIF2AK3;ATP6V0D1;EIF4E;DDIT4;NABP1;SERP1;EIF4A3;XBP1;RPS14;ATF4;EIF4A2,Skin,DC
35,logFC,Adipogenesis,-0.2483091277179006,-1.1002328213832067,0.25147347740667975,0.3953307923392698,0.998,30/139,16.71%,ABCA1;PIM3;UBC;PPARG;CD302;SLC66A3;GBE1;PTGER3;DNAJB9;GPX4;CHCHD10;TKT;PPP1R15B;APLP2;IDH3G;PLIN2;POR;ARL4A;TANK;NKIRAS1;GADD45A;ALDH2;LTC4S;NABP1;ME1;IDH1;TOB1;DRAM2;REEP5;SQOR,Skin,DC
36,logFC,Fatty Acid Metabolism,-0.25533171894053197,-1.051930708211219,0.3487394957983193,0.4898910727923148,1.0,36/95,29.17%,G0S2;CA2;HPGD;GLUL;ACSL1;IL4I1;HSD17B11;IDH3G;S100A10;LGALS1;ACSL4;LTC4S;GABARAPL1;ME1;IDH1;ACAT2;NBN;PDHA1;ACSL5;ACAA1;HSPH1;ECH1;HMGCS1;SMS;UROS;HSP90AA1;FH;HADHB;ALDOA;ELOVL5;SDHD;ECHS1;PCBD1;GPD2;BLVRA;MGLL,Skin,DC
37,logFC,Notch Signaling,-0.3413969270529154,-1.0258379385691068,0.4357429718875502,0.5310454600265284,1.0,3/20,2.54%,FZD1;LFNG;ST3GAL6,Skin,DC
38,logFC,Pancreas Beta Cells,-0.3695532183878649,-0.9555022270496346,0.5283018867924528,0.6951460453208915,1.0,7/12,30.14%,MAFB;SEC11A;LMO2;STXBP1;FOXO1;VDR;SRP9,Skin,DC
39,logFC,mTORC1 Signaling,-0.20782133588748894,-0.9410628447364597,0.6038961038961039,0.7054588653527518,1.0,41/160,22.35%,INSIG1;BCAT1;GLA;DDIT3;NAMPT;PPP1R15A;CDKN1A;CFP;MAP2K3;BHLHE40;GLRX;FGL2;GBE1;SQSTM1;NFIL3;MTHFD2;EDEM1;ACSL3;SEC11A;NFKBIB;TES;PNP;SLC2A3;TBK1;DDIT4;SERP1;ME1;IDH1;HMGCR;IFI30;UBE2D3;HK2;XBP1;RIT1;IFRD1;SLC6A6;HMGCS1;P4HA1;ACTR3;LTA4H;ETF1,Skin,DC
40,logFC,Glycolysis,0.22297776429341262,0.933335264626249,0.611439842209073,0.7164580572884383,1.0,20/101,15.52%,TPST1;FUT8;EGLN3;PAM;AK3;STMN1;PMM2;ALDH9A1;CHST12;POLR3K;HOMER1;DLD;GOT2;GLCE;SLC35A3;PFKP;DCN;PDK3;ME2;GYS1,Skin,DC
41,logFC,Oxidative Phosphorylation,-0.19575902612026796,-0.9017672239934531,0.7367387033398821,0.7817823982360338,1.0,52/187,28.24%,ATP6V1C1;GLUD1;ATP6V1H;GPX4;ATP6V0C;IDH3G;FDX1;POR;TIMM9;ATP5MC2;ATP6V1G1;ATP6V0E1;ATP6AP1;SLC25A6;CYCS;MRPS22;MRPL34;IDH1;NQO2;ATP6V1F;BAX;PDHA1;UQCRC2;ACAA1;ATP5F1E;COX6B1;ATP1B1;ECH1;TIMM17A;PDHX;NDUFB5;ATP5PO;NDUFB2;MPC1;PMPCA;COX4I1;UQCRB;TOMM22;PDP1;ATP5PD;ATP6V0B;FH;COX7C;COX17;HADHB;NDUFV2;TCIRG1;ISCU;SDHD;ECHS1;VDAC2;UQCRH,Skin,DC
42,logFC,TGF-beta Signaling,-0.2449020902427661,-0.8799815748568839,0.6763565891472868,0.8080183952398574,1.0,15/44,23.21%,JUNB;PPP1R15A;TGIF1;IFNGR2;KLF10;CDKN1C;SERPINE1;ID2;UBE2D3;ID3;CDK9;RAB31;TGFB1;ENG;FURIN,Skin,DC
43,logFC,Androgen Response,-0.2164028749313346,-0.8689260767036311,0.725,0.806286426303308,1.0,14/73,16.17%,INSIG1;SGK1;HPGD;SAT1;CAMKK2;TNFAIP8;PTK2B;DNAJB9;ACSL3;DBI;RRP12;VAPA;HOMER2;HMGCR,Skin,DC
44,logFC,Protein Secretion,0.20774223475530376,0.8409294430168677,0.7887029288702929,0.8863288351047597,1.0,14/83,15.20%,TPD52;PAM;DST;DOP1A;SEC31A;IGF2R;GALC;AP1G1;ARFGEF2;NAPG;ZW10;GBF1;LMAN1;GOSR2,Skin,DC
45,logFC,heme Metabolism,0.19209091945360304,0.8226752198588835,0.8452611218568665,0.8653616496158593,1.0,29/116,19.42%,H4C3;MFHAS1;DAAM1;XPO7;AQP3;KAT2B;LRP10;RCL1;EPB41;CDC27;DCAF10;DCAF11;RNF19A;CCND3;CDR2;NR3C1;TENT5C;GYPC;TFDP2;SLC30A1;H1-0;GMPS;PRDX2;TNRC6B;BTRC;NNT;GCLC;GAPVD1;FBXO34,Skin,DC
46,logFC,Interferon Alpha Response,0.21248783581991632,0.8133322768301846,0.803347280334728,0.830938258827276,1.0,13/68,13.42%,IFI27;IFITM1;NCOA7;C1S;IRF7;CASP8;PSME2;MX1;NMI;TAP1;PSMB9;PARP12;SAMD9,Skin,DC
47,logFC,Apical Junction,-0.1966237008582554,-0.8010703630497835,0.8682008368200836,0.9121062069448387,1.0,15/84,14.43%,MMP9;INSIG1;ICAM1;TRAF1;NECTIN2;CD86;EPB41L2;SIRPA;LAMB3;ADAM15;MVD;VASP;BAIAP2;TGFBI;INPPL1,Skin,DC
48,logFC,PI3K/AKT/mTOR  Signaling,-0.18407952484707688,-0.7446338136855565,0.9416666666666667,0.9519135113951525,1.0,23/80,23.88%,DDIT3;CDKN1A;MAP2K3;SQSTM1;RIPK1;MKNK1;GRB2;NFKBIB;CDKN1B;ARPC3;TBK1;EIF4E;GRK2;UBE2D3;MKNK2;ATF1;RALB;RIT1;TIAM1;RAC1;ACTR3;CSNK2B;MYD88,Skin,DC
49,logFC,Bile Acid Metabolism,-0.19971070615010253,-0.673539604571469,0.9376218323586745,0.9711403191446601,1.0,16/35,35.38%,ABCA1;ACSL1;HSD17B11;ABCA5;IDH1;PNPLA8;ACSL5;CAT;PEX13;SCP2;BCAR3;GSTK1;HACL1;PRDX5;GCLM;ISOC1,Skin,DC
0,logFC,TNF-alpha Signaling via NF-kB,0.666887434931756,2.793737358890024,0.001,0.001,0.001,97/181,15.04%,IL7R;LIF;SERPINB2;CCL5;LAMB3;AREG;FOSL1;DUSP2;PTX3;CCL4;KYNU;KDM6B;EDN1;CD69;TNFAIP8;TRAF1;BMP2;ZC3H12A;SPHK1;NR4A3;SIK1;CXCL3;GPR183;EFNA1;DUSP5;CCND1;FJX1;MAP2K3;TRIB1;SPSB1;GFPT2;ETS2;REL;CLCF1;NFKB1;CXCL1;EHD1;HBEGF;RCAN1;RIPK2;GCH1;PLAU;DRAM1;SGK1;CXCL2;RNF19B;ATP2B1;EGR3;SMAD3;TIPARP;PHLDA2;IL6;DENND5A;CD83;MAFF;TGIF1;PLK2;PLAUR;GADD45A;B4GALT5;RELB;DUSP4;JAG1;PTGS2;PFKFB3;CDKN1A;TNFAIP2;PDE4B;CSF1;IER5;PMEPA1;STAT5A;SNN;TNFAIP3;NFKBIE;NINJ1;MAP3K8;CD44;TUBB2A;TNFSF9;PANX1;NFE2L2;EGR2;VEGFA;LDLR;BCL3;SERPINE1;BTG3;MYC;ZBTB10;IER3;SDC4;PTPRE;ABCA1;IL18;IL1B;YRDC,Skin,Fibroblast
1,logFC,Inflammatory Response,0.5564885231131481,2.222437751093435,0.001,0.001,0.001,66/132,19.75%,ADORA2B;IL7R;LIF;CXCL8;CCL5;SELE;BDKRB1;MET;HRH1;EDN1;C5AR1;CD69;ICAM4;IRAK2;RNF144B;RGS1;SPHK1;CSF3;GPR183;CD70;NFKB1;SLC4A4;HBEGF;RIPK2;SLC7A1;ITGA5;GCH1;TACR1;ITGB3;ATP2B1;IL6;IL1R1;PLAUR;SGMS2;CDKN1A;PDE4B;CSF1;HIF1A;PDPN;SLC31A1;ACVR1B;TNFSF9;ABI1;LDLR;SERPINE1;KIF1B;MYC;CD55;PTPRE;LCP2;ABCA1;IL18;CD82;IL1B;TNFRSF1B;SLC1A2;IL4R;SLC11A2;IL18R1;FZD5;ITGB8;GPC3;KLF6;PSEN1;NFKBIA;PVR,Skin,Fibroblast
2,logFC,Allograft Rejection,0.5278385177147354,2.101055973945468,0.001,0.001,0.001,50/125,14.92%,PTPRC;ITK;LIF;CCL5;HLA-DQA1;IRF4;CD3D;SRGN;CCL4;FYB1;CD247;BCAT1;KLRD1;CDKN2A;CD96;HLA-DRA;DYRK3;STAT4;RIPK2;ETS1;PTPN6;KRT1;HCLS1;PRKCG;ELF4;IL6;CCND2;HLA-DMA;CSF1;EIF3A;STAT1;HIF1A;EGFR;UBE2D1;IL2RA;EIF4G3;NME1;THY1;GALNT1;ABI1;WARS1;PRKCB;TGFB1;BCL3;CD74;IFNAR2;LCP2;EIF3J;IL18;IL1B,Skin,Fibroblast
3,logFC,mTORC1 Signaling,0.4970928606718378,2.0777105250760592,0.001,0.001,0.001,93/182,30.35%,HK2;SLC7A5;CXCR4;TUBA4A;BCAT1;MAP2K3;DHCR24;AK4;SLC2A1;MTHFD2;DHCR7;PNP;NIBAN1;MCM4;ELOVL5;TXNRD1;ETF1;ACLY;PLOD2;CDKN1A;ME1;INSIG1;GCLC;TFRC;GBE1;MTHFD2L;TES;CORO1A;ARPC5L;GLRX;SQLE;ACSL3;GSR;FDXR;ELOVL6;WARS1;HSPD1;LDLR;FADS2;PNO1;MLLT11;NFKBIB;SCD;PITPNB;SLC1A4;HPRT1;PSME3;LGMN;HSPA9;IDI1;TOMM40;ACTR3;RIT1;GSK3B;PIK3R3;EDEM1;HSPA4;POLR3G;ENO1;ADIPOR2;XBP1;STIP1;ATP2A2;ATP6V1D;SERPINH1;ABCF2;BHLHE40;CCT6A;SORD;LDHA;SLC1A5;GAPDH;SERP1;RAB1A;CYP51A1;EGLN3;SHMT2;ERO1A;DHFR;ACTR2;FADS1;SRD5A1;DDX39A;GTF2H1;GPI;CTH;SQSTM1;UFM1;GGA2;NFIL3;CCNG1;UNG;PSMD14,Skin,Fibroblast
4,logFC,G2-M Checkpoint,0.5113778679376343,2.075222901479392,0.001,0.001,0.001,78/153,27.35%,SLC7A5;HMGA1;RASAL2;CCND1;UCK2;SLC38A1;EZH2;CENPA;CDC7;SLC7A1;PRC1;CKS2;CHEK1;SMAD3;NUSAP1;SMC4;KPNA2;GSPT1;MAD2L1;E2F3;PTTG1;CENPE;CDKN3;DMD;HIRA;CENPF;TACC3;SMARCC1;DBF4;TLE3;HIF1A;NOLC1;G3BP1;NSD2;BRCA2;KPNB1;SQLE;CUL4A;TOP1;TENT4A;TGFB1;BCL3;H2AZ1;ODC1;MYC;NUP98;UBE2S;SLC12A2;FBXO5;TFDP1;KIF5B;RAD23B;DKC1;SAP30;NUP50;KMT5A;HSPA8;H2AZ2;ATF5;NCL;HNRNPU;CDC27;AMD1;CDKN1B;STAG1;NASP;JPT1;H2AX;SYNCRIP;SFPQ;CHAF1A;PAFAH1B1;UPF1;PRMT5;DTYMK;LMNB1;TNPO2;DDX39A,Skin,Fibroblast
5,logFC,Estrogen Response Late,0.4936105926548958,2.0111282028468143,0.001,0.001,0.001,52/148,15.92%,CDH1;AREG;DUSP2;TIAM1;SLC7A5;SCUBE2;TFF3;CA12;LLGL2;TRIM29;LAMC2;SFN;FOXC1;FGFR3;CA2;CCND1;TSPAN13;NRIP1;LARGE1;HSPA4L;TPD52L1;RBBP8;PTPN6;RAPGEFL1;SGK1;HSPB8;DHCR7;EGR3;ELOVL5;BATF;FLNB;SULT2B1;PPIF;UGDH;SLC16A1;IMPA2;ATP2B4;PERP;CD44;PRSS23;PDLIM3;BAG1;ITPK1;BTG3;KRT19;PAPSS2;TFPI2;PLAAT3;SLC1A4;SCARB1;HPRT1;NCOR2,Skin,Fibroblast
6,logFC,Myc Targets V2,0.560874094820207,1.9556354506258569,0.001,0.001,0.001,17/54,14.35%,DUSP2;HK2;RRP12;PPRC1;IPO4;MCM4;WDR43;NOP16;NOP2;BYSL;PUS1;NOLC1;HSPD1;GNL3;MYC;NIP7;SRM,Skin,Fibroblast
7,logFC,p53 Pathway,0.462097746219833,1.938358988488109,0.001,0.001,0.001,62/178,19.26%,LIF;SERPINB5;TM4SF1;HMOX1;EPHA2;KRT17;BMP2;PDGFA;VDR;CDKN2A;SPHK1;RRAD;SFN;AEN;PVT1;NOTCH1;TP63;HBEGF;TRAF4;HSPA4L;TPD52L1;DRAM1;SDC1;CDH13;RNF19B;PITPNC1;PLK2;ZMAT3;GADD45A;CCND2;ITGB4;CDKN1A;CDKN2B;UPP1;SLC19A2;ADA;IER5;VAMP8;NINJ1;PERP;OSGIN1;ACVR1B;TNFSF9;FDXR;FBXW7;TGFB1;BAIAP2;DNTTIP2;IER3;PTPRE;CD82;POLH;NDRG1;PROCR;POM121;TAP1;MAPKAPK3;RB1;SLC3A2;MKNK2;IRAK1;RAP2B,Skin,Fibroblast
8,logFC,Apical Junction,0.46977925083585875,1.931019977072507,0.001,0.001,0.001,61/147,24.24%,COL17A1;DSC3;CDH1;PTPRC;LAMB3;CLDN5;PECAM1;FYB1;ICAM4;TRAF1;VWF;LAMC2;NECTIN1;ITGA3;ITGA2;FLNC;VASP;ACTN4;CD276;AMIGO2;VAV2;CLDN4;VCL;ITGB4;NECTIN2;INSIG1;MYH9;EVL;ACTN1;ARPC2;EGFR;THY1;BAIAP2;CDK8;RHOF;TJP1;FBN1;LAMA3;YWHAH;ADAM15;ADAMTS5;NF2;GNAI2;MSN;ADAM9;B4GALT1;PIK3R3;VCAN;MAP4K2;DLG1;CTNNA1;SIRPA;SHC1;CLDN15;TNFRSF11B;MPZL1;PFN1;STX4;CLDN11;ITGB1;HRAS,Skin,Fibroblast
9,logFC,Hypoxia,0.44162402195506156,1.8690604891971376,0.001,0.001,0.007,72/172,23.74%,ADORA2B;PKP1;HK2;AMPD3;NEDD4L;CA12;CXCR4;HMOX1;EFNA1;NOCT;AK4;TPST2;PFKP;SLC2A1;LDHC;LARGE1;ETS1;EXT1;TIPARP;PLIN2;IL6;HAS1;HK1;MAFF;PLAUR;NDST1;SULT2B1;PPARGC1A;JMJD6;PIM1;PFKFB3;CDKN1A;MYH9;GBE1;TES;TNFAIP3;EGFR;PRKCA;GLRX;ERRFI1;VEGFA;SERPINE1;TGFB3;IER3;SDC4;LOX;UGP2;KLF7;NDRG1;SCARB1;MAP3K1;HDLBP;KLHL24;SAP30;GPC3;KLF6;LXN;FOSL2;COL5A1;SIAH2;ENO1;CAVIN1;ADM;BTG1;RRAGD;BHLHE40;KDELR3;LDHA;CDKN1B;FOXO3;F3;GAPDH,Skin,Fibroblast
10,logFC,IL-2/STAT5 Signaling,0.4582526479705041,1.8675581298419395,0.001,0.001,0.007,54/161,16.61%,IRF6;CDCP1;LIF;RHOH;IRF4;TIAM1;HK2;ALCAM;IL1R2;ITGA6;HOPX;TRAF1;BMP2;PENK;MYO1E;LRRC8C;HIPK2;CA2;UCK2;PRKCH;TNFRSF18;IL3RA;ADAM19;CKAP4;PNP;PLIN2;NCS1;BATF;DENND5A;CD83;MAFF;ITGAV;NOP2;MAPKAPK2;CCND2;PIM1;CSF1;PUS1;IL2RA;MAP3K8;CD44;IKZF2;MUC1;CDC42SE2;ODC1;MYC;BMPR2;NFKBIZ;IKZF4;NDRG1;CASP3;FURIN;TNFRSF1B;SLC39A8,Skin,Fibroblast
11,logFC,Myc Targets V1,0.4369988675222699,1.849377471220768,0.001,0.001,0.008,91/195,31.24%,TYMS;CTPS1;DDX21;MCM4;NOP16;KPNA2;GSPT1;ETF1;MAD2L1;SRPK1;SMARCC1;NOLC1;G3BP1;KPNB1;EIF4E;NME1;HNRNPC;HDGF;HSPD1;GNL3;EIF4G2;H2AZ1;ODC1;MYC;IARS1;TXNL4A;PABPC1;SRM;EIF3B;EIF3J;RRM1;SERBP1;RPLP0;HPRT1;EEF1B2;TFDP1;RPS2;XPOT;CCT2;FAM120A;RAD23B;RAN;PPM1G;SET;NPM1;CCT5;PABPC4;NOP56;EIF2S1;FBL;COX5A;EIF4A1;CCT3;YWHAE;HNRNPU;ILF2;UBE2E1;EIF1AX;LDHA;UBA2;HNRNPA1;VDAC1;PCBP1;USP1;TRIM28;HSP90AB1;TCP1;TOMM70;SYNCRIP;RPS10;RPS6;PSMD1;RACK1;MCM7;HDAC2;KARS1;EIF4H;PSMD7;NAP1L1;DHX15;IMPDH2;RPS3;CUL1;PSMD14;HNRNPA2B1;STARD7;GOT2;PSMA7;PA2G4;RPS5;HSPE1,Skin,Fibroblast
12,logFC,TGF-beta Signaling,0.5295888268189579,1.8331686022465354,0.001584786053882726,0.0012552797297894153,0.012,24/52,22.04%,CDH1;BMP2;HIPK2;SMAD7;THBS1;SMAD3;TGIF1;BCAR3;PMEPA1;SKIL;TGFB1;LTBP2;SERPINE1;BMPR2;SLC20A1;TJP1;WWTR1;NCOR2;FURIN;SMURF2;SMURF1;RAB31;IFNGR2;ARID4B,Skin,Fibroblast
13,logFC,Estrogen Response Early,0.4462865821976222,1.826162645446132,0.001,0.0013598863739385332,0.014,62/160,17.44%,AREG;TIAM1;SLC7A5;KRT15;TFF3;PODXL;CA12;AQP3;WWC1;BCL11B;SFN;FOXC1;CCND1;KRT8;RRP12;TGIF2;NAV2;SLC2A1;NRIP1;TPD52L1;RBBP8;RAPGEFL1;MYBL1;HSPB8;DHCR7;EGR3;TIPARP;ELOVL5;TUBB2B;FHL2;FLNB;SULT2B1;PPIF;SLC19A2;SLC16A1;MREG;CD44;SEC14L2;PRSS23;PDLIM3;RETREG1;ABLIM1;ELF1;BAG1;GJA1;ITPK1;MUC1;AKAP1;MYC;KRT19;PAPSS2;SH3BP5;ISG20L2;SLC37A1;PLAAT3;SLC1A4;SCARB1;NCOR2;FASN;KCNK15;MYOF;UGCG,Skin,Fibroblast
14,logFC,KRAS Signaling Up,0.44903784989405743,1.8131553170580144,0.001,0.0013598863739385332,0.015,42/149,11.49%,IL7R;LIF;IKZF1;IL1RL2;PLVAP;ADGRL4;RBP4;PECAM1;CXCR4;TRAF1;BMP2;LCP1;LAPTM5;ANO1;LAT2;EPHB2;CA2;ST6GAL1;USP12;TRIB1;PLAT;GFPT2;TSPAN13;ITGA2;ALDH1A3;NGF;FCER1G;HBEGF;CD37;ETS1;PLAU;FGF9;EPB41L3;PLAUR;GPRC5B;CCND2;CBL;PTGS2;TNFAIP3;ACE;GLRX;PRELID3B,Skin,Fibroblast
15,logFC,Androgen Response,0.4619873392990822,1.7753964859526485,0.001,0.0016998579674231665,0.02,37/95,21.12%,TNFAIP8;CCND1;CENPN;KRT8;ALDH1A3;RRP12;DHCR24;PTK2B;CDK6;RPS6KA3;SGK1;ELL2;ELOVL5;BMPR1B;ITGAV;PGM3;INSIG1;ABCC4;ACTN1;PMEPA1;SMS;NKX3-1;ACSL3;GSR;ZBTB10;KRT19;LIFR;SCD;NDRG1;PDLIM5;IDI1;UAP1;B4GALT1;ZMIZ1;ABHD2;SAT1;SRF,Skin,Fibroblast
16,logFC,Mitotic Spindle,0.4208004548161896,1.7532334084396202,0.0014492753623188406,0.0021598195350788466,0.027,62/173,22.75%,TIAM1;RASAL2;TUBA4A;RAPGEF5;MYO1E;ARHGAP27;SORBS2;MYO9B;ECT2;ARHGEF2;EZR;TRIO;PRC1;NEDD9;ABR;SEPTIN9;CLIP1;ACTN4;NUSAP1;SMC4;PLEKHG2;VCL;FGD6;CENPE;FLNB;CLIP2;MYH9;CENPF;RASA2;BCR;PCGF5;ARF6;MARK4;BRCA2;ABI1;RAPGEF6;KIF1B;RHOF;PCNT;CEP250;PPP4R2;PDLIM5;FBXO5;PALLD;PXN;KIF5B;MAPRE1;CDC42BPA;BCAR1;ARHGEF12;SSH2;DLG1;LRPPRC;YWHAE;STAU1;KATNB1;CSNK1D;CDC27;BIN1;HOOK3;EPB41;WASF1,Skin,Fibroblast
17,logFC,Epithelial Mesenchymal Transition,0.39979571205343983,1.6725939849802816,0.001,0.005439545495754132,0.069,71/185,22.16%,CXCL8;AREG;PTX3;ADAM12;SFRP4;FZD8;LAMC2;TAGLN;TNFRSF12A;ITGA2;CXCL1;SPARC;COL5A3;ITGA5;LAMA1;SDC1;ITGB3;BASP1;THBS1;FBN2;BDNF;IL6;ACTA2;COL1A1;ITGAV;PLAUR;GADD45A;DKK1;PLOD2;TPM4;MFAP5;EDIL3;PMEPA1;TNFAIP3;FGF2;CD44;MSX1;LRRC15;THY1;GJA1;CTHRC1;CALU;VEGFA;TGFB1;FSTL1;SERPINE1;GLIPR1;COL11A1;SDC4;LOXL1;LOX;TFPI2;ABI3BP;COL3A1;FBN1;LAMA3;COL1A2;VEGFC;MEST;SPOCK1;PTHLH;COL5A1;PVR;VCAN;PCOLCE2;SAT1;PDLIM4;CD59;CRLF1;PRRX1;SERPINH1,Skin,Fibroblast
18,logFC,Angiogenesis,0.5348065910046904,1.634286222139632,0.013793103448275862,0.00751516154018663,0.098,12/27,17.56%,SLCO2A1;PDGFA;THBD;ITGAV;VAV2;CCND2;JAG1;MSX1;VEGFA;FSTL1;COL3A1;FGFR1,Skin,Fibroblast
19,logFC,Reactive Oxygen Species Pathway,0.478402810844639,1.6330216894094514,0.013793103448275862,0.007139403463177299,0.098,13/47,13.44%,ABCC1;PFKP;GCLM;IPCEF1;TXNRD1;GCLC;GLRX;SCAF4;GSR;MBP;SRXN1;SBNO2;PDLIM1,Skin,Fibroblast
20,logFC,Unfolded Protein Response,0.41681747127380697,1.6243534677661065,0.001,0.007382240315666322,0.107,53/108,28.87%,SLC7A5;NABP1;MTHFD2;EIF2AK3;NOLC1;ATF6;EIF4E;BAG3;TUBB2A;ERN1;ATP6V0D1;VEGFA;DCP1A;IARS1;ATF4;FKBP14;NOP14;SLC1A4;PDIA5;HSPA9;CNOT6;EIF4G1;DNAJA4;KIF5B;XPOT;CEBPG;EEF2;DKC1;TARS1;NPM1;YWHAZ;HYOU1;NOP56;EDEM1;KHSRP;EIF2S1;EIF4A1;XBP1;LSM1;KDELR3;SHC1;SERP1;DDX10;H2AX;ALDH18A1;TATDN2;ERO1A;YIF1A;ZBTB17;EIF4A3;DNAJB9;SRPRB;TSPYL2,Skin,Fibroblast
21,logFC,IL-6/JAK/STAT3 Signaling,0.4496731972343969,1.6071404416054922,0.006430868167202572,0.008344757294622817,0.126,27/63,21.28%,IL1R2;HMOX1;CXCL3;TNFRSF12A;IL3RA;CXCL1;ITGB3;PTPN1;IL6;IL1R1;CBL;PIM1;CSF1;STAT1;IL2RA;MAP3K8;CD44;CD36;ACVR1B;TGFB1;IL1B;TNFRSF1B;IL4R;IL18R1;ITGA4;GRB2;IFNGR2,Skin,Fibroblast
22,logFC,Complement,0.39521065576761766,1.5987524977789103,0.001,0.00886882417786,0.139,45/146,19.76%,GATA3;SERPINB2;CCL5;KYNU;C1QA;CPM;CA2;DUSP5;PLAT;CXCL1;DGKH;FCER1G;C9;EHD1;CDH13;SH2B3;CASP10;PRKCD;DPP4;IL6;CDA;MAFF;PLAUR;PIM1;ME1;ZFPM2;TNFAIP3;F8;CD36;PPP2CB;SERPINE1;CD55;LCP2;TFPI2;FYN;CASP3;LGMN;CTSL;PHEX;DYRK2;GNAI2;ADAM9;PSEN1;PRDM4;CTSB,Skin,Fibroblast
23,logFC,Coagulation,0.40851931651884227,1.5282474334626066,0.012403100775193798,0.018075156386933,0.274,27/85,16.07%,SERPINB2;DCT;PECAM1;VWF;C1QA;PLAT;ITGA2;C9;SPARC;PLAU;ITGB3;THBS1;THBD;DPP4;MAFF;PRSS23;DUSP14;F8;SERPINE1;TFPI2;FYN;WDR1;KLF7;GNG12;FBN1;LGMN;FURIN,Skin,Fibroblast
24,logFC,UV Response Dn,0.35004679157529683,1.424622567873657,0.005908419497784343,0.04487625033997159,0.551,54/141,23.57%,ADORA2B;MET;KCNMA1;SMAD7;NFKB1;RUNX1;ABCC1;SLC7A1;SCHIP1;ITGB3;SYNJ2;ATP2B1;SMAD3;BDNF;COL1A1;FHL2;VAV2;INSIG1;RASA2;MGLL;MAP1B;ATP2B4;PRKCA;GJA1;WDR37;TENT4A;LDLR;SERPINE1;NFIB;MYC;COL11A1;TJP1;FYN;ATXN1;COL3A1;RBPMS;PDLIM5;SFMBT1;COL1A2;PTPRM;GRK5;CDC42BPA;PPARG;PIK3R3;ZMIZ1;TGFBR2;DLG1;DYRK1A;CDK13;SIPA1L1;BHLHE40;CDKN1B;PRKCE;F3,Skin,Fibroblast
25,logFC,Cholesterol Homeostasis,0.39347110685894493,1.4142486002159667,0.044481054365733116,0.046968383222953956,0.574,23/68,20.12%,MAL2;ALCAM;TNFRSF12A;CPEB2;DHCR7;NIBAN1;PLAUR;JAG1;CHKA;SQLE;SREBF2;ERRFI1;LDLR;FADS2;SCD;LGMN;FASN;IDI1;LSS;ATXN2;ACAT2;PPARG;ATF5,Skin,Fibroblast
26,logFC,heme Metabolism,0.3455314581864925,1.4122192010744032,0.008368200836820083,0.04588357357992606,0.579,47/161,20.97%,MYL4;BCAM;ACKR1;ICAM4;AQP3;SLC22A4;CA2;MAP2K3;BACH1;SLC2A1;RHCE;MFHAS1;GCLM;ELL2;SMOX;RHD;SLC6A9;SLC66A2;MOCOS;SLC30A1;CDR2;GCLC;TFRC;RBM38;SLC25A37;KDM7A;TNS1;HDGF;IGSF3;TOP1;CLIC2;RIOK3;AGPAT4;SEC14L1;FBXO34;DAAM1;GAPVD1;SLC11A2;BMP2K;KLF3;PICALM;CTSB;ARHGEF12;RNF123;GDE1;MARCHF2;MARK3,Skin,Fibroblast
27,logFC,PI3K/AKT/mTOR  Signaling,0.3672330343284803,1.3991274089633436,0.037257824143070044,0.050024391612738896,0.623,32/91,25.19%,TIAM1;CXCR4;SFN;MAP2K3;NGF;SLC2A1;RPS6KA3;CAMK4;CDKN1A;EGFR;EIF4E;PRKCB;ITPR2;PRKAR2A;NFKBIB;CAB39;ACTR3;RIT1;GSK3B;MKNK2;PIK3R3;PAK4;GRB2;UBE2N;DUSP3;MAPK8;CDKN1B;PPP1CA;PFN1;HRAS;CFL1;AKT1,Skin,Fibroblast
28,logFC,Interferon Alpha Response,-0.33940208211329764,-1.3980502345038506,0.03038674033149171,0.14666745520137203,0.392,42/89,31.86%,IL15;TXNIP;DDX60;CASP1;IFITM1;DHX58;BST2;IFI44;TRIM21;RSAD2;HERC6;IL7;IFITM2;GMPR;UBA7;IFITM3;IFIT2;CMTR1;EPSTI1;C1S;HLA-C;PSME2;IFIT3;OAS1;B2M;IRF7;IRF9;LGALS3BP;LY6E;PSME1;CD47;IFI44L;SP110;MVB12A;TMEM140;PLSCR1;SAMD9L;PSMB9;MOV10;OGFR;IFI35;ISG15,Skin,Fibroblast
29,logFC,Myogenesis,0.33395244162885235,1.3676563195122413,0.03249630723781388,0.06400844484227923,0.725,41/142,17.40%,MYL4;TEAD4;ADAM12;BDKRB2;MYH11;SPHK1;KLF5;TAGLN;NOTCH1;HBEGF;NAV2;SPARC;LARGE1;TPD52L1;ITGA7;SCHIP1;CDH13;HSPB8;FABP3;COL1A1;ITGB4;DMD;MYOM1;CDKN1A;MYH9;PDE4DIP;FGF2;TNNT3;ACSL1;ABLIM1;CD36;BAG1;TGFB1;MEF2D;SCD;COL3A1;WWTR1;EPHB3;TPM3;RIT1;RB1,Skin,Fibroblast
30,logFC,Apoptosis,0.3252767027812402,1.3165019733976917,0.06231454005934718,0.09414946662234444,0.852,64/140,30.75%,CD69;HMOX1;BMP2;CCND1;PLAT;TNFRSF12A;SMAD7;BID;GCH1;NEDD9;CYLD;EGR3;IL6;ETF1;GADD45A;CCND2;CDKN1A;PPP3R1;PEA15;CD44;GSR;FDXR;BTG3;IER3;SLC20A1;IL18;IL1B;CASP3;TAP1;DNAJA1;PSEN1;DNM1L;BCL2L1;PAK1;SAT1;MCL1;PMAIP1;RARA;CFLAR;ERBB3;WEE1;DAP3;EMP1;CDKN1B;DAP;VDAC2;FAS;RELA;CASP8;BAX;IGF2R;PTK2;IRF1;MADD;CTH;SQSTM1;SOD2;ANKH;ROCK1;GPX3;BCL2L11;RETSAT;HGF;APP,Skin,Fibroblast
31,logFC,Glycolysis,0.31181026414746515,1.310629334272259,0.04084507042253521,0.09536751538523779,0.869,45/164,24.63%,ADORA2B;DSC2;HK2;MET;TFF3;CXCR4;HOMER1;AK4;CENPA;PFKP;LDHC;EXT1;SDC1;PLOD2;ME1;GCLC;EGFR;CD44;GLRX;VEGFA;PPP2CB;IER3;UGP2;PKM;B4GALT2;TPST1;HDLBP;SAP30;GPC3;B4GALT1;SLC16A3;COL5A1;PYGB;VCAN;ENO1;RRAGD;HS2ST1;KDELR3;LDHA;FKBP4;TXN;SOX9;PGAM1;NASP;EGLN3,Skin,Fibroblast
32,logFC,UV Response Up,0.3172940959382905,1.2887754914025844,0.06942392909896603,0.10866342056752591,0.906,48/135,25.37%,HMOX1;TUBA4A;AQP3;BMP2;RRAD;CA2;FGF18;BID;GCH1;DDX21;CXCL2;PRKCD;IL6;PPIF;CDKN2B;GLS;TFRC;CHKA;MSX1;PDLIM3;RAB27A;PPAT;BTG3;AGO2;TYRO3;MARK2;FEN1;CASP3;FURIN;CLTB;TAP1;CEBPG;DNAJA1;TARS1;CCNE1;NFKBIA;WIZ;CDC34;STIP1;HNRNPU;BTG1;AMD1;FKBP4;MGAT1;H2AX;POLG2;HSPA13;EIF5,Skin,Fibroblast
33,logFC,E2F Targets,0.3160599426252348,1.2760490434847223,0.06619718309859154,0.11567275914077159,0.928,29/156,14.82%,HMGA1;CDKN2A;CTPS1;EZH2;MTHFD2;CKS2;MCM4;CHEK1;SMC4;KPNA2;GSPT1;MAD2L1;HELLS;PTTG1;IPO7;CENPE;CDKN3;CDKN1A;TACC3;TFRC;NUP153;NOLC1;BRCA2;NME1;ATAD2;H2AZ1;MYC;DNMT1;UBE2S,Skin,Fibroblast
34,logFC,Xenobiotic Metabolism,0.29851950907582336,1.2239831082242922,0.09883720930232558,0.16690605407192644,0.98,31/146,15.86%,SPINT2;RBP4;KYNU;HMOX1;BCAT1;EPHA2;CA2;ENPEP;ETS2;GCH1;ABCC2;ELOVL5;CDA;SMOX;PYCR1;IL1R1;UGDH;UPP1;GCLC;AKR1C2;NINJ1;GSR;CD36;NPC1;LEAP2;SERPINE1;PAPSS2;PGD;PPARD;PDLIM5;HPRT1,Skin,Fibroblast
35,logFC,KRAS Signaling Dn,0.31974907315662066,1.1960813989369992,0.16510903426791276,0.19757206318506976,0.994,20/82,12.84%,PKP1;SERPINB2;KRT5;KRT15;NR6A1;EDN1;LYPD3;PTPRJ;ENTPD7;FGFR3;KRT1;SGK1;CALML5;YPEL1;BMPR1B;CAMK1D;SNN;SKIL;SPTBN2;RYR2,Skin,Fibroblast
36,logFC,Bile Acid Metabolism,-0.2854073672114375,-1.147920680835898,0.21635883905013192,0.4571529954462121,0.95,25/78,19.91%,ABCA6;PEX11A;ABCA8;EFHC1;CH25H;CYP39A1;PEX7;NUDT12;RBP1;NR3C2;DIO2;ABCA9;MLYCD;CYP27A1;ABCA2;PECR;HSD17B11;CYP46A1;CROT;EPHX2;ABCA5;ALDH1A1;CAT;GNPAT;PHYH,Skin,Fibroblast
37,logFC,Interferon Gamma Response,0.27311601306130184,1.1335921992666351,0.22302158273381295,0.2842540267746517,1.0,40/167,17.17%,CCL5;HLA-DQA1;IRF4;CD69;NFKB1;STAT4;TRIM25;PFKP;RIPK2;GCH1;PTPN6;HLA-DRB1;MTHFD2;PNP;PTPN1;IL6;MARCHF1;HLA-DMA;PTGS2;PIM1;CDKN1A;TNFAIP2;PDE4B;UPP1;STAT1;HIF1A;TNFAIP3;VAMP8;ZNFX1;WARS1;LATS2;RAPGEF6;CD74;IFNAR2;LCP2;CASP3;PELI1;TAP1;IL4R;ST8SIA4,Skin,Fibroblast
38,logFC,Wnt-beta Catenin Signaling,-0.31198742736442564,-1.0868844222259435,0.31007751937984496,0.4547873913300609,0.988,11/36,16.02%,NKD1;AXIN2;KAT2A;PSEN2;PTCH1;NOTCH4;LEF1;DLL1;SKP2;HDAC11;WNT5B,Skin,Fibroblast
39,logFC,Spermatogenesis,-0.2829031161312342,-1.0842359693546637,0.29023746701846964,0.34559997634395884,0.988,15/62,13.24%,DCC;SEPTIN4;IFT88;NPHP1;SCG5;SPATA6;PARP2;ZC2HC1C;HSPA2;RFC4;PACRG;COIL;RAD17;MAP7;PHF7,Skin,Fibroblast
40,logFC,Apical Surface,0.3497782525328005,1.0571175123020797,0.36300174520069806,0.4246520855266436,1.0,11/30,20.64%,GATA3;LYPD3;CRYBG1;RTN4RL1;PLAUR;MDGA1;THY1;SULF2;AFAP1L2;B4GALT1;ADIPOR2,Skin,Fibroblast
41,logFC,Hedgehog Signaling,0.2961191184076899,0.8787851805962474,0.6348122866894198,0.8483901649200212,1.0,8/26,16.70%,ETS2;CDK6;MYH9;TLE3;THY1;VEGFA;NRP2;TLE1,Skin,Fibroblast
42,logFC,Notch Signaling,0.2770062566494045,0.8751945836712368,0.6469594594594594,0.8346564136658119,1.0,10/32,18.63%,WNT2;CCND1;ST3GAL6;NOTCH1;JAG1;PRKCA;PPARD;DTX1;FZD5;SAP30,Skin,Fibroblast
43,logFC,Adipogenesis,0.20192905867154087,0.846299690416366,0.8368794326241135,0.8796085038227918,1.0,47/189,24.16%,NABP1;PPP1R15B;ITGA7;HSPB8;ATP1B3;DHCR7;PLIN2;CAVIN2;YWHAG;GADD45A;ACLY;PFKFB3;ME1;PIM3;GBE1;STAT5A;MGLL;CD36;ELOVL6;RIOK3;TKT;CS;NKIRAS1;LIFR;ABCA1;ATL2;AIFM1;SOWAHC;SCARB1;GPHN;LPCAT3;RNF11;SQOR;LTC4S;PPARG;UBQLN1;BAZ2A;RTN3;ADIPOR2;CAVIN1;G3BP2;PTGER3;AGPAT3;SLC1A5;ACOX1;SORBS1;ITIH5,Skin,Fibroblast
44,logFC,DNA Repair,0.19460503535788345,0.7910205404390241,0.8929088277858177,0.9659173410204381,1.0,22/142,16.71%,BCAM;TYMS;RALA;HCLS1;PNP;CDA;VPS37B;STX3;PDE4B;ADA;TAF13;ELOA;ELL;NME1;SUPT5H;CLP1;POLR1C;FEN1;POLH;HPRT1;POM121;GSDME,Skin,Fibroblast
45,logFC,Fatty Acid Metabolism,0.19687526972088962,0.7824939743763553,0.8932330827067669,0.9552230429508239,1.0,24/127,19.07%,CA2;ACSL5;DHCR24;ELOVL5;BMPR1B;UGDH;ME1;ACSL4;MGLL;SMS;CPT1A;ACSL1;HSPH1;CD36;PPARA;H2AZ1;ODC1;YWHAH;FASN;IDI1;LTC4S;TP53INP2;ACAT2;KMT5A,Skin,Fibroblast
46,logFC,Pancreas Beta Cells,0.28578159455188823,0.7486261037727406,0.7956204379562044,0.9740265216496018,1.0,2/15,7.13%,VDR;DPP4,Skin,Fibroblast
47,logFC,Pperoxisome,0.18552884376540843,0.7050517377029333,0.959546925566343,0.9876483855813584,1.0,16/87,16.38%,CTPS1;ACSL5;DHCR24;SEMA3C;CLN8;ELOVL5;SULT2B1;SMARCC1;ACSL4;ACSL1;HSD3B7;PABPC1;ATXN1;ESR2;YWHAH;IDI1,Skin,Fibroblast
48,logFC,Protein Secretion,0.1393028235545903,0.5371959023112028,1.0,0.9986401136260614,1.0,23/92,29.27%,RPS6KA3;EGFR;ATP1A1;KIF1B;GOLGA4;ABCA1;ARFGAP3;STAM;GBF1;DNM1L;ANP32E;STX12;SGMS1;RAB5A;SCRN1;DST;SEC24D;IGF2R;AP2S1;RAB22A;ARCN1;MAPK1;AP1G1,Skin,Fibroblast
49,logFC,Oxidative Phosphorylation,-0.1010434820303378,-0.476671628932695,1.0,0.999467739073866,1.0,87/200,44.93%,MAOB;ACADSB;ATP6AP1;MTRF1;MRPS22;DECR1;MTX2;BDH2;ABCB7;RHOT2;NDUFA5;SDHD;PHYH;FXN;TCIRG1;BCKDHA;NDUFC1;NDUFS4;COX15;VDAC3;NNT;MRPL35;ATP5ME;COX6C;MRPL34;COX10;NDUFA3;NDUFV1;NDUFC2;IDH1;ISCU;NDUFA1;ACAA1;RHOT1;SDHC;MGST3;CASP7;IDH3G;PDP1;POR;ACADM;NDUFB1;NDUFS7;ETFDH;NDUFA9;NDUFB6;ATP6V1G1;NDUFB8;NDUFB7;PDHB;ATP5PF;COX11;UQCRC2;IDH3B;NDUFB4;ATP6V1E1;MDH1;NDUFS3;ECI1;ATP6V0E1;ECH1;SUCLG1;UQCR10;HSD17B10;PMPCA;HTRA2;ECHS1;ALDH6A1;MPC1;ATP5MC1;DLD;COX6B1;ATP5MF;NDUFA7;OAT;PDHA1;NQO2;NDUFA2;CYB5A;COX5B;NDUFA8;ATP5MC2;ACAT1;CYC1;POLR2F;COX17;ATP5PD,Skin,Fibroblast
0,logFC,TNF-alpha Signaling via NF-kB,0.7987321821986576,3.316496541265861,0.001,0.001,0.001,91/132,13.61%,IL6;CD44;TNFAIP3;ICAM1;CXCL3;CCL2;BMP2;FOSL1;KDM6B;BCL6;GADD45A;PTGS2;CXCL1;SLC2A3;FOSL2;GCH1;IRF1;LDLR;CDKN1A;BCL3;CEBPB;CXCL2;EGR1;IER3;TNFAIP8;LITAF;NFKBIA;VEGFA;TIPARP;GADD45B;BTG1;BIRC3;ATF3;MYC;BTG3;TGIF1;NFKB1;NFIL3;TUBB2A;MAFF;TRIB1;ZFP36;DUSP5;BTG2;CD83;JUNB;SERPINE1;BHLHE40;PPP1R15A;SOD2;KLF10;FOSB;TSC22D1;REL;PFKFB3;B4GALT1;RELB;PHLDA1;PLPP3;NR4A1;STAT5A;TAP1;SDC4;CEBPD;KLF4;CFLAR;TNFAIP2;MAP3K8;SIK1;SOCS3;RNF19B;PNRC1;IER2;SQSTM1;EDN1;KLF9;RHOB;CCN1;RCAN1;NR4A2;NFKB2;ZBTB10;NFE2L2;PLK2;ETS2;MAP2K3;NINJ1;SAT1;JUN;EIF1;B4GALT5,Skin,LE
1,logFC,Inflammatory Response,0.652246115083509,2.4664630975995077,0.001,0.001,0.001,22/69,7.14%,SELE;CXCL8;IL6;IFITM1;ICAM1;CCL2;GCH1;IRF1;LDLR;CDKN1A;NFKBIA;MYC;NFKB1;AHR;BTG2;SERPINE1;OSMR;RGS16;IRAK2;IL1R1;HIF1A;EDN1,Skin,LE
2,logFC,Interferon Gamma Response,0.6257436183761561,2.4577123768466165,0.001,0.001,0.001,35/95,12.36%,IL6;TNFAIP3;HLA-DRB1;ICAM1;IRF8;CCL2;PTGS2;IFI27;GCH1;IRF1;CDKN1A;CD74;NFKBIA;MT2A;PNP;BTG1;PELI1;C1S;NFKB1;SOD2;VAMP8;TAP1;STAT1;TNFAIP2;SOCS3;STAT3;HIF1A;PTPN1;ZNFX1;UPP1;RIPK1;UBE2L6;PLSCR1;APOL6;TRIM25,Skin,LE
3,logFC,UV Response Up,0.6319389483109942,2.4511110313746696,0.001,0.001,0.001,32/85,12.16%,IL6;ICAM1;BMP2;GCH1;IRF1;CXCL2;NFKBIA;BTG1;ATF3;BTG3;TFRC;BTG2;JUNB;BCL2L11;DNAJB1;SOD2;FOSB;NR4A1;POLG2;TAP1;AMD1;AGO2;FKBP4;SQSTM1;CEBPG;RHOB;GRPEL1;HSPA2;EIF5;DNAJA1;RAB27A;DDX21,Skin,LE
4,logFC,Hypoxia,0.5962008034953371,2.4199408100753654,0.001,0.001,0.001,43/112,13.48%,IL6;TNFAIP3;SLC2A3;FOSL2;CDKN1A;CITED2;IER3;MT2A;VEGFA;TIPARP;BTG1;ATF3;DCN;STC1;NFIL3;MAFF;ZFP36;SERPINE1;MT1E;BHLHE40;JMJD6;PPP1R15A;NDST1;AKAP12;LDHA;NOCT;ERRFI1;PFKFB3;SDC4;CSRP2;DDIT3;TPD52;PNRC1;HK1;FOXO3;CCN1;PLIN2;GBE1;P4HA1;EXT1;CAVIN1;HSPA5;JUN,Skin,LE
5,logFC,Apoptosis,0.601647396335263,2.3947809974594088,0.001,0.001,0.001,32/97,10.65%,IL6;CD44;BMP2;GADD45A;GCH1;IRF1;CDKN1A;IER3;GADD45B;BIRC3;ATF3;BTG3;CYLD;DCN;BTG2;BCL2L11;TGFB2;SOD2;NEDD9;KRT18;CCND2;TNFRSF12A;TAP1;DDIT3;CFLAR;ANKH;SLC20A1;SQSTM1;RHOB;MMP2;DNAJA1;PDCD4,Skin,LE
6,logFC,IL-2/STAT5 Signaling,0.590482422974458,2.324531419975307,0.001,0.001,0.001,40/94,16.55%,CD44;IRF8;BMP2;ALCAM;SLC2A3;CKAP4;GADD45B;PNP;MYC;NFKBIZ;NFIL3;XBP1;MAFF;AHR;CD83;BHLHE40;CCND2;MYO1E;RGS16;PRNP;PHLDA1;SPRED2;GABARAPL1;MAP3K8;ODC1;LRRC8C;POU2F1;SNX9;RHOB;PLIN2;UCK2;P4HA1;PLSCR1;MAPKAPK2;CSF1;BMPR2;HIPK2;PTRH2;ITGAV;LRIG1,Skin,LE
7,logFC,Epithelial Mesenchymal Transition,0.5878082255470378,2.2486350761833886,0.001,0.001,0.001,23/80,8.78%,TAGLN;CXCL8;IL6;CD44;TNFAIP3;COL1A2;GADD45A;CXCL1;TPM2;VEGFA;GADD45B;MYL9;DCN;SERPINE1;TNFRSF12A;SDC4;TPM1;FSTL1;RHOB;FOXC2;MMP2;IL32;CCN1,Skin,LE
8,logFC,Androgen Response,0.5910323742708261,2.235085659950262,0.001,0.001,0.001,33/69,21.73%,LIFR;ADAMTS1;TNFAIP8;IDI1;INSIG1;DNAJB9;AKAP12;ELL2;TSC22D1;ELOVL5;B4GALT1;KRT8;TPD52;HMGCS1;ANKH;RPS6KA3;ZBTB10;INPP4B;UAP1;UBE2J1;SAT1;ARID5B;CDK6;GNAI3;SRP19;RAB4A;ITGAV;ACSL3;FKBP5;DBI;SEC24D;STK39;CCND1,Skin,LE
9,logFC,Allograft Rejection,0.5571817403608897,2.131743652263896,0.001,0.001,0.001,18/71,7.20%,IL6;ICAM1;IRF8;CCL2;HLA-DRA;BCL3;CD74;SRGN;TGFB2;KRT1;CCND2;TAP1;STAT1;TPD52;GBP2;EIF3A;HIF1A;UBE2D1,Skin,LE
10,logFC,mTORC1 Signaling,0.5075552252609554,2.1134452853598686,0.001,0.001,0.001,47/128,16.73%,SLC2A3;LDLR;CDKN1A;PNP;IDI1;INSIG1;STC1;NFIL3;XBP1;TFRC;BTG2;BHLHE40;PPP1R15A;LDHA;ELOVL5;EGLN3;GCLC;PPA1;ARPC5L;LGMN;DDIT3;PIK3R3;NIBAN1;UBE2D3;HMGCS1;HSPA4;IFRD1;SQSTM1;GSK3B;CCNG1;HPRT1;GBE1;P4HA1;MAP2K3;ETF1;CYP51A1;HSPA5;EPRS1;ATP2A2;IGFBP5;HSPD1;NFKBIB;NAMPT;HSP90B1;CCT6A;ACSL3;PGK1,Skin,LE
11,logFC,p53 Pathway,0.5087788828459654,2.101531397285805,0.001,0.001,0.001,43/111,16.91%,BMP2;GADD45A;CDKN1A;SFN;IER3;BTG1;ATF3;PITPNC1;BTG2;HEXIM1;ZFP36L1;PPP1R15A;PVT1;CCND2;VAMP8;RGS16;TSC22D1;TAP1;DDIT3;KLF4;RNF19B;SESN1;POM121;TOB1;FOXO3;TPD52L1;CCNG1;UPP1;PERP;PLK2;RALGDS;MKNK2;PLK3;NINJ1;SAT1;DNTTIP2;SLC3A2;JUN;RCHY1;FOS;FGF13;AK1;TP53,Skin,LE
12,logFC,IL-6/JAK/STAT3 Signaling,0.6345521550542564,2.084577141240106,0.001,0.001,0.001,15/37,8.55%,IL6;CD44;CXCL3;CXCL1;IRF1;OSMR;LEPR;TNFRSF12A;IL1R1;STAT1;MAP3K8;SOCS3;STAT3;PTPN1;IL13RA1,Skin,LE
13,logFC,Estrogen Response Early,0.5291820729017216,2.0228923477072787,0.001,0.001,0.002,39/78,21.73%,CD44;SFN;TIPARP;MED24;MYC;XBP1;BHLHE40;KLF10;FOXC1;KRT18;ELOVL5;MAST4;B4GALT1;NXT1;HSPB8;KRT8;UGCG;KLF4;FKBP4;TOB1;TPD52L1;NAV2;SLC16A1;GJA1;NCOR2;ELF1;INPP5F;FOS;LRIG1;GAB2;NRIP1;MYOF;NBL1;SH3BP5;FKBP5;THSD4;GLA;AMFR;CCND1,Skin,LE
14,logFC,TGF-beta Signaling,0.5804863228483805,2.0207678483802134,0.001,0.001,0.002,24/44,20.99%,BMP2;ID3;TGIF1;JUNB;SERPINE1;PPP1R15A;KLF10;UBE2D3;SKIL;SLC20A1;SMURF2;ENG;NCOR2;WWTR1;SMURF1;TJP1;ARID4B;BMPR2;HIPK2;ID2;XIAP;BCAR3;HDAC1;RHOA,Skin,LE
15,logFC,Cholesterol Homeostasis,0.5772645440989954,1.9199529359198155,0.001,0.0010805771996120791,0.011,12/38,7.35%,ALCAM;LDLR;ATF3;IDI1;NFIL3;TNFRSF12A;ERRFI1;LGMN;NIBAN1;HMGCS1;PNRC1;ECH1,Skin,LE
16,logFC,KRAS Signaling Dn,0.6373314467811622,1.9191582982643298,0.001,0.0010170138349290155,0.011,10/25,9.67%,KRT5;BTG2;TGFB2;KRT1;CAMK1D;SKIL;DTNB;NR6A1;EDN1;NR4A2,Skin,LE
17,logFC,Estrogen Response Late,0.5041647941000007,1.90705027684491,0.001669449081803005,0.0011351518056530931,0.013,28/72,17.71%,CD44;CXCL14;SFN;BTG3;XBP1;ZFP36;FOXC1;ELOVL5;NXT1;HSPB8;KLF4;FKBP4;TOB1;TPD52L1;HPRT1;SLC16A1;PERP;CPE;PDCD4;RABEP1;NCOR2;FOS;MDK;JAK1;ID2;NRIP1;MYOF;NBL1,Skin,LE
18,logFC,KRAS Signaling Up,0.49948716619428135,1.9039394602030557,0.001,0.0010754069737766146,0.013,23/71,13.01%,SPARCL1;TNFAIP3;IRF8;BMP2;PTGS2;BIRC3;MAFB;TRIB1;SCG3;PPP1R15A;AKAP12;CCND2;RGS16;ADGRL4;KLF4;ANKH;ADAM17;CPE;ENG;NIN;TOR1AIP2;SLPI;CCSER2,Skin,LE
19,logFC,Interferon Alpha Response,0.538118266449794,1.8753753278802363,0.001,0.0012573989231849645,0.016,15/46,15.43%,IFITM1;IFI27;IRF1;CD74;C1S;LPAR6;TAP1;NCOA7;GBP2;UBE2L6;PLSCR1;TRIM25;ELF1;TRIM5;CSF1,Skin,LE
20,logFC,G2-M Checkpoint,0.45120446495766214,1.8266265197162646,0.001,0.0019459745239767312,0.026,50/108,24.87%,SLC12A2;CKS2;BCL3;EZH2;MT2A;UBE2S;MYC;H2AZ1;NOLC1;AMD1;ODC1;MEIS2;HIF1A;HSPA8;PDS5B;RPS6KA5;TOP1;NUP98;KPNB1;SMC4;GSPT1;ABL1;UCK2;CUL1;CBX1;KIF5B;CKS1B;KPNA2;SYNCRIP;MCM3;TFDP1;MAP3K20;H2AZ2;BARD1;G3BP1;HNRNPU;XPO1;STAG1;RAD21;CUL3;CCND1;SRSF10;FOXN3;KATNA1;DR1;TRA2B;KMT5A;TGFB1;DDX39A;DKC1,Skin,LE
21,logFC,Xenobiotic Metabolism,0.46791700575844636,1.779554514520265,0.001,0.0035721560317754676,0.049,23/75,16.16%,IRF8;GCH1;MT2A;SERTAD1;SERPINE1;TGFB2;ELOVL5;GCLC;APOE;PDK4;NPC1;IL1R1;GABARAPL1;ECH1;HPRT1;UPP1;PGRMC1;ETS2;NINJ1;CYB5A;ATP2A2;TPST1;ID2,Skin,LE
22,logFC,Unfolded Protein Response,0.45665114379533256,1.7719636090952608,0.0016863406408094434,0.003485181797958326,0.05,20/78,13.10%,NABP1;CCL2;BAG3;CEBPB;VEGFA;ATF3;TUBB2A;XBP1;DNAJB9;NOLC1;HERPUD1;ATF4;EIF4A3;CEBPG;ATF6;EIF4G1;KIF5B;CKS1B;CNOT4;HSPA5,Skin,LE
23,logFC,Angiogenesis,0.6456283862980888,1.6859347668960527,0.025,0.008644617596896633,0.123,7/14,16.49%,VEGFA;STC1;CCND2;FSTL1;THBD;FGFR1;ITGAV,Skin,LE
24,logFC,Glycolysis,0.4195796070984907,1.6375203213447083,0.0050335570469798654,0.012762599070327391,0.18,21/83,14.88%,CD44;CITED2;IER3;VEGFA;MED24;DCN;STC1;LDHA;EGLN3;GCLC;B4GALT1;PPP2CB;FKBP4;IL13RA1;PGAM1;P4HA1;EXT1;HSPA5;CYB5A;TXN;TPST1,Skin,LE
25,logFC,UV Response Dn,0.3991676653941074,1.60145282954233,0.001,0.016986975837258417,0.232,29/103,17.28%,COL1A2;LDLR;CITED2;RND3;MYC;SYNJ2;INSIG1;NFKB1;MAP1B;SERPINE1;MT1E;BHLHE40;RUNX1;PLPP3;SCHIP1;FYN;PIK3R3;CCN1;LTBP1;WDR37;INPP4B;GJA1;DDAH1;IGFBP5;TJP1;ARHGEF9;PRDM2;NR3C1;CELF2,Skin,LE
26,logFC,PI3K/AKT/mTOR  Signaling,0.42056763522241997,1.5912810963777524,0.008291873963515755,0.017754938498676584,0.248,18/68,12.12%,CDKN1A;SFN;ITPR2;ATF1;DDIT3;PIK3R3;YWHAB;PRKAR2A;MAPK8;UBE2D3;SQSTM1;RPS6KA3;GSK3B;RIPK1;DUSP3;GNA14;MKNK2;MAP2K3,Skin,LE
27,logFC,Myc Targets V1,0.3562701427435316,1.5470286411411704,0.001519756838905775,0.024474371897707348,0.337,74/176,29.74%,MYC;LDHA;H2AZ1;NOLC1;GNL3;ODC1;IFRD1;KPNB1;IMPDH2;GSPT1;USP1;HPRT1;CUL1;HSP90AB1;PABPC1;EIF3B;SRPK1;DDX21;ETF1;KPNA2;HNRNPC;MRPL9;SERBP1;SYNCRIP;EPRS1;HDGF;TFDP1;HNRNPA2B1;HSPD1;EIF4G2;PGK1;NOP56;SRSF7;G3BP1;PSMD7;CCT2;RPS3;ACP1;HNRNPU;NPM1;TCP1;SET;SNRPA1;XPO1;VDAC3;EIF3J;RACK1;EIF1AX;RSL1D1;ORC2;TRA2B;NAP1L1;PPM1G;C1QBP;CNBP;EIF4A1;RPL18;FBL;HSPE1;HNRNPA1;SMARCC1;YWHAQ;UBA2;RPS6;DEK;ILF2;RPS5;FAM120A;CCT3;PHB2;IARS1;RPS2;GOT2;YWHAE,Skin,LE
28,logFC,Complement,0.3881357050458975,1.5361684578364463,0.006568144499178982,0.026936520035471014,0.374,13/93,5.79%,IL6;TNFAIP3;CXCL1;IRF1;CEBPB;C1S;MAFF;DUSP5;SERPINE1;SCG3;PPP2CB;LGMN;FYN,Skin,LE
29,logFC,Adipogenesis,0.369608786523155,1.5175058270740374,0.009202453987730062,0.030229965778238523,0.417,32/121,18.71%,SPARCL1;LIFR;NABP1;BCL6;GADD45A;DNAJB9;PFKFB3;HSPB8;APOE;STAT5A;ECH1;TOB1;GRPEL1;PLIN2;PDCD4;GBE1;UBC;CAVIN1;ATL2;YWHAG;DNAJC15;G3BP2;LPCAT3;RTN3;PIM3;PPP1R15B;PHYH;TKT;RIOK3;ATP1B3;BAZ2A;CCNG2,Skin,LE
30,logFC,E2F Targets,0.38504198898997377,1.5009870632755578,0.011456628477905073,0.034375664109653474,0.471,38/93,24.48%,CKS2;CDKN1A;EZH2;UBE2S;MYC;TFRC;H2AZ1;NOLC1;IPO7;PDS5B;SMC4;GSPT1;USP1;BRMS1L;ANP32E;CKS1B;KPNA2;SYNCRIP;MCM3;POP7;SLBP;SMC6;PNN;WEE1;BARD1;NOP56;TP53;ING3;PHF5A;XPO1;STAG1;RAD21;DNMT1;ORC2;TRA2B;NAP1L1;NUP153;DDX39A,Skin,LE
31,logFC,Hedgehog Signaling,0.5760353568797112,1.4492336600313833,0.07948243992606285,0.04995213690934021,0.628,3/12,14.49%,VEGFA;ETS2;CDK6,Skin,LE
32,logFC,Myc Targets V2,0.4941419441319896,1.4341886992529453,0.0683111954459203,0.05282028052318659,0.657,9/21,18.22%,MYC;NOLC1;GNL3;RCL1;NIP7;HSPD1;WDR74;NOP56;NPM1,Skin,LE
33,logFC,Wnt-beta Catenin Signaling,0.5267289283414719,1.416719174033915,0.08576998050682261,0.05847829550841839,0.692,7/15,17.47%,MYC;CCND2;ADAM17;CUL1;NCOR2;TP53;MAML1,Skin,LE
34,logFC,Myogenesis,0.3822123857391886,1.3789063185012849,0.051601423487544484,0.07539902828669842,0.779,13/65,9.33%,TAGLN;CDKN1A;TPM2;GADD45B;BHLHE40;CFD;PRNP;HSPB8;SCHIP1;IFRD1;DENND2B;TPD52L1;NAV2,Skin,LE
35,logFC,Pancreas Beta Cells,0.5029389112489864,1.268746735559636,0.18582375478927204,0.15088787078219576,0.941,3/12,9.73%,MAFB;STXBP1;PAK3,Skin,LE
36,logFC,Spermatogenesis,0.38125027374014353,1.2410775143183728,0.1497326203208556,0.17446410059191386,0.969,10/33,12.59%,SLC12A2;EZH2;SCG3;SIRT1;PRKAR2A;HSPA2;GSTM3;MLF1;CSNK2A2;TSN,Skin,LE
37,logFC,Apical Junction,0.30127033022532995,1.1891968817044805,0.16612377850162866,0.23075751948845125,0.991,21/86,16.06%,ICAM1;MYL9;INSIG1;CLDN11;B4GALT1;LIMA1;CD34;VASP;PIK3R3;MPZL1;ZYX;MMP2;EVL;YWHAH;GTF2F1;WASL;ARPC2;TJP1;MAP3K20;RRAS;MDK,Skin,LE
38,logFC,Pperoxisome,0.33855389031197214,1.1839152325058087,0.19655172413793104,0.2313694621155411,0.992,8/45,11.25%,IDI1;SOD2;ELOVL5;ESR2;ECH1;PABPC1;YWHAH;SIAH1,Skin,LE
39,logFC,Reactive Oxygen Species Pathway,0.3382846433302527,1.10280991912065,0.3140350877192982,0.3423268568371066,1.0,8/36,14.92%,JUNB;SOD2;GCLC;PRNP;CDKN2D;OXSR1;TXN;PDLIM1,Skin,LE
40,logFC,Fatty Acid Metabolism,0.2823816625702124,1.0942645571902256,0.2993730407523511,0.34773980586008585,1.0,14/80,13.07%,IDI1;LDHA;H2AZ1;ELOVL5;GABARAPL1;ODC1;HSDL2;HMGCS1;ECH1;HSPH1;YWHAH;UBE2L6;PCBD1;HSP90AA1,Skin,LE
41,logFC,Protein Secretion,0.2659727779806318,1.012507918183652,0.43278688524590164,0.48645620840718323,1.0,23/81,25.54%,ATP1A1;KRT18;DOP1A;TPD52;RPS6KA3;SCAMP1;RAB22A;GBF1;STX12;ANP32E;KIF1B;GOLGA4;BNIP3;SGMS1;ATP6V1H;NAPA;GLA;SEC24D;DNM1L;RAB5A;RAB9A;RAB14;ABCA1,Skin,LE
42,logFC,Coagulation,0.2772872881537991,0.9911253987004786,0.47619047619047616,0.5150583786802133,1.0,7/52,8.63%,C1S;MAFF;SERPINE1;CFD;LGMN;FYN;MMP2,Skin,LE
43,logFC,heme Metabolism,0.24145668675106646,0.9739548550509357,0.5023255813953489,0.5351804166806007,1.0,27/107,19.69%,TFRC;BTG2;ELL2;CLIC2;GCLC;BACH1;TOP1;FOXO3;OSBP2;EIF2AK1;EPB41;RCL1;CDR2;PICALM;MAP2K3;DCUN1D1;HDGF;SEC14L1;RNF19A;CCDC28A;BNIP3L;NR3C1;RIOK3;GLRX5;H4C3;BCAM;ISCA1,Skin,LE
44,logFC,Mitotic Spindle,0.22652358028676828,0.9404620003780942,0.5800316957210776,0.5886373347898947,1.0,37/128,25.33%,EZR;BCL2L11;NEDD9;MYO1E;CLIP1;DYNLL2;SMC4;ABL1;AKAP13;EPB41;LATS1;FGD4;WASL;CD2AP;CLIP2;KIF5B;NIN;KIF1B;RALBP1;SSH2;PCGF5;BIN1;ARHGEF2;ARF6;LRPPRC;ACTN4;CEP57;HOOK3;VCL;KATNA1;NET1;WASF2;PALLD;GSN;ECT2;MID1;RASA2,Skin,LE
45,logFC,Apical Surface,-0.3309975678469329,-0.9170101453597764,0.5699797160243407,1.0,1.0,5/14,16.01%,EPHB4;EFNA5;ADAM10;SRPX;SULF2,Skin,LE
46,logFC,DNA Repair,0.22891192224929888,0.9052873615284727,0.6523809523809524,0.6468429080112654,1.0,25/98,23.93%,PNP;POLR1C;RRM2B;GTF2B;POM121;IMPDH2;HPRT1;TAF13;GTF2F1;POLR3GL;SUPT5H;VPS37B;POLR2A;AK1;TP53;ELL;ALYREF;BCAM;PDE4B;SNAPC5;POLB;STX3;ARL6IP1;NME4;NUDT9,Skin,LE
47,logFC,Oxidative Phosphorylation,-0.18419827482783738,-0.8722153156816441,0.8584070796460177,1.0,1.0,61/169,31.24%,ATP5ME;ABCB7;ATP6AP1;HSD17B10;COX11;RHOT2;ATP5F1E;RHOT1;ATP6V1E1;PDHX;NNT;UQCR10;NDUFA7;ATP5MC1;DLD;UQCRQ;NDUFB7;PDHB;NDUFS3;GPI;NDUFV2;NDUFB2;ATP5PF;MDH1;ATP5MF;NDUFS7;NDUFB1;NDUFS4;COX7B;NDUFA8;SLC25A12;NDUFA6;TOMM70;COX6C;COX17;MRPS11;ECI1;MTX2;ATP5MC3;NDUFA3;NDUFA1;TIMM8B;COX6A1;NDUFV1;MRPS22;NDUFC1;COX5B;NDUFC2;IDH3B;DECR1;ATP6V1D;SUCLA2;PRDX3;UQCR11;ETFA;ATP6V1F;HADHB;ATP5F1D;ISCU;BAX;OGDH,Skin,LE
48,logFC,Bile Acid Metabolism,-0.23122131565260834,-0.7996093084436995,0.8261904761904761,0.8501766432800916,1.0,7/31,16.36%,ABCA4;ABCA3;ABCD3;HSD3B7;NR3C2;HSD17B4;LONP2,Skin,LE
49,logFC,Notch Signaling,0.1551823792381488,0.4279020957003699,0.9981515711645101,0.9996321439320469,1.0,6/17,31.35%,CUL1;CCND1;TCF7L2;ST3GAL6;MAML2;PRKCA,Skin,LE
0,logFC,TNF-alpha Signaling via NF-kB,-0.6016263803220743,-2.668978156688592,0.001,0.001,0.001,102/180,17.58%,F3;SERPINB2;CXCL1;IL1A;IL1B;CXCL3;CXCL2;PTGS2;CCL20;PLAU;TRIB1;TNFAIP6;DENND5A;EHD1;INHBA;TLR2;BCL2A1;PLAUR;ETS2;HBEGF;MXD1;ATP2B1;KLF2;ABCA1;SLC2A6;MAP2K3;KDM6B;IER3;NAMPT;GCH1;SMAD3;NFKB2;B4GALT5;LAMB3;MCL1;CCRL2;NFAT5;EGR3;VEGFA;SOD2;KYNU;PER1;CFLAR;IFNGR2;FOSB;PDE4B;SNN;FOSL1;TNIP1;PHLDA2;EGR1;KLF6;NFKBIA;NINJ1;G0S2;SQSTM1;IRS2;CEBPB;OLR1;TANK;BCL6;PLEK;PTX3;CD44;SAT1;TNF;PHLDA1;IER5;PTPRE;MAP3K8;RNF19B;NFKB1;CDKN1A;BCL3;PFKFB3;CCL4;AREG;SERPINB8;CCNL1;TNFAIP8;ICOSLG;LITAF;ZFP36;GADD45B;NFIL3;FOSL2;TIPARP;RIPK2;RELB;NR4A2;BIRC3;EIF1;PPP1R15A;NFE2L2;MAFF;RHOB;LDLR;SLC16A6;SPHK1;ICAM1;ZC3H12A;GPR183,Skin,Macrophage
1,logFC,Inflammatory Response,-0.5700143751055278,-2.4617012351490413,0.001,0.001,0.001,73/142,17.58%,F3;AQP9;CXCL8;CSF3R;IL1A;IL1B;OSM;CD55;IL1R1;TNFSF15;CCL20;LCP2;TNFAIP6;FPR1;INHBA;TLR2;NLRP3;PLAUR;HBEGF;MXD1;ITGA5;ATP2B1;NOD2;CHST2;ABCA1;NAMPT;GCH1;ACVR1B;TNFRSF1B;EREG;IRAK2;TIMP1;CCRL2;IL4R;LYN;IRF7;PIK3R5;PTGER2;PTAFR;IFNGR2;PDE4B;KLF6;SCARF1;NFKBIA;ADM;GNAI3;GPR132;OLR1;SGMS2;C5AR1;STAB1;EMP3;SEMA4D;PSEN1;BEST1;GNA15;PTPRE;SLC11A2;NFKB1;CDKN1A;ABI1;ICOSLG;RNF144B;ATP2A2;RIPK2;HIF1A;P2RX7;RAF1;LDLR;ADORA2B;SPHK1;ICAM1;GPR183,Skin,Macrophage
2,logFC,Oxidative Phosphorylation,0.49929027560218936,2.348411440726895,0.001,0.001,0.001,108/179,32.46%,ACAT1;MTX2;MRPS12;NNT;SLC25A12;AFG3L2;NDUFA8;CYB5A;PDHX;NDUFB3;LDHB;CYB5R3;SDHC;TIMM8B;TOMM70;NDUFC2;ABCB7;NDUFAB1;MDH1;NDUFS3;MGST3;MRPL34;ACAA2;BCKDHA;ECHS1;SDHD;MRPL11;SUCLG1;ECI1;NDUFA9;IDH2;AIFM1;TIMM10;ACADM;PRDX3;PHB2;MRPL15;NDUFS8;DECR1;FH;OPA1;ATP5PF;PDHB;ATP5MC1;NDUFS7;ATP5PB;ATP5F1A;ECH1;IDH3B;NDUFS4;ATP5MF;NDUFS2;ETFB;SDHA;IDH3A;VDAC3;SUCLA2;MRPS15;NDUFA4;ATP5MC3;COX5A;ATP1B1;NDUFS1;COX6C;ISCU;FDX1;ATP5F1C;NDUFC1;UQCR10;NDUFB8;NDUFB2;LRPPRC;SDHB;PDHA1;COX5B;TIMM13;MDH2;SLC25A11;POLR2F;ATP5PD;CYC1;ETFA;NDUFA7;NDUFA5;NDUFV1;COX8A;VDAC1;COX7A2;UQCRFS1;COX6A1;NDUFS6;IDH1;SLC25A5;NDUFB7;RHOT2;ATP5PO;ATP5F1B;IMMT;HADHA;BAX;MRPS22;UQCRH;ATP6V0E1;COX7C;NDUFA2;SURF1;GPI;ACO2,Skin,Macrophage
3,logFC,IL-6/JAK/STAT3 Signaling,-0.531304551766309,-2.0129832651295887,0.001,0.0010961634280019928,0.003,25/65,15.31%,CXCL1;CSF3R;IL1R2;IL1B;CXCL3;HMOX1;IL1R1;TLR2;IL3RA;ACVR1B;TNFRSF1B;IL4R;PIK3R5;IFNGR2;TNFRSF12A;IL2RA;CCR1;CD44;CBL;TNF;MYD88;MAP3K8;CSF2RB;CRLF2;PDGFC,Skin,Macrophage
4,logFC,UV Response Up,-0.4820687265567785,-1.9619381261448117,0.001,0.001,0.003,49/99,23.11%,CXCL2;HMOX1;RAB27A;GCH1;NUP58;CDKN1C;LYN;BID;PRKCD;HSPA2;SOD2;FKBP4;TUBA4A;RRAD;FOSB;PPIF;ALAS1;NFKBIA;CDC34;SQSTM1;DGAT1;POLG2;GLS;GRPEL1;CHKA;MARK2;MGAT1;ATP6V1C1;DNAJA1;NXF1;STIP1;DNAJB1;AMD1;AGO2;RHOB;HNRNPU;ICAM1;EIF5;BTG1;PRPF3;HSPA13;FOS;NR4A1;PRKACA;DDX21;RPN1;BTG3;GRINA;CCND3,Skin,Macrophage
5,logFC,Epithelial Mesenchymal Transition,0.44675009131682436,1.8972205484096798,0.001,0.003845187232973109,0.009,15/84,2.98%,CADM1;SPP1;TIMP3;FN1;IL32;CALD1;COL6A2;SPARC;COL4A2;TGFBR3;GEM;CAPG;TAGLN;SERPINH1;FUCA1,Skin,Macrophage
6,logFC,E2F Targets,0.42533978938871925,1.8624152241761258,0.001,0.0034179442070872076,0.012,43/106,23.52%,PRDX4;PCNA;CKS1B;STMN1;NUDT21;LYAR;PTTG1;PSIP1;BRMS1L;RAD50;SSRP1;POLD3;CDK4;NOP56;USP1;SMC1A;NME1;PRIM2;CBX5;DNMT1;RANBP1;EXOSC8;DUT;MRE11;ORC2;MYC;CTCF;SMC6;RPA3;JPT1;BRCA2;TUBB;EIF2S1;PRPS1;SMC3;RACGAP1;RAN;PA2G4;ANP32E;MTHFD2;GSPT1;RPA1;HMGB2,Skin,Macrophage
7,logFC,KRAS Signaling Dn,-0.5446606284533491,-1.8231098163646549,0.001,0.004823119083208769,0.021,14/37,16.33%,SERPINB2;MAST3;TG;ENTPD7;CHST2;NPHS1;SKIL;SNN;PTPRJ;KRT5;LFNG;NR4A2;NR6A1;KMT2D,Skin,Macrophage
8,logFC,Myc Targets V1,0.3870339340783126,1.8208228840395049,0.001,0.0042724302588590096,0.02,72/178,27.74%,PRDX4;PCNA;EPRS1;ACP1;PRPS2;SRM;APEX1;AIMP2;CLNS1A;LSM2;TOMM70;CDK4;NDUFAB1;NOP56;USP1;TXNL4A;NHP2;NME1;MRPS18B;C1QBP;BUB3;PSMB2;RANBP1;PRDX3;SSB;XPOT;PHB2;DUT;SERBP1;ORC2;CCT3;PSMD8;GLO1;MYC;TUFM;POLE3;PRPF31;SNRPD1;HNRNPR;KARS1;PWP1;PPM1G;PSMA4;VDAC3;SNRPA1;EIF2S1;PSMD7;PSMD14;COX5A;STARD7;SET;CDK2;RAN;IMPDH2;CCT2;PA2G4;SNRPD3;GSPT1;PSMA2;SSBP1;CYC1;NOLC1;VDAC1;CCT5;ILF2;PPIA;GNL3;EIF3D;RPS2;PSMA7;ERH;SF3A1,Skin,Macrophage
9,logFC,Fatty Acid Metabolism,0.3947039243831799,1.7118982109683933,0.001,0.008032168886654938,0.046,34/95,17.41%,ADSL;HADH;GRHPR;APEX1;SDHC;PCBD1;OSTC;ALDH3A2;MDH1;YWHAH;HSD17B4;ACAA2;ALDH9A1;IL4I1;ECHS1;SDHD;SUCLG1;CBR1;ECI1;PTPRG;ACADM;DECR1;FH;PDHB;ECH1;UROS;RDH11;SUCLG2;LGALS1;IDH3B;UROD;METAP1;SDHA;SUCLA2,Skin,Macrophage
10,logFC,Apoptosis,-0.40236591581749725,-1.6676960830091896,0.001,0.016990533134030893,0.089,43/118,16.74%,NEDD9;IL1A;IL1B;HMOX1;ISG20;RARA;IER3;GCH1;EREG;TIMP1;MCL1;FEZ1;BID;EGR3;SOD2;DDIT3;IGF2R;CFLAR;CASP1;PPP3R1;TNFRSF12A;EMP1;PAK1;SQSTM1;GSR;CD44;SAT1;PSEN1;TNF;H1-0;GNA15;ANXA1;CDKN1A;GADD45B;DNAJA1;SLC20A1;BCL10;CTNNB1;BIRC3;DNAJC3;PMAIP1;RHOB;ETF1,Skin,Macrophage
11,logFC,Hypoxia,-0.3937906921196793,-1.6436422329753204,0.0015698587127158557,0.018947967826891596,0.111,60/124,25.72%,F3;PLAC8;HMOX1;ISG20;AKAP12;PLAUR;SLC6A6;CHST2;IER3;AMPD3;CDKN1C;FOXO3;GBE1;VEGFA;DDIT3;EXT1;KLF6;ZNF292;IRS2;ADM;MT1E;NOCT;CDKN1A;PFKFB3;ZFP36;NFIL3;FOSL2;TIPARP;NDRG1;RRAGD;SIAH2;PPP1R15A;MAFF;ADORA2B;DDIT4;PLIN2;DUSP1;TPST2;VHL;GYS1;PNRC1;BTG1;S100A4;FOS;MYH9;KDM3A;KLHL24;IDS;GLRX;NR3C1;KLF7;SLC2A3;TNFAIP3;PAM;WSB1;DTNA;PDGFB;HSPA5;TES;NDST1,Skin,Macrophage
12,logFC,Myc Targets V2,0.4931468152646432,1.6274618012200868,0.026785714285714284,0.0163776493256262,0.109,8/27,7.62%,PRMT3;SRM;MPHOSPH10;AIMP2;CDK4;NOP56;IMP4;TCOF1,Skin,Macrophage
13,logFC,Complement,-0.36004960944603115,-1.5327231428752168,0.004694835680751174,0.053163926258096655,0.317,33/132,12.30%,F3;SERPINB2;S100A9;CXCL1;CD55;DUSP6;LCP2;EHD1;PLAUR;SERPINA1;GCA;ZEB1;TIMP1;HSPA1A;LYN;IRF7;PRKCD;PIK3R5;KYNU;CTSL;GNG2;PIK3CG;CASP1;USP15;GNAI3;CEBPB;OLR1;PLEK;PSEN1;SH2B3;ITGAM;DOCK4;PLSCR1,Skin,Macrophage
14,logFC,Allograft Rejection,-0.3582571563531881,-1.5244530579105688,0.00644122383252818,0.050667109560981013,0.334,35/129,14.69%,IL1B;LCP2;INHBA;TLR2;NLRP3;FGR;UBE2D1;EREG;GPR65;CFP;TIMP1;IL4R;LYN;ELF4;IRF7;SRGN;IFNGR2;PRKCB;CCL13;MMP9;NCF4;IL2RA;STAB1;CCR1;TNF;BCAT1;FLNA;GBP2;BCL3;CCL4;ABI1;ICOSLG;RIPK2;BCL10;HIF1A,Skin,Macrophage
15,logFC,Wnt-beta Catenin Signaling,-0.5217294565853379,-1.4853168566463986,0.048598130841121495,0.06478325859491778,0.428,7/19,14.68%,NUMB;ADAM17;HDAC5;NOTCH1;NCOR2;MAML1;CTNNB1,Skin,Macrophage
16,logFC,Coagulation,0.3695806501773116,1.4659790500006384,0.015228426395939087,0.05651814885290633,0.364,11/61,3.53%,TIMP3;FN1;APOC1;CTSK;C3;SPARC;A2M;GSN;CD9;C2;C1S,Skin,Macrophage
17,logFC,p53 Pathway,-0.3340281594218724,-1.4468002846361792,0.010954616588419406,0.0839063278525162,0.539,50/142,23.13%,CYFIP2;IL1A;FGF13;HMOX1;HBEGF;MXD1;FBXW7;IER3;ACVR1B;FOXO3;DDIT3;VDR;RRAD;CASP1;NINJ1;NOTCH1;DNTTIP2;MKNK2;SAT1;IER5;RHBDF2;PTPRE;PLK3;RNF19B;CDKN1A;HEXIM1;SLC7A11;ADA;RALGDS;NDRG1;UPP1;TRAF4;PPP1R15A;SPHK1;DDIT4;ZFP36L1;H1-2;SERTAD3;KLF4;TSPYL2;RXRA;BTG1;S100A4;FOS;CDKN2AIP;MDM2;DDB2;RB1;CCND3;PLXNB2,Skin,Macrophage
18,logFC,KRAS Signaling Up,-0.34766810757022015,-1.439877036979485,0.014018691588785047,0.08202956319548248,0.564,51/106,27.61%,IL1B;PTGS2;IL1RL2;CCL20;DUSP6;ADAM8;PLAU;TRIB1;AKAP12;INHBA;ALDH1A2;PLAUR;HBEGF;TNFRSF1B;EREG;ADAM17;EMP1;G0S2;MMP9;CBL;NIN;MAFB;KCNN4;ZNF277;TOR1AIP2;BIRC3;DNMBP;PPP1R15A;F13A1;KLF4;IL2RG;LCP1;ID2;LAT2;MTMR10;TLR8;USP12;GLRX;PECAM1;RBM4;TNFAIP3;FCER1G;IL10RA;DOCK2;LAPTM5;CLEC4A;BTBD3;LY96;EPB41L3;CD37;PRELID3B,Skin,Macrophage
19,logFC,Pperoxisome,0.35126018409585014,1.404493499682656,0.05596107055961071,0.07540839406886152,0.505,20/58,22.07%,CADM1;ABCC5;ITGB1BP1;YWHAH;HSD17B4;ALDH9A1;FDPS;IDH2;FADS1;CLN6;GNPAT;PEX14;ECH1;RDH11;DHRS3;PEX2;MVP;SCP2;LONP2;ERCC3,Skin,Macrophage
20,logFC,Apical Surface,-0.47144372602187556,-1.3568187329963104,0.10434782608695652,0.147054539879652,0.801,6/17,12.88%,PLAUR;SULF2;LYN;FLOT2;ADIPOR2;ADAM10,Skin,Macrophage
21,logFC,DNA Repair,0.30048909530904166,1.3174818408572055,0.05623471882640587,0.1317807377621401,0.733,32/102,22.33%,PCNA;MPG;NUDT21;NUDT9;SSRP1;POLD3;DAD1;DDB1;POLR2G;NME1;POLD4;MRPL40;SMAD5;TAF12;NME3;MPC2;BCAP31;DUT;AK3;RPA3;POLR3GL;GTF2H5;USP11;NELFCD;POLR2K;GTF2A2;ITPA;RBX1;IMPDH2;ERCC3;TMED2;ERCC8,Skin,Macrophage
22,logFC,Adipogenesis,0.2860818356819671,1.3126350123610822,0.038560411311053984,0.12261874842925358,0.743,47/138,24.90%,APOE;C3;MCCC1;HADH;SDHC;ESYT1;GPHN;NDUFAB1;DNAJC15;CAVIN1;NDUFS3;MGST3;ACAA2;BCKDHA;ECHS1;PTCD3;SUCLG1;SPARCL1;NMT1;AIFM1;ACADM;PRDX3;MRPL15;DECR1;MTCH2;PEX14;ECH1;SLC27A1;ETFB;IDH3A;AGPAT3;G3BP2;GHITM;PHLDB1;CD151;PFKL;UQCR10;SCP2;ELMOD3;SDHB;CMPK1;ENPP2;MDH2;GPX3;CYC1;NDUFA5;COX8A,Skin,Macrophage
23,logFC,TGF-beta Signaling,-0.36536121810411665,-1.294875575807303,0.10367892976588629,0.21061997295181153,0.917,16/45,21.10%,SMAD3;CDKN1C;SKIL;IFNGR2;SMURF1;SKI;NCOR2;ARID4B;SLC20A1;THBS1;CTNNB1;TGFBR1;PPP1R15A;RAB31;ID2;MAP3K7,Skin,Macrophage
24,logFC,PI3K/AKT/mTOR  Signaling,-0.3218128907737261,-1.2610708261862897,0.11694915254237288,0.24970602889885402,0.957,28/76,26.87%,TBK1;MAP2K3;RIT1;EIF4E;DDIT3;PRKCB;SQSTM1;MKNK2;MYD88;ACTR3;CDKN1A;MKNK1;CLTC;PTEN;VAV3;RAF1;PIK3R3;MAPK1;IL2RG;MAP3K7;PLCB1;ITPR2;CAB39;RPS6KA3;ARHGDIA;MAPK8;GRK2;ARF1,Skin,Macrophage
25,logFC,Interferon Gamma Response,-0.290452841587765,-1.257219156019087,0.07931570762052877,0.23978574987543597,0.958,37/152,17.38%,PTGS2;LCP2;ISG20;TNFAIP6;FPR1;EIF4E3;IFITM2;PELI1;NAMPT;GCH1;MX2;TRIM25;IL4R;IRF7;SOD2;FGL2;PDE4B;CASP1;NFKBIA;ZNFX1;RAPGEF6;P2RY14;PNP;MYD88;NFKB1;OGFR;CDKN1A;PLSCR1;CD274;CSF2RB;LATS2;RIPK2;HIF1A;UPP1;NCOA3;TOR1B;ICAM1,Skin,Macrophage
26,logFC,Bile Acid Metabolism,-0.3613954327120229,-1.2500915705552282,0.16638655462184873,0.23690026085172486,0.963,7/42,6.19%,AQP9;ACSL1;GCLM;BMP6;ABCA1;ACSL5;PNPLA8,Skin,Macrophage
27,logFC,heme Metabolism,-0.2971918536888232,-1.2436041049855593,0.10426540284360189,0.2332392182915352,0.971,23/118,13.41%,HBB;SLC25A37;SLC22A4;GCLM;MAP2K3;MPP1;BACH1;ELL2;FOXO3;SLC30A1;MBOAT2;USP15;PICALM;H1-0;TOP1;RBM38;SLC11A2;SDCBP;YPEL5;KDM7A;SLC7A11;EPB41;FBXO34,Skin,Macrophage
28,logFC,IL-2/STAT5 Signaling,-0.2862858292259301,-1.2171504989713813,0.12254901960784313,0.2575984055804683,0.98,45/129,20.02%,IL1R2;CKAP4;DENND5A;SNX9;MXD1;IL3RA;TNFRSF1B;GPR65;CDKN1C;IL4R;PTGER2;IGF2R;FGL2;NFKBIZ;KLF6;EMP1;IL2RA;PRNP;PNP;CD44;MAPKAPK2;PHLDA1;IGF1R;MAP3K8;PLSCR1;GADD45B;NFIL3;NDRG1;GABARAPL1;RRAGD;NCOA3;MAFF;RHOB;PLIN2;POU2F1;TNFRSF4;AHR;WLS;ADAM19;ITGAV;LRRC8C;PLEC;IL18R1;NOP2;SPRED2,Skin,Macrophage
29,logFC,Cholesterol Homeostasis,-0.3274128201839691,-1.1777414537196074,0.21843003412969283,0.310762331838565,0.993,16/48,20.49%,PPARG;ANTXR2;PLAUR;STARD4;TNFRSF12A;CPEB2;CHKA;PLSCR1;MVD;NFIL3;CTNNB1;ACSS2;ATXN2;LDLR;PNRC1;ANXA5,Skin,Macrophage
30,logFC,Reactive Oxygen Species Pathway,-0.3243951232425164,-1.1344192121716126,0.24701873935264054,0.3767670296818279,0.998,10/44,10.80%,GCLM;EGLN2;TXNRD1;SOD2;OXSR1;CDKN2D;MBP;GSR;PRNP;SCAF4,Skin,Macrophage
31,logFC,Androgen Response,-0.2867071963621895,-1.1109680868444167,0.27918781725888325,0.4049825610363727,0.999,29/75,24.99%,AKAP12;CAMKK2;ELL2;ACSL3;GNAI3;GSR;PTK2B;SAT1;H1-0;INSIG1;PIAS1;TNFAIP8;NDRG1;HPGD;SMS;SLC38A2;SEC24D;VAPA;RRP12;ITGAV;ABHD2;SGK1;ELOVL5;ACTN1;CCND3;RPS6KA3;B4GALT1;ZMIZ1;SLC26A2,Skin,Macrophage
32,logFC,Estrogen Response Early,-0.274571015455564,-1.101349384188267,0.27287853577371046,0.4064383353913476,0.999,39/89,25.34%,RARA;SVIL;SH3BP5;GAB2;TBC1D30;EGR3;NRIP1;FKBP4;PPIF;NCOR2;CD44;ISG20L2;IGF1R;ELF1;AREG;TIPARP;MPPED2;SIAH2;PMAIP1;RRP12;RAB31;KLF4;CXCL12;ABHD2;RHOBTB3;PAPSS2;ELOVL5;FOS;HES1;CHPT1;B4GALT1;KLF10;BLVRB;GLA;MED13L;SLC26A2;FLNB;SLC7A5;NADSYN1,Skin,Macrophage
33,logFC,mTORC1 Signaling,-0.24920931695346304,-1.0924875663466207,0.26332288401253917,0.4072247135027404,0.999,35/154,17.20%,SLC6A6;TBK1;MAP2K3;STARD4;NAMPT;CFP;RIT1;TXNRD1;GBE1;ACSL3;DDIT3;TUBA4A;FGL2;SQSTM1;GSR;PNP;RAB1A;IFRD1;BCAT1;ACTR3;ADIPOR2;INSIG1;MTHFD2L;CDKN1A;SLC7A11;SKAP2;NFIL3;ATP2A2;STIP1;PPP1R15A;EGLN3;PIK3R3;ETF1;LDLR;DDIT4,Skin,Macrophage
34,logFC,Myogenesis,0.26562946098152684,1.0674810965755606,0.3399503722084367,0.4954465489273229,0.999,9/67,7.59%,COL6A2;SPARC;COL4A2;IGFBP7;GSN;TAGLN;ADCY9;TPM2;ITGB5,Skin,Macrophage
35,logFC,Xenobiotic Metabolism,-0.2579141143340031,-1.0512348161772573,0.35451505016722407,0.47525261584454415,1.0,28/101,21.09%,CYFIP2;AQP9;HMOX1;IL1R1;ETS2;SLC6A6;GCH1;KYNU;ALAS1;NINJ1;GSR;VNN1;BCAT1;NPC1;IGF1;ATP2A2;POR;GABARAPL1;UPP1;MAN1A1;ACOX1;SERTAD1;TPST1;MARCHF6;PAPSS2;ID2;ELOVL5;PINK1,Skin,Macrophage
36,logFC,Angiogenesis,0.3521219383860875,1.0423489808251616,0.3968957871396896,0.5194563123062745,0.999,2/18,4.59%,SPP1;LRPAP1,Skin,Macrophage
37,logFC,G2-M Checkpoint,0.22782544922607106,1.0299550616611848,0.3722627737226277,0.5120343341001798,1.0,23/120,15.70%,NUSAP1;CKS1B;STMN1;CBX1;WRN;PTTG1;NSD2;MNAT1;CUL5;CDK4;KIF20B;SMC1A;CCND1;SAP30;PRIM2;BUB3;SLC38A1;MYC;HMGN2;CTCF;SNRPD1;JPT1;BRCA2,Skin,Macrophage
38,logFC,Spermatogenesis,-0.29385981114989085,-0.9963354497655605,0.44014084507042256,0.5829903031696754,1.0,10/38,16.41%,PGS1;TULP2;HSPA2;TLE4;AGFG1;BRAF;MLF1;EZH2;IFT88;TALDO1,Skin,Macrophage
39,logFC,Glycolysis,0.22108226772058795,0.9732896334287002,0.5089974293059126,0.6185868667648009,1.0,41/101,28.70%,FUT8;STMN1;SLC35A3;ALDH7A1;CYB5A;SRD5A3;SDHC;MDH1;GUSB;FAM162A;SDC3;SAP30;PYGB;ALDH9A1;PFKP;GLCE;AK3;CLN6;B3GAT3;PGM2;SDC2;PRPS1;CXCR4;GCLC;MERTK;UGP2;MXI1;KIF2A;MDH2;AKR1A1;HS2ST1;PMM2;PPIA;COPB2;RBCK1;DSC2;EXT2;IDH1;RARS1;NDUFV3;SOD1,Skin,Macrophage
40,logFC,UV Response Dn,-0.23363312865694622,-0.96022537232436,0.5238095238095238,0.6481979737585117,1.0,22/99,16.85%,F3;PPARG;ATP2B1;SMAD3;SIPA1L1;MAPK14;YTHDC1;DYRK1A;NOTCH2;PIK3CD;MT1E;IGF1R;ATXN1;NFKB1;INSIG1;SYNJ2;SYNE1;PTEN;NIPBL;PIK3R3;LDLR;ADORA2B,Skin,Macrophage
41,logFC,Mitotic Spindle,-0.22488147916240606,-0.9598061069931216,0.5734157650695518,0.6264965477969962,1.0,47/138,26.14%,NEDD9;PREX1;MYO9B;ARHGEF2;ARHGAP27;FGD4;TUBA4A;NOTCH2;PPP4R2;RAPGEF6;VCL;PXN;PLEKHG2;RICTOR;DYNC1H1;RANBP9;FLNA;DOCK4;NIN;ABI1;MAP3K11;EPB41;STK38L;MID1IP1;ARL8A;LMNB1;AKAP13;ITSN1;CSNK1D;MARK4;ARHGAP4;ARFGEF1;KLC1;PAFAH1B1;MYH9;ARF6;ROCK1;SSH2;MARCKS;EZR;ABR;ARHGDIA;CDC42EP2;DOCK2;FLNB;MAPRE1;CLIP2,Skin,Macrophage
42,logFC,Notch Signaling,-0.3183943424367929,-0.94786081441243,0.5076335877862596,0.6315413294847344,1.0,9/21,24.42%,TCF7L2;NOTCH2;NOTCH1;MAML2;LFNG;FBXW11;ST3GAL6;HES1;JAG1,Skin,Macrophage
43,logFC,Apical Junction,-0.2279974542199065,-0.9107326662240303,0.6508474576271186,0.6940176050489951,1.0,28/88,26.46%,LAMB3;MAPK14;MAP3K20;MMP9;VCL;VASP;INSIG1;MVD;SKAP2;CD274;STX4;INPPL1;RAC2;ICAM2;PTEN;PIK3R3;PIK3CB;PTPRC;ICAM1;SYK;MYH9;ACTN1;PECAM1;B4GALT1;VCAN;ADAM9;CNN2;SIRPA,Skin,Macrophage
44,logFC,Estrogen Response Late,-0.22284999717557974,-0.8928332196676928,0.6733001658374793,0.7124001478695533,1.0,29/88,25.24%,S100A9;ISG20;SERPINA1;EGR3;NRIP1;FKBP4;PPIF;NCOR2;CD44;AREG;ZFP36;NAB2;SIAH2;RAB31;KLF4;CXCL12;ABHD2;SGK1;PAPSS2;ID2;ELOVL5;FOS;CHPT1;BTG3;BLVRB;GLA;SLC26A2;FLNB;SLC7A5,Skin,Macrophage
45,logFC,Hedgehog Signaling,-0.3325603959310247,-0.8854830291794777,0.5758683729433273,0.7054154210264076,1.0,2/14,5.67%,ETS2;VEGFA,Skin,Macrophage
46,logFC,Interferon Alpha Response,0.2158837395495618,0.8777114874181458,0.7396593673965937,0.8198508838066516,1.0,23/70,24.02%,LGALS3BP;C1S;PARP12;PSMB8;NCOA7;LAMP3;LAP3;TAP1;PNPT1;GBP4;IFI27;LY6E;STAT2;PSME2;MVB12A;NUB1;TRIM26;CASP8;UBE2L6;PSMB9;TXNIP;EPSTI1;OAS1,Skin,Macrophage
47,logFC,Unfolded Protein Response,0.18759903346620774,0.78549232697126,0.9035532994923858,0.9389199547625031,1.0,24/88,22.30%,CKS1B;SLC1A4;EXOC2;SDAD1;SLC30A5;PARN;NOP56;PAIP1;NHP2;XPOT;LSM1;YIF1A;LSM4;PDIA6;EXOSC10;SPCS1;EIF2S1;WIPI1;CEBPG;EIF4EBP1;SRPRB;BANF1;SHC1;MTHFD2,Skin,Macrophage
48,logFC,Protein Secretion,-0.16393864782777834,-0.6420908739465315,0.9802955665024631,0.9809333997674805,1.0,27/82,30.13%,ABCA1;IGF2R;ARFGAP3;AP1G1;ADAM10;RAB2A;TSG101;CLTC;SNAP23;STX16;MAPK1;SEC24D;RAB22A;ARFGEF1;ATP1A1;RPS6KA3;PAM;GLA;GOLGA4;VAMP7;ARF1;KIF1B;SGMS1;NAPA;CTSC;ATP6V1H;RAB5A,Skin,Macrophage
49,logFC,Pancreas Beta Cells,0.23869505955576695,0.6020166231377043,0.9353448275862069,0.9897461673787383,1.0,5/11,27.89%,SRP9;SPCS1;SRPRB;SRP14;SEC11A,Skin,Macrophage
0,logFC,p53 Pathway,-0.4559478734482859,-1.9283592175631812,0.001,0.0071823204419889505,0.008,34/111,15.48%,FOS;H1-2;TXNIP;STOM;JUN;GADD45A;RALGDS;KLF4;TM4SF1;SESN1;DCXR;ADA;ZMAT3;IFI30;IER5;TPRKB;DDIT3;HEXIM1;PPP1R15A;H2AJ;TOB1;PPM1D;RAP2B;MKNK2;CYFIP2;ZFP36L1;RPS12;ATF3;MAPKAPK3;CSRNP2;RPL36;RPL18;BTG1;SLC35D1,Skin,Mast cell
1,logFC,TNF-alpha Signaling via NF-kB,-0.4279972667704876,-1.8338639471337328,0.001,0.013017955801104972,0.029,43/134,13.91%,FOS;KLF2;FOSB;ZBTB10;GEM;DUSP1;JUN;GADD45A;PHLDA2;IRF1;IRS2;KLF4;ZFP36;NR4A1;RHOB;IER2;LDLR;CXCL2;PLAUR;IER5;CSF1;SOCS3;ICAM1;PNRC1;ABCA1;CD69;GCH1;PPP1R15A;PER1;NR4A2;CEBPB;SLC2A3;RIPK2;TNFAIP3;KLF10;ATF3;KLF6;KLF9;STAT5A;JUNB;AREG;ZC3H12A;EGR1,Skin,Mast cell
2,logFC,KRAS Signaling Dn,0.5445389966321829,1.7134277817935015,0.012711864406779662,0.0946768060836502,0.08,8/22,14.89%,IL5;LFNG;TG;KMT2D;FGGY;COPZ2;KRT1;MFSD6,Skin,Mast cell
3,logFC,Hypoxia,-0.42075856053322636,-1.7047552954996696,0.001,0.03591160220994475,0.112,28/96,12.28%,FOS;CITED2;DUSP1;JUN;IRS2;CCNG2;ZFP36;LARGE1;PLAUR;HEXA;SAP30;KLHL24;PNRC1;DCN;DDIT3;PPP1R15A;BNIP3L;NDST2;UGP2;MT1E;GBE1;SLC2A3;RORA;ETS1;P4HA1;TNFAIP3;ATF3;KLF6,Skin,Mast cell
4,logFC,UV Response Dn,-0.42268984942435756,-1.6426927895300383,0.001,0.0430939226519337,0.174,22/78,17.43%,COL1A2;CITED2;NR1D2;DUSP1;GRK5;LDLR;ACVR2A;PIK3R3;SLC22A18;SMAD7;COL1A1;WDR37;MGMT;CDC42BPA;MT1E;INSIG1;TENT4A;DYRK1A;PMP22;NOTCH2;DLG1;ATP2B1,Skin,Mast cell
5,logFC,Pperoxisome,0.40783085849276074,1.5417740749906323,0.014457831325301205,0.21958174904942968,0.315,12/48,17.34%,ECI2;FADS1;ACOX1;PEX14;CAT;IDH1;ABCD3;ACSL4;HSD17B4;RDH11;SLC23A2;FDPS,Skin,Mast cell
6,logFC,Epithelial Mesenchymal Transition,-0.41636453361040326,-1.5123774041962093,0.0274442538593482,0.11455801104972375,0.464,15/51,16.41%,COL1A2;GEM;JUN;GADD45A;MGP;RHOB;PLAUR;COL1A1;DCN;TNFAIP3;AREG;PMP22;ECM2;ABI3BP;NOTCH2,Skin,Mast cell
7,logFC,UV Response Up,-0.3780015286196058,-1.4805980316435066,0.030560271646859084,0.12269797421731123,0.548,30/77,24.37%,FOS;DNAJB1;FOSB;IRF1;NR4A1;RHOB;CXCL2;H2AX;ICAM1;GCH1;MARK2;PLCL1;ATF3;JUNB;CHKA;BTG1;MRPL23;POLE3;SELENOW;GRPEL1;CREG1;SOD2;SQSTM1;DNAJA1;GLS;DGAT1;AMD1;BTG2;LYN;EIF5,Skin,Mast cell
8,logFC,Bile Acid Metabolism,0.40060659774540364,1.3847341655749048,0.07126948775055679,0.4338403041825095,0.659,9/33,16.64%,FADS1;NUDT12;FADS2;OPTN;CAT;IDH1;ABCD3;HSD17B4;SLC23A2,Skin,Mast cell
9,logFC,Apoptosis,-0.341141171318689,-1.3740464397739198,0.048494983277591976,0.22085635359116024,0.802,20/90,13.89%,TXNIP;JUN;GADD45A;IRF1;SLC20A1;RHOB;SMAD7;DCN;DDIT3;CD69;GCH1;BNIP3L;MGMT;MADD;HMGB2;CASP8;RARA;ATF3;HSPB1;PLAT,Skin,Mast cell
10,logFC,Protein Secretion,0.3186332058141122,1.310192398728132,0.05289672544080604,0.5175855513307985,0.81,32/76,30.07%,STX12;MON2;LMAN1;AP2M1;AP3B1;PAM;VAMP7;NAPG;SNAP23;AP1G1;USO1;ARCN1;RAB5A;RAB9A;SEC31A;TMED10;COPE;SGMS1;CLCN3;CLTC;AP2B1;ARFGEF2;ARFGAP3;M6PR;COPB1;TMX1;STX16;VAMP3;CLTA;TMED2;ARF1;CD63,Skin,Mast cell
11,logFC,PI3K/AKT/mTOR  Signaling,0.3263392855761016,1.2847058696966878,0.10199556541019955,0.4815969581749049,0.853,25/61,26.64%,AKT1;IL2RG;MAPK9;PPP1CA;SLA;MAPKAP1;NCK1;ITPR2;AP2M1;ARHGDIA;PIKFYVE;TIAM1;VAV3;ACTR3;PRKAG1;MAP3K7;DUSP3;CLTC;YWHAB;CALR;MKNK1;CAB39;HSP90B1;ACTR2;RALB,Skin,Mast cell
12,logFC,Coagulation,0.3421231258492577,1.2245700894532316,0.175054704595186,0.5667300380228137,0.932,21/39,31.84%,GDA;FURIN;WDR1;PEF1;C1S;APOC2;GSN;PROS1;KLF7;CSRP1;ARF4;DUSP14;FYN;CAPN2;GNB2;USP11;DUSP6;TIMP3;ITGB3;ISCU;LAMP2,Skin,Mast cell
13,logFC,Inflammatory Response,-0.30198409647112034,-1.1970350774476968,0.14967105263157895,0.5721167127071822,0.993,12/81,6.69%,IL18RAP;RGS1;IRF1;IFITM1;LDLR;ACVR2A;PLAUR;CSF1;ICAM1;ABCA1;CD69;GCH1,Skin,Mast cell
14,logFC,Interferon Alpha Response,-0.34276083946070324,-1.1895687522026441,0.21920289855072464,0.5326887661141805,0.994,10/42,10.89%,TXNIP;IRF1;IFITM1;IFI30;CSF1;PSMB8;LPAR6;CASP8;RIPK2;ISG15,Skin,Mast cell
15,logFC,Estrogen Response Late,-0.30518526781323796,-1.1831729832777669,0.1729200652528548,0.4957596685082873,0.994,9/71,7.88%,FOS;FABP5;KLF4;ZFP36;DCXR;LARGE1;PTGER3;S100A9;TOB1,Skin,Mast cell
16,logFC,Notch Signaling,0.41779861832691656,1.1828088366983844,0.2548596112311015,0.6171102661596958,0.967,6/16,21.32%,LFNG;MAML2;APH1A;ST3GAL6;FBXW11;CCND1,Skin,Mast cell
17,logFC,Hedgehog Signaling,0.42145390705222596,1.1716547942409872,0.2863070539419087,0.5747623574144487,0.974,8/15,27.66%,HEY1;NRP2;L1CAM;OPHN1;CDK6;MYH9;NRP1;NF1,Skin,Mast cell
18,logFC,Spermatogenesis,-0.3568372733908005,-1.1514057673886453,0.2640449438202247,0.5337769964841788,0.997,6/30,11.05%,TULP2;EZH2;GSTM3;ARL4A;TLE4;SLC12A2,Skin,Mast cell
19,logFC,IL-2/STAT5 Signaling,0.2568527506625997,1.1290274393926796,0.2113022113022113,0.6476552598225602,0.987,26/110,15.65%,TRAF1;MYC;FURIN;CSF2;TNFRSF8;PIM1;TNFRSF4;TNFRSF9;TNFRSF18;ANXA4;ITGAV;PHLDA1;TTC39B;PRNP;BMPR2;IL13;NCS1;BCL2L1;IL4R;SWAP70;IL1RL1;TIAM1;GLIPR2;TNFRSF21;ALCAM;ODC1,Skin,Mast cell
20,logFC,Interferon Gamma Response,-0.2783088195909662,-1.122376715955002,0.23920265780730898,0.5650092081031308,0.999,23/90,17.97%,TXNIP;IRF1;IFI30;STAT1;SOCS3;PSMB8;RBCK1;ICAM1;CD69;GCH1;PNP;ARL4A;PELI1;CASP8;RIPK2;ISG15;TNFAIP3;UBE2L6;BTG1;ARID5B;PSME2;VAMP5;IFITM3,Skin,Mast cell
21,logFC,Fatty Acid Metabolism,0.2693212151301222,1.108166832958861,0.2397094430992736,0.6499619771863118,0.993,24/78,23.70%,ECI2;UGDH;ACOX1;G0S2;IDH1;ACSL4;HIBCH;GPD2;HSD17B4;RDH11;PDHB;ECHS1;ODC1;SUCLA2;SERINC1;DECR1;HADHB;ACADVL;IDH3G;ACO2;TP53INP2;PTS;HSDL2;GLUL,Skin,Mast cell
22,logFC,Unfolded Protein Response,0.265475628087428,1.098391586573357,0.25547445255474455,0.6197027307293467,0.994,19/79,16.27%,HYOU1;NOLC1;EXOC2;EXOSC10;EIF4G1;EIF2S1;SDAD1;DKC1;IARS1;SRPRA;MTREX;DDX10;ERN1;HSPA5;SLC30A5;CCL2;SRPRB;NOP14;SEC31A,Skin,Mast cell
23,logFC,heme Metabolism,-0.25670306303646,-1.070562999784013,0.33223684210526316,0.6687154696132597,1.0,30/109,23.41%,HBB;HBD;TFDP2;CIR1;SLC25A38;XPO7;ATP6V0A1;BNIP3L;HTRA2;LPIN2;NUDT4;CCDC28A;RHD;EPOR;EZH1;FOXJ2;TRAK2;TENT5C;ISCA1;BTRC;GYPC;YPEL5;AGPAT4;EPB41;SLC25A37;ENDOD1;MFHAS1;PGLS;FOXO3;BTG2,Skin,Mast cell
24,logFC,Myogenesis,-0.2989184910150422,-1.0681651556892007,0.3363309352517986,0.627683504340963,1.0,14/44,25.19%,IGFBP7;CFD;DMPK;LARGE1;COL1A1;CACNA1H;MAPRE3;EIF4A2;RB1;FXYD1;MEF2A;LAMA2;SYNGR2;GADD45B,Skin,Mast cell
25,logFC,DNA Repair,-0.26440577114676167,-1.0631017763103892,0.3377049180327869,0.5999033149171271,1.0,43/91,35.52%,ADA;ERCC1;GTF2H5;ELL;PNP;NELFB;STX3;GTF2B;TK2;SF3A3;MPC2;RPA3;RRM2B;POLR2A;COX17;DUT;POLR2J;POLA1;RAE1;POM121;ARL6IP1;ITPA;NME4;POLR2F;SURF1;VPS28;GTF2A2;MRPL40;RNMT;TAF10;SUPT4H1;RALA;POLR2G;NME1;MPG;RBX1;SRSF6;REV3L;ERCC5;GPX4;UPF3B;GUK1;NCBP2,Skin,Mast cell
26,logFC,Androgen Response,0.2614700071674503,1.0482700929534408,0.3704600484261501,0.7303231939163498,1.0,10/71,10.21%,FADS1;CAMKK2;SLC26A2;APPBP2;FKBP5;AKT1;ITGAV;LMAN1;TNFAIP8;MAK,Skin,Mast cell
27,logFC,Wnt-beta Catenin Signaling,0.36410328659562347,1.0453363866030134,0.37553648068669526,0.6824802573852004,1.0,4/16,14.45%,MYC;HEY1;ADAM17;NUMB,Skin,Mast cell
28,logFC,Xenobiotic Metabolism,0.25500549436759495,1.0392098488305328,0.38609112709832133,0.651738185768604,1.0,18/70,21.34%,FBP1;CNDP2;UGDH;ACOX1;GSS;ALAS1;NINJ1;CAT;BCAR1;IDH1;DDAH2;NMT1;PDK4;MAN1A1;GSTO1;PROS1;ACO2;PTS,Skin,Mast cell
29,logFC,IL-6/JAK/STAT3 Signaling,-0.29043105108100203,-1.0091616203865015,0.4532627865961199,0.7094224792817679,1.0,5/41,4.82%,JUN;IRF1;CSF1;STAT1;SOCS3,Skin,Mast cell
30,logFC,Myc Targets V2,0.31993986657224055,0.9978202133335853,0.45474613686534215,0.7288973384030418,1.0,5/21,15.03%,MYC;NOLC1;WDR43;SRM;MPHOSPH10,Skin,Mast cell
31,logFC,Angiogenesis,0.3869802874140847,0.9956386878823187,0.4965986394557823,0.6891872623574145,1.0,5/11,28.99%,ITGAV;PRG2;TNFRSF21;NRP1;PDGFA,Skin,Mast cell
32,logFC,Allograft Rejection,0.23770683779739546,0.9901168333956277,0.4578313253012048,0.6644151196600313,1.0,21/84,18.60%,CDKN2A;ABCE1;MRPL3;AKT1;IL2RG;EIF3A;STAB1;WARS1;NCK1;CSK;IL13;ELF4;IL4R;CCL2;KRT1;TAPBP;HLA-A;CD47;HLA-E;HIF1A;MAP3K7,Skin,Mast cell
33,logFC,G2-M Checkpoint,-0.2318763664085396,-0.9703396970584273,0.5244865718799369,0.7765355866103347,1.0,32/111,23.38%,KIF22;HUS1;H2AX;EZH2;SAP30;RPS6KA5;MNAT1;UPF1;TRA2B;H2AZ1;SYNCRIP;SLC12A2;TENT4A;MTF2;MEIS2;CKS2;JPT1;UBE2S;NOTCH2;PURA;G3BP1;NASP;XPO1;TFDP1;YTHDC1;SS18;BCL3;AURKA;H2AZ2;KMT5A;AMD1;TLE3,Skin,Mast cell
34,logFC,Reactive Oxygen Species Pathway,0.2695537695680799,0.9378534101715702,0.5703703703703704,0.7667300380228137,1.0,8/36,16.84%,FES;PFKP;PRDX2;PRNP;CAT;EGLN2;SBNO2;SELENOS,Skin,Mast cell
35,logFC,KRAS Signaling Up,-0.23914135738532796,-0.930595481458717,0.5963963963963964,0.841329036218539,1.0,17/73,14.82%,GADD45G;KLF4;CDADC1;PLAUR;GPNMB;PSMB8;PPP1R15A;MTMR10;LY96;SPRY2;ETS1;TNFAIP3;GALNT3;STRN;TSPAN7;PLAT;JUP,Skin,Mast cell
36,logFC,Oxidative Phosphorylation,-0.19894129500969468,-0.8841988667316697,0.7564516129032258,0.9234479499854609,1.0,78/165,37.28%,NDUFA9;MRPL34;TOMM22;ATP6V1H;NDUFB5;ATP5MC2;SLC25A5;HTRA2;NDUFA2;ATP6V1D;UQCRQ;DLD;TIMM8B;ATP5ME;ATP5PF;COX7C;TIMM13;NDUFA8;NDUFC2;CYCS;ISCA1;OAT;ATP5MC1;NDUFA1;UQCRB;GRPEL1;NDUFB1;MPC1;COX17;ATP6V0E1;COX8A;ATP6V1G1;COX6C;PDHA1;COX4I1;BAX;COX6B1;NDUFC1;ATP1B1;ATP5PO;PDHX;POLR2F;COX7A2;ATP6V0B;SURF1;NDUFA3;NDUFA4;ATP5F1E;NDUFB2;NDUFB3;UQCRH;ATP5MF;NDUFB4;ACAT1;SLC25A3;NDUFS7;LDHB;NDUFS6;NDUFV1;NDUFA6;MDH1;ATP6V0C;MRPL11;GPX4;IDH3B;MRPS15;SDHA;CYB5R3;ATP5F1D;NDUFA7;ATP5F1C;ATP5MG;COX7B;UQCR11;AFG3L2;PRDX3;ATP5MC3;CPT1A,Skin,Mast cell
37,logFC,E2F Targets,-0.22030724480517505,-0.8826092907705612,0.6937086092715232,0.8818991712707182,1.0,22/92,20.30%,KIF22;HUS1;LYAR;H2AX;SLBP;BRMS1L;EZH2;RFC1;PPM1D;TRA2B;H2AZ1;HMGB2;SYNCRIP;CKS2;JPT1;UBE2S;RPA3;PRPS1;DUT;NASP;XPO1;USP1,Skin,Mast cell
38,logFC,Complement,-0.2226942872309932,-0.8815510017742242,0.6701570680628273,0.8421270718232043,1.0,16/82,18.88%,HSPA1A;PIK3CG;IRF1;PLAUR;ADAM9;S100A9;CEBPB;GCA;TNFAIP3;CPQ;PLAT;ATOX1;STX4;VCPIP1;CD55;FCER1G,Skin,Mast cell
39,logFC,TGF-beta Signaling,-0.2526139779544875,-0.8585288562535721,0.6850828729281768,0.8539615770969362,1.0,8/37,14.51%,SLC20A1;SMAD7;SKI;PPP1R15A;SMURF2;KLF10;JUNB;SPTBN1,Skin,Mast cell
40,logFC,mTORC1 Signaling,0.18455377324503153,0.8378079791909591,0.8674698795180723,0.9835101060636382,1.0,40/137,26.58%,FADS1;PSMD13;FADS2;ELOVL6;CYB5B;HSPA4;SLA;WARS1;IDH1;MTHFD2L;EBP;NUP205;PDAP1;USO1;PSMC4;HSPA5;RDH11;COPS5;ACTR3;PSMB5;NMT1;SKAP2;DDIT4;PSMD14;SORD;PGM1;STIP1;TES;CANX;SSR1;CALR;M6PR;HSP90B1;UFM1;PSMC6;ACTR2;UCHL5;PGK1;PRDX1;STARD4,Skin,Mast cell
41,logFC,Cholesterol Homeostasis,-0.2388347695706779,-0.8128969436065383,0.7588652482269503,0.9119204900312274,1.0,11/39,23.25%,FABP5;LDLR;PLAUR;PNRC1;ATF3;CHKA;CYP51A1;ANTXR2;ATXN2;GNAI1;HMGCS1,Skin,Mast cell
42,logFC,Glycolysis,0.19039968440895147,0.8061928417739513,0.8728606356968215,0.9949049429657794,1.0,22/87,23.33%,GLCE;ANGPTL4;PFKP;SRD5A3;PMM2;PKM;KIF2A;ME2;IDH1;PAM;PSMC4;HSPA5;EXT1;IER3;PGAM1;DDIT4;HS2ST1;GFPT1;TALDO1;GNE;HAX1;CHPF2,Skin,Mast cell
43,logFC,Mitotic Spindle,0.17879425613704694,0.8022158386306838,0.8941176470588236,0.9549701249321021,1.0,36/121,27.66%,LRPPRC;MARK4;CDK5RAP2;CLIP1;CNTRL;NCK1;TUBGCP2;BCAR1;ARHGDIA;ALS2;OPHN1;RAPGEF5;CKAP5;TIAM1;SMC3;CNTROB;BCL2L11;ARHGEF2;KLC1;CDC27;RAB3GAP1;GSN;ARF6;NEDD9;APC;MYH9;SMC4;TLK1;CDC42;WASF2;RASAL2;RABGAP1;CLIP2;PDLIM5;MARCKS;NF1,Skin,Mast cell
44,logFC,Adipogenesis,0.17337597755650386,0.7723402044756535,0.9534313725490197,0.9542862080884894,1.0,32/117,23.10%,UCP2;ANGPTL4;CD151;ELOVL6;ACOX1;PEX14;TKT;UBC;CAT;PFKFB3;IDH1;HIBCH;GPD2;BCL2L13;AK2;NMT1;ECHS1;UQCRC1;CMPK1;DECR1;IDH3G;PIM3;ACO2;PGM1;NDUFA5;BAZ2A;RREB1;GHITM;TALDO1;PHYH;AGPAT3;CS,Skin,Mast cell
45,logFC,Apical Surface,-0.28345479602658746,-0.6927112845099546,0.8685612788632326,1.0,1.0,6/11,28.68%,PLAUR;GSTM3;HSPB1;ADIPOR2;LYN;ADAM10,Skin,Mast cell
46,logFC,Estrogen Response Early,0.16932098237877463,0.687736305275497,0.9769820971867008,0.9932881468011241,1.0,5/71,3.74%,MYC;ISG20L2;SLC26A2;SVIL;FKBP5,Skin,Mast cell
47,logFC,Apical Junction,0.17309342440454975,0.6855833240682977,0.9758454106280193,0.9531368821292776,1.0,12/64,19.14%,TRAF1;SYMPK;CNN2;PBX2;CD276;NECTIN2;RSU1;CD274;MSN;SRC;SKAP2;CTNNA1,Skin,Mast cell
48,logFC,Myc Targets V1,-0.13797428486797403,-0.6114751719388622,1.0,1.0,1.0,32/169,22.11%,NCBP1;HSPD1;HDAC2;FBL;HSPE1;TRA2B;H2AZ1;SYNCRIP;RPL22;RPL34;RPS3;STARD7;SNRPA1;RPL18;MRPL23;TRIM28;RPS10;GNL3;CCT4;POLE3;G3BP1;EEF1B2;DUT;RPL6;NHP2;RPL14;XPO1;USP1;TFDP1;SRSF3;SF3A1;RPS6,Skin,Mast cell
49,logFC,Pancreas Beta Cells,-0.2382278245375331,-0.5549026546726018,0.9650485436893204,0.9932665745856354,1.0,4/8,32.63%,SPCS1;FOXO1;ELP4;SRP14,Skin,Mast cell
0,logFC,E2F Targets,-0.3806959126369617,-1.6818666950799983,0.001,0.08108504398826981,0.075,31/116,13.15%,BRMS1L;TMPO;UBR7;MCM7;DCK;MCM5;UBE2S;H2AX;SMC4;ING3;MLH1;MRE11;KPNA2;CNOT9;EED;PPM1D;CDC25B;STMN1;ANP32E;RAD21;MTHFD2;PAICS;TUBB;RAD51C;PRPS1;ASF1A;EZH2;NOLC1;PRDX4;TFRC;PCNA,Skin,Melanocyte
1,logFC,Interferon Alpha Response,0.4371669092008905,1.5620091314182816,0.013605442176870748,0.3023696682464455,0.266,15/53,12.24%,CD74;ISG15;IFI44;WARS1;CMTR1;TMEM140;NUB1;NCOA7;STAT2;LAP3;LPAR6;PSME2;LY6E;TRIM26;IFI27,Skin,Melanocyte
2,logFC,Bile Acid Metabolism,0.4352723261445135,1.5560526405393205,0.022222222222222223,0.15952945159106297,0.28,16/51,15.76%,RXRA;HSD17B4;PHYH;PEX19;DHCR24;EFHC1;BCAR3;PEX26;RETSAT;IDH2;ACSL1;MLYCD;GNPAT;CYP7B1;NR3C2;IDH1,Skin,Melanocyte
3,logFC,Myogenesis,0.3838588390941698,1.5137394098388128,0.013422818791946308,0.15871135183931392,0.391,24/83,15.00%,DTNA;ITGB4;SLC6A8;CFD;HBEGF;FKBP1B;IGFBP3;SYNGR2;CHRNB1;KLF5;HDAC5;NOTCH1;PDE4DIP;MEF2D;AGL;BAG1;ACSL1;MEF2A;SPARC;CDKN1A;SVIL;COL6A2;ADCY9;CDH13,Skin,Melanocyte
4,logFC,p53 Pathway,-0.3213373669395704,-1.4230948359413138,0.013227513227513227,0.32587976539589447,0.459,45/130,21.71%,TM4SF1;CSRNP2;H1-2;NOL8;CCNG1;SLC3A2;CCND3;MDM2;NDRG1;TXNIP;DNTTIP2;IER5;PPM1D;DDIT4;SERTAD3;FBXW7;COQ8A;GADD45A;TRAF4;CDKN2AIP;SLC35D1;BTG1;FOS;DCXR;RAD51C;PTPN14;RCHY1;ZFP36L1;PCNA;ABCC5;JUN;TSC22D1;TSPYL2;PPP1R15A;HEXIM1;BAX;NINJ1;RNF19B;SEC61A1;AK1;KLF4;DDIT3;XPC;ATF3;TGFB1,Skin,Melanocyte
5,logFC,TNF-alpha Signaling via NF-kB,-0.32005135861798945,-1.421767056177481,0.004987531172069825,0.21793743890518086,0.461,41/133,18.28%,CXCL2;GCH1;IFIH1;NFKBIE;BCL2A1;STAT5A;NFKB2;SERPINB2;MAFF;ID2;PFKFB3;CXCL1;KDM6B;CFLAR;BCL3;IER5;NFKBIA;GADD45A;BTG1;FOS;GADD45B;MARCKS;PLAUR;PHLDA1;FOSB;RIPK2;RELB;TRIB1;SQSTM1;JUN;TSC22D1;ICAM1;SPSB1;PPP1R15A;REL;TNFAIP8;MAP3K8;BTG3;NINJ1;ZFP36;CCNL1,Skin,Melanocyte
6,logFC,Glycolysis,-0.3165542411776549,-1.3907546295727353,0.02099737532808399,0.20348240469208212,0.533,29/123,11.94%,B4GALT4;GLCE;SOX9;POLR3K;VLDLR;PLOD2;PAM;ECD;PHKA2;GUSB;GOT2;SRD5A3;PDK3;CHST12;DDIT4;STMN1;GOT1;GAPDHS;RARS1;B3GAT3;UGP2;PFKP;PRPS1;G6PD;PPP2CB;GFPT1;KIF2A;FUT8;CITED2,Skin,Melanocyte
7,logFC,Estrogen Response Early,0.34297890119061053,1.3835770190512298,0.032948929159802305,0.3281398104265403,0.732,28/98,17.01%,AQP3;MYOF;EGR3;AREG;FASN;PMAIP1;B4GALT1;GREB1;OPN3;SIAH2;MAST4;NADSYN1;NRIP1;TPBG;BAG1;MREG;SVIL;CCND1;SLC19A2;ADCY9;ARL3;RRP12;MAPT;ADD3;WFS1;KRT15;TIAM1;AFF1,Skin,Melanocyte
8,logFC,Estrogen Response Late,0.3289625335197513,1.3250045798543597,0.07060755336617405,0.4087880839539607,0.864,24/92,17.01%,TRIM29;MYOF;EGR3;AREG;CXCL14;OPN3;SIAH2;EMP2;DLG5;SORD;ALDH3A2;NRIP1;TPBG;IDH2;BAG1;CCND1;PERP;DUSP2;ARL3;MAPT;ADD3;WFS1;TIAM1;AFF1,Skin,Melanocyte
9,logFC,Spermatogenesis,-0.35763125527420303,-1.2928175238282686,0.109375,0.3391202346041056,0.782,14/43,17.23%,SEPTIN4;LPIN1;HSPA2;PIAS2;MLF1;GAPDHS;EZH2;TSN;TALDO1;PRKAR2A;GSTM3;RPL39L;SPATA6;SLC12A2,Skin,Melanocyte
10,logFC,Epithelial Mesenchymal Transition,0.32826294625879066,1.2787841268726587,0.09931506849315068,0.4736797562626947,0.932,22/84,16.86%,DCN;LRP1;WIPF1;COL4A1;SDC4;AREG;SLC6A8;IGFBP3;CAPG;CCN1;SLIT2;COL1A2;PDLIM4;FLNA;MMP14;COLGALT1;SPARC;CALU;COL6A2;PFN2;GAS1;NOTCH2,Skin,Melanocyte
11,logFC,Apical Surface,0.43532247403507357,1.2674969613266727,0.18625678119349007,0.43686526743398785,0.947,3/19,3.36%,LYPD3;CROCC;B4GALT1,Skin,Melanocyte
12,logFC,Interferon Gamma Response,0.3030737262999063,1.2227931055987573,0.13474025974025974,0.5163845633039946,0.977,25/98,16.08%,CD74;ISG15;IFI44;ZNFX1;HLA-DRB1;PIM1;WARS1;CMTR1;STAT2;LAP3;MVP;PDE4B;RNF213;PSME2;SOCS3;LY6E;TRIM26;CASP3;CDKN1A;IFI27;RBCK1;IFNAR2;PLSCR1;NCOA3;CCL2,Skin,Melanocyte
13,logFC,Pperoxisome,0.31859617500316556,1.2148562044554103,0.13410596026490065,0.48235161363123447,0.981,15/68,18.40%,HSD17B4;DHCR24;CRABP2;ESR2;MVP;RETSAT;IDH2;ACSL1;MLYCD;CLN6;GNPAT;IDH1;ECH1;SOD2;HRAS,Skin,Melanocyte
14,logFC,G2-M Checkpoint,-0.2640097049063978,-1.184114704879132,0.128,0.5759775171065493,0.949,31/126,19.18%,TMPO;MCM5;UBE2S;H2AX;SMC4;BCL3;KPNA2;FANCC;CDC25B;STMN1;RAD21;G3BP1;SMC2;ODC1;MARCKS;MT2A;EZH2;NOLC1;DKC1;STAG1;HIF1A;PML;MEIS1;KIF20B;PRMT5;HMGN2;SLC12A2;E2F4;PTTG1;YTHDC1;AMD1,Skin,Melanocyte
15,logFC,Fatty Acid Metabolism,0.2795024468897483,1.142944394664204,0.21147540983606558,0.6647224102911307,0.996,33/105,27.06%,DLD;FASN;HSD17B4;GCDH;DHCR24;UROS;NBN;REEP6;HSPH1;ALDH3A2;RETSAT;PTS;ACSL1;MLYCD;DECR1;CBR1;HCCS;PPARA;IDH1;ECH1;SUCLG2;NTHL1;HIBCH;PCBD1;SDHC;HPGD;ALAD;ACAA1;UROD;ADIPOR2;PTPRG;AUH;ACO2,Skin,Melanocyte
16,logFC,Reactive Oxygen Species Pathway,-0.3175809856993468,-1.1106903967877346,0.2854122621564482,0.7684750733137831,0.99,8/38,12.14%,EGLN2;HMOX2;NQO1;SBNO2;PTPA;PFKP;G6PD;PRDX4,Skin,Melanocyte
17,logFC,Coagulation,0.3012252968510326,1.0753354031957383,0.32148900169204736,0.8504370037545393,0.999,18/51,25.06%,LRP1;PREP;CFD;LTA4H;MSRB2;FURIN;MMP14;ADAM9;SPARC;KLF7;PLAT;S100A1;CTSO;PROS1;ANG;CTSB;CTSK;SIRT2,Skin,Melanocyte
18,logFC,KRAS Signaling Dn,0.3104894340329769,1.06635873040158,0.3645833333333333,0.8150727826675693,0.999,11/42,16.74%,LYPD3;CAMK1D;PKP1;SLC25A23;NR6A1;BARD1;KRT1;MFSD6;CPEB3;CDKAL1;KRT15,Skin,Melanocyte
19,logFC,Cholesterol Homeostasis,-0.2800614222855352,-1.0632490273893793,0.37557603686635943,0.8648643695014663,0.998,20/53,24.05%,CBS;MVK;STX5;GUSB;PDK3;CHKA;PLAUR;ERRFI1;TNFRSF12A;FBXO6;EBP;GNAI1;ETHE1;LGMN;FDPS;FDFT1;PCYT2;ATF3;FADS2;NFIL3,Skin,Melanocyte
20,logFC,Xenobiotic Metabolism,0.2637796644958554,1.0557782530027497,0.34856175972927245,0.7910395291911879,0.999,21/103,16.16%,PTGDS;ESR1;ETS2;GSS;GART;SPINT2;POR;PGD;DDAH2;SHMT2;RETSAT;PTS;ALDH2;SAR1B;ALAS1;CBR1;KARS1;JUP;TNFRSF1A;IDH1;ECH1,Skin,Melanocyte
21,logFC,Allograft Rejection,0.28129266381633505,1.0557614904140127,0.3702479338842975,0.7345367056775316,0.999,11/68,14.02%,HLA-DRA;CD74;APBB1;WARS1;CAPG;IL16;FLNA;KRT1;EIF3A;IFNAR2;IFNGR1,Skin,Melanocyte
22,logFC,UV Response Up,-0.245550188245668,-1.0498017988326063,0.3691931540342298,0.8246497230368198,0.999,35/100,25.92%,CXCL2;GCH1;H2AX;HSPA2;CCND3;CDC5L;CHKA;CNP;NFKBIA;EIF5;BTG1;FOS;GRINA;FOSB;TFRC;EIF2S3;ALDOA;CEBPG;SQSTM1;PRKACA;ICAM1;BTG3;NUP58;AMD1;PARP2;STIP1;ATF3;PPP1R2;JUNB;POLE3;PDLIM3;DNAJA1;ATP6V1C1;PPT1;GRPEL1,Skin,Melanocyte
23,logFC,Myc Targets V1,-0.22003078331913903,-1.0432395573133098,0.319672131147541,0.7692815249266862,1.0,68/188,34.35%,TYMS;MCM7;MCM5;GLO1;SRSF7;KPNA2;PRDX3;PABPC4;GOT2;G3BP1;ODC1;IFRD1;NOLC1;SNRPB2;PRDX4;PCNA;CCT7;AIMP2;PTGES3;SRSF3;DHX15;EIF4H;RPS6;CNBP;RPL14;YWHAQ;RPS10;RPS3;HPRT1;EIF3J;XRCC6;SSB;NPM1;SET;HSP90AB1;BUB3;DUT;CCT2;EIF1AX;POLE3;CCT5;LSM2;HNRNPA2B1;PHB2;RPL6;RPL18;RNPS1;PABPC1;CBX3;NOP56;RSL1D1;RAN;CCT4;RPL34;RACK1;NCBP1;RPLP0;RPL22;ABCE1;PSMC6;C1QBP;PRPS2;HNRNPC;RPS2;ETF1;H2AZ1;RPS5;SERBP1,Skin,Melanocyte
24,logFC,IL-2/STAT5 Signaling,0.25205180718209197,1.0331867701715864,0.3768595041322314,0.7603091852854885,1.0,24/107,17.62%,HOPX;CKAP4;PIM1;SLC39A8;P2RX4;CAPG;SYNGR2;BCL2L1;PTRH2;ITGA6;IGF2R;LRRC8C;FURIN;CASP3;SNX14;CTSZ;IFNGR1;BMPR2;PLSCR1;NCOA3;NFKBIZ;TIAM1;S100A1;SNX9,Skin,Melanocyte
25,logFC,UV Response Dn,0.25132952028437633,1.0326457946393852,0.37894736842105264,0.7144465132024375,1.0,11/103,6.97%,MTA1;TGFBR2;RXRA;ID1;EFEMP1;CCN1;COL1A2;SFMBT1;KCNMA1;MAGI2;PTPN21,Skin,Melanocyte
26,logFC,Hypoxia,0.2419338525237541,1.0180939307782035,0.42326332794830374,0.7153849217412084,1.0,12/128,4.79%,DCN;ADM;DTNA;SDC4;PIM1;PKP1;CCNG2;IGFBP3;CCN1;GALK1;TMEM45A;SIAH2,Skin,Melanocyte
27,logFC,heme Metabolism,-0.2302391527152479,-1.010275709429695,0.4282051282051282,0.8248467075446547,1.0,23/129,12.35%,H4C3;NUDT4;ATG4A;CTNS;DCUN1D1;EZH1;SLC11A2;CCND3;ALDH6A1;BPGM;MARCHF8;RANBP10;FBXO9;TMCC2;NFE2L1;SEC14L1;DMTN;MBOAT2;SLC2A1;SLC25A38;VEZF1;TFRC;RIOK3,Skin,Melanocyte
28,logFC,Notch Signaling,0.3485571178711115,0.9972030328775192,0.4678030303030303,0.7380350560445347,1.0,5/19,16.86%,NOTCH1;CCND1;DTX4;PSENEN;NOTCH2,Skin,Melanocyte
29,logFC,Hedgehog Signaling,0.3443754491858598,0.9920282663471814,0.46,0.7140719096318997,1.0,2/18,2.46%,ETS2;L1CAM,Skin,Melanocyte
30,logFC,Adipogenesis,0.23257758531225586,0.9912235175250331,0.46365105008077545,0.6806753554502369,1.0,24/147,16.16%,SPARCL1;PREB;COL4A1;DLD;CCNG2;RMDN3;PHYH;POR;UCK1;REEP6;CHUK;MAP4K3;RETSAT;GPAT4;ALDH2;ATL2;COQ5;PPP1R15B;LPCAT3;IFNGR1;CS;DECR1;IDH1;ECH1,Skin,Melanocyte
31,logFC,Complement,0.23739452516285847,0.9525563523677075,0.568659127625202,0.7554566850436858,1.0,17/96,15.25%,MSRB1;LRP1;RNF4;PIM1;PREP;LTA4H;LAP3;MMP14;ADAM9;CASP3;CALM3;CD55;HSPA1A;PLAT;AKAP10;CDH13;PLSCR1,Skin,Melanocyte
32,logFC,Angiogenesis,-0.3739824706781667,-0.9466247577738093,0.5387931034482759,1.0,1.0,9/11,43.71%,THBD;FSTL1;FGFR1;MSX1;LRPAP1;LPL;TIMP1;APP;ITGAV,Skin,Melanocyte
33,logFC,Mitotic Spindle,-0.20996416904324516,-0.9442642070953191,0.592391304347826,0.9310173697270471,1.0,23/133,16.25%,MAP3K11;SUN2;NEDD9;EPB41L2;SMC4;CDC42EP1;LATS1;KIF3B;TSC1;DYNLL2;ARHGAP4;MAPRE1;MARCKS;FSCN1;MID1IP1;CD2AP;RASA1;CEP192;NET1;ARHGEF7;KIF20B;NIN;CDC42,Skin,Melanocyte
34,logFC,Apoptosis,-0.21453552365523887,-0.9155702001156842,0.6493506493506493,0.9579912023460411,1.0,30/101,25.68%,GCH1;DFFA;CASP2;NEDD9;CFLAR;TXNIP;DAP;CDC25B;GADD45A;GADD45B;TNFRSF12A;SQSTM1;JUN;ERBB3;DNM1L;BNIP3L;BAX;BTG3;EBP;LMNA;GPX4;DDIT3;RHOT2;ATF3;CAV1;RARA;CREBBP;DNAJA1;PPT1;HMGB2,Skin,Melanocyte
35,logFC,KRAS Signaling Up,0.2367810994178289,0.8924862195750358,0.6510067114093959,0.8843063334769496,1.0,15/66,18.70%,SPARCL1;ZNF639;HBEGF;IGFBP3;SDCCAG8;PRELID3B;EVI5;EPB41L3;DNMBP;PLAT;JUP;PCSK1N;AVL9;WDR33;BTBD3,Skin,Melanocyte
36,logFC,Unfolded Protein Response,-0.20704283210730395,-0.8829690744287678,0.7416879795396419,0.9982697947214075,1.0,23/97,18.23%,H2AX;ZBTB17;DDIT4;DNAJB9;SRPRB;DCTN1;MTHFD2;NABP1;EXOSC4;SRPRA;NOLC1;KHSRP;LSM1;CNOT6;HERPUD1;DKC1;CEBPG;ERO1A;SHC1;TSPYL2;EXOSC9;HSPA5;SLC30A5,Skin,Melanocyte
37,logFC,Apical Junction,0.2220455103870885,0.8828010650761401,0.7116666666666667,0.8710841600188396,1.0,19/92,18.89%,SKAP2;ITGB4;B4GALT1;SLIT2;EXOC4;PKD1;ACTN4;LIMA1;NRTN;ADAM9;MAP3K20;SDC3;ADAM15;VCL;JUP;EVL;PTK2;HRAS;NF2,Skin,Melanocyte
38,logFC,Myc Targets V2,-0.23600027718990713,-0.878655252641583,0.6821192052980133,0.9481304985337244,1.0,14/46,23.19%,NOP2;MCM5;MPHOSPH10;MRTO4;LAS1L;NOLC1;PES1;AIMP2;RABEPK;FARSA;GRWD1;WDR43;TCOF1;NPM1,Skin,Melanocyte
39,logFC,IL-6/JAK/STAT3 Signaling,0.26298223191524334,0.8403441419258201,0.6909413854351687,0.935660686075378,1.0,7/30,15.59%,PIM1;PTPN11;STAT2;IL17RA;SOCS3;IFNGR1;TNFRSF1A,Skin,Melanocyte
40,logFC,Inflammatory Response,0.2237217173337415,0.8363182137435113,0.7943760984182777,0.907580230196344,1.0,10/60,13.12%,ADM;HBEGF;P2RX4;PDE4B;TPBG;MMP14;LY6E;CDKN1A;CD55;LDLR,Skin,Melanocyte
41,logFC,mTORC1 Signaling,0.19233079232011085,0.8196609577930252,0.8722397476340694,0.9069579709390136,1.0,32/157,21.03%,UNG;DHFR;SKAP2;MTHFD2L;WARS1;NIBAN1;ABCF2;UCHL5;DHCR24;LTA4H;SORD;SHMT2;SSR1;CDKN1A;LDLR;IDH1;PSMC2;ADD3;ARPC5L;PNO1;TOMM40;NUFIP1;CALR;GTF2H1;CACYBP;MAP2K3;PPA1;PITPNB;GLA;TBK1;GGA2;SCD,Skin,Melanocyte
42,logFC,Wnt-beta Catenin Signaling,0.26121868717089936,0.8110623431475701,0.7279279279279279,0.889365330123624,1.0,3/26,5.95%,TP53;HDAC5;NOTCH1,Skin,Melanocyte
43,logFC,Protein Secretion,-0.184842281811862,-0.7698122423713811,0.9203980099502488,1.0,1.0,32/88,32.54%,RAB5A;PAM;YIPF6;VAMP3;ANP32E;SNX2;RER1;RAB9A;ARCN1;DNM1L;TMED2;TMED10;ATP1A1;VAMP4;SGMS1;MON2;ARFIP1;STX7;PPT1;NAPA;M6PR;VAMP7;AP2M1;EGFR;RPS6KA3;ARFGEF2;ABCA1;LMAN1;RAB22A;STAM;CLTC;CTSC,Skin,Melanocyte
44,logFC,Androgen Response,-0.1908178926127865,-0.7647079813955016,0.916083916083916,1.0,1.0,15/74,17.40%,AZGP1;CCND3;NDRG1;DNAJB9;MAF;CDC14B;ADRM1;APPBP2;PIAS1;INSIG1;TSC22D1;VAPA;GNAI3;TNFAIP8;UAP1,Skin,Melanocyte
45,logFC,DNA Repair,0.1790995034779605,0.7364791436340388,0.9576988155668359,0.9598764387271496,1.0,23/113,20.67%,NELFB;SNAPC5;POLD3;ERCC8;TP53;NUDT9;PDE4B;DCTN4;POLR2H;ELL;RFC3;SUPT5H;RRM2B;POLR1C;DDB2;NELFCD;NT5C;GTF2H1;NFX1;DDB1;POLE4;ERCC5;TAF12,Skin,Melanocyte
46,logFC,TGF-beta Signaling,0.2096366910914006,0.7321743641059575,0.9039451114922813,0.9311442112389979,1.0,10/44,22.28%,ID1;ID3;BCAR3;FURIN;TRIM33;BMPR2;SMURF1;APC;WWTR1;PPM1A,Skin,Melanocyte
47,logFC,PI3K/AKT/mTOR  Signaling,-0.173181885654977,-0.7155723088753525,0.9649122807017544,1.0,1.0,27/76,28.66%,CAB39L;PAK4;ATF1;PPP2R1B;ECSIT;SLC2A1;PLA2G12A;SQSTM1;RPTOR;PRKAR2A;ACTR3;SMAD2;GSK3B;DUSP3;DDIT3;PTEN;ARPC3;NCK1;PIK3R3;CSNK2B;RIT1;ARHGDIA;AP2M1;ACACA;EGFR;RPS6KA3;UBE2D3,Skin,Melanocyte
48,logFC,Pancreas Beta Cells,-0.27026302915319467,-0.6822664516132374,0.8799171842650103,1.0,1.0,2/11,8.69%,SRPRB;MAFB,Skin,Melanocyte
49,logFC,Oxidative Phosphorylation,-0.11539615909152225,-0.5433651185072269,1.0,0.9959433040078202,1.0,66/190,36.06%,AIFM1;AFG3L2;BCKDHA;MTRR;FXN;ALDH6A1;PRDX3;GOT2;ECI1;MRPS11;HADHA;SLC25A12;SURF1;POLR2F;BAX;NDUFA5;ATP6V0B;DLAT;GPX4;MTX2;ATP1B1;OXA1L;NDUFA2;PDHA1;RHOT2;ATP5PB;NDUFS3;SDHA;SDHB;PHB2;MGST3;COX4I1;ATP6V1C1;DLST;GRPEL1;NDUFS1;MRPL15;IDH3B;UQCRH;ATP6V1G1;LDHB;ECHS1;ETFA;MRPS30;TIMM9;ETFB;NDUFV1;NDUFS7;HSPA9;NDUFB8;SLC25A4;CYB5A;UQCRC2;SLC25A6;MRPS22;ATP6AP1;TOMM22;UQCRB;ATP6V0E1;HTRA2;ETFDH;UQCR11;VDAC2;IDH3A;COX8A;COX7B,Skin,Melanocyte
0,logFC,E2F Targets,0.610527589086533,2.412233583873622,0.001,0.001,0.001,57/134,16.16%,DIAPH3;RAD51AP1;RRM2;TOP2A;TK1;MKI67;RFC3;BRCA1;HELLS;STMN1;ZW10;DUT;CHEK1;PCNA;POLD3;RFC2;CCP110;CDKN2A;RACGAP1;LIG1;CDK4;PAICS;CKS1B;PTTG1;EIF2S1;MCM3;CBX5;CENPE;MYC;NUP107;TUBB;USP1;NCAPD2;GINS4;NUP205;ATAD2;MCM7;DCTPP1;CNOT9;RANBP1;SMC3;MSH2;SSRP1;UBR7;DCK;DNMT1;TP53;NAA38;SMC1A;RAD50;PA2G4;TACC3;MTHFD2;GSPT1;CDC25B;DEK;SMC4,Skin,NK
1,logFC,G2-M Checkpoint,0.5024983701539402,2.017123572750706,0.001,0.001,0.001,28/140,7.21%,TOP2A;MKI67;TPX2;CENPF;STMN1;ORC5;KNL1;DTYMK;NUSAP1;PRC1;CHAF1A;CHEK1;E2F3;KIF11;RACGAP1;CDK4;SMC2;CKS1B;PTTG1;MCM3;CENPE;CDC7;MYC;HMGN2;NSD2;SMAD3;NDC80;CBX1,Skin,NK
2,logFC,TNF-alpha Signaling via NF-kB,-0.42655583107732914,-1.8830234278289029,0.001,0.022836673010186947,0.017,52/134,17.90%,TNF;PLAUR;CLCF1;CCL4;TNFSF9;RHOB;KLF9;CCL2;DNAJB4;IER3;RIPK2;GADD45B;PTPRE;KLF10;ZFP36;FOS;CXCL2;EGR1;KLF2;NFKBIE;PER1;NFIL3;IER2;NFKBIA;CCL5;NR4A2;DUSP2;SOD2;JUNB;PNRC1;DUSP1;BTG2;PLEK;CD69;PPP1R15A;SIK1;EGR2;CCNL1;DUSP5;CEBPB;JUN;EIF1;MAFF;SAT1;PTGER4;FOSB;KLF6;NR4A3;IFIH1;FOSL2;AREG;MAP3K8,Skin,NK
3,logFC,Spermatogenesis,0.5718293671522274,1.8267293736754875,0.001,0.005663782909068276,0.021,13/38,14.20%,NCAPH;CAMK4;IL12RB2;IFT88;STRBP;RFC4;GFI1;TOPBP1;TALDO1;ARL4A;NF2;ZC3H14;PEBP1,Skin,NK
4,logFC,Myogenesis,-0.466787198682654,-1.7487759350157859,0.001,0.029553341542594876,0.043,18/53,15.03%,COL6A2;KIFC3;MYOM2;GADD45B;ADCY9;LARGE1;AKT2;HDAC5;EIF4A2;PDE4DIP;CLU;SIRT2;CFD;COL1A1;PRNP;COL3A1;SPTAN1;BIN1,Skin,NK
5,logFC,Hypoxia,-0.38110761734655907,-1.6329428745396244,0.0031847133757961785,0.06045001679167133,0.124,42/104,24.39%,PLAUR;IER3;MT1E;ZFP36;FOS;MT2A;ERRFI1;CITED2;LARGE1;NFIL3;PDK1;SLC2A1;RORA;PGM1;PNRC1;PLAC8;DUSP1;CHST2;PPP1R15A;KDM3A;ISG20;DCN;JUN;MAFF;TKTL1;KLF6;FOSL2;TPST2;KLHL24;TPD52;IRS2;PLIN2;SLC2A3;CDKN1B;IDS;HK1;S100A4;BTG1;MXI1;DDIT4;BHLHE40;VEGFA,Skin,NK
6,logFC,Mitotic Spindle,0.3981394670279961,1.583361079155197,0.001,0.06412211364909441,0.26,26/136,13.75%,TOP2A;TPX2;CENPF;KIF3B;PKD2;NUSAP1;TIAM1;PRC1;KIF11;RACGAP1;DST;FLNB;FARP1;CENPE;NDC80;NCK2;SPTBN1;SMC3;FBXO5;YWHAE;ALMS1;CCDC88A;SMC1A;MAP3K11;LRPPRC;LATS1,Skin,NK
7,logFC,Hedgehog Signaling,-0.5881347030533247,-1.5201633704842266,0.06108597285067873,0.10545169595880444,0.267,4/13,5.55%,PTCH1;ADGRG1;OPHN1;TLE1,Skin,NK
8,logFC,Myc Targets V1,0.3559317491487211,1.487934933302919,0.00425531914893617,0.11262836870604344,0.483,52/183,24.47%,TYMS;DUT;GOT2;PCNA;CDK4;EIF2S1;MYC;USP1;RFC4;MRPL23;MCM7;CDK2;RANBP1;NDUFAB1;NHP2;HPRT1;YWHAE;VDAC1;SRPK1;KARS1;PSMD1;HDAC2;RPLP0;PSMA6;PA2G4;RUVBL2;PHB2;GSPT1;IARS1;GLO1;PRPS2;AIMP2;DEK;IMPDH2;MCM6;EPRS1;SET;PRDX3;CLNS1A;CCT7;EXOSC7;SMARCC1;GNL3;CCT2;SLC25A3;HDGF;CYC1;H2AZ1;TFDP1;SYNCRIP;HNRNPD;LSM7,Skin,NK
9,logFC,KRAS Signaling Dn,-0.4673768337666786,-1.4876764391696573,0.04466501240694789,0.10692936303593417,0.327,12/27,22.08%,IFNG;TG;NR4A2;BTG2;CHST2;YPEL1;MX1;VPS50;KMT2D;CAMK1D;SLC16A7;MAST3,Skin,NK
10,logFC,DNA Repair,0.37701193412212214,1.4742062618885747,0.01430615164520744,0.1043754278956868,0.512,30/107,19.74%,RFC3;TYMS;DUT;PCNA;POLD3;RFC2;UMPS;DDB2;LIG1;PDE4B;CLP1;POLA1;POLR3C;CSTF3;RFC4;TAF12;SSRP1;HPRT1;POLR2H;TP53;NELFE;UPF3B;XPC;POLR1C;POLH;POLR2D;IMPDH2;SF3A3;ALYREF;POLR2C,Skin,NK
11,logFC,Interferon Alpha Response,-0.36246203389971926,-1.4552479395724698,0.01440922190201729,0.11104891973581103,0.386,29/70,25.41%,GBP2;CASP1;DDX60;RIPK2;TMEM140;TXNIP;ISG15;CD47;UBE2L6;SAMD9;B2M;TRIM25;TRIM5;MX1;ISG20;IRF9;HLA-C;IFIH1;ADAR;EPSTI1;CMTR1;SP110;PARP12;PSMB8;IRF1;BST2;NCOA7;ELF1;PROCR,Skin,NK
12,logFC,Pancreas Beta Cells,0.6403450355794493,1.4088606972727102,0.09197651663405088,0.15638976073406893,0.699,1/8,0.36%,DPP4,Skin,NK
13,logFC,Cholesterol Homeostasis,-0.3887272064821427,-1.3913447965675616,0.06947890818858561,0.1517967088324191,0.542,11/45,13.00%,PLAUR;HMGCS1;LSS;GSTM2;ERRFI1;CYP51A1;NFIL3;CLU;PNRC1;MVD;IDI1,Skin,NK
14,logFC,Epithelial Mesenchymal Transition,-0.36186165772450446,-1.3712800984482136,0.051771117166212535,0.1533079592522109,0.605,18/62,15.37%,PLAUR;PDGFRB;COL6A2;RHOB;THBS1;GADD45B;CXCL8;TIMP1;PLOD3;ITGA5;SERPINH1;TGFBR3;COL1A1;COL3A1;DCN;COL1A2;JUN;SAT1,Skin,NK
15,logFC,Coagulation,-0.39100434975839343,-1.3521829847546318,0.0728643216080402,0.15433411694466212,0.646,15/38,19.07%,PRSS23;THBS1;A2M;TIMP1;DUSP6;ISCU;CLU;SIRT2;RABIF;CFD;PLEK;CPQ;MAFF;LTA4H;GNB2,Skin,NK
16,logFC,Complement,-0.29994518955056587,-1.276540077068465,0.07242339832869081,0.23132206425612895,0.807,23/106,15.04%,PLAUR;S100A9;CASP1;HSPA1A;ITGAM;LIPA;TIMP1;DUSP6;CCL5;CTSC;CLU;PRCP;BRPF3;CTSD;RABIF;GNG2;LCK;PLEK;GNGT2;CPQ;DUSP5;CEBPB;MAFF,Skin,NK
17,logFC,Myc Targets V2,0.41276147795467794,1.2671116256522639,0.14513556618819776,0.37745067529719295,0.964,11/29,21.93%,UTP20;CDK4;MYC;WDR43;DCTPP1;NOP2;PA2G4;AIMP2;PPRC1;LAS1L;GNL3,Skin,NK
18,logFC,Notch Signaling,0.4468087224557577,1.2288827934432147,0.19929453262786595,0.42046845501130686,0.987,5/18,13.69%,DLL1;LFNG;FBXW11;PPARD;HES1,Skin,NK
19,logFC,UV Response Up,-0.29312585939426183,-1.2269457882068073,0.09289617486338798,0.2863743219726652,0.892,35/94,23.39%,PLCL1;RXRB;RHOB;FOS;CXCL2;SLC25A4;HLA-F;DGAT1;NFKBIA;AMD1;SOD2;ACAA1;CYB5B;JUNB;BTG2;TARS1;PPP1R2;STARD3;MGAT1;SELENOW;TFRC;FKBP4;ABCB1;FOSB;TMBIM6;DNAJB1;CCND3;LYN;TUBA4A;BSG;IRF1;SQSTM1;CLTB;BTG1;ALAS1,Skin,NK
20,logFC,Allograft Rejection,-0.28080936020426994,-1.2268786575881867,0.07430340557275542,0.2626217396171499,0.892,22/122,11.12%,TNF;CD8A;IFNG;CCL4;CCL2;GBP2;RIPK2;TIMP1;F2R;PRF1;ZAP70;CCL5;CD47;PRKCB;PTPN6;HLA-E;AARS1;CD247;B2M;ITGB2;PTPRC;LCK,Skin,NK
21,logFC,Estrogen Response Late,0.33238040213999565,1.2121314514824824,0.1832797427652733,0.41960540237754396,0.991,14/74,7.13%,TOP2A;SLC27A2;RAB31;TIAM1;LSR;FABP5;FLNB;FARP1;SNX10;CD44;IGFBP4;ALDH3A2;PPIF;NBL1,Skin,NK
22,logFC,UV Response Dn,-0.29479150457923325,-1.2033135424233532,0.13142857142857142,0.2768300768972436,0.913,20/80,14.82%,PDGFRB;BMPR1A;MT1E;SMAD7;CITED2;SYNE1;IGFBP5;ATRN;TGFBR3;INSIG1;PEX14;DUSP1;COL1A1;CELF2;TGFBR2;SFMBT1;COL3A1;MRPS31;COL1A2;ARHGEF9,Skin,NK
23,logFC,Wnt-beta Catenin Signaling,0.40742321119996383,1.1711451119067846,0.25087719298245614,0.4792884342271284,0.994,8/22,16.32%,DLL1;TCF7;MYC;ADAM17;TP53;PPARD;HDAC2;LEF1,Skin,NK
24,logFC,Apoptosis,-0.26956763320817184,-1.1700046024329431,0.13333333333333333,0.31520365898514335,0.956,18/116,8.48%,TNF;PDGFRB;RHOB;CASP1;IER3;GADD45B;SMAD7;TIMP1;F2R;IGF2R;PRF1;TXNIP;SOD2;TGFBR3;RHOT2;CLU;CTH;SLC20A1,Skin,NK
25,logFC,Glycolysis,0.2985893908244402,1.1480593578393503,0.20378457059679767,0.49632269040061405,0.998,24/97,19.67%,HS6ST2;STMN1;GOT2;FUT8;CD44;GNE;GALK2;EXT2;TPST1;TALDO1;ENO1;PHKA2;GOT1;AGL;HOMER1;PMM2;G6PD;NDUFV3;COPB2;PPP2CB;SDHC;MED24;MDH1;RBCK1,Skin,NK
26,logFC,Interferon Gamma Response,-0.2511874906220581,-1.136844574774824,0.16774193548387098,0.3579536549871264,0.969,47/147,23.19%,FGL2;CCL2;CASP1;DDX60;RIPK2;MT2A;APOL6;NFKBIA;TXNIP;CCL5;ISG15;SOD2;PTPN6;TOR1B;RNF213;UBE2L6;B2M;CD69;TRIM25;VAMP5;MX1;ISG20;IRF9;NLRC5;MX2;HLA-B;SLAMF7;ZBP1;MVP;SAMHD1;BPGM;STAT1;IFIH1;ADAR;HLA-A;EPSTI1;CMTR1;ST3GAL5;SP110;PARP12;PSMB8;IRF1;ITGB7;ARID5B;EIF4E3;BST2;BTG1,Skin,NK
27,logFC,IL-2/STAT5 Signaling,0.28354108545782536,1.132898094795445,0.2273381294964029,0.4954254061119064,0.999,23/126,11.44%,IL2RA;TIAM1;DENND5A;UMPS;CAPG;COL6A1;PLAGL1;CD79B;IL18R1;IRF4;AHR;MYC;CD44;PLSCR1;TNFRSF9;CD83;TWSG1;SOCS2;NOP2;TNFSF10;BCL2;ARL4A;ALCAM,Skin,NK
28,logFC,Apical Junction,0.30279563563843936,1.1043657383382741,0.2645161290322581,0.5338982297344158,1.0,16/71,17.40%,PTK2;ACTN1;YWHAH;PIK3CB;SYMPK;CDK8;HADH;TSPAN4;PECAM1;PTEN;NF2;ITGB1;PLCG1;SYK;NECTIN3;SKAP2,Skin,NK
29,logFC,KRAS Signaling Up,-0.2747321485557735,-1.0833695634327076,0.3036649214659686,0.44783387439829847,0.992,22/73,24.28%,PLAUR;DUSP6;PRDM1;CD37;AMMECR1;AKT2;MTMR10;ITGB2;ST6GAL1;PPP1R15A;SPARCL1;ABCB1;BPGM;EVI5;IL2RG;STRN;ZNF277;PSMB8;TNFRSF1B;LAPTM5;IKZF1;CDADC1,Skin,NK
30,logFC,Fatty Acid Metabolism,0.28484570498920303,1.0605609020969438,0.36472346786248133,0.6066720607456277,1.0,33/87,27.63%,CRYZ;YWHAH;BLVRA;ACOX1;SMS;ECI1;ALDH3A2;HADH;SDHD;UROS;ECHS1;ACAA2;ECI2;ADSL;PDHB;BCKDHB;SDHC;GRHPR;MDH1;HSD17B4;S100A10;METAP1;MDH2;H2AZ1;UGDH;MIF;ACADM;HADHB;SUCLA2;IDH1;GCDH;KMT5A;SUCLG1,Skin,NK
31,logFC,Oxidative Phosphorylation,0.24568019741545746,1.038904984557786,0.3609550561797753,0.6308038214974793,1.0,65/183,31.13%,MRPL15;AIFM1;GOT2;ATP1B1;ECI1;IDH3A;NDUFV2;SDHD;PMPCA;UQCRC1;TIMM9;NDUFAB1;ECHS1;VDAC1;MRPL11;ACAA2;MFN2;COX8A;NDUFC2;LRPPRC;PHB2;NDUFS6;POR;PDHB;MRPS11;OGDH;SDHC;PRDX3;TIMM17A;ATP5F1A;MDH1;RHOT1;GRPEL1;COX6C;HADHA;OPA1;MRPS22;NDUFC1;SLC25A3;MDH2;CYC1;ATP5MC3;MRPS15;ACADM;TIMM8B;COX7A2L;HADHB;SUCLA2;LDHB;MTX2;ATP5MF;IDH1;GPI;ATP5MC1;SUCLG1;NDUFB3;ETFB;TCIRG1;MGST3;NDUFS3;COX5B;SUPV3L1;ATP5F1C;SURF1;CS,Skin,NK
32,logFC,mTORC1 Signaling,-0.22436934178406173,-1.0122029548914298,0.44244604316546765,0.601655461244164,0.999,27/150,13.05%,GLA;FGL2;HMGCS1;CYP51A1;NFIL3;PDK1;SLA;SLC2A1;IGFBP5;SERPINH1;INSIG1;CTSC;CTH;CYB5B;PGM1;CACYBP;HSPE1;M6PR;BTG2;ITGB2;GCLC;GGA2;PPP1R15A;RDH11;UCHL5;IDI1;HSPA9,Skin,NK
33,logFC,Unfolded Protein Response,-0.236534255218163,-0.9836366835877065,0.4897360703812317,0.6453972163140416,1.0,17/88,16.40%,TATDN2;CCL2;TSPYL2;SRPRA;DNAJB9;EIF4A2;EXOSC9;ERN1;CNOT2;TARS1;BAG3;ATP6V0D1;HSPA9;CEBPB;FUS;DDX10;DNAJA4,Skin,NK
34,logFC,Estrogen Response Early,0.2588806267398016,0.9698118564796931,0.5144596651445966,0.7867422814025093,1.0,13/84,7.90%,SLC27A2;RAB31;TIAM1;ABAT;FLNB;FARP1;MYC;CD44;IGFBP4;SVIL;PPIF;NBL1;SLC37A1,Skin,NK
35,logFC,PI3K/AKT/mTOR  Signaling,0.2583856971792681,0.9662758188473757,0.532724505327245,0.751979557823835,1.0,12/81,14.43%,CAMK4;TIAM1;CDK4;RALB;THEM4;PRKAG1;CDK2;PIN1;ITPR2;PTEN;PLCG1;MAPKAP1,Skin,NK
36,logFC,Apical Surface,-0.33176794931536163,-0.9561543674178914,0.4950980392156863,0.6888473843289519,1.0,6/18,19.27%,PLAUR;EFNA5;ATP8B1;HSPB1;IL2RG;LYN,Skin,NK
37,logFC,Inflammatory Response,0.251372407713085,0.951253824384023,0.5600624024960998,0.7523036757263172,1.0,12/86,7.84%,GNA15;GPR183;IRAK2;IL7R;IL15RA;PDE4B;IL15;IL18R1;AHR;MYC;CXCR6;TNFRSF9,Skin,NK
38,logFC,p53 Pathway,-0.21821510363938101,-0.9477638738226281,0.6053511705685619,0.6776446882346356,1.0,44/127,25.61%,TNFSF9;CASP1;IER3;PTPRE;H2AJ;FOS;TM4SF1;F2R;ZFP36L1;ISCU;TSPYL2;TXNIP;SERTAD3;PPM1D;ZMAT3;ABCC5;CTSD;ERCC5;BTG2;STOM;PPP1R15A;SLC3A2;JUN;SAT1;POM121;PRMT2;CCND3;NOTCH1;RCHY1;TOB1;RNF19B;ADA;CDKN2AIP;CCNK;RAP2B;S100A4;HRAS;BTG1;IER5;DDIT4;RAD9A;DRAM1;PROCR;TM7SF3,Skin,NK
39,logFC,TGF-beta Signaling,-0.26580960094149775,-0.9233149674864757,0.5800524934383202,0.7079368633157953,1.0,8/39,12.38%,THBS1;BMPR1A;KLF10;SMAD7;SLC20A1;JUNB;PPP1R15A;TGFBR1,Skin,NK
40,logFC,Angiogenesis,0.3754025974006445,0.9078581813718583,0.5781818181818181,0.8227049231343748,1.0,1/11,1.44%,PTK2,Skin,NK
41,logFC,Bile Acid Metabolism,-0.2583681851126872,-0.8887294495942046,0.6600985221674877,0.75654111924122,1.0,14/38,18.59%,PEX16;SCP2;HACL1;ABCA5;PHYH;LCK;ABCD3;HSD17B11;IDI1;GSTK1;IDH2;GCLM;PEX1;PNPLA8,Skin,NK
42,logFC,Reactive Oxygen Species Pathway,-0.24905270199276625,-0.878302424463641,0.6775956284153005,0.7461342652305326,1.0,7/42,11.37%,HHEX;HMOX2;SOD2;JUNB;FTL;PRNP;GCLC,Skin,NK
43,logFC,Pperoxisome,0.24740575393096403,0.8677331571487356,0.6813008130081301,0.876422243759021,1.0,4/59,4.69%,TOP2A;SLC27A2;YWHAH;ACOX1,Skin,NK
44,logFC,IL-6/JAK/STAT3 Signaling,0.25643751370168205,0.8634009404346524,0.6387096774193548,0.8465148780391203,1.0,14/43,24.63%,IL2RA;IL15RA;IL18R1;CD44;FAS;ITGA4;IFNAR1;LTB;SOCS1;IL6;TYK2;PTPN11;PIM1;SOCS3,Skin,NK
45,logFC,Adipogenesis,0.21698659536859038,0.8627793088154425,0.7674074074074074,0.8111522131509089,1.0,47/129,31.57%,MRPL15;AIFM1;BCL2L13;ACOX1;MIGA2;MCCC1;IDH3A;HADH;UQCRC1;TALDO1;NDUFAB1;ELMOD3;ECHS1;ARL4A;ACAA2;DHRS7B;COX8A;POR;CAT;YWHAG;NABP1;SDHC;PRDX3;PFKFB3;MTCH2;GPHN;GRPEL1;CHCHD10;MDH2;AGPAT3;CYC1;UBQLN1;ACADM;IDH1;SUCLG1;ETFB;MGST3;NDUFS3;SLC27A1;GBE1;GPAT4;PPP1R15B;PTCD3;CD151;CS;BCL6;NDUFA5,Skin,NK
46,logFC,Xenobiotic Metabolism,0.21545631533366758,0.8028851377382841,0.8416801292407108,0.8923492251198107,1.0,15/77,12.65%,GART;ACOX1;IGFBP4;MTHFD1;TPST1;NQO1;ASL;SLC35D1;MCCC2;HPRT1;DDAH2;GSR;FAS;PPARD;KARS1,Skin,NK
47,logFC,heme Metabolism,0.19924560920553616,0.7847125544418381,0.9020771513353115,0.8860421982946413,1.0,32/113,26.51%,GYPE;H4C3;ATG4A;KHNYN;BLVRA;MFHAS1;HTATIP2;RANBP10;NCOA4;UROS;BMP2K;GDE1;SNCA;CROCCP2;DCUN1D1;FOXO3;CAT;FOXJ2;ADD1;SEC14L1;ADIPOR1;EIF2AK1;RAD23A;DAAM1;GAPVD1;HDGF;PGLS;UBAC1;CDR2;GYPC;PSMD9;DCAF10,Skin,NK
48,logFC,Androgen Response,0.20415742930561262,0.7294834082724727,0.9012158054711246,0.9192755337026203,1.0,13/66,15.21%,ACTN1;TNFAIP8;SMS;INPP4B;NCOA4;CDK6;GPD1L;GSR;PTK2B;CAMKK2;PLPP1;PA2G4;PMEPA1,Skin,NK
49,logFC,Protein Secretion,-0.17436135817445586,-0.7053205667603539,0.980225988700565,0.9486174857270794,1.0,17/80,19.90%,GLA;CLN5;VAMP3;ERGIC3;IGF2R;CTSC;M6PR;SEC22B;KIF1B;ATP1A1;SCAMP1;MAPK1;VAMP4;RAB9A;TPD52;ARFGAP3;NAPA,Skin,NK
0,logFC,TNF-alpha Signaling via NF-kB,0.7194304288667901,3.073293014219357,0.001,0.001,0.001,110/165,18.97%,PDE4B;PTGS2;LIF;TRAF1;DUSP2;SPHK1;INHBA;IL6;NFKB1;BIRC3;RCAN1;KDM6B;CD83;CXCL2;REL;FOSL1;AREG;ZC3H12A;ICAM1;TNFAIP6;CLCF1;PTPRE;STAT5A;SERPINB8;TNFAIP2;SDC4;LDLR;TRIB1;GCH1;HBEGF;SERPINB2;DUSP4;SIK1;PFKFB3;EFNA1;TNFAIP3;PLAUR;RELB;MAFF;KLF4;MARCKS;SPSB1;GPR183;NFKBIE;DUSP5;IER3;NFKB2;RIPK2;NR4A3;NR4A2;PANX1;NFKBIA;TIPARP;GFPT2;NFE2L2;MAP2K3;IFIH1;CXCL3;NFAT5;TGIF1;NFIL3;BCL3;B4GALT1;CDKN1A;SOD2;BTG3;TAP1;SMAD3;NINJ1;BIRC2;BMP2;FOSL2;B4GALT5;DRAM1;KLF9;TNIP2;PLAU;YRDC;NAMPT;EGR3;PLK2;PTGER4;CEBPD;DENND5A;ABCA1;TUBB2A;ICOSLG;ATP2B1;BCL6;IRF1;TNC;GEM;SAT1;EHD1;VEGFA;IRS2;CEBPB;TNFSF9;TANK;PHLDA1;SERPINE1;MCL1;ZBTB10;ETS2;TNIP1;TNFAIP8;MAP3K8;IFIT2;SQSTM1;IFNGR2,Skin,Pericyte
1,logFC,Inflammatory Response,0.6703083394247358,2.6564790461623216,0.001,0.001,0.001,46/99,13.49%,IRAK2;PCDH7;PDE4B;SELE;LIF;SPHK1;ITGA5;INHBA;IL6;NFKB1;ICAM1;TNFAIP6;PTPRE;LDLR;GCH1;CD55;HBEGF;SLC7A1;IL1R1;ITGB3;LPAR1;PLAUR;GPR183;SGMS2;TNFRSF1B;RIPK2;PVR;NFKBIA;FZD5;CDKN1A;CXCL8;HIF1A;CD14;IL4R;CX3CL1;AXL;SLC11A2;NAMPT;PTGER4;ABCA1;ICOSLG;OSMR;ATP2B1;IRF1;HAS2;ACVR1B,Skin,Pericyte
2,logFC,KRAS Signaling Up,0.597551348034807,2.4463181655645236,0.001,0.001,0.001,42/115,11.36%,ADGRL4;CXCR4;PECAM1;PTGS2;LIF;TRAF1;INHBA;PCP4;BIRC3;CD37;TSPAN7;SNAP25;IRF8;EPB41L3;TRIB1;CTSS;APOD;HBEGF;SOX9;ST6GAL1;TNFAIP3;PLAUR;KLF4;AKAP12;CCND2;TNFRSF1B;GLRX;ANKH;KIF5C;GFPT2;PEG3;SEMA3B;USP12;ENG;IGFBP3;ETS1;BMP2;NIN;ETV5;PLAU;EMP1;YRDC,Skin,Pericyte
3,logFC,Oxidative Phosphorylation,-0.45512842489574984,-2.346026057268264,0.001,0.001,0.001,117/197,31.46%,MTX2;NDUFA3;NDUFS4;NDUFA7;NDUFB7;NDUFS7;BCKDHA;ATP5MC1;UQCR10;ATP5ME;BDH2;NQO2;NDUFS8;NDUFB1;SDHD;MRPL11;COX10;NDUFA2;NNT;ATP5MC2;MGST3;COX5B;MRPS12;NDUFC2;SUCLG1;ECHS1;MRPS11;ATP5MF;COX15;DECR1;NDUFV1;SDHC;CYC1;MRPL15;ECH1;NDUFA8;UQCR11;TIMM8B;PDHA1;NDUFB4;TCIRG1;UQCRQ;NDUFB3;NDUFC1;COX6C;ATP5F1D;AIFM1;MDH1;COX6B1;COX8A;NDUFS3;PDHB;NDUFB8;NDUFA1;ISCU;MRPL34;ETFB;HADHB;COX6A1;RHOT2;ATP6AP1;ABCB7;NDUFA4;PMPCA;ATP5PD;ATP5F1C;NDUFA9;HSD17B10;COX17;MPC1;COX7B;NDUFS6;UQCRC2;PHB2;COX7A2;BAX;NDUFAB1;ATP6V1G1;SLC25A11;CYB5A;NDUFB5;COX7A2L;IDH3B;SDHA;UQCRB;UQCRC1;FH;ATP5MC3;ATP5PF;SURF1;ATP5PO;MDH2;TIMM10;MRPS15;AFG3L2;ATP5MG;NDUFV2;NDUFB2;TIMM9;UQCRH;COX7C;COX11;PRDX3;COX4I1;TIMM13;MRPS22;ATP6V1F;PDHX;NDUFB6;ETFDH;SLC25A6;VDAC3;TIMM50;MAOB;SDHB;NDUFA6;ACAA1,Skin,Pericyte
4,logFC,TGF-beta Signaling,0.6494513382787784,2.3205077191319736,0.001,0.001,0.001,26/50,20.18%,BMPR2;HIPK2;TGIF1;THBS1;TGFB1;ENG;TGFBR1;SLC20A1;SMAD3;BMP2;SKIL;ARID4B;TRIM33;WWTR1;SMAD1;SMURF2;SPTBN1;ID1;SERPINE1;LTBP2;UBE2D3;SKI;CTNNB1;IFNGR2;NCOR2;KLF10,Skin,Pericyte
5,logFC,IL-2/STAT5 Signaling,0.5550094563063421,2.3170914800457014,0.001,0.001,0.001,58/129,18.80%,ITGA6;PRKCH;LIF;ALCAM;TRAF1;FGL2;IL3RA;CD83;UCK2;SOCS2;IRF8;TIAM1;PUS1;PNP;BMPR2;IKZF2;SPRY4;NT5E;MAFF;PIM1;NOP2;CCND2;TNFRSF1B;SLC39A8;HIPK2;PLSCR1;SNX9;ARL4A;CAPG;GABARAPL1;ADAM19;NFIL3;SOCS1;MAPKAPK2;IL4R;XBP1;BMP2;CDC42SE2;PLIN2;PRNP;LRIG1;EMP1;CCND3;NDRG1;DENND5A;IGF1R;P4HA1;SLC1A5;CASP3;PHLDA1;HUWE1;ITGAV;SPRED2;CKAP4;ENPP1;IKZF4;MAP3K8;NFKBIZ,Skin,Pericyte
6,logFC,Epithelial Mesenchymal Transition,0.5312156967456372,2.266461656277076,0.001,0.001,0.001,55/157,14.79%,TFPI2;GJA1;FBLN2;THBS2;ITGA5;MFAP5;INHBA;IL32;IL6;SLIT2;MSX1;FBLN1;AREG;BDNF;MMP2;SERPINE2;VCAN;SDC4;SGCD;ITGB3;PLOD2;NT5E;TNFAIP3;PLAUR;ABI3BP;CRLF1;DPYSL3;PVR;EDIL3;CAPG;COL4A2;DCN;THBS1;TGFB1;POSTN;NNMT;FOXC2;CXCL8;FN1;SFRP1;IGFBP3;ELN;COL4A1;SNAI2;GLIPR1;IGFBP4;DAB2;GAS1;TNC;GEM;CALU;SAT1;LOXL2;VEGFA;TNFRSF12A,Skin,Pericyte
7,logFC,Estrogen Response Early,0.5300828348640315,2.200717317843071,0.001,0.001,0.001,50/136,13.64%,BCL11B;GJA1;AQP3;SH3BP5;ABLIM1;AREG;FLNB;SLC7A5;PMAIP1;TIAM1;THSD4;SCARB1;MYBL1;SFN;FOXC1;KLF4;RRP12;RARA;ELF1;TUBB2B;TIPARP;SLC19A2;RBBP8;TGIF2;CA12;B4GALT1;MAST4;SEMA3B;SLC2A1;NAV2;XBP1;ADD3;TSKU;LRIG1;SIAH2;UGCG;HSPB8;SLC1A4;KAZN;SVIL;EGR3;ELOVL5;IGFBP4;PPIF;NRIP1;IGF1R;GLA;RHOBTB3;SLC16A1;SYBU,Skin,Pericyte
8,logFC,IL-6/JAK/STAT3 Signaling,0.5976819455568256,2.133223958786538,0.001,0.001,0.001,22/51,15.00%,IL6;IL3RA;IL1R1;ITGB3;LEPR;PIM1;TNFRSF1B;PDGFC;CXCL3;TGFB1;PTPN1;SOCS1;CD14;IL4R;STAT3;OSMR;IRF1;ACVR1B;IL7;STAT1;TNFRSF12A;CBL,Skin,Pericyte
9,logFC,Allograft Rejection,0.5339042802664977,2.1179558201853657,0.001,0.001,0.001,42/98,20.68%,PTPRC;LIF;KLRD1;SRGN;INHBA;IL6;CD74;ICAM1;IRF8;CTSS;DYRK3;KRT1;CCND2;RIPK2;CAPG;HLA-DRA;BCL3;TGFB1;STAT4;TAP1;SOCS1;HIF1A;IL4R;ETS1;EIF3A;CCND3;TGFB2;TRAF2;WARS1;ICOSLG;ST8SIA4;IL7;STAT1;EIF3J;IL16;EIF4G3;IFNGR2;HLA-E;SOCS5;F2R;GBP2;PTPN6,Skin,Pericyte
10,logFC,G2-M Checkpoint,0.48246588984326244,2.0205847852123555,0.001,0.001,0.001,78/142,30.09%,EFNA5;BRCA2;CENPE;UCK2;SLC7A5;AURKA;SLC7A1;MARCKS;LMNB1;NOLC1;PTTG1;HMGA1;TLE3;CDC27;GSPT1;BCL3;NUP98;TGFB1;STMN1;SAP30;CDC7;CKS2;SLC12A2;HIF1A;SMAD3;EZH2;KPNA2;NSD2;TENT4A;TOP1;SLC38A1;SMARCC1;UBE2S;AMD1;ABL1;MCM6;FOXN3;HNRNPU;JPT1;DBF4;KMT5A;KPNB1;CUL4A;ATF5;HUS1;CUL1;SFPQ;KIF5B;CCNT1;SYNCRIP;NASP;G3BP1;ILF3;YTHDC1;SMC4;MT2A;DDX39A;H2AZ1;HOXC10;MEIS2;RPS6KA5;TNPO2;CUL3;PAFAH1B1;RAD23B;POLE;PRMT5;H2AX;SRSF2;NCL;HSPA8;ARID4A;SS18;STAG1;CTCF;H2AZ2;UPF1;SRSF1,Skin,Pericyte
11,logFC,Interferon Gamma Response,0.4818954548682462,2.020125599669696,0.001,0.001,0.001,51/141,19.00%,PDE4B;PTGS2;IL6;NFKB1;FGL2;CD74;HLA-DRB1;UPP1;ICAM1;TNFAIP6;TNFAIP2;IRF8;GCH1;PNP;TRIM25;TNFAIP3;PIM1;RIPK2;PLSCR1;ARL4A;NFKBIA;ISG20;IFIH1;CDKN1A;STAT4;PTPN1;SOD2;IFI30;TAP1;SOCS1;HIF1A;IL4R;STAT3;IFIT3;PFKP;NAMPT;WARS1;IRF1;IFI27;ST8SIA4;IL7;STAT1;CASP3;HELZ2;LATS2;LY6E;MX1;NOD1;NUP93;IFIT2;PELI1,Skin,Pericyte
12,logFC,Hypoxia,0.4727408410747719,1.9985650676437918,0.001,0.001,0.001,64/156,21.23%,CXCR4;HAS1;IL6;NEDD4L;PPARGC1A;SDC4;SCARB1;NOCT;PFKFB3;EFNA1;TNFAIP3;PLAUR;MAFF;PIM1;AKAP12;TES;IER3;GLRX;DDIT4;JMJD6;ISG20;TIPARP;CA12;NFIL3;DCN;GBE1;CDKN1A;SLC2A1;SAP30;PDK1;TPST2;PRKCA;EXT1;IGFBP3;ETS1;FOSL2;AK4;PLIN2;SIAH2;PHKG1;PFKP;NDRG1;PGM2;P4HA1;HK1;BNIP3L;VEGFA;IRS2;LDHC;MXI1;GPC3;GYS1;SERPINE1;MAP3K1;KLHL24;CHST3;ERO1A;HDLBP;NDST1;FOXO3;LDHA;CCNG2;PAM;ERRFI1,Skin,Pericyte
13,logFC,Mitotic Spindle,0.4645820162957979,1.9498249342154936,0.001,0.001,0.001,68/159,24.81%,BRCA2;CENPE;MID1;FLNB;DOCK4;AURKA;PXN;TIAM1;PREX1;BCR;RASA1;CLIP2;RASA2;FSCN1;MARCKS;LMNB1;FGD6;CLIP1;TUBA4A;ARHGEF3;CDC27;MYH10;MAP3K11;BCL2L11;NIN;TBCD;HOOK3;WASF1;ARHGEF2;TRIO;NEDD9;CSNK1D;CDC42EP2;SSH2;PPP4R2;ABL1;SPTBN1;TAOK2;MID1IP1;BCAR1;RANBP9;SEPTIN9;EPB41;EZR;OPHN1;CNTROB;ATG4B;ARF6;KIF5B;PCGF5;MYO9B;MARK4;CDC42EP4;MAPRE1;YWHAE;KIF1B;PCNT;SMC4;CDC42BPA;STAU1;PALLD;RAPGEF6;SPTAN1;ARHGEF12;CCDC88A;ARHGAP5;MYO1E;ABR,Skin,Pericyte
14,logFC,Estrogen Response Late,0.4559800627982957,1.859421329496388,0.001,0.001,0.009,35/120,13.39%,TFPI2;DUSP2;PCP4;AREG;FLNB;SLC7A5;SCUBE2;TIAM1;SCARB1;CXCL14;SFN;FOXC1;KLF4;LLGL2;ASS1;ISG20;PERP;RBBP8;CA12;SEMA3B;BTG3;HSPA4L;XBP1;ADD3;SIAH2;HSPB8;SLC1A4;EGR3;DNAJC1;ELOVL5;IGFBP4;PPIF;NRIP1;GLA;SLC16A1,Skin,Pericyte
15,logFC,Apical Junction,0.4366721999691823,1.8224352349925947,0.001,0.0014399476382676996,0.018,27/130,11.19%,PTPRC;CLDN5;CD34;PECAM1;TRAF1;ITGA9;SLIT2;PIK3R3;DSC3;ICAM1;MMP2;VCAN;RASA1;BAIAP2;FSCN1;ADAM15;CD276;NECTIN2;B4GALT1;MYH10;SRC;FLNC;INSIG1;NECTIN1;MPZL1;CX3CL1;ACTG2,Skin,Pericyte
16,logFC,UV Response Dn,0.4359695681708001,1.8051567708120548,0.001,0.0017249372750081813,0.023,37/130,16.60%,SYNJ2;CELF2;GJA1;EFEMP1;NFKB1;FYN;PIK3R3;BDNF;RUNX1;LDLR;SLC7A1;ITGB3;SCHIP1;RND3;RASA2;LPAR1;ZMIZ1;KCNMA1;PTPRM;MAGI2;PRKCA;SMAD3;INSIG1;ADD3;TENT4A;PRKCE;SNAI2;DAB2;IGF1R;ATP2B1;HAS2;ABCC1;ID1;SFMBT1;SERPINE1;LTBP1;TGFBR2,Skin,Pericyte
17,logFC,Apoptosis,0.4267350380455266,1.7646098674422208,0.001,0.002611669736073769,0.036,43/130,16.69%,IL6;BID;BIRC3;MMP2;PMAIP1;GCH1;CTH;RARA;CCND2;IER3;ANKH;ISG20;WEE1;DCN;CDKN1A;SOD2;BTG3;MADD;TAP1;SLC20A1;CD14;BCL2L11;BMP2;PPP3R1;AVPR1A;EMP1;EGR3;PAK1;NEDD9;TGFB2;IRF1;CASP9;SAT1;CYLD;BNIP3L;DNAJA1;TNFRSF12A;ETF1;CASP3;CLU;LUM;MCL1;PEA15,Skin,Pericyte
18,logFC,mTORC1 Signaling,0.4126766334072595,1.754517360319743,0.001,0.0032665478831072807,0.048,59/169,22.42%,CXCR4;FGL2;PIK3R3;SLC7A5;AURKA;LDLR;PNP;CTH;PLOD2;TES;GLRX;DDIT4;TUBA4A;TFRC;MAP2K3;NFIL3;GBE1;CDKN1A;SLC2A1;PDK1;IFI30;STARD4;XBP1;INSIG1;NFKBIB;ADD3;AK4;ARPC5L;HSPD1;SLC1A4;NAMPT;EGLN3;ELOVL5;GSK3B;WARS1;GLA;P4HA1;EDEM1;IDI1;SLC1A5;PNO1;ETF1;ACSL3;ADIPOR2;PITPNB;UBE2D3;HMGCR;CYP51A1;ERO1A;SQSTM1;ACLY;LDHA;TXNRD1;SKAP2;HSPE1;HSPA9;RIT1;GPI;DDX39A,Skin,Pericyte
19,logFC,UV Response Up,0.42665669388127814,1.735729328816063,0.0012953367875647669,0.004168269479195972,0.061,51/120,26.95%,AQP3;IL6;BID;MSX1;CXCL2;ICAM1;FGF18;GCH1;NFKBIA;CHKA;DDX21;TUBA4A;TFRC;RAB27A;SOD2;BTG3;TAP1;BCL2L11;BMP2;PRKCD;CCND3;AGO2;MARK2;PPIF;IRF1;GLS;AMD1;PPAT;DNAJA1;PTPRD;HNRNPU;CASP3;SQSTM1;NPTX2;TARS1;CDK2;NTRK3;ALAS1;GGH;NUP58;GRPEL1;DGAT1;LYN;RRAD;PPP1R2;PDLIM3;NR4A1;FKBP4;H2AX;STARD3;STIP1,Skin,Pericyte
20,logFC,Complement,0.40360879039945,1.6501849436692952,0.001,0.008219701101778117,0.121,37/125,18.07%,TFPI2;GNG2;IL6;FYN;DOCK4;CTSS;CD55;SERPINB2;TNFAIP3;PLAUR;MAFF;PIM1;DUSP5;ZFPM2;PLSCR1;CTSH;DOCK9;COL4A2;SRC;FN1;PRKCD;DGKH;IRF1;CASP9;EHD1;CEBPB;CTSB;CASP3;SERPINE1;PRCP;CLU;CTSL;CDH13;USP15;BRPF3;LIPA;ZEB1,Skin,Pericyte
21,logFC,Androgen Response,0.4204131328950377,1.6390460660625883,0.0041265474552957355,0.008913961570228616,0.14,32/85,20.99%,IQGAP2;RPS6KA3;ELL2;ZMIZ1;RRP12;AKAP12;ANKH;DNAJB9;PTK2B;B4GALT1;SEC24D;INSIG1;LIFR;ADAMTS1;MAF;CCND3;NDRG1;ELOVL5;SAT1;IDI1;CDC14B;ACSL3;ITGAV;ZBTB10;HMGCR;TNFAIP8;GPD1L;UAP1;ACTN1;PGM3;MERTK;VAPA,Skin,Pericyte
22,logFC,p53 Pathway,0.38465877613996735,1.6224086668402256,0.001,0.0101450856332497,0.164,58/160,20.43%,LIF;SPHK1;PITPNC1;UPP1;SERPINB5;PTPRE;HBEGF;SFN;PVT1;BAIAP2;KLF4;TRAF4;CCND2;IER3;DDIT4;AEN;PERP;SLC19A2;CDKN1A;TGFB1;IFI30;HSPA4L;TAP1;SOCS1;PDGFA;NINJ1;KIF13B;BMP2;RALGDS;DRAM1;NOTCH1;CCND3;PLK2;NDRG1;DNTTIP2;MKNK2;TP63;SAT1;ABCC5;ACVR1B;SESN1;POLH;FBXW7;TP53;TNFSF9;CSRNP2;CDH13;SLC3A2;BLCAP;RAB40C;ADA;TSPYL2;SLC35D1;GADD45A;RNF19B;NUDT15;FOXO3;F2R,Skin,Pericyte
23,logFC,Coagulation,0.42693106958483695,1.6131470379764834,0.004231311706629055,0.010590919223490687,0.179,20/69,17.63%,TFPI2;PECAM1;FYN;MMP2;ITGB3;SERPINB2;MAFF;CTSH;THBS1;FN1;PLAU;THBD;CASP9;DUSP14;CTSB;SERPINE1;CLU;PRSS23;CTSK;SIRT2,Skin,Pericyte
24,logFC,Cholesterol Homeostasis,0.42223101691443066,1.558836482742359,0.017543859649122806,0.01724937275008182,0.274,24/59,23.18%,ALCAM;LDLR;PLAUR;PLSCR1;CHKA;NFIL3;LSS;SEMA3B;STARD4;AVPR1A;CPEB2;STX5;IDI1;TNFRSF12A;CLU;ATF5;HMGCR;CYP51A1;CTNNB1;ETHE1;ANTXR2;ERRFI1;SREBF2;PPARG,Skin,Pericyte
25,logFC,Glycolysis,0.3637602400431028,1.5224660568309336,0.006385696040868455,0.023519144758372423,0.371,44/138,21.07%,CXCR4;AURKA;HOMER1;VCAN;SOX9;CTH;PLOD2;NT5E;TPST1;IER3;GLRX;DDIT4;ISG20;DCN;B4GALT1;STMN1;SAP30;SLC16A3;EXT1;IGFBP3;AK4;GLCE;CLN6;PFKP;EGLN3;PGM2;P4HA1;PYGL;PMM2;VEGFA;IRS2;LDHC;MXI1;GPC3;GYS1;CHST12;ERO1A;HDLBP;PHKA2;LDHA;NASP;B4GALT2;MERTK;PAM,Skin,Pericyte
26,logFC,Unfolded Protein Response,0.3720776329144806,1.5030623994952577,0.01335113484646195,0.027368235560664925,0.43,37/104,22.92%,SLC7A5;EIF2AK3;NOLC1;DNAJA4;DNAJB9;DDIT4;ATF6;NABP1;PDIA5;EIF4A3;XBP1;SLC1A4;EIF4G1;IMP3;TUBB2A;EDEM1;BAG3;VEGFA;CEBPB;EIF4E;CNOT2;ATF4;NOP56;ERO1A;TSPYL2;KIF5B;TARS1;ERN1;SHC1;NOP14;KHSRP;ZBTB17;DCP1A;FKBP14;HSPA9;DNAJC3;EIF4A1,Skin,Pericyte
27,logFC,Fatty Acid Metabolism,-0.31308389200908443,-1.499595648005249,0.008032128514056224,0.04477947794779478,0.174,41/117,25.31%,NTHL1;BPHL;INMT;EPHX1;BCKDHB;PSME1;SDHD;CD36;SUCLG1;ECHS1;HADH;DECR1;ACADS;SDHC;MLYCD;CRAT;ECH1;PDHA1;CRYZ;NCAPH2;MDH1;BLVRA;METAP1;PDHB;LGALS1;HADHB;NBN;GCDH;HSD17B10;ADSL;HMGCL;AOC3;IDH3B;SDHA;FH;MAOA;MDH2;GSTZ1;HSDL2;UROD;UROS,Skin,Pericyte
28,logFC,PI3K/AKT/mTOR  Signaling,0.3826769058799815,1.4685757556559311,0.0343878954607978,0.0358209196433261,0.547,26/83,22.90%,CXCR4;PIK3R3;TIAM1;RPS6KA3;SFN;MAP2K3;CDKN1A;SLC2A1;PDK1;ITPR2;NFKBIB;DUSP3;PPP2R1B;GSK3B;TRAF2;MKNK2;EIF4E;NOD1;UBE2D3;SQSTM1;ATF1;CDK2;MAPK8;GRB2;RIT1;NGF,Skin,Pericyte
29,logFC,Hedgehog Signaling,0.5017456964808445,1.4629748280173922,0.05245901639344262,0.03629868004799826,0.565,12/21,29.79%,NRP2;RASA1;TLE3;RTN1;VEGFA;OPHN1;ETS2;CDK6;VLDLR;NRP1;LDB1;TLE1,Skin,Pericyte
30,logFC,DNA Repair,-0.300906099370872,-1.454275304163822,0.013452914798206279,0.043204320432043204,0.25,71/127,37.09%,GTF3C5;POLR2J;POLR2D;AAAS;SNAPC5;RFC5;RPA2;VPS28;NT5C;NELFCD;POLR2I;GTF2H3;TAF6;TK2;BCAM;RFC4;AK1;EDF1;DGCR8;GMPR2;NME3;NME4;DAD1;UMPS;RPA3;RAE1;ITPA;POLR2G;GTF2A2;POLR2K;MPG;RBX1;DGUOK;COX17;DDB2;CETN2;ADCY6;POLR2C;GTF2F1;AGO4;SURF1;SAC3D1;NELFE;GTF2H5;ERCC5;ALYREF;POLR2E;NCBP2;ERCC3;MRPL40;RFC3;DUT;NELFB;POLR3GL;ERCC8;TSG101;IMPDH2;APRT;GSDME;RFC2;SUPT4H1;POLE4;ERCC1;SSRP1;POLR3C;POLD4;GPX4;USP11;TAF12;BCAP31;NFX1,Skin,Pericyte
31,logFC,Reactive Oxygen Species Pathway,0.4260741167791287,1.4487205200366815,0.046898638426626324,0.03951580444096704,0.607,15/43,18.17%,MBP;LSP1;SBNO2;GLRX;GCLM;SOD2;PRNP;PFKP;CDKN2D;EGLN2;OXSR1;ABCC1;SCAF4;NDUFS2;MSRA,Skin,Pericyte
32,logFC,Angiogenesis,0.45108194109243177,1.381113715463891,0.10082644628099173,0.06795752881713393,0.813,11/24,18.92%,MSX1;VCAN;CCND2;FGFR1;POSTN;PDGFA;THBD;VEGFA;LUM;ITGAV;VAV2,Skin,Pericyte
33,logFC,Myc Targets V2,0.3815770598695019,1.3611132959383987,0.08728943338437979,0.07819070508872991,0.855,11/49,13.77%,DUSP2;PPRC1;PUS1;RRP12;NOP2;NOLC1;GNL3;HSPD1;BYSL;WDR43;NOP16,Skin,Pericyte
34,logFC,Interferon Alpha Response,0.3459052164216292,1.3003170081262805,0.0970464135021097,0.12127059016035781,0.944,24/76,21.49%,CD74;LPAR6;TRIM25;RIPK2;PLSCR1;NCOA7;ELF1;ISG20;IFIH1;IFI30;TAP1;IL4R;IFIT3;WARS1;IRF1;IFI27;IL7;HELZ2;LY6E;MX1;IFIT2;SLC25A28;GBP2;IRF2,Skin,Pericyte
35,logFC,KRAS Signaling Dn,0.3626262607429393,1.2953146709058916,0.12296296296296297,0.1213774044580197,0.95,11/55,12.09%,KRT5;SERPINB2;SLC16A7;LYPD3;KRT1;NR4A2;NR6A1;CLSTN3;NTF3;SKIL;TGFB2,Skin,Pericyte
36,logFC,heme Metabolism,0.2867472917677229,1.203362638115059,0.16370558375634517,0.21839205847060109,0.996,48/144,24.53%,AQP3;ACKR1;ELL2;SLC22A4;AGPAT4;BMP2K;ANK1;FBXO34;MFHAS1;GCLM;TFRC;MAP2K3;CDC27;BACH1;SLC2A1;SEC14L1;SLC66A2;CDR2;SDCBP;SLC11A2;CCND3;KAT2B;TOP1;ATP6V0A1;RHD;FN3K;RBM38;BNIP3L;MXI1;CTSB;EPB41;SLC25A37;USP15;SIDT2;CLIC2;HDGF;MARK3;FOXO3;TFDP2;EPOR;DMTN;KDM7A;GAPVD1;KLF3;ARHGEF12;HTATIP2;RIOK3;DCAF11,Skin,Pericyte
37,logFC,Apical Surface,0.38019049227711316,1.1895400335935555,0.222397476340694,0.2285745453412084,0.999,10/28,16.53%,EFNA5;PLAUR;LYPD3;RTN4RL1;B4GALT1;CX3CL1;GAS1;ADIPOR2;FLOT2;ADAM10,Skin,Pericyte
38,logFC,E2F Targets,0.283069438441614,1.177107073546289,0.18275418275418276,0.23905797364944303,1.0,25/139,16.43%,BRCA2;CENPE;AURKA;LMNB1;NOLC1;WEE1;PTTG1;TFRC;HMGA1;GSPT1;CDKN1A;STMN1;CKS2;IPO7;EZH2;ATAD2;KPNA2;PSMC3IP;NUP153;UBE2S;TP53;MCM6;BRMS1L;DONSON;JPT1,Skin,Pericyte
39,logFC,Myogenesis,0.27513713504648146,1.1473882959934898,0.21346886912325286,0.2734278950052922,1.0,31/133,17.74%,SPHK1;LSP1;COL15A1;ABLIM1;SGCD;APOD;HBEGF;MYOM2;SCHIP1;DES;TEAD4;COL4A2;CDKN1A;TGFB1;KLF5;IGFBP3;NAV2;PRNP;NOTCH1;HSPB8;SVIL;TPM3;WWTR1;SORBS1;GNAO1;MRAS;CLU;CDH13;SIRT2;SMTN;LAMA2,Skin,Pericyte
40,logFC,Bile Acid Metabolism,-0.2620202185556871,-1.083707640593796,0.3048780487804878,0.42844284428442847,0.976,25/56,37.23%,PEX7;EFHC1;SLC27A5;CROT;PEX19;MLYCD;GSTK1;ABCD3;PXMP2;PEX26;CAT;AR;GNPAT;SLC35B2;LONP2;SOD1;HACL1;PEX1;PRDX5;SCP2;ABCA3;CYP27A1;HSD17B11;ALDH9A1;NR3C2,Skin,Pericyte
41,logFC,Notch Signaling,0.29400607896914555,0.909843878854562,0.6130081300813008,0.7298260924483129,1.0,5/25,10.07%,PPARD;FZD5;SAP30;PRKCA;NOTCH1,Skin,Pericyte
42,logFC,Spermatogenesis,0.24426591887445384,0.8670218873030354,0.690406976744186,0.8065552861014844,1.0,8/55,10.53%,IL12RB2;AURKA;ARL4A;BRAF;HSPA4L;SLC12A2;EZH2;TLE4,Skin,Pericyte
43,logFC,Xenobiotic Metabolism,0.2129486504082689,0.8635157292919464,0.7283950617283951,0.7933511508672412,1.0,26/120,18.55%,PTGDS;UPP1;FBLN1;IRF8;PPARD;GCH1;IL1R1;TPST1;SPINT2;GABARAPL1;NPC1;NINJ1;PDK4;ENPEP;ELOVL5;TGFB2;IGFBP4;SLC1A5;MAN1A1;BCAR1;GART;SERPINE1;PGD;ETS2;AKR1C3;PTGR1,Skin,Pericyte
44,logFC,Adipogenesis,0.1940886917824168,0.8262109681080316,0.8094089264173703,0.8443888071475893,1.0,42/178,22.09%,ENPP2;COL15A1;ATP1B3;STAT5A;SCARB1;PFKFB3;PIM3;PPP1R15B;LPCAT3;DNAJB9;ARL4A;NABP1;GBE1;OMD;PLIN2;LIFR;HSPB8;COL4A1;GPHN;ABCA1;BCL6;YWHAG;SLC1A5;SORBS1;ATL2;TANK;ADIPOR2;NKIRAS1;SOWAHC;RTN3;RREB1;ACLY;APLP2;GADD45A;MYLK;IDH3A;ACAA2;CS;CCNG2;UBQLN1;ACOX1;CMBL,Skin,Pericyte
45,logFC,Pperoxisome,0.21133876553980324,0.8042249868926588,0.8082975679542204,0.8632257528297671,1.0,15/75,18.58%,SEMA3C;CRABP2;PEX5;CLN8;SOD2;CLN6;ELOVL5;SMARCC1;ABCC5;SLC25A19;IDI1;ACOT8;PABPC1;ALDH1A1;SIAH1,Skin,Pericyte
46,logFC,Wnt-beta Catenin Signaling,0.24573222727688282,0.798136627760835,0.7433774834437086,0.8528620100918105,1.0,15/33,27.30%,PPARD;CCND2;NOTCH1;AXIN1;TP53;CTNNB1;NCOR2;CUL1;ADAM17;MAML1;CSNK1E;HDAC2;TCF7;DLL1;NUMB,Skin,Pericyte
47,logFC,Myc Targets V1,-0.12241419956775038,-0.6266801186455522,1.0,1.0,1.0,62/191,34.52%,MRPL9;AIMP2;MRPL23;ERH;SNRPB2;RFC4;CDK4;HDDC2;CYC1;TUFM;NHP2;LSM7;ACP1;MRPS18B;SNRPD3;SSBP1;SNRPG;EIF3D;MCM5;SNRPD2;PRPF31;RPL18;POLD2;CCT7;EXOSC7;KARS1;RPL34;RPL14;RPL22;PHB2;RPL6;RPS10;NDUFAB1;GLO1;PSMA1;RPS3;RPS5;RUVBL2;VBP1;YWHAQ;PSMA6;PRDX3;RPS6;PSMB3;NCBP2;SRSF7;PSMA4;DUT;VDAC3;PWP1;UBA2;PSMC6;IMPDH2;PSMA7;SLC25A3;TOMM70;PRDX4;EEF1B2;PSMB2;DDX18;RACK1;UBE2L3,Skin,Pericyte
48,logFC,Pancreas Beta Cells,0.24569939549593384,0.6027569669573737,0.9219330855018587,0.9891458492418458,1.0,2/10,14.51%,FOXO1;STXBP1,Skin,Pericyte
49,logFC,Protein Secretion,-0.1302745886521821,-0.59788652260751,1.0,0.9922742274227423,1.0,30/93,36.66%,TSPAN8;TPD52;KRT18;COG2;PPT1;GOSR2;TOM1L1;VPS4B;CAV2;RER1;VAMP3;CTSC;CD63;DOP1A;AP2M1;YIPF6;SOD1;NAPA;ARFIP1;CLN5;BET1;TSG101;SCAMP1;RAB9A;RAB22A;TMED10;ATP6V1H;M6PR;SNX2;CLTA,Skin,Pericyte
0,logFC,Oxidative Phosphorylation,0.6348536886961017,2.6892005082559427,0.001,0.001,0.001,81/120,23.90%,IDH2;NDUFAB1;CYC1;MDH1;COX8A;NDUFB3;NDUFB7;CYB5R3;NDUFC2;NDUFS8;ATP5MC3;CYB5A;ATP5MF;ACAT1;NDUFA5;ATP5MC1;NDUFB2;ATP5F1C;VDAC1;NDUFS6;GPI;DECR1;SDHA;TOMM22;ETFA;COX6C;UQCR10;NDUFA7;HSD17B10;NDUFV1;SLC25A3;NDUFB1;BAX;NDUFS3;ETFB;ACADVL;SDHC;ATP6V1F;VDAC2;ATP5F1D;SLC25A5;NDUFA6;UQCRH;ATP5ME;COX17;NDUFB6;ATP6V1D;NDUFA1;UQCRFS1;UQCRQ;IDH3B;COX7A2L;TIMM17A;MPC1;NDUFA2;ACO2;SUCLG1;NDUFA4;ATP5PF;IDH3G;ATP5PD;NDUFB8;ATP5F1B;MDH2;ATP6V1E1;NDUFS4;LDHB;VDAC3;COX6B1;NDUFB4;COX7A2;GPX4;COX5B;ATP5F1A;UQCR11;COX6A1;ATP5MG;COX5A;CYCS;ATP5F1E;ATP5PB,Skin,Treg
1,logFC,E2F Targets,0.669485755330382,2.6468566684517656,0.001,0.001,0.001,32/75,11.88%,TK1;MKI67;TOP2A;DUT;CENPM;STMN1;TUBB;CKS1B;SMC1A;RANBP1;RPA3;HMGB2;NUDT21;PCNA;DNMT1;MYC;DEK;USP1;NAA38;ANP32E;RBBP7;SMC3;XPO1;EIF2S1;PA2G4;SMC4;EZH2;TMPO;TACC3;H2AX;RAN;CTCF,Skin,Treg
2,logFC,Myc Targets V1,0.5478033230100888,2.372772990445729,0.001,0.001,0.001,80/147,29.63%,DUT;TFDP1;RANBP1;PCNA;NDUFAB1;CYC1;MYC;ERH;UBA2;SNRPD3;SSBP1;DEK;MRPL23;USP1;NHP2;C1QBP;CLNS1A;PSMB2;CCT5;VDAC1;PPIA;TRIM28;CANX;RRM1;XPO1;HNRNPA3;SNRPG;PSMA4;EIF2S1;SLC25A3;PSMC6;RPLP0;PA2G4;PSMA2;RAN;CCT7;PABPC4;PSMB3;HDGF;PGK1;ILF2;LSM2;POLE3;U2AF1;YWHAQ;VBP1;PSMA1;HNRNPA2B1;PSMA6;GLO1;PSMD8;H2AZ1;VDAC3;PSMD14;PSMD7;SET;CCT3;TXNL4A;SNRPD1;HNRNPD;SSB;COX5A;IMPDH2;PSMA7;HNRNPA1;SNRPB2;PCBP1;HNRNPR;PHB2;EEF1B2;CBX3;NAP1L1;RNPS1;NOP56;LDHA;BUB3;RAD23B;FBL;SRSF2;DHX15,Skin,Treg
3,logFC,G2-M Checkpoint,0.4805225149499046,1.918208492032858,0.001,0.006146694214876033,0.02,20/86,11.88%,MKI67;TOP2A;CENPF;KIF11;STMN1;TFDP1;CKS1B;HMGN2;SMC1A;NUSAP1;MYC;MT2A;XPO1;SMC4;EZH2;TMPO;TACC3;H2AX;DR1;CTCF,Skin,Treg
4,logFC,Fatty Acid Metabolism,0.5129162964117905,1.7734063102054636,0.007259528130671506,0.02318181818181818,0.093,20/42,20.07%,MDH1;OSTC;DECR1;SDHA;HSD17B10;ACADVL;SDHC;SUCLG2;YWHAH;IDH3B;ACO2;SUCLG1;PSME1;PRDX6;IDH3G;S100A10;MDH2;H2AZ1;MIF;LGALS1,Skin,Treg
5,logFC,IL-2/STAT5 Signaling,-0.3750330596232139,-1.5994764461023494,0.009925558312655087,0.25419847328244277,0.276,42/82,25.52%,IKZF2;FGL2;LRIG1;IL2RA;TNFRSF9;PRNP;BCL2;BATF;CCR4;ICOS;HUWE1;GADD45B;CD83;IGF2R;NFKBIZ;CDC42SE2;ARL4A;PHTF2;CTLA4;SLC2A3;P4HA1;PRKCH;PNP;TNFRSF4;FLT3LG;SPRED2;TIAM1;RORA;SLC1A5;SOCS1;TRAF1;RABGAP1L;KLF6;GABARAPL1;BMPR2;SNX9;TNFRSF1B;SELL;LRRC8C;GALM;LTB;CD48,Skin,Treg
6,logFC,Spermatogenesis,-0.5226878847788874,-1.5614147991559588,0.040268456375838924,0.17022900763358778,0.352,10/18,11.60%,IP6K1;IL12RB2;PRKAR2A;SLC12A2;BRAF;SIRT1;MLLT10;DBF4;LPIN1;ARL4A,Skin,Treg
7,logFC,Pperoxisome,0.46788783343805096,1.4883222240948,0.050434782608695654,0.22128099173553717,0.655,10/29,20.27%,TOP2A;IDH2;VPS4B;PRDX5;PRDX1;BCL10;YWHAH;ITGB1BP1;ISOC1;SCP2,Skin,Treg
8,logFC,DNA Repair,0.39901741358376525,1.4708292484359162,0.030927835051546393,0.21308539944903582,0.694,22/53,23.79%,DUT;RPA3;NUDT21;PCNA;POLR2H;MPC2;POLR2G;ITPA;POLR2K;POLR2J;COX17;GTF2F1;ADRM1;SRSF6;HCLS1;XPC;TMED2;RALA;GPX4;RBX1;IMPDH2;EDF1,Skin,Treg
9,logFC,Unfolded Protein Response,0.39905670046925656,1.468437465953905,0.04,0.18879132231404958,0.698,12/52,10.58%,CKS1B;NHP2;BANF1;BAG3;PDIA6;LSM4;LSM1;SSR1;EIF2S1;SPCS1;HSP90B1;H2AX,Skin,Treg
10,logFC,Adipogenesis,0.3717446563423977,1.4631374058200202,0.03305785123966942,0.17301805938169573,0.707,30/77,22.60%,PFKL;UCP2;NDUFAB1;CYC1;TALDO1;COX8A;NDUFB7;NDUFA5;DECR1;GHITM;UQCR10;SQOR;DNAJC15;NDUFS3;ETFB;SDHC;DDT;UQCRQ;TKT;ACO2;SUCLG1;IDH3G;MDH2;PFKFB3;SCP2;GPX4;REEP5;UQCR11;PLIN2;COX6A1,Skin,Treg
11,logFC,Glycolysis,0.40107511595750295,1.3962486676697479,0.07705192629815745,0.24071625344352615,0.858,21/45,24.50%,STMN1;PGAM1;TALDO1;MDH1;TPI1;CYB5A;PPIA;PKM;ENO1;AKR1A1;SDHC;PGK1;DDIT4;NASP;MDH2;HAX1;MIF;CHST12;CITED2;TXN;KIF2A,Skin,Treg
12,logFC,TNF-alpha Signaling via NF-kB,-0.311785950620778,-1.3669635666936901,0.03412073490813648,0.4020356234096692,0.768,42/102,26.76%,TSC22D1;KLF9;TNFRSF9;IRS2;NR4A3;TANK;FOSL2;B4GALT5;GPR183;GADD45B;CD83;PDE4B;IRF1;CXCL3;SLC2A3;JUNB;BIRC3;GCH1;BTG1;REL;SAT1;NR4A1;BTG3;NAMPT;PER1;TRAF1;IL6ST;PNRC1;TNFAIP3;BTG2;KLF6;PPP1R15A;NFE2L2;ZC3H12A;ATP2B1;NR4A2;EIF1;CFLAR;NFAT5;ATF3;IER5;KDM6B,Skin,Treg
13,logFC,KRAS Signaling Up,-0.35164603121250526,-1.348056233059355,0.07875894988066826,0.33759541984732827,0.801,23/47,34.22%,PRDM1;MAP4K1;CTSS;BIRC3;ADAM17;IKZF1;CXCR4;TRAF1;RABGAP1L;TNFAIP3;PPP1R15A;MAP3K1;GLRX;ETS1;HDAC9;TNFRSF1B;PTBP2;USP12;TOR1AIP2;ANKH;RBM4;GADD45G;CCND2,Skin,Treg
14,logFC,Bile Acid Metabolism,0.4748562965927777,1.2855866003628469,0.1590909090909091,0.4088216879539193,0.973,5/14,20.27%,IDH2;PRDX5;HACL1;ISOC1;SCP2,Skin,Treg
15,logFC,Mitotic Spindle,0.31484257857328446,1.2364487749802682,0.13446676970633695,0.47914944903581264,0.987,13/83,12.11%,TOP2A;CENPF;KIF11;SMC1A;NUSAP1;MYO1E;MAPRE1;CEP57;SMC3;FLNA;SMC4;CNTRL;ARHGDIA,Skin,Treg
16,logFC,Reactive Oxygen Species Pathway,0.3855111384584034,1.2130594220773296,0.21354166666666666,0.49236596736596744,0.992,13/28,26.11%,MSRA;PRDX2;LAMTOR5;PRDX1;SELENOS;NDUFA6;LSP1;PRDX6;NDUFB4;GPX4;SBNO2;TXN;CDKN2D,Skin,Treg
17,logFC,Notch Signaling,0.5279365148449863,1.1943546878161608,0.26705653021442494,0.49968024399842587,0.996,4/8,22.65%,APH1A;PRKCA;PSENEN;RBX1,Skin,Treg
18,logFC,mTORC1 Signaling,0.286638466114191,1.1764187725006665,0.17313432835820897,0.5047704315886135,0.997,20/102,12.76%,PFKL;PSMD13;TPI1;SDF2L1;ATP5MC1;GPI;PPIA;CANX;SSR1;ENO1;PDAP1;PRDX1;GAPDH;PSMA4;HSP90B1;PSMC6;CORO1A;TBK1;PGK1;ATP6V1D,Skin,Treg
19,logFC,Cholesterol Homeostasis,0.3672399244119041,1.1396717653819852,0.29143897996357016,0.5562758264462809,0.999,7/28,13.69%,CLU;ANXA5;FABP5;PMVK;S100A11;ACTG1;FDFT1,Skin,Treg
20,logFC,IL-6/JAK/STAT3 Signaling,-0.3218876430172066,-1.1108988373869908,0.28169014084507044,0.9112977099236641,0.993,14/30,29.09%,IL2RA;STAT1;STAT3;IRF1;CXCL3;GRB2;SOCS1;IL6ST;TGFB1;TNFRSF1B;PTPN2;LTB;CD44;FAS,Skin,Treg
21,logFC,Protein Secretion,-0.2864565452831069,-1.1063850743798578,0.2674698795180723,0.7745547073791349,0.994,12/54,15.25%,STAM;SGMS1;STX12;RAB9A;GLA;RAB5A;IGF2R;MON2;SEC24D;GBF1;NAPG;GOLGA4,Skin,Treg
22,logFC,UV Response Up,0.2894922201715684,1.0800601261567961,0.31724137931034485,0.6693526170798898,1.0,10/57,10.69%,AP2S1;AQP3;PSMC3;POLR2H;MRPL23;PDAP1;ARRB2;BSG;H2AX;ATP6V1F,Skin,Treg
23,logFC,Pancreas Beta Cells,0.5206929540668083,1.0710561298558663,0.38551859099804303,0.6550619834710744,1.0,4/6,27.59%,SRP9;SPCS1;SEC11A;SRP14,Skin,Treg
24,logFC,Complement,0.2788936532091414,1.0265287473996019,0.3975694444444444,0.73778816876903,1.0,9/58,10.94%,CCL5;CLU;ANXA5;DUSP5;CALM3;PSMB9;CD55;PFN1;PIM1,Skin,Treg
25,logFC,Xenobiotic Metabolism,0.30354878822949316,1.0207947302416223,0.423728813559322,0.7161191460055096,1.0,8/35,15.45%,CYB5A;PSMB10;SSR3;MT2A;DDT;HACL1;GSTO1;ACO2,Skin,Treg
26,logFC,Estrogen Response Early,-0.2830482626833279,-1.0142446451267566,0.4302600472813239,0.9730643402399127,0.999,12/36,20.64%,SLC16A1;LRIG1;BCL2;GLA;AFF1;ELF1;BCL11B;TIAM1;IL6ST;PMAIP1;TGIF2;SLC7A5,Skin,Treg
27,logFC,KRAS Signaling Dn,-0.36878479002290215,-0.9923690997792827,0.47300215982721383,0.9291030534351145,1.0,6/12,23.99%,TG;CCR8;PTPRJ;BTG2;TENT5C;NR4A2,Skin,Treg
28,logFC,Estrogen Response Late,0.2804660577375237,0.9651305331380903,0.52,0.8215105601469237,1.0,9/39,15.71%,TOP2A;IDH2;FABP5;COX6C;ETFB;FDFT1;SGK1;SIAH2;DNAJC1,Skin,Treg
29,logFC,Interferon Gamma Response,-0.2242234360634775,-0.9521659148644083,0.550251256281407,0.9470737913486005,1.0,23/87,19.85%,TRIM14;FGL2;NLRC5;VAMP5;PDE4B;STAT1;ISG20;STAT3;SPPL2A;IRF1;SAMHD1;ARL4A;ARID5B;GCH1;BTG1;IFNAR2;TXNIP;PNP;PELI1;NAMPT;SOCS1;CASP8;TNFAIP3,Skin,Treg
30,logFC,heme Metabolism,-0.2283692659877124,-0.9330903869368685,0.5772151898734177,0.9083969465648855,1.0,23/61,27.67%,FBXO34;KDM7A;EPB41;KAT2B;TSPAN5;PICALM;LRP10;ISCA1;CAST;CCDC28A;USP15;MXI1;BACH1;SDCBP;TNRC6B;BTG2;TENT5C;MARK3;MFHAS1;TOP1;NEK7;BNIP3L;DAAM1,Skin,Treg
31,logFC,Coagulation,0.3537583222376001,0.9308233362251636,0.5226415094339623,0.8699567993989481,1.0,3/13,12.31%,CLU;ANXA1;WDR1,Skin,Treg
32,logFC,Hypoxia,-0.22120965805047832,-0.9239643170889995,0.5796019900497512,0.8493407356002777,1.0,29/70,27.62%,UGP2;KLHL24;IRS2;BCL2;JMJD6;FOSL2;CDKN1B;ISG20;ZNF292;SLC2A3;P4HA1;BTG1;MXI1;CXCR4;RORA;PNRC1;TNFAIP3;KLF6;SLC6A6;PPP1R15A;MAP3K1;GLRX;ETS1;ERRFI1;ATF3;IDS;EXT1;MYH9;BNIP3L,Skin,Treg
33,logFC,Apical Surface,-0.36727679498670973,-0.9219723629109029,0.559322033898305,0.7834605597964376,1.0,4/10,28.27%,CROCC;CRYBG1;ADAM10;B4GALT1,Skin,Treg
34,logFC,Myogenesis,0.28755264983843243,0.8943980012231819,0.5830388692579506,0.925287459575997,1.0,8/24,23.67%,CLU;SYNGR2;MEF2A;TPM3;LSP1;GABARAPL2;FDPS;SIRT2,Skin,Treg
35,logFC,Apical Junction,0.25865191271262444,0.8855942946764711,0.6241721854304636,0.9085399449035811,1.0,18/40,28.38%,MYL12B;ACTB;PFN1;RAC2;ACTG1;CAP1;MSN;GTF2F1;YWHAH;EPB41L2;CD99;CTNNA1;GNAI2;ARPC2;RHOF;ACTN4;DLG1;TIAL1,Skin,Treg
36,logFC,TGF-beta Signaling,0.2912947861933943,0.8830098877581053,0.609375,0.8786611570247934,1.0,8/24,22.29%,PPP1CA;HDAC1;SLC20A1;FKBP1A;RHOA;ID2;CTNNB1;SMAD3,Skin,Treg
37,logFC,Epithelial Mesenchymal Transition,0.27402148785730085,0.8779818636493526,0.6179001721170396,0.8555838101292648,1.0,9/29,24.47%,CAPG;VIM;FLNA;TGFBR3;PPIB;LGALS1;GEM;ID2;TPM4,Skin,Treg
38,logFC,Wnt-beta Catenin Signaling,0.3718333134735489,0.8735624125900358,0.614100185528757,0.8341291704928069,1.0,3/8,21.77%,MYC;RBPJ;CTNNB1,Skin,Treg
39,logFC,PI3K/AKT/mTOR  Signaling,0.23767447621035476,0.8508482804737085,0.6832504145936982,0.8507526564344747,1.0,10/51,12.11%,PPP1CA;AP2M1;SMAD2;CSNK2B;HSP90B1;TBK1;PFN1;CFL1;PIN1;ARHGDIA,Skin,Treg
40,logFC,Angiogenesis,0.44041897632061455,0.8235076095843619,0.6835699797160243,0.8755557138785979,1.0,3/4,35.33%,LRPAP1;S100A4;TIMP1,Skin,Treg
41,logFC,UV Response Dn,-0.2104911738973516,-0.8008229398439077,0.817966903073286,0.9894891368173812,1.0,15/49,28.92%,PEX14;SYNE1;ABCC1;MAPK14;CDKN1B;FYN;ATP2B4;NR1D2;PRDM2;SCAF8;ATP2B1;NEK7;DYRK1A;NIPBL;INPP4B,Skin,Treg
42,logFC,Apoptosis,0.20694605865036347,0.7985443286519254,0.8143100511073254,0.8921097337006428,1.0,9/78,11.06%,TOP2A;CLU;HMGB2;SLC20A1;BAX;TGFBR3;GPX1;VDAC2;ANXA1,Skin,Treg
43,logFC,Myc Targets V2,0.30682179024482825,0.7949441869699317,0.7087198515769945,0.8694503687905448,1.0,2/12,9.27%,MYC;PA2G4,Skin,Treg
44,logFC,Inflammatory Response,-0.18739643779584625,-0.7540796264835352,0.917098445595855,0.9921483097055617,1.0,19/65,24.27%,GPR132;ABI1;TNFRSF9;SLAMF1;GPR183;PDE4B;KCNA3;IRF1;ATP2A2;GCH1;CXCR6;RAF1;NAMPT;BTG2;KLF6;TNFRSF1B;CXCL8;ATP2B1;SELL,Skin,Treg
45,logFC,Hedgehog Signaling,0.3618451834688018,0.7532444264406376,0.7423076923076923,0.9078081955922864,1.0,2/6,4.82%,CDK6;DPYSL2,Skin,Treg
46,logFC,Allograft Rejection,0.18450134861855388,0.7311037804388493,0.9455445544554455,0.906127389598464,1.0,13/83,18.20%,CCL5;CAPG;PSMB10;FLNA;TRAT1;EIF5A;IL12RB1;BCL10;HCLS1;WAS;SIT1;CD47;DEGS1,Skin,Treg
47,logFC,Androgen Response,-0.17722298075188886,-0.6782453131724696,0.9754901960784313,1.0,1.0,3/47,1.98%,TSC22D1;HPGD;NGLY1,Skin,Treg
48,logFC,p53 Pathway,-0.16326736874381553,-0.6670014103598843,0.9772727272727273,0.9461832061068702,1.0,18/69,22.60%,TSC22D1;ERCC5;TSPYL2;PVT1;ZFP36L1;SESN1;BTG1;TXNIP;SAT1;PRMT2;SOCS1;PPM1D;HEXIM1;BTG2;RB1;ISCU;PPP1R15A;TGFB1,Skin,Treg
49,logFC,Interferon Alpha Response,0.1927494467838969,0.6431196520037791,0.9580536912751678,0.9539600550964187,1.0,8/35,18.80%,PSME2;PSMB9;IFITM2;NCOA7;LY6E;PSME1;CD47;BST2,Skin,Treg
0,logFC,TNF-alpha Signaling via NF-kB,0.6259173368361044,2.5928417399586254,0.001,0.001,0.001,96/179,15.28%,IL7R;CD69;CCL4;CCL5;GPR183;CD44;GFPT2;TNC;FJX1;BMP2;SDC4;CXCL1;CXCL11;TRAF1;CXCL10;PLPP3;SERPINE1;DUSP2;GEM;TNFAIP6;ACKR3;ICOSLG;FOSL1;KDM6B;IL6;SMAD3;PTPRE;EHD1;IL1B;SOD2;TNFAIP2;F3;CEBPB;TNFAIP8;CXCL3;G0S2;SNN;PANX1;TNFAIP3;NFKB1;PTGS2;MAP2K3;IL18;LITAF;CXCL2;SERPINB2;ZC3H12A;B4GALT5;RNF19B;NR4A3;EGR3;IRS2;DENND5A;YRDC;PMEPA1;PFKFB3;TNIP1;PHLDA2;BTG3;AREG;REL;CFLAR;PTGER4;RELB;SPSB1;RIPK2;IER3;TANK;NFKBIE;PDE4B;CCL2;VEGFA;BIRC3;IFNGR2;NFE2L2;B4GALT1;CCRL2;NFKBIA;STAT5A;PHLDA1;FOSL2;MAFF;NINJ1;BCL6;ICAM1;TGIF1;BCL3;NFKB2;PLAUR;GCH1;SERPINB8;TRIB1;ABCA1;HBEGF;ZBTB10;CDKN1A,Skin,VE
1,logFC,Epithelial Mesenchymal Transition,0.6321703502538003,2.564085971334958,0.001,0.001,0.001,63/151,11.30%,COL5A3;TGFBI;CD44;PRRX1;THY1;GLIPR1;SLIT2;PDGFRB;LUM;TNC;COL6A3;COL6A2;MMP1;CXCL8;ECM2;SDC4;NOTCH2;CXCL1;LRP1;COL12A1;SERPINE1;FBLN1;GEM;VCAM1;ACTA2;LAMC2;COL3A1;IL6;COL1A2;MFAP5;COL1A1;PCOLCE;EFEMP2;VCAN;DCN;SLIT3;FAS;COL5A2;ITGB3;SERPINE2;SFRP1;TNFAIP3;NID2;GJA1;PMEPA1;COL4A2;PVR;COL4A1;ABI3BP;AREG;CDH11;NT5E;COL5A1;SPOCK1;FZD8;VEGFA;TFPI2;ITGAV;FAP;EMP3;TAGLN;THBS1;MMP14,Skin,VE
2,logFC,Inflammatory Response,0.6150901286582989,2.438387896060349,0.001,0.001,0.001,58/127,15.28%,IL7R;CD69;CCL5;GPR183;RGS1;AXL;CXCL8;SLAMF1;CXCL11;LCK;C5AR1;CSF3;CXCL10;IRAK2;SERPINE1;TNFAIP6;ICOSLG;IL6;PTPRE;SGMS2;IL1B;F3;ICAM4;ITGB3;CHST2;NFKB1;SLC7A1;IL18;IL18R1;SELE;HAS2;PVR;CD82;HPN;PTGER4;CD55;RIPK2;PDE4B;CCL2;IFNGR2;TPBG;EMP3;CCRL2;MMP14;NFKBIA;HRH1;ACVR1B;ICAM1;PLAUR;GCH1;BDKRB1;SLC31A1;LCP2;ABCA1;CX3CL1;HBEGF;ATP2A2;CDKN1A,Skin,VE
3,logFC,Allograft Rejection,0.5927291432590721,2.3092219335496864,0.001,0.001,0.001,46/118,17.77%,PTPRC;CD247;ITK;CCL4;STAT4;CCL5;THY1;FYB1;CD7;LCK;KRT1;ICOSLG;IL16;IL6;TGFB2;IL1B;FAS;DYRK3;IL18;SOCS1;C2;RIPK2;CCL2;IFNGR2;GALNT1;INHBB;IRF8;ICAM1;ETS1;EIF3A;DEGS1;BCL3;BRCA1;IL7;KLRD1;LCP2;CCND2;EGFR;BCL10;EIF4G3;UBE2N;PTPN6;UBE2D1;GBP2;NME1;HIF1A,Skin,VE
4,logFC,KRAS Signaling Up,0.4925535056784423,1.9742021334604805,0.001,0.001,0.002,47/139,15.43%,IL7R;IKZF1;CXCR4;LCP1;F13A1;PRRX1;GFPT2;CD37;GPNMB;BMP2;LAT2;TRAF1;CXCL10;TMEM176B;TMEM176A;CA2;DNMBP;IL1B;MAP7;G0S2;TNFAIP3;PTGS2;DUSP6;CFH;YRDC;GALNT3;SNAP25;KCNN4;USP12;BIRC3;AKT2;ANKH;MPZL2;TOR1AIP2;PRDM1;CPE;IRF8;APOD;AKAP12;ETS1;LAPTM5;PLAUR;TRIB1;CCND2;HBEGF;PRELID3B;CCSER2,Skin,VE
5,logFC,IL-6/JAK/STAT3 Signaling,0.5393078060626612,1.9073382139263475,0.001,0.001,0.005,22/62,14.31%,TNFRSF21;CD44;CXCL1;CXCL11;CXCL10;HMOX1;IL6;IL1B;FAS;PTPN1;CXCL3;ITGB3;SOCS1;IL18R1;IL1R2;PDGFC;IFNGR2;PIM1;ACVR1B;TYK2;TNFRSF12A;IL7,Skin,VE
6,logFC,Complement,0.4645828288014664,1.8738282976492175,0.001,0.001,0.006,39/142,14.59%,DOCK10;CCL5;GNG2;F10;CXCL1;LRP1;LCK;GATA3;SERPINE1;F5;CA2;IL6;EHD1;F3;C1R;CEBPB;C1S;C3;TNFAIP3;SH2B3;SERPINB2;DUSP6;C2;CFH;COL4A2;BRPF3;CD55;CASP9;DPP4;ZFPM2;TFPI2;ZEB1;MMP14;MAFF;PIM1;RNF4;PLAUR;HSPA5;LCP2,Skin,VE
7,logFC,Angiogenesis,0.619871005123344,1.843457250411066,0.001589825119236884,0.0012569147341744556,0.009,14/25,20.07%,TNFRSF21;LUM;STC1;COL3A1;VCAN;COL5A2;FGFR1;VEGFA;ITGAV;SLCO2A1;CCND2;PDGFA;THBD;FSTL1,Skin,VE
8,logFC,Myc Targets V2,0.5258444820667184,1.8179128890258347,0.001,0.002358654809808855,0.019,23/53,18.03%,SLC19A1;DUSP2;RRP12;NOP16;PPRC1;HK2;BYSL;PUS1;WDR43;NDUFAF4;TFB2M;NOLC1;NIP7;NOP2;IPO4;MCM4;TMEM97;MRTO4;GNL3;RRP9;GRWD1;HSPD1;PPAN,Skin,VE
9,logFC,UV Response Dn,0.44483857126735876,1.7681649628537233,0.0013054830287206266,0.004245578657655939,0.037,50/129,20.41%,IGFBP5;PDGFRB;RUNX1;NOTCH2;PLPP3;SERPINE1;PRKCA;COL3A1;SDC2;DDAH1;COL1A2;COL1A1;SMAD3;MAP1B;F3;SYNJ2;INPP4B;COL5A2;ITGB3;NFKB1;SLC7A1;BMPR1A;HAS2;GJA1;RND3;SIPA1L1;MT1E;PIK3CD;ABCC1;SFMBT1;FHL2;TENT4A;CELF2;LTBP1;SCHIP1;PRKCE;MAGI2;LAMC1;RBPMS;CDK13;LDLR;SNAI2;FYN;ATXN1;DLC1;SPOP;TFPI;EFEMP1;INSIG1;CDC42BPA,Skin,VE
10,logFC,Interferon Gamma Response,0.4230332310666989,1.7434556935638452,0.0012330456226880395,0.005180012237809877,0.05,52/171,18.56%,CD69;STAT4;CCL5;CXCL11;MTHFD2;CXCL10;TNFAIP6;VCAM1;CD274;IL6;ISG20;SOD2;TNFAIP2;C1R;FAS;PTPN1;PNP;C1S;TNFAIP3;NFKB1;PTGS2;SOCS1;CFH;MT2A;AUTS2;RIPK2;ZNFX1;SSPN;ARID5B;PDE4B;CCL2;TRIM25;NFKBIA;PIM1;IRF8;ICAM1;RAPGEF6;GCH1;IL7;ST3GAL5;LCP2;CDKN1A;LATS2;OAS3;PTPN6;UPP1;OASL;PARP14;HIF1A;HELZ2;IL15RA;TRIM21,Skin,VE
11,logFC,IL-2/STAT5 Signaling,0.4267888722229208,1.7273152192632295,0.0012903225806451613,0.005120763731821857,0.054,38/154,12.49%,RHOH;TNFRSF21;CD44;BMP2;BCL2;TRAF1;ALCAM;CXCL10;ADAM19;CA2;BATF3;HOPX;PNP;IKZF2;HK2;SOCS1;PLAGL1;PUS1;IL18R1;COL6A1;IL1R2;DENND5A;PRNP;HIPK2;PLIN2;IRF6;NT5E;SPRY4;XBP1;NOP2;ITGAV;SLC39A8;PHLDA1;MAFF;PIM1;MAPKAPK2;GLIPR2;IRF8,Skin,VE
12,logFC,Estrogen Response Late,0.4321818265090494,1.708826568045639,0.001,0.005844116370862427,0.067,36/126,13.86%,SLC7A5;CDH1;CD44;BCL2;CXCL14;DUSP2;RAB31;CA2;LAMC2;ISG20;CKB;TRIM29;NRIP1;TFF3;DLG5;SCUBE2;PPIF;SLC1A4;RBBP8;EGR3;PTGES;SFN;FKBP4;BTG3;AREG;LARGE1;XBP1;TPBG;TFPI2;SIAH2;PERP;IMPA2;CPE;PAPSS2;RABEP1;NCOR2,Skin,VE
13,logFC,Oxidative Phosphorylation,-0.3447341140623762,-1.696318197701483,0.001,0.02164925204841013,0.032,108/200,38.06%,NDUFA3;IDH1;MTX2;TCIRG1;NQO2;MAOB;NDUFB7;SLC25A20;NDUFS3;PDK4;DECR1;BDH2;ATP5ME;AIFM1;NDUFC2;NDUFA7;NDUFB1;UQCR11;NNT;NDUFC1;ABCB7;RHOT2;NDUFA4;NDUFV1;COX6B1;ATP5F1E;NDUFS7;ETFB;NDUFA1;NDUFB4;FH;COX5B;ATP5PF;NDUFB3;ECHS1;NDUFS4;ATP6AP1;MGST3;ATP5PD;COX6C;NDUFA5;MTRF1;ACAA2;UQCRQ;PDHB;ATP5F1D;TIMM8B;COX11;MRPS11;NDUFA2;MRPL11;UQCR10;ATP5MC2;NDUFA8;ECH1;ACADM;NDUFS8;MDH2;ATP5MC1;PDHX;NDUFB8;PHYH;GPX4;COX7A2L;CYB5A;MRPL34;HSD17B10;COX7B;GLUD1;MRPL35;ATP6V1E1;ATP5MC3;SDHC;ATP5PO;BAX;MPC1;NDUFS2;ISCU;COX17;ALDH6A1;CYC1;ATP5MF;PDHA1;ATP5F1C;NDUFB2;COX5A;SDHD;UQCRB;COX7C;COX7A2;COX15;COX6A1;TIMM13;OAT;PMPCA;ECI1;BCKDHA;VDAC3;NDUFA9;PHB2;SUCLG1;ATP5MG;MRPS12;IDH3B;ACADSB;COX8A;NDUFB5;NDUFS6,Skin,VE
14,logFC,Apical Junction,0.41938572715003236,1.6869048650527294,0.00129366106080207,0.00670354524893043,0.082,32/140,15.01%,PTPRC;CDH1;TGFBI;DSC3;THY1;SLIT2;FYB1;TRAF1;NEGR1;VCAM1;LAMC2;CD274;PARD6G;NECTIN1;VCAN;ICAM4;MAP4K2;MPZL1;CDH11;AKT2;ADAM23;MPZL2;B4GALT1;ICAM1;NF1;CDK8;ZYX;NF2;VCL;MMP2;CX3CL1;EGFR,Skin,VE
15,logFC,Androgen Response,0.44905255373561975,1.6659254168066084,0.001,0.007820802790418836,0.099,20/91,13.56%,IQGAP2;MAF;STEAP4;NKX3-1;HPGD;RRP12;INPP4B;ELL2;TNFAIP8;MAP7;CDK6;PMEPA1;ADAMTS1;ARID5B;ITGAV;ANKH;DHCR24;B4GALT1;AKAP12;DNAJB9,Skin,VE
16,logFC,Myogenesis,0.4244111109127776,1.657942669315967,0.0013280212483399733,0.008239774368476987,0.112,39/122,16.25%,LSP1;COL6A3;COL6A2;SOD3;DENND2B;FST;FXYD1;COL3A1;DMD;CKB;COL1A1;NAV2;MYH11;AEBP1;CFD;ITGA7;PRNP;COL4A2;KLF5;LARGE1;SSPN;CRYAB;AKT2;TAGLN;TEAD4;BDKRB2;SVIL;STC2;BIN1;SCHIP1;APOD;NCAM1;WWTR1;PDE4DIP;HBEGF;CDKN1A;MYL4;FGF2;COL15A1,Skin,VE
17,logFC,Estrogen Response Early,0.4177396450484303,1.6577288550777318,0.001,0.007755081758566576,0.112,52/142,18.53%,BCL11B;SLC7A5;CD44;BCL2;MYBL1;RAB31;NAV2;AQP3;KAZN;PMAIP1;RRP12;NRIP1;TFF3;ISG20L2;SEC14L2;PPIF;TGIF2;SLC1A4;RBBP8;EGR3;PTGES;SFN;GJA1;FASN;MED24;FKBP4;AREG;KRT15;SYNGR1;XBP1;TPBG;FHL2;SVIL;B4GALT1;STC2;SLC2A1;INHBB;SIAH2;PAPSS2;RETREG1;NCOR2;ELF1;TSKU;SLC19A2;SLC39A6;RHOBTB3;MAST4;KCNK5;CHPT1;DYNLT3;DLC1;MUC1,Skin,VE
18,logFC,mTORC1 Signaling,0.39830798422750263,1.6449166487352804,0.001,0.008255291834330993,0.125,57/178,21.13%,CXCR4;SLC7A5;CORO1A;IGFBP5;SLC7A11;NIBAN1;SYTL2;MTHFD2;STC1;PNP;HK2;MAP2K3;SLC1A4;ETF1;TOMM40;PNO1;PSME3;XBP1;ACACA;TFRC;STARD4;DHCR24;TXNRD1;SLC2A1;MTHFD2L;SHMT2;NFKBIB;HSPA5;ARPC5L;P4HA1;MCM4;ELOVL6;HSPA9;PGM1;PSMD12;TMEM97;EGLN3;ATP2A2;CDKN1A;LDLR;SQSTM1;RRP9;HSPA4;IDI1;HSPD1;TES;PITPNB;SDF2L1;PSMD14;ABCF2;DDX39A;NFIL3;INSIG1;GPI;PPP1R15A;STIP1;EDEM1,Skin,VE
19,logFC,Hypoxia,0.39465741708147195,1.6240532682782043,0.005,0.009584893645400529,0.151,49/165,15.28%,CXCR4;TGFBI;BCL2;SDC4;TMEM45A;SERPINE1;SRPX;ACKR3;PRKCA;PKP1;STC1;HMOX1;SDC2;IL6;ISG20;TGFB3;F3;DCN;CHST2;TNFAIP3;HK2;NOCT;AMPD3;IRS2;MT2A;PFKFB3;PLIN2;MT1E;LARGE1;COL5A1;EXT1;IER3;VEGFA;TPBG;STC2;NEDD4L;SLC2A1;FOSL2;MAFF;PIM1;SIAH2;AKAP12;ETS1;PLAUR;HSPA5;P4HA1;PGM1;EGFR;CDKN1A,Skin,VE
20,logFC,Apical Surface,0.5375492723437233,1.6111216389931964,0.01658374792703151,0.010167043627544486,0.166,10/28,14.81%,THY1;EFNA5;LYPD3;GATA3;SRPX;CRYBG1;B4GALT1;BRCA1;PLAUR;CX3CL1,Skin,VE
21,logFC,G2-M Checkpoint,0.39687984256809344,1.6074125248973998,0.002544529262086514,0.010002115133324769,0.171,83/152,34.09%,SLC7A5;EFNA5;NOTCH2;MEIS2;DMD;HMGA1;SMAD3;SLC38A1;SLC7A1;CHAF1A;MT2A;ABL1;NOLC1;GSPT1;CKS2;NUP98;E2F3;TOP1;TENT4A;CENPA;CDC7;HIRA;BCL3;POLA2;UPF1;G3BP1;FBXO5;KPNB1;SRSF1;SMARCC1;TNPO2;NCL;TFDP1;CENPE;NUP50;HIF1A;PTTG1;LMNB1;SFPQ;DDX39A;UCK2;UBE2S;NSD2;RACGAP1;PAFAH1B1;CDKN3;CUL1;KPNA2;H2AZ1;CUL4A;TGFB1;HUS1;SQLE;SYNCRIP;PRC1;HSPA8;MARCKS;TLE3;HNRNPU;CCNT1;PRMT5;DR1;CDKN1B;SMC1A;SAP30;DKC1;SRSF2;HNRNPD;CTCF;ATF5;RAD23B;STAG1;RBM14;ILF3;CDK4;MTF2;POLE;H2AX;JPT1;MCM3;ODC1;MAP3K20;MCM6,Skin,VE
22,logFC,Coagulation,0.42706573064842196,1.5932909008324332,0.00697350069735007,0.010817084378955922,0.194,23/81,11.79%,F10;MMP1;LRP1;SERPINE1;F3;CTSK;C1R;ITGB3;C1S;C3;CFD;SERPINB2;DUSP6;C2;CFH;DUSP14;HPN;CASP9;DPP4;TFPI2;THBS1;MMP14;MAFF,Skin,VE
23,logFC,Apoptosis,0.38240165194578507,1.54208175200567,0.005063291139240506,0.016564557462936787,0.29,36/139,15.38%,CD69;CD44;PDGFRB;LUM;BMP2;HMOX1;IL6;TGFB2;ISG20;IL1B;SOD2;PMAIP1;IGFBP6;DCN;FAS;IL18;CYLD;ETF1;EGR3;BTG3;CFLAR;CASP9;IER3;BIRC3;ANKH;PAK1;TNFRSF12A;BRCA1;GCH1;CCND2;MMP2;PEA15;BCL2L11;DAP3;CDKN1A;BCL10,Skin,VE
24,logFC,KRAS Signaling Dn,0.41845210983820486,1.4849897910076568,0.023809523809523808,0.028862486488450464,0.456,18/67,9.02%,NPHS1;LYPD3;PTPRJ;NTF3;KRT1;PKP1;TGFB2;NR6A1;CLSTN3;SNN;CHST2;SERPINB2;CALML5;ENTPD7;KRT5;EFHD1;SPTBN2;KRT15,Skin,VE
25,logFC,PI3K/AKT/mTOR  Signaling,0.37791677794239154,1.431722495190208,0.03536067892503536,0.04594163010600322,0.62,18/91,16.48%,CAMK4;CXCR4;VAV3;LCK;MAP2K3;SFN;ACACA;SLC2A1;EIF4E;CAB39;NFKBIB;PRKAR2A;EGFR;CDKN1A;MKNK1;UBE2N;PTPN11;SQSTM1,Skin,VE
26,logFC,Unfolded Protein Response,0.36161105355023676,1.3914870158226682,0.03351206434316354,0.06149213622576568,0.736,55/109,32.25%,SLC7A5;MTHFD2;NABP1;CEBPB;SLC1A4;NOLC1;GEMIN4;CCL2;VEGFA;DDX10;XBP1;IARS1;STC2;TSPYL2;ATF6;EIF4E;EIF2S1;DCP1A;ZBTB17;EIF2AK3;DNAJB9;NOP14;HSPA5;HSPA9;TATDN2;HYOU1;EIF4G1;RRP9;DNAJA4;KHSRP;ATP6V0D1;EDEM1;TARS1;HERPUD1;ATF4;CNOT4;CNOT2;EDC4;HSP90B1;SHC1;WIPI1;TUBB2A;CHAC1;YWHAZ;GOSR2;DNAJC3;SEC31A;DKC1;SDAD1;EXOSC2;NPM1;EIF4A1;CEBPG;NOP56;ERN1,Skin,VE
27,logFC,Glycolysis,0.3213042542944113,1.3057922289737212,0.05784061696658098,0.12095347384335585,0.934,33/154,16.30%,CXCR4;TGFBI;CD44;STC1;SDC2;ISG20;VCAN;DCN;NANP;TFF3;CHST2;HK2;IRS2;MED24;FKBP4;NT5E;COL5A1;EXT1;IER3;PMM2;VEGFA;TPBG;B4GALT1;STC2;CENPA;GFPT1;HSPA5;P4HA1;EGLN3;EGFR;PKM;PYGL;PGAM1,Skin,VE
28,logFC,Reactive Oxygen Species Pathway,0.3884059008955968,1.2979479936300429,0.11912225705329153,0.12445450971079768,0.943,9/48,11.38%,MBP;LSP1;IPCEF1;SOD2;PRNP;GCLM;ABCC1;TXNRD1;HMOX2,Skin,VE
29,logFC,Fatty Acid Metabolism,-0.2784693027540964,-1.2977902035372053,0.034220532319391636,0.29023528527399833,0.572,51/129,30.39%,AQP7;NSDHL;BCKDHB;NTHL1;MAOA;CYP1A1;IDH1;HSD17B7;ACOT2;ALAD;ACADS;HSD17B11;MLYCD;D2HGDH;LTC4S;ACOT8;SUCLG2;S100A10;ECI2;GPD2;MCEE;EHHADH;DECR1;SLC22A5;GRHPR;HMGCL;INMT;ENO2;FH;GLUL;NCAPH2;PSME1;ECHS1;ACOX1;HSD17B4;ACAA2;PDHB;AUH;BPHL;ERP29;ECH1;ACADM;MDH2;CRAT;HSD17B10;UROS;SDHC;CPOX;UROD;MIF;HMGCS1,Skin,VE
30,logFC,TGF-beta Signaling,0.3775106030546641,1.2776365588078455,0.155096011816839,0.14073592410541877,0.964,15/52,14.44%,CDH1;BMP2;SERPINE1;RAB31;SMAD3;BMPR1A;PMEPA1;HIPK2;LTBP2;IFNGR2;THBS1;TGIF1;NCOR2;WWTR1;SMURF1,Skin,VE
31,logFC,Xenobiotic Metabolism,0.302156503308517,1.198651227591646,0.17142857142857143,0.22941021518561916,0.995,28/132,16.59%,F10;PTGDS;TMEM176B;APOE;SERPINE1;FBLN1;CA2;HMOX1;TGFB2;SPINT2;FAS;NPC1;PTGES;MT2A;BCAR1;NINJ1;PPARD;IRF8;PAPSS2;GCH1;SHMT2;MAN1A1;TMEM97;ATP2A2;ALDH3A1;LONP1;JUP;UPP1,Skin,VE
32,logFC,Bile Acid Metabolism,-0.2829917017308496,-1.1604573830210327,0.1986754966887417,0.5026685709990228,0.88,17/70,12.03%,CYP39A1;NUDT12;EPHX2;IDH1;CH25H;GNPAT;PEX1;LIPE;CROT;EFHC1;ABCA3;HSD17B11;PEX16;MLYCD;PECR;AMACR;ABCA4,Skin,VE
33,logFC,Myc Targets V1,0.27870609414511927,1.147925748866721,0.18401015228426396,0.3009387248847801,0.998,81/193,32.50%,NOP16;ETF1;SRPK1;NOLC1;GSPT1;DDX21;CTPS1;UBE2E1;HNRNPC;IARS1;UBA2;EIF4E;EIF2S1;SF3B3;G3BP1;HDGF;MCM4;EIF3B;KPNB1;SRSF1;SMARCC1;GNL3;PSMD1;CCT2;TFDP1;NME1;RRP9;PSMD3;HSPD1;PABPC4;PSMD14;RSL1D1;POLE3;PABPC1;ABCE1;CUL1;KPNA2;CCT5;H2AZ1;SRM;TOMM70;AIMP2;NCBP1;PPM1G;FBL;SYNCRIP;ILF2;GOT2;NAP1L1;RAN;RNPS1;SNRPA;VDAC1;HNRNPU;HDAC2;KARS1;EIF4G2;CCT3;PCBP1;PSMA6;SET;USP1;RRM1;FAM120A;SERBP1;YWHAE;STARD7;EIF3J;SRSF2;HNRNPD;XRCC6;TRIM28;NPM1;RAD23B;HPRT1;EIF4A1;TCP1;PA2G4;HSPE1;NOP56;CDK4,Skin,VE
34,logFC,Hedgehog Signaling,0.3853244829921872,1.1072944403447558,0.31343283582089554,0.3631785295800746,0.999,6/22,14.89%,THY1;NRCAM;CDK6;VEGFA;NF1;NRP2,Skin,VE
35,logFC,Notch Signaling,0.35682916654306324,1.0654421712518682,0.3536184210526316,0.4336652075431812,1.0,9/26,21.67%,NOTCH3;NOTCH2;PRKCA;DTX4;PPARD;MAML2;ARRB1;FBXW11;CUL1,Skin,VE
36,logFC,p53 Pathway,0.2575416196837146,1.0631203884448637,0.3251231527093596,0.42567512330708235,1.0,58/177,25.08%,TP63;SLC7A11;BMP2;HMOX1;AEN;SERPINB5;VDR;PTPRE;FAS;PITPNC1;SOCS1;RNF19B;SFN;TRAF4;CD82;RAP2B;PVT1;IER3;TSPYL2;INHBB;NINJ1;POM121;POLH;PERP;TP53;ACVR1B;DNTTIP2;RRP8;CCND2;HBEGF;RRAD;TM4SF1;CDKN1A;SLC19A2;GM2A;PDGFA;UPP1;FGF13;RHBDF2;IER5;RAB40C;ABCC5;NUDT15;PPP1R15A;F2R;EPHA2;DRAM1;CSRNP2;ADA;ZMAT3;IRAK1;RALGDS;HEXIM1;TGFB1;BTG1;SLC35D1;FBXW7;APP,Skin,VE
37,logFC,UV Response Up,0.26435186504359076,1.042089632627396,0.38533333333333336,0.45545801719875895,1.0,36/126,22.32%,BMP2;CA2;HMOX1;IL6;AQP3;SOD2;AGO2;CXCL2;PPIF;FKBP4;BTG3;PPAT;DDX21;ARRB2;TFRC;DLG4;MMP14;NFKBIA;GRPEL1;ICAM1;RAB27A;GCH1;BCL2L11;RRAD;WIZ;SQSTM1;CLCN2;NUP58;BID;GGH;POLE3;STIP1;TARS1;MARK2;TGFBRAP1;DNAJA1,Skin,VE
38,logFC,Wnt-beta Catenin Signaling,-0.2877386523730807,-1.0075357738872581,0.43523316062176165,0.9760768247763663,0.993,9/33,18.92%,HEY1;NOTCH4;JAG2;KAT2A;SKP2;MYC;DLL1;PTCH1;LEF1,Skin,VE
39,logFC,DNA Repair,-0.2076536515352226,-0.9700192133964259,0.5423728813559322,0.9499962414492971,0.997,49/138,31.51%,TAF1C;RFC4;BRF2;AGO4;POLL;BCAM;XPC;CETN2;POLR2I;AAAS;SNAPC5;DAD1;GMPR2;GTF2H5;TK2;POLE4;ERCC2;POLR2G;RBX1;CMPK2;NELFB;RAE1;PRIM1;POLR3GL;VPS28;MPG;RFC3;EDF1;BCAP31;MRPL40;POLR2C;RNMT;POLR2J;TAF12;POLD4;NME3;RPA3;RFC5;ERCC5;ERCC4;GPX4;POLR2K;NME4;SAC3D1;NT5C;DUT;DCTN4;COX17;NFX1,Skin,VE
40,logFC,Mitotic Spindle,0.2332197627323298,0.9567617194850572,0.5498753117206983,0.620574494433393,1.0,54/176,28.04%,NOTCH2;WASF1;CLIP1;ARHGEF2;TUBD1;MID1;ABL1;EZR;PPP4R2;GEMIN4;BCR;NCK2;CDC42EP2;ARHGAP10;RAPGEF5;BCAR1;PALLD;CLIP2;BIN1;NF1;RAPGEF6;MARK4;MYO9B;SSH2;FBXO5;VCL;BCL2L11;CSNK1D;CENPE;LMNB1;ARF6;MAP1S;LRPPRC;KIF1B;EPB41;CDC42BPA;RACGAP1;PAFAH1B1;AKAP13;STAU1;DLG1;DYNC1H1;ABR;CTTN;STK38L;PRC1;PCGF5;MARCKS;TRIO;CAPZB;ATG4B;LATS1;NCK1;MAPRE1,Skin,VE
41,logFC,Interferon Alpha Response,-0.21047720545939766,-0.9335796352819498,0.6319702602230484,0.9350898293617982,1.0,25/93,20.34%,TXNIP;DDX60;IFITM1;LY6E;LPAR6;CMTR1;IFI27;IFITM3;ISG15;LGALS3BP;NMI;IFI44L;PSMB9;TMEM140;BST2;CD74;CMPK2;LAP3;SELL;UBA7;HLA-C;B2M;PSME1;IFI35;IFITM2,Skin,VE
42,logFC,Pperoxisome,-0.19962229416824825,-0.8632644084387069,0.7658862876254181,1.0,1.0,30/83,28.45%,ABCB1;EPHX2;IDH1;GNPAT;HSD17B11;MLYCD;FIS1;ACOT8;MSH2;ECI2;TSPO;EHHADH;FDPS;ABCB9;PEX2;PRDX1;HMGCL;GSTK1;ACOX1;ABCB4;HSD17B4;LONP2;IDE;PEX14;HRAS;ECH1;PRDX5;MVP;SCP2;CRAT,Skin,VE
43,logFC,E2F Targets,0.20903110371510528,0.8488571515337715,0.7550505050505051,0.8342894219941389,1.0,63/154,32.90%,MTHFD2;HMGA1;LYAR;NOLC1;GSPT1;CKS2;CTPS1;TFRC;EIF2S1;TP53;PSMC3IP;BRCA1;POLA2;MCM4;SRSF1;NUP153;IPO7;CDKN1A;ATAD2;HELLS;CNOT9;CENPE;NME1;DNMT1;POLD1;PTTG1;LMNB1;RAD1;DDX39A;PNN;UBE2S;RACGAP1;DONSON;CDKN3;LUC7L3;KPNA2;H2AZ1;POLD3;SSRP1;SLBP;HUS1;SNRPB;SYNCRIP;DSCC1;NAP1L1;CHEK2;RAN;AK2;CDKN1B;SMC1A;USP1;SRSF2;HNRNPD;CTCF;XRCC6;STAG1;PA2G4;NOP56;ILF3;CSE1L;CDK4;POLE;H2AX,Skin,VE
44,logFC,Pancreas Beta Cells,0.33186989133511247,0.8457186169168018,0.6684397163120568,0.8189203763967511,1.0,3/14,12.19%,VDR;DPP4;PAK3,Skin,VE
45,logFC,Cholesterol Homeostasis,0.2327028731685019,0.8301033145194628,0.7313218390804598,0.8274867714331431,1.0,19/66,24.97%,ANTXR2;NIBAN1;ALCAM;FASN;STARD4;CXCL16;TNFRSF12A;PLAUR;SREBF2;TMEM97;LDLR;IDI1;NFIL3;STX5;SEMA3B;ACAT2;LGMN;SQLE;CYP51A1,Skin,VE
46,logFC,heme Metabolism,0.198857238529978,0.8232859846609409,0.8496332518337408,0.8181956290704963,1.0,19/158,11.91%,SLC7A11;CA2;TSPAN5;MFHAS1;AQP3;BACH1;ELL2;ICAM4;C3;CDR2;RHCE;MAP2K3;GCLM;FBXO34;OSBP2;TFRC;TOP1;SLC2A1;GAPVD1,Skin,VE
47,logFC,Adipogenesis,-0.15891371594722817,-0.7760116453709054,0.9795918367346939,1.0,1.0,57/182,27.35%,GPAM;ENPP2;EPHX2;IDH1;SPARCL1;LIPE;CD151;SCARB1;ACADS;NDUFB7;COQ5;PDCD4;LTC4S;SAMM50;LIFR;NDUFS3;GPD2;FZD4;DECR1;AIFM1;UQCR11;ELMOD3;TST;SLC5A6;RREB1;SNCG;ETFB;PEMT;SLC27A1;MCCC1;JAGN1;ECHS1;ACOX1;PFKL;MGST3;REEP5;DNAJC15;NMT1;ARL4A;NDUFA5;ACAA2;MIGA2;UQCRQ;COQ3;QDPR;PEX14;UQCR10;SLC66A3;DBT;CAVIN2;ECH1;ACADM;MDH2;PHYH;IFNGR1;GPX4;CDKN2C,Skin,VE
48,logFC,Spermatogenesis,0.20053146084267845,0.716179017496503,0.9227340267459139,0.9395863422078099,1.0,16/62,23.36%,CAMK4;IL12RB2;MAP7;MAST2;IP6K1;NF2;SEPTIN4;PRKAR2A;RPL39L;CCT6B;LPIN1;GSTM3;CSNK2A2;CDKN3;PHKG2;BRAF,Skin,VE
49,logFC,Protein Secretion,-0.09421792213775629,-0.40948121714741414,1.0,0.9997744869578291,1.0,91/91,90.65%,VPS45;BET1;ICA1;VAMP4;TPD52;CLCN3;GLA;CTSC;COG2;PPT1;OCRL;VAMP3;MON2;ARFIP1;CLN5;RER1;SNX2;VAMP7;CD63;STX16;STX7;COPE;AP2B1;YIPF6;DOP1A;TMED10;ADAM10;GALC;SOD1;LAMP2;USO1;RAB2A;SNAP23;CLTA;SEC22B;GNAS;TSG101;TMX1;ATP6V1H;NAPA;ANP32E;AP2M1;ATP7A;AP3S1;ARFGEF1;RAB14;RAB5A;TMED2;ARFGEF2;CAV2;SCAMP1;AP3B1;NAPG;VPS4B;COPB1;MAPK1;STAM;KRT18;LMAN1;BNIP3;ZW10;COPB2;ARF1;CLTC;SCAMP3;DNM1L;DST;AP2S1;SEC31A;M6PR;ERGIC3;ATP1A1;GOSR2;YKT6;RAB9A;PAM;ARFGAP3;IGF2R;RAB22A;AP1G1;ARCN1;KIF1B;SEC24D;RPS6KA3;STX12;GBF1;EGFR;ABCA1;SGMS1;GOLGA4;SSPN,Skin,VE
