,Term_cat,Term,Term_id,geneSymbols,Ontology
0,OIS,HALLMARK_INFLAMMATORY_RESPONSE,,"['ABCA1', 'ABI1', 'ACVR1B', 'ACVR2A', 'ADGRE1', 'ADM', 'ADORA2B', 'ADRM1', 'AHR', 'APLNR', 'AQP9', 'ATP2A2', 'ATP2B1', 'ATP2C1', 'AXL', 'BDKRB1', 'BEST1', 'BST2', 'BTG2', 'C3AR1', 'C5AR1', 'CALCRL', 'CCL17', 'CCL2', 'CCL20', 'CCL22', 'CCL24', 'CCL5', 'CCL7', 'CCR7', 'CCRL2', 'CD14', 'CD40', 'CD48', 'CD55', 'CD69', 'CD70', 'CD82', 'CDKN1A', 'CHST2', 'CLEC5A', 'CMKLR1', 'CSF1', 'CSF3', 'CSF3R', 'CX3CL1', 'CXCL10', 'CXCL11', 'CXCL6', 'CXCL8', 'CXCL9', 'CXCR6', 'CYBB', 'DCBLD2', 'EBI3', 'EDN1', 'EIF2AK2', 'EMP3', 'EREG', 'F3', 'FFAR2', 'FPR1', 'FZD5', 'GABBR1', 'GCH1', 'GNA15', 'GNAI3', 'GP1BA', 'GPC3', 'GPR132', 'GPR183', 'HAS2', 'HBEGF', 'HIF1A', 'HPN', 'HRH1', 'ICAM1', 'ICAM4', 'ICOSLG', 'IFITM1', 'IFNAR1', 'IFNGR2', 'IL10', 'IL10RA', 'IL12B', 'IL15', 'IL15RA', 'IL18', 'IL18R1', 'IL18RAP', 'IL1A', 'IL1B', 'IL1R1', 'IL2RB', 'IL4R', 'IL6', 'IL7R', 'INHBA', 'IRAK2', 'IRF1', 'IRF7', 'ITGA5', 'ITGB3', 'ITGB8', 'KCNA3', 'KCNJ2', 'KCNMB2', 'KIF1B', 'KLF6', 'LAMP3', 'LCK', 'LCP2', 'LDLR', 'LIF', 'LPAR1', 'LTA', 'LY6E', 'LYN', 'MARCO', 'MEFV', 'MEP1A', 'MET', 'MMP14', 'MSR1', 'MXD1', 'MYC', 'NAMPT', 'NDP', 'NFKB1', 'NFKBIA', 'NLRP3', 'NMI', 'NMUR1', 'NOD2', 'NPFFR2', 'OLR1', 'OPRK1', 'OSM', 'OSMR', 'P2RX4', 'P2RX7', 'P2RY2', 'PCDH7', 'PDE4B', 'PDPN', 'PIK3R5', 'PLAUR', 'PROK2', 'PSEN1', 'PTAFR', 'PTGER2', 'PTGER4', 'PTGIR', 'PTPRE', 'PVR', 'RAF1', 'RASGRP1', 'RELA', 'RGS1', 'RGS16', 'RHOG', 'RIPK2', 'RNF144B', 'ROS1', 'RTP4', 'SCARF1', 'SCN1B', 'SELE', 'SELENOS', 'SELL', 'SEMA4D', 'SERPINE1', 'SGMS2', 'SLAMF1', 'SLC11A2', 'SLC1A2', 'SLC28A2', 'SLC31A1', 'SLC31A2', 'SLC4A4', 'SLC7A1', 'SLC7A2', 'SPHK1', 'SRI', 'STAB1', 'TACR1', 'TACR3', 'TAPBP', 'TIMP1', 'TLR1', 'TLR2', 'TLR3', 'TNFAIP6', 'TNFRSF1B', 'TNFRSF9', 'TNFSF10', 'TNFSF15', 'TNFSF9', 'TPBG', 'VIP']",HALLMARK
1,OIS,HALLMARK_KRAS_SIGNALING_UP,,"['ABCB1', 'ACE', 'ADAM17', 'ADAM8', 'ADAMDEC1', 'ADGRA2', 'ADGRL4', 'AKAP12', 'AKT2', 'ALDH1A2', 'ALDH1A3', 'AMMECR1', 'ANGPTL4', 'ANKH', 'ANO1', 'ANXA10', 'APOD', 'ARG1', 'ATG10', 'AVL9', 'BIRC3', 'BMP2', 'BPGM', 'BTBD3', 'BTC', 'C3AR1', 'CA2', 'CAB39L', 'CBL', 'CBR4', 'CBX8', 'CCL20', 'CCND2', 'CCSER2', 'CD37', 'CDADC1', 'CFB', 'CFH', 'CFHR2', 'CIDEA', 'CLEC4A', 'CMKLR1', 'CPE', 'CROT', 'CSF2', 'CSF2RA', 'CTSS', 'CXCL10', 'CXCR4', 'DCBLD2', 'DNMBP', 'DOCK2', 'DUSP6', 'EMP1', 'ENG', 'EPB41L3', 'EPHB2', 'EREG', 'ERO1A', 'ETS1', 'ETV1', 'ETV4', 'ETV5', 'EVI5', 'F13A1', 'F2RL1', 'FBXO4', 'FCER1G', 'FGF9', 'FLT4', 'FUCA1', 'G0S2', 'GABRA3', 'GADD45G', 'GALNT3', 'GFPT2', 'GLRX', 'GNG11', 'GPNMB', 'GPRC5B', 'GUCY1A1', 'GYPC', 'H2BC3', 'HBEGF', 'HDAC9', 'HKDC1', 'HOXD11', 'HSD11B1', 'ID2', 'IGF2', 'IGFBP3', 'IKZF1', 'IL10RA', 'IL1B', 'IL1RL2', 'IL2RG', 'IL33', 'IL7R', 'INHBA', 'IRF8', 'ITGA2', 'ITGB2', 'ITGBL1', 'JUP', 'KCNN4', 'KIF5C', 'KLF4', 'LAPTM5', 'LAT2', 'LCP1', 'LIF', 'LY96', 'MAFB', 'MALL', 'MAP3K1', 'MAP4K1', 'MAP7', 'MMD', 'MMP10', 'MMP11', 'MMP9', 'MPZL2', 'MTMR10', 'MYCN', 'NAP1L2', 'NGF', 'NIN', 'NR0B2', 'NR1H4', 'NRP1', 'PCP4', 'PCSK1N', 'PDCD1LG2', 'PECAM1', 'PEG3', 'PIGR', 'PLAT', 'PLAU', 'PLAUR', 'PLEK2', 'PLVAP', 'PPBP', 'PPP1R15A', 'PRDM1', 'PRELID3B', 'PRKG2', 'PRRX1', 'PSMB8', 'PTBP2', 'PTCD2', 'PTGS2', 'PTPRR', 'RABGAP1L', 'RBM4', 'RBP4', 'RELN', 'RETN', 'RGS16', 'SATB1', 'SCG3', 'SCG5', 'SCN1B', 'SDCCAG8', 'SEMA3B', 'SERPINA3', 'SLPI', 'SNAP25', 'SNAP91', 'SOX9', 'SPARCL1', 'SPON1', 'SPP1', 'SPRY2', 'ST6GAL1', 'STRN', 'TFPI', 'TLR8', 'TMEM100', 'TMEM158', 'TMEM176A', 'TMEM176B', 'TNFAIP3', 'TNFRSF1B', 'TNNT2', 'TOR1AIP2', 'TPH1', 'TRAF1', 'TRIB1', 'TRIB2', 'TSPAN1', 'TSPAN13', 'TSPAN7', 'USH1C', 'USP12', 'VWA5A', 'WDR33', 'WNT7A', 'YRDC', 'ZNF277', 'ZNF639']",HALLMARK
2,OIS,HALLMARK_MTORC1_SIGNALING,,"['ABCF2', 'ACACA', 'ACLY', 'ACSL3', 'ACTR2', 'ACTR3', 'ADD3', 'ADIPOR2', 'AK4', 'ALDOA', 'ARPC5L', 'ASNS', 'ATP2A2', 'ATP5MC1', 'ATP6V1D', 'AURKA', 'BCAT1', 'BHLHE40', 'BTG2', 'BUB1', 'CACYBP', 'CALR', 'CANX', 'CCNF', 'CCNG1', 'CCT6A', 'CD9', 'CDC25A', 'CDKN1A', 'CFP', 'COPS5', 'CORO1A', 'CTH', 'CTSC', 'CXCR4', 'CYB5B', 'CYP51A1', 'DAPP1', 'DDIT3', 'DDIT4', 'DDX39A', 'DHCR24', 'DHCR7', 'DHFR', 'EBP', 'EDEM1', 'EEF1E1', 'EGLN3', 'EIF2S2', 'ELOVL5', 'ELOVL6', 'ENO1', 'EPRS1', 'ERO1A', 'ETF1', 'FADS1', 'FADS2', 'FDXR', 'FGL2', 'FKBP2', 'G6PD', 'GAPDH', 'GBE1', 'GCLC', 'GGA2', 'GLA', 'GLRX', 'GMPS', 'GOT1', 'GPI', 'GSK3B', 'GSR', 'GTF2H1', 'HK2', 'HMBS', 'HMGCR', 'HMGCS1', 'HPRT1', 'HSP90B1', 'HSPA4', 'HSPA5', 'HSPA9', 'HSPD1', 'HSPE1', 'IDH1', 'IDI1', 'IFI30', 'IFRD1', 'IGFBP5', 'IMMT', 'INSIG1', 'ITGB2', 'LDHA', 'LDLR', 'LGMN', 'LTA4H', 'M6PR', 'MAP2K3', 'MCM2', 'MCM4', 'ME1', 'MLLT11', 'MTHFD2', 'MTHFD2L', 'NAMPT', 'NFIL3', 'NFKBIB', 'NFYC', 'NHERF1', 'NIBAN1', 'NMT1', 'NUFIP1', 'NUP205', 'NUPR1', 'P4HA1', 'PDAP1', 'PDK1', 'PFKL', 'PGK1', 'PGM1', 'PHGDH', 'PIK3R3', 'PITPNB', 'PLK1', 'PLOD2', 'PNO1', 'PNP', 'POLR3G', 'PPA1', 'PPIA', 'PPP1R15A', 'PRDX1', 'PSAT1', 'PSMA3', 'PSMA4', 'PSMB5', 'PSMC2', 'PSMC4', 'PSMC6', 'PSMD12', 'PSMD13', 'PSMD14', 'PSME3', 'PSMG1', 'PSPH', 'QDPR', 'RAB1A', 'RDH11', 'RIT1', 'RPA1', 'RPN1', 'RRM2', 'RRP9', 'SC5D', 'SCD', 'SDF2L1', 'SEC11A', 'SERP1', 'SERPINH1', 'SHMT2', 'SKAP2', 'SLA', 'SLC1A4', 'SLC1A5', 'SLC2A1', 'SLC2A3', 'SLC37A4', 'SLC6A6', 'SLC7A11', 'SLC7A5', 'SORD', 'SQLE', 'SQSTM1', 'SRD5A1', 'SSR1', 'STARD4', 'STC1', 'STIP1', 'SYTL2', 'TBK1', 'TCEA1', 'TES', 'TFRC', 'TM7SF2', 'TMEM97', 'TOMM40', 'TPI1', 'TRIB3', 'TUBA4A', 'TUBG1', 'TXNRD1', 'UBE2D3', 'UCHL5', 'UFM1', 'UNG', 'USO1', 'VLDLR', 'WARS1', 'XBP1', 'YKT6']",HALLMARK
3,OIS,HALLMARK_PI3K_AKT_MTOR_SIGNALING,,"['ACACA', 'ACTR2', 'ACTR3', 'ADCY2', 'AKT1', 'AKT1S1', 'AP2M1', 'ARF1', 'ARHGDIA', 'ARPC3', 'ATF1', 'CAB39', 'CAB39L', 'CALR', 'CAMK4', 'CDK1', 'CDK2', 'CDK4', 'CDKN1A', 'CDKN1B', 'CFL1', 'CLTC', 'CSNK2B', 'CXCR4', 'DAPP1', 'DDIT3', 'DUSP3', 'E2F1', 'ECSIT', 'EGFR', 'EIF4E', 'FASLG', 'FGF17', 'FGF22', 'FGF6', 'GNA14', 'GNGT1', 'GRB2', 'GRK2', 'GSK3B', 'HRAS', 'HSP90B1', 'IL2RG', 'IL4', 'IRAK4', 'ITPR2', 'LCK', 'MAP2K3', 'MAP2K6', 'MAP3K7', 'MAPK1', 'MAPK10', 'MAPK8', 'MAPK9', 'MAPKAP1', 'MKNK1', 'MKNK2', 'MYD88', 'NCK1', 'NFKBIB', 'NGF', 'NOD1', 'PAK4', 'PDK1', 'PFN1', 'PIK3R3', 'PIKFYVE', 'PIN1', 'PITX2', 'PLA2G12A', 'PLCB1', 'PLCG1', 'PPP1CA', 'PPP2R1B', 'PRKAA2', 'PRKAG1', 'PRKAR2A', 'PRKCB', 'PTEN', 'PTPN11', 'RAC1', 'RAF1', 'RALB', 'RIPK1', 'RIT1', 'RPS6KA1', 'RPS6KA3', 'RPTOR', 'SFN', 'SLA', 'SLC2A1', 'SMAD2', 'SQSTM1', 'STAT2', 'TBK1', 'THEM4', 'TIAM1', 'TNFRSF1A', 'TRAF2', 'TRIB3', 'TSC2', 'UBE2D3', 'UBE2N', 'VAV3', 'YWHAB']",HALLMARK
4,OIS,HALLMARK_REACTIVE_OXYGEN_SPECIES_PATHWAY,,"['ABCC1', 'ATOX1', 'CAT', 'CDKN2D', 'EGLN2', 'ERCC2', 'FES', 'FTL', 'G6PD', 'GCLC', 'GCLM', 'GLRX', 'GLRX2', 'GPX3', 'GPX4', 'GSR', 'HHEX', 'HMOX2', 'IPCEF1', 'JUNB', 'LAMTOR5', 'LSP1', 'MBP', 'MGST1', 'MPO', 'MSRA', 'NDUFA6', 'NDUFB4', 'NDUFS2', 'NQO1', 'OXSR1', 'PDLIM1', 'PFKP', 'PRDX1', 'PRDX2', 'PRDX4', 'PRDX6', 'PRNP', 'PTPA', 'SBNO2', 'SCAF4', 'SELENOS', 'SOD1', 'SOD2', 'SRXN1', 'STK25', 'TXN', 'TXNRD1', 'TXNRD2']",HALLMARK
5,OIS,REACTOME_CELLULAR_SENESCENCE,R-HSA-2559583,"['ACD', 'AGO1', 'AGO3', 'AGO4', 'ANAPC1', 'ANAPC10', 'ANAPC11', 'ANAPC15', 'ANAPC16', 'ANAPC2', 'ANAPC4', 'ANAPC5', 'ANAPC7', 'ASF1A', 'ATM', 'BMI1', 'CABIN1', 'CBX2', 'CBX4', 'CBX6', 'CBX8', 'CCNA1', 'CCNA2', 'CCNE1', 'CCNE2', 'CDC16', 'CDC23', 'CDC26', 'CDC27', 'CDK2', 'CDK4', 'CDK6', 'CDKN1A', 'CDKN1B', 'CDKN2A', 'CDKN2B', 'CDKN2C', 'CDKN2D', 'CEBPB', 'CXCL8', 'E2F1', 'E2F2', 'E2F3', 'EED', 'EHMT1', 'EHMT2', 'EP400', 'ERF', 'ETS1', 'ETS2', 'EZH2', 'FOS', 'FZR1', 'H1-0', 'H1-1', 'H1-2', 'H1-3', 'H1-4', 'H1-5', 'H2AB1', 'H2AC14', 'H2AC18', 'H2AC19', 'H2AC20', 'H2AC4', 'H2AC6', 'H2AC7', 'H2AC8', 'H2AJ', 'H2AX', 'H2AZ2', 'H2BC1', 'H2BC10', 'H2BC11', 'H2BC12', 'H2BC12L', 'H2BC13', 'H2BC14', 'H2BC15', 'H2BC17', 'H2BC21', 'H2BC26', 'H2BC3', 'H2BC4', 'H2BC5', 'H2BC6', 'H2BC7', 'H2BC8', 'H2BC9', 'H3-3A', 'H3-3B', 'H3-4', 'H3C1', 'H3C10', 'H3C11', 'H3C12', 'H3C13', 'H3C14', 'H3C15', 'H3C2', 'H3C3', 'H3C4', 'H3C6', 'H3C7', 'H3C8', 'H4C1', 'H4C11', 'H4C12', 'H4C13', 'H4C14', 'H4C15', 'H4C16', 'H4C2', 'H4C3', 'H4C4', 'H4C5', 'H4C6', 'H4C8', 'H4C9', 'HIRA', 'HMGA1', 'HMGA2', 'ID1', 'IFNB1', 'IGFBP7', 'IL1A', 'IL6', 'JUN', 'KAT5', 'KDM6B', 'LMNB1', 'MAP2K3', 'MAP2K4', 'MAP2K6', 'MAP2K7', 'MAP3K5', 'MAP4K4', 'MAPK1', 'MAPK10', 'MAPK11', 'MAPK14', 'MAPK3', 'MAPK7', 'MAPK8', 'MAPK9', 'MAPKAPK2', 'MAPKAPK3', 'MAPKAPK5', 'MDM2', 'MDM4', 'MINK1', 'MIR24-1', 'MIR24-2', 'MOV10', 'MRE11', 'NBN', 'NFKB1', 'PHC1', 'PHC2', 'PHC3', 'POT1', 'RAD50', 'RB1', 'RBBP4', 'RBBP7', 'RELA', 'RING1', 'RNF2', 'RPS27A', 'RPS6KA1', 'RPS6KA2', 'RPS6KA3', 'SCMH1', 'SP1', 'STAT3', 'SUZ12', 'TERF1', 'TERF2', 'TERF2IP', 'TFDP1', 'TFDP2', 'TINF2', 'TNIK', 'TNRC6A', 'TNRC6B', 'TNRC6C', 'TP53', 'TXN', 'UBA52', 'UBB', 'UBC', 'UBE2C', 'UBE2D1', 'UBE2E1', 'UBE2S', 'UBN1', 'VENTX']",REACTOME
6,OIS,REACTOME_ISG15_ANTIVIRAL_MECHANISM,R-HSA-1169408,"['AAAS', 'ARIH1', 'BECN1', 'EIF2AK2', 'EIF4A1', 'EIF4A2', 'EIF4A3', 'EIF4E', 'EIF4E2', 'EIF4E3', 'EIF4G1', 'EIF4G2', 'EIF4G3', 'FLNB', 'HERC5', 'IFIT1', 'IRF3', 'ISG15', 'JAK1', 'KPNA1', 'KPNA2', 'KPNA3', 'KPNA4', 'KPNA5', 'KPNA7', 'KPNB1', 'MAPK3', 'MX1', 'MX2', 'NDC1', 'NEDD4', 'NUP107', 'NUP133', 'NUP153', 'NUP155', 'NUP160', 'NUP188', 'NUP205', 'NUP210', 'NUP214', 'NUP35', 'NUP37', 'NUP42', 'NUP43', 'NUP50', 'NUP54', 'NUP58', 'NUP62', 'NUP85', 'NUP88', 'NUP93', 'NUP98', 'PIN1', 'PLCG1', 'POM121', 'POM121C', 'PPM1B', 'RAE1', 'RANBP2', 'RIGI', 'RPS27A', 'SEC13', 'SEH1L', 'STAT1', 'TPR', 'TRIM25', 'UBA52', 'UBA7', 'UBB', 'UBC', 'UBE2E1', 'UBE2L6', 'UBE2N', 'USP18']",REACTOME
7,OIS,REACTOME_ONCOGENE_INDUCED_SENESCENCE,R-HSA-2559585,"['AGO1', 'AGO3', 'AGO4', 'CDK4', 'CDK6', 'CDKN2A', 'CDKN2B', 'CDKN2C', 'CDKN2D', 'E2F1', 'E2F2', 'E2F3', 'ERF', 'ETS1', 'ETS2', 'ID1', 'MAPK1', 'MAPK3', 'MDM2', 'MDM4', 'MIR24-1', 'MIR24-2', 'MOV10', 'RB1', 'RPS27A', 'SP1', 'TFDP1', 'TFDP2', 'TNRC6A', 'TNRC6B', 'TNRC6C', 'TP53', 'UBA52', 'UBB', 'UBC']",REACTOME
8,TIS,HALLMARK_DNA_REPAIR,,"['AAAS', 'ADA', 'ADCY6', 'ADRM1', 'AGO4', 'AK1', 'AK3', 'ALYREF', 'APRT', 'ARL6IP1', 'BCAM', 'BCAP31', 'BOLA2', 'BRF2', 'CANT1', 'CCNO', 'CDA', 'CETN2', 'CLP1', 'CMPK2', 'COX17', 'CSTF3', 'DAD1', 'DCTN4', 'DDB1', 'DDB2', 'DGCR8', 'DGUOK', 'DUT', 'EDF1', 'EIF1B', 'ELL', 'ELOA', 'ERCC1', 'ERCC2', 'ERCC3', 'ERCC4', 'ERCC5', 'ERCC8', 'FEN1', 'GMPR2', 'GPX4', 'GSDME', 'GTF2A2', 'GTF2B', 'GTF2F1', 'GTF2H1', 'GTF2H3', 'GTF2H5', 'GTF3C5', 'GUK1', 'HCLS1', 'HPRT1', 'IMPDH2', 'ITPA', 'LIG1', 'MPC2', 'MPG', 'MRPL40', 'NCBP2', 'NELFB', 'NELFCD', 'NELFE', 'NFX1', 'NME1', 'NME3', 'NME4', 'NPR2', 'NT5C', 'NT5C3A', 'NUDT21', 'NUDT9', 'PCNA', 'PDE4B', 'PDE6G', 'PNP', 'POLA1', 'POLA2', 'POLB', 'POLD1', 'POLD3', 'POLD4', 'POLE4', 'POLH', 'POLL', 'POLR1C', 'POLR1D', 'POLR1H', 'POLR2A', 'POLR2C', 'POLR2D', 'POLR2E', 'POLR2F', 'POLR2G', 'POLR2H', 'POLR2I', 'POLR2J', 'POLR2K', 'POLR3C', 'POLR3GL', 'POM121', 'PRIM1', 'RAD51', 'RAD52', 'RAE1', 'RALA', 'RBX1', 'REV3L', 'RFC2', 'RFC3', 'RFC4', 'RFC5', 'RNMT', 'RPA2', 'RPA3', 'RRM2B', 'SAC3D1', 'SDCBP', 'SEC61A1', 'SF3A3', 'SMAD5', 'SNAPC4', 'SNAPC5', 'SRSF6', 'SSRP1', 'STX3', 'SUPT4H1', 'SUPT5H', 'SURF1', 'TAF10', 'TAF12', 'TAF13', 'TAF1C', 'TAF6', 'TAF9', 'TARBP2', 'TK2', 'TMED2', 'TP53', 'TSG101', 'TYMS', 'UMPS', 'UPF3B', 'USP11', 'VPS28', 'VPS37B', 'VPS37D', 'XPC', 'ZNF707', 'ZWINT']",HALLMARK
9,TIS,HALLMARK_P53_PATHWAY,,"['ABAT', 'ABCC5', 'ABHD4', 'ACVR1B', 'ADA', 'AEN', 'AK1', 'ALOX15B', 'ANKRA2', 'APAF1', 'APP', 'ATF3', 'BAIAP2', 'BAK1', 'BAX', 'BLCAP', 'BMP2', 'BTG1', 'BTG2', 'CASP1', 'CCND2', 'CCND3', 'CCNG1', 'CCNK', 'CCP110', 'CD81', 'CD82', 'CDH13', 'CDK5R1', 'CDKN1A', 'CDKN2A', 'CDKN2AIP', 'CDKN2B', 'CEBPA', 'CGRRF1', 'CLCA2', 'COQ8A', 'CSRNP2', 'CTSD', 'CTSF', 'CYFIP2', 'DCXR', 'DDB2', 'DDIT3', 'DDIT4', 'DEF6', 'DGKA', 'DNTTIP2', 'DRAM1', 'EI24', 'ELP1', 'EPHA2', 'EPHX1', 'EPS8L2', 'ERCC5', 'F2R', 'FAM162A', 'FAS', 'FBXW7', 'FDXR', 'FGF13', 'FOS', 'FOXO3', 'FUCA1', 'GADD45A', 'GLS2', 'GM2A', 'GPX2', 'H1-2', 'H2AC25', 'H2AJ', 'HBEGF', 'HDAC3', 'HEXIM1', 'HINT1', 'HMOX1', 'HRAS', 'HSPA4L', 'IER3', 'IER5', 'IFI30', 'IL1A', 'INHBB', 'IP6K2', 'IRAG2', 'IRAK1', 'ISCU', 'ITGB4', 'JAG2', 'JUN', 'KIF13B', 'KLF4', 'KLK8', 'KRT17', 'LDHB', 'LIF', 'MAPKAPK3', 'MDM2', 'MKNK2', 'MXD1', 'MXD4', 'NDRG1', 'NHLH2', 'NINJ1', 'NOL8', 'NOTCH1', 'NUDT15', 'NUPR1', 'OSGIN1', 'PCNA', 'PDGFA', 'PERP', 'PHLDA3', 'PIDD1', 'PITPNC1', 'PLK2', 'PLK3', 'PLXNB2', 'PMM1', 'POLH', 'POM121', 'PPM1D', 'PPP1R15A', 'PRKAB1', 'PRMT2', 'PROCR', 'PTPN14', 'PTPRE', 'PVT1', 'RAB40C', 'RACK1', 'RAD51C', 'RAD9A', 'RALGDS', 'RAP2B', 'RB1', 'RCHY1', 'RETSAT', 'RGS16', 'RHBDF2', 'RNF19B', 'RPL18', 'RPL36', 'RPS12', 'RPS27L', 'RRAD', 'RRP8', 'RXRA', 'S100A10', 'S100A4', 'SAT1', 'SDC1', 'SEC61A1', 'SERPINB5', 'SERTAD3', 'SESN1', 'SFN', 'SLC19A2', 'SLC35D1', 'SLC3A2', 'SLC7A11', 'SOCS1', 'SP1', 'SPHK1', 'ST14', 'STEAP3', 'STOM', 'TAP1', 'TAX1BP3', 'TCHH', 'TCN2', 'TGFA', 'TGFB1', 'TM4SF1', 'TM7SF3', 'TNFSF9', 'TNNI1', 'TOB1', 'TP53', 'TP63', 'TPD52L1', 'TPRKB', 'TRAF4', 'TRAFD1', 'TRIAP1', 'TRIB3', 'TSC22D1', 'TSPYL2', 'TXNIP', 'UPP1', 'VAMP8', 'VDR', 'VWA5A', 'WRAP73', 'WWP1', 'XPC', 'ZBTB16', 'ZFP36L1', 'ZMAT3', 'ZNF365']",HALLMARK
10,TIS,REACTOME_CELL_CYCLE_CHECKPOINTS,R-HSA-69620,"['ABRAXAS1', 'ADRM1', 'AHCTF1', 'ANAPC1', 'ANAPC10', 'ANAPC11', 'ANAPC15', 'ANAPC16', 'ANAPC2', 'ANAPC4', 'ANAPC5', 'ANAPC7', 'ATM', 'ATR', 'ATRIP', 'AURKB', 'B9D2', 'BABAM1', 'BABAM2', 'BARD1', 'BIRC5', 'BLM', 'BRCA1', 'BRCC3', 'BRIP1', 'BTRC', 'BUB1', 'BUB1B', 'BUB3', 'CCNA1', 'CCNA2', 'CCNB1', 'CCNB2', 'CCNE1', 'CCNE2', 'CDC16', 'CDC20', 'CDC23', 'CDC25A', 'CDC25C', 'CDC26', 'CDC27', 'CDC45', 'CDC6', 'CDC7', 'CDCA8', 'CDK1', 'CDK2', 'CDKN1A', 'CDKN1B', 'CDKN2A', 'CENPA', 'CENPC', 'CENPE', 'CENPF', 'CENPH', 'CENPI', 'CENPK', 'CENPL', 'CENPM', 'CENPN', 'CENPO', 'CENPP', 'CENPQ', 'CENPS', 'CENPT', 'CENPU', 'CHEK1', 'CHEK2', 'CKAP5', 'CLASP1', 'CLASP2', 'CLIP1', 'CLSPN', 'COP1', 'CSNK1A1', 'CSNK1E', 'CUL1', 'DBF4', 'DNA2', 'DSN1', 'DYNC1H1', 'DYNC1I1', 'DYNC1I2', 'DYNC1LI1', 'DYNC1LI2', 'DYNLL1', 'DYNLL2', 'ERCC6L', 'EXO1', 'FBXW11', 'GSK3B', 'GTSE1', 'H2AX', 'H2BC1', 'H2BC10', 'H2BC11', 'H2BC12', 'H2BC12L', 'H2BC13', 'H2BC14', 'H2BC15', 'H2BC17', 'H2BC21', 'H2BC26', 'H2BC3', 'H2BC4', 'H2BC5', 'H2BC6', 'H2BC7', 'H2BC8', 'H2BC9', 'H3-4', 'H4C1', 'H4C11', 'H4C12', 'H4C13', 'H4C14', 'H4C15', 'H4C16', 'H4C2', 'H4C3', 'H4C4', 'H4C5', 'H4C6', 'H4C8', 'H4C9', 'HERC2', 'HUS1', 'INCENP', 'ITGB3BP', 'KAT5', 'KIF18A', 'KIF2A', 'KIF2B', 'KIF2C', 'KNL1', 'KNTC1', 'MAD1L1', 'MAD2L1', 'MAPK11', 'MAPK14', 'MAPRE1', 'MCM10', 'MCM2', 'MCM3', 'MCM4', 'MCM5', 'MCM6', 'MCM7', 'MCM8', 'MDC1', 'MDM2', 'MDM4', 'MIS12', 'MRE11', 'NBN', 'NDC80', 'NDE1', 'NDEL1', 'NEK11', 'NSD2', 'NSL1', 'NUDC', 'NUF2', 'NUP107', 'NUP133', 'NUP160', 'NUP37', 'NUP43', 'NUP85', 'NUP98', 'ORC1', 'ORC2', 'ORC3', 'ORC4', 'ORC5', 'ORC6', 'PAFAH1B1', 'PCBP4', 'PHF20', 'PIAS4', 'PKMYT1', 'PLK1', 'PLK3', 'PMF1', 'PPP1CC', 'PPP2CA', 'PPP2CB', 'PPP2R1A', 'PPP2R1B', 'PPP2R5A', 'PPP2R5B', 'PPP2R5C', 'PPP2R5D', 'PPP2R5E', 'PSMA1', 'PSMA2', 'PSMA3', 'PSMA4', 'PSMA5', 'PSMA6', 'PSMA7', 'PSMB1', 'PSMB2', 'PSMB3', 'PSMB4', 'PSMB5', 'PSMB6', 'PSMB7', 'PSMC1', 'PSMC2', 'PSMC3', 'PSMC4', 'PSMC5', 'PSMC6', 'PSMD1', 'PSMD11', 'PSMD12', 'PSMD13', 'PSMD14', 'PSMD2', 'PSMD3', 'PSMD6', 'PSMD7', 'PSMD8', 'RAD1', 'RAD17', 'RAD50', 'RAD9A', 'RAD9B', 'RANBP2', 'RANGAP1', 'RBBP8', 'RBX1', 'RCC2', 'RFC2', 'RFC3', 'RFC4', 'RFC5', 'RHNO1', 'RMI1', 'RMI2', 'RNF168', 'RNF8', 'RPA1', 'RPA2', 'RPA3', 'RPS27', 'RPS27A', 'SEC13', 'SEH1L', 'SEM1', 'SFN', 'SGO1', 'SGO2', 'SKA1', 'SKA2', 'SKP1', 'SPC24', 'SPC25', 'SPDL1', 'TAOK1', 'TOP3A', 'TOPBP1', 'TP53', 'TP53BP1', 'UBA52', 'UBB', 'UBC', 'UBE2C', 'UBE2D1', 'UBE2E1', 'UBE2N', 'UBE2S', 'UBE2V2', 'UIMC1', 'WEE1', 'WRN', 'XPO1', 'YWHAB', 'YWHAE', 'YWHAG', 'YWHAH', 'YWHAQ', 'YWHAZ', 'ZNF385A', 'ZW10', 'ZWILCH', 'ZWINT']",REACTOME
11,TIS,REACTOME_DNA_DOUBLE_STRAND_BREAK_REPAIR,R-HSA-5693532,"['ABL1', 'ABRAXAS1', 'APBB1', 'ATM', 'ATR', 'ATRIP', 'BABAM1', 'BABAM2', 'BAP1', 'BARD1', 'BAZ1B', 'BLM', 'BRCA1', 'BRCA2', 'BRCC3', 'BRIP1', 'CCNA1', 'CCNA2', 'CDK2', 'CHEK1', 'CHEK2', 'CLSPN', 'DCLRE1C', 'DNA2', 'EME1', 'EME2', 'ERCC1', 'ERCC4', 'EXO1', 'EYA1', 'EYA2', 'EYA3', 'EYA4', 'FEN1', 'FIGNL1', 'FIRRM', 'GEN1', 'H2AX', 'H2BC1', 'H2BC10', 'H2BC11', 'H2BC12', 'H2BC12L', 'H2BC13', 'H2BC14', 'H2BC15', 'H2BC17', 'H2BC21', 'H2BC26', 'H2BC3', 'H2BC4', 'H2BC5', 'H2BC6', 'H2BC7', 'H2BC8', 'H2BC9', 'H3-4', 'H4C1', 'H4C11', 'H4C12', 'H4C13', 'H4C14', 'H4C15', 'H4C16', 'H4C2', 'H4C3', 'H4C4', 'H4C5', 'H4C6', 'H4C8', 'H4C9', 'HERC2', 'HUS1', 'KAT5', 'KDM4A', 'KDM4B', 'KPNA2', 'LIG3', 'LIG4', 'MAPK8', 'MDC1', 'MRE11', 'MUS81', 'NBN', 'NHEJ1', 'NSD2', 'PALB2', 'PARP1', 'PARP2', 'PAXIP1', 'PCNA', 'PIAS4', 'POLD1', 'POLD2', 'POLD3', 'POLD4', 'POLE', 'POLE2', 'POLE3', 'POLE4', 'POLH', 'POLK', 'POLL', 'POLM', 'POLQ', 'PPP4C', 'PPP4R2', 'PPP5C', 'PRKDC', 'RAD1', 'RAD17', 'RAD50', 'RAD51', 'RAD51AP1', 'RAD51B', 'RAD51C', 'RAD51D', 'RAD52', 'RAD9A', 'RAD9B', 'RBBP8', 'RFC1', 'RFC2', 'RFC3', 'RFC4', 'RFC5', 'RHNO1', 'RIF1', 'RMI1', 'RMI2', 'RNF168', 'RNF4', 'RNF8', 'RPA1', 'RPA2', 'RPA3', 'RPS27A', 'RTEL1', 'SEM1', 'SIRT6', 'SLX1A', 'SLX1B', 'SLX4', 'SMARCA5', 'SPIDR', 'SUMO1', 'SUMO2', 'TDP1', 'TDP2', 'TIMELESS', 'TIPIN', 'TOP3A', 'TOPBP1', 'TP53', 'TP53BP1', 'UBA52', 'UBB', 'UBC', 'UBE2I', 'UBE2N', 'UBE2V2', 'UBXN1', 'UIMC1', 'WRN', 'XRCC1', 'XRCC2', 'XRCC3', 'XRCC4', 'XRCC5', 'XRCC6']",REACTOME
12,TIS,REACTOME_DNA_REPAIR,R-HSA-73894,"['ABL1', 'ABRAXAS1', 'ACD', 'ACTB', 'ACTL6A', 'ACTR5', 'ACTR8', 'ADPRS', 'ALKBH2', 'ALKBH3', 'ALKBH5', 'APBB1', 'APEX1', 'AQR', 'ASCC1', 'ASCC2', 'ASCC3', 'ATM', 'ATR', 'ATRIP', 'BABAM1', 'BABAM2', 'BAP1', 'BARD1', 'BAZ1B', 'BLM', 'BRCA1', 'BRCA2', 'BRCC3', 'BRIP1', 'CCNA1', 'CCNA2', 'CCNH', 'CDK2', 'CDK7', 'CENPS', 'CENPX', 'CETN2', 'CHD1L', 'CHEK1', 'CHEK2', 'CLSPN', 'COPS2', 'COPS3', 'COPS4', 'COPS5', 'COPS6', 'COPS7A', 'COPS7B', 'COPS8', 'CUL4A', 'CUL4B', 'DCLRE1A', 'DCLRE1B', 'DCLRE1C', 'DDB1', 'DDB2', 'DNA2', 'DTL', 'ELL', 'EME1', 'EME2', 'ERCC1', 'ERCC2', 'ERCC3', 'ERCC4', 'ERCC5', 'ERCC6', 'ERCC8', 'EXO1', 'EYA1', 'EYA2', 'EYA3', 'EYA4', 'FAAP100', 'FAAP20', 'FAAP24', 'FAN1', 'FANCA', 'FANCB', 'FANCC', 'FANCD2', 'FANCE', 'FANCF', 'FANCG', 'FANCI', 'FANCL', 'FANCM', 'FEN1', 'FIGNL1', 'FIRRM', 'FTO', 'GEN1', 'GPS1', 'GTF2H1', 'GTF2H2', 'GTF2H3', 'GTF2H4', 'GTF2H5', 'H2AB1', 'H2AC14', 'H2AC18', 'H2AC19', 'H2AC20', 'H2AC4', 'H2AC6', 'H2AC7', 'H2AC8', 'H2AJ', 'H2AX', 'H2AZ2', 'H2BC1', 'H2BC10', 'H2BC11', 'H2BC12', 'H2BC12L', 'H2BC13', 'H2BC14', 'H2BC15', 'H2BC17', 'H2BC21', 'H2BC26', 'H2BC3', 'H2BC4', 'H2BC5', 'H2BC6', 'H2BC7', 'H2BC8', 'H2BC9', 'H3-4', 'H4C1', 'H4C11', 'H4C12', 'H4C13', 'H4C14', 'H4C15', 'H4C16', 'H4C2', 'H4C3', 'H4C4', 'H4C5', 'H4C6', 'H4C8', 'H4C9', 'HERC2', 'HUS1', 'INO80', 'INO80B', 'INO80C', 'INO80D', 'INO80E', 'ISG15', 'ISY1', 'KAT5', 'KDM4A', 'KDM4B', 'KPNA2', 'LIG1', 'LIG3', 'LIG4', 'MAD2L2', 'MAPK8', 'MBD4', 'MCRS1', 'MDC1', 'MGMT', 'MLH1', 'MNAT1', 'MPG', 'MRE11', 'MSH2', 'MSH3', 'MSH6', 'MUS81', 'MUTYH', 'NBN', 'NEIL1', 'NEIL2', 'NEIL3', 'NFRKB', 'NHEJ1', 'NPLOC4', 'NSD2', 'NTHL1', 'OGG1', 'PALB2', 'PARG', 'PARP1', 'PARP2', 'PAXIP1', 'PCLAF', 'PCNA', 'PIAS1', 'PIAS3', 'PIAS4', 'PMS2', 'PNKP', 'POLB', 'POLD1', 'POLD2', 'POLD3', 'POLD4', 'POLE', 'POLE2', 'POLE3', 'POLE4', 'POLH', 'POLI', 'POLK', 'POLL', 'POLM', 'POLN', 'POLQ', 'POLR2A', 'POLR2B', 'POLR2C', 'POLR2D', 'POLR2E', 'POLR2F', 'POLR2G', 'POLR2H', 'POLR2I', 'POLR2J', 'POLR2K', 'POLR2L', 'POT1', 'PPIE', 'PPP4C', 'PPP4R2', 'PPP5C', 'PRKDC', 'PRPF19', 'RAD1', 'RAD17', 'RAD18', 'RAD23A', 'RAD23B', 'RAD50', 'RAD51', 'RAD51AP1', 'RAD51B', 'RAD51C', 'RAD51D', 'RAD52', 'RAD9A', 'RAD9B', 'RBBP8', 'RBX1', 'RCHY1', 'REV1', 'REV3L', 'RFC1', 'RFC2', 'RFC3', 'RFC4', 'RFC5', 'RHNO1', 'RIF1', 'RMI1', 'RMI2', 'RNF111', 'RNF168', 'RNF4', 'RNF8', 'RPA1', 'RPA2', 'RPA3', 'RPS27A', 'RTEL1', 'RUVBL1', 'SEM1', 'SIRT6', 'SLX1A', 'SLX1B', 'SLX4', 'SMARCA5', 'SMUG1', 'SPIDR', 'SPRTN', 'SUMO1', 'SUMO2', 'SUMO3', 'TCEA1', 'TDG', 'TDP1', 'TDP2', 'TERF1', 'TERF2', 'TERF2IP', 'TFPT', 'TIMELESS', 'TINF2', 'TIPIN', 'TOP3A', 'TOPBP1', 'TP53', 'TP53BP1', 'TRIM25', 'UBA52', 'UBA7', 'UBB', 'UBC', 'UBE2B', 'UBE2I', 'UBE2L6', 'UBE2N', 'UBE2T', 'UBE2V2', 'UBXN1', 'UFD1', 'UIMC1', 'UNG', 'USP1', 'USP10', 'USP43', 'USP45', 'USP7', 'UVSSA', 'VCP', 'WDR48', 'WRN', 'XAB2', 'XPA', 'XPC', 'XRCC1', 'XRCC2', 'XRCC3', 'XRCC4', 'XRCC5', 'XRCC6', 'YY1', 'ZNF830']",REACTOME
13,TIS,REACTOME_G2_M_DNA_DAMAGE_CHECKPOINT,R-HSA-69473,"['ABRAXAS1', 'ATM', 'ATR', 'ATRIP', 'BABAM1', 'BABAM2', 'BARD1', 'BLM', 'BRCA1', 'BRCC3', 'BRIP1', 'CCNA1', 'CCNA2', 'CCNB1', 'CDC25C', 'CDK1', 'CHEK1', 'CHEK2', 'DNA2', 'EXO1', 'H2AX', 'H2BC1', 'H2BC10', 'H2BC11', 'H2BC12', 'H2BC12L', 'H2BC13', 'H2BC14', 'H2BC15', 'H2BC17', 'H2BC21', 'H2BC26', 'H2BC3', 'H2BC4', 'H2BC5', 'H2BC6', 'H2BC7', 'H2BC8', 'H2BC9', 'H3-4', 'H4C1', 'H4C11', 'H4C12', 'H4C13', 'H4C14', 'H4C15', 'H4C16', 'H4C2', 'H4C3', 'H4C4', 'H4C5', 'H4C6', 'H4C8', 'H4C9', 'HERC2', 'HUS1', 'KAT5', 'MDC1', 'MRE11', 'NBN', 'NSD2', 'PIAS4', 'RAD1', 'RAD17', 'RAD50', 'RAD9A', 'RAD9B', 'RBBP8', 'RFC2', 'RFC3', 'RFC4', 'RFC5', 'RHNO1', 'RMI1', 'RMI2', 'RNF168', 'RNF8', 'RPA1', 'RPA2', 'RPA3', 'SFN', 'TOP3A', 'TOPBP1', 'TP53', 'TP53BP1', 'UBE2N', 'UBE2V2', 'UIMC1', 'WEE1', 'WRN', 'YWHAB', 'YWHAE', 'YWHAG', 'YWHAH', 'YWHAQ', 'YWHAZ']",REACTOME
14,MS,HALLMARK_FATTY_ACID_METABOLISM,,"['AADAT', 'ACAA1', 'ACAA2', 'ACADL', 'ACADM', 'ACADS', 'ACADVL', 'ACAT2', 'ACO2', 'ACOT2', 'ACOT8', 'ACOX1', 'ACSL1', 'ACSL4', 'ACSL5', 'ACSM3', 'ACSS1', 'ADH1C', 'ADH7', 'ADIPOR2', 'ADSL', 'ALAD', 'ALDH1A1', 'ALDH3A1', 'ALDH3A2', 'ALDH9A1', 'ALDOA', 'AOC3', 'APEX1', 'AQP7', 'AUH', 'BCKDHB', 'BLVRA', 'BMPR1B', 'BPHL', 'CA2', 'CA4', 'CA6', 'CBR1', 'CBR3', 'CD1D', 'CD36', 'CEL', 'CIDEA', 'CPOX', 'CPT1A', 'CPT2', 'CRAT', 'CRYZ', 'CYP1A1', 'CYP4A11', 'CYP4A22', 'D2HGDH', 'DECR1', 'DHCR24', 'DLD', 'DLST', 'ECH1', 'ECHS1', 'ECI1', 'ECI2', 'EHHADH', 'ELOVL5', 'ENO2', 'ENO3', 'EPHX1', 'ERP29', 'ETFDH', 'FABP1', 'FABP2', 'FASN', 'FH', 'FMO1', 'G0S2', 'GABARAPL1', 'GAD2', 'GAPDHS', 'GCDH', 'GLUL', 'GPD1', 'GPD2', 'GRHPR', 'GSTZ1', 'H2AZ1', 'HADH', 'HADHB', 'HAO2', 'HCCS', 'HIBCH', 'HMGCL', 'HMGCS1', 'HMGCS2', 'HPGD', 'HSD17B10', 'HSD17B11', 'HSD17B4', 'HSD17B7', 'HSDL2', 'HSP90AA1', 'HSPH1', 'IDH1', 'IDH3B', 'IDH3G', 'IDI1', 'IL4I1', 'INMT', 'KMT5A', 'LDHA', 'LGALS1', 'LTC4S', 'MAOA', 'MCEE', 'MDH1', 'MDH2', 'ME1', 'METAP1', 'MGLL', 'MIF', 'MIX23', 'MLYCD', 'NBN', 'NCAPH2', 'NSDHL', 'NTHL1', 'ODC1', 'OSTC', 'PCBD1', 'PDHA1', 'PDHB', 'PPARA', 'PRDX6', 'PSME1', 'PTPRG', 'PTS', 'RAP1GDS1', 'RDH11', 'RDH16', 'REEP6', 'RETSAT', 'S100A10', 'SDHA', 'SDHC', 'SDHD', 'SERINC1', 'SLC22A5', 'SMS', 'SUCLA2', 'SUCLG1', 'SUCLG2', 'TDO2', 'TP53INP2', 'UBE2L6', 'UGDH', 'UROD', 'UROS', 'VNN1', 'XIST', 'YWHAH']",HALLMARK
15,MS,HALLMARK_HYPOXIA,,"['ACKR3', 'ADM', 'ADORA2B', 'AK4', 'AKAP12', 'ALDOA', 'ALDOB', 'ALDOC', 'AMPD3', 'ANGPTL4', 'ANKZF1', 'ANXA2', 'ATF3', 'ATP7A', 'B3GALT6', 'B4GALNT2', 'BCAN', 'BCL2', 'BGN', 'BHLHE40', 'BNIP3L', 'BRS3', 'BTG1', 'CA12', 'CASP6', 'CAV1', 'CAVIN1', 'CAVIN3', 'CCN1', 'CCN2', 'CCN5', 'CCNG2', 'CDKN1A', 'CDKN1B', 'CDKN1C', 'CHST2', 'CHST3', 'CITED2', 'COL5A1', 'CP', 'CSRP2', 'CXCR4', 'DCN', 'DDIT3', 'DDIT4', 'DPYSL4', 'DTNA', 'DUSP1', 'EDN2', 'EFNA1', 'EFNA3', 'EGFR', 'ENO1', 'ENO2', 'ENO3', 'ERO1A', 'ERRFI1', 'ETS1', 'EXT1', 'F3', 'FAM162A', 'FBP1', 'FOS', 'FOSL2', 'FOXO3', 'GAA', 'GALK1', 'GAPDH', 'GAPDHS', 'GBE1', 'GCK', 'GCNT2', 'GLRX', 'GPC1', 'GPC3', 'GPC4', 'GPI', 'GRHPR', 'GYS1', 'HAS1', 'HDLBP', 'HEXA', 'HK1', 'HK2', 'HMOX1', 'HOXB9', 'HS3ST1', 'HSPA5', 'IDS', 'IER3', 'IGFBP1', 'IGFBP3', 'IL6', 'ILVBL', 'INHA', 'IRS2', 'ISG20', 'JMJD6', 'JUN', 'KDELR3', 'KDM3A', 'KIF5A', 'KLF6', 'KLF7', 'KLHL24', 'LALBA', 'LARGE1', 'LDHA', 'LDHC', 'LOX', 'LXN', 'MAFF', 'MAP3K1', 'MIF', 'MT1E', 'MT2A', 'MXI1', 'MYH9', 'NAGK', 'NCAN', 'NDRG1', 'NDST1', 'NDST2', 'NEDD4L', 'NFIL3', 'NOCT', 'NR3C1', 'P4HA1', 'P4HA2', 'PAM', 'PCK1', 'PDGFB', 'PDK1', 'PDK3', 'PFKFB3', 'PFKL', 'PFKP', 'PGAM2', 'PGF', 'PGK1', 'PGM1', 'PGM2', 'PHKG1', 'PIM1', 'PKLR', 'PKP1', 'PLAC8', 'PLAUR', 'PLIN2', 'PNRC1', 'PPARGC1A', 'PPFIA4', 'PPP1R15A', 'PPP1R3C', 'PRDX5', 'PRKCA', 'PYGM', 'RBPJ', 'RORA', 'RRAGD', 'S100A4', 'SAP30', 'SCARB1', 'SDC2', 'SDC3', 'SDC4', 'SELENBP1', 'SERPINE1', 'SIAH2', 'SLC25A1', 'SLC2A1', 'SLC2A3', 'SLC2A5', 'SLC37A4', 'SLC6A6', 'SRPX', 'STBD1', 'STC1', 'STC2', 'SULT2B1', 'TES', 'TGFB3', 'TGFBI', 'TGM2', 'TIPARP', 'TKTL1', 'TMEM45A', 'TNFAIP3', 'TPBG', 'TPD52', 'TPI1', 'TPST2', 'UGP2', 'VEGFA', 'VHL', 'VLDLR', 'WSB1', 'XPNPEP1', 'ZFP36', 'ZNF292']",HALLMARK
16,MS,HALLMARK_OXIDATIVE_PHOSPHORYLATION,,"['ABCB7', 'ACAA1', 'ACAA2', 'ACADM', 'ACADSB', 'ACADVL', 'ACAT1', 'ACO2', 'AFG3L2', 'AIFM1', 'ALAS1', 'ALDH6A1', 'ATP1B1', 'ATP5F1A', 'ATP5F1B', 'ATP5F1C', 'ATP5F1D', 'ATP5F1E', 'ATP5MC1', 'ATP5MC2', 'ATP5MC3', 'ATP5ME', 'ATP5MF', 'ATP5MG', 'ATP5PB', 'ATP5PD', 'ATP5PF', 'ATP5PO', 'ATP6AP1', 'ATP6V0B', 'ATP6V0C', 'ATP6V0E1', 'ATP6V1C1', 'ATP6V1D', 'ATP6V1E1', 'ATP6V1F', 'ATP6V1G1', 'ATP6V1H', 'BAX', 'BCKDHA', 'BDH2', 'CASP7', 'COX10', 'COX11', 'COX15', 'COX17', 'COX4I1', 'COX5A', 'COX5B', 'COX6A1', 'COX6B1', 'COX6C', 'COX7A2', 'COX7A2L', 'COX7B', 'COX7C', 'COX8A', 'CPT1A', 'CS', 'CYB5A', 'CYB5R3', 'CYC1', 'CYCS', 'DECR1', 'DLAT', 'DLD', 'DLST', 'ECH1', 'ECHS1', 'ECI1', 'ETFA', 'ETFB', 'ETFDH', 'FDX1', 'FH', 'FXN', 'GLUD1', 'GOT2', 'GPI', 'GPX4', 'GRPEL1', 'HADHA', 'HADHB', 'HCCS', 'HSD17B10', 'HSPA9', 'HTRA2', 'IDH1', 'IDH2', 'IDH3A', 'IDH3B', 'IDH3G', 'IMMT', 'ISCA1', 'ISCU', 'LDHA', 'LDHB', 'LRPPRC', 'MAOB', 'MDH1', 'MDH2', 'MFN2', 'MGST3', 'MPC1', 'MRPL11', 'MRPL15', 'MRPL34', 'MRPL35', 'MRPS11', 'MRPS12', 'MRPS15', 'MRPS22', 'MRPS30', 'MTRF1', 'MTRR', 'MTX2', 'NDUFA1', 'NDUFA2', 'NDUFA3', 'NDUFA4', 'NDUFA5', 'NDUFA6', 'NDUFA7', 'NDUFA8', 'NDUFA9', 'NDUFAB1', 'NDUFB1', 'NDUFB2', 'NDUFB3', 'NDUFB4', 'NDUFB5', 'NDUFB6', 'NDUFB7', 'NDUFB8', 'NDUFC1', 'NDUFC2', 'NDUFS1', 'NDUFS2', 'NDUFS3', 'NDUFS4', 'NDUFS6', 'NDUFS7', 'NDUFS8', 'NDUFV1', 'NDUFV2', 'NNT', 'NQO2', 'OAT', 'OGDH', 'OPA1', 'OXA1L', 'PDHA1', 'PDHB', 'PDHX', 'PDK4', 'PDP1', 'PHB2', 'PHYH', 'PMPCA', 'POLR2F', 'POR', 'PRDX3', 'RETSAT', 'RHOT1', 'RHOT2', 'SDHA', 'SDHB', 'SDHC', 'SDHD', 'SLC25A11', 'SLC25A12', 'SLC25A20', 'SLC25A3', 'SLC25A4', 'SLC25A5', 'SLC25A6', 'SUCLA2', 'SUCLG1', 'SUPV3L1', 'SURF1', 'TCIRG1', 'TIMM10', 'TIMM13', 'TIMM17A', 'TIMM50', 'TIMM8B', 'TIMM9', 'TOMM22', 'TOMM70', 'UQCR10', 'UQCR11', 'UQCRB', 'UQCRC1', 'UQCRC2', 'UQCRFS1', 'UQCRH', 'UQCRQ', 'VDAC1', 'VDAC2', 'VDAC3']",HALLMARK
17,MS,HALLMARK_REACTIVE_OXYGEN_SPECIES_PATHWAY,,"['ABCC1', 'ATOX1', 'CAT', 'CDKN2D', 'EGLN2', 'ERCC2', 'FES', 'FTL', 'G6PD', 'GCLC', 'GCLM', 'GLRX', 'GLRX2', 'GPX3', 'GPX4', 'GSR', 'HHEX', 'HMOX2', 'IPCEF1', 'JUNB', 'LAMTOR5', 'LSP1', 'MBP', 'MGST1', 'MPO', 'MSRA', 'NDUFA6', 'NDUFB4', 'NDUFS2', 'NQO1', 'OXSR1', 'PDLIM1', 'PFKP', 'PRDX1', 'PRDX2', 'PRDX4', 'PRDX6', 'PRNP', 'PTPA', 'SBNO2', 'SCAF4', 'SELENOS', 'SOD1', 'SOD2', 'SRXN1', 'STK25', 'TXN', 'TXNRD1', 'TXNRD2']",HALLMARK
18,MS,REACTOME_ENERGY_DEPENDENT_REGULATION_OF_MTOR_BY_LKB1_AMPK,R-HSA-380972,"['CAB39', 'CAB39L', 'LAMTOR1', 'LAMTOR2', 'LAMTOR3', 'LAMTOR4', 'LAMTOR5', 'MLST8', 'MTOR', 'PPM1A', 'PRKAA1', 'PRKAA2', 'PRKAB1', 'PRKAB2', 'PRKAG1', 'PRKAG2', 'PRKAG3', 'RHEB', 'RPTOR', 'RRAGA', 'RRAGB', 'RRAGC', 'RRAGD', 'SLC38A9', 'STK11', 'STRADA', 'STRADB', 'TSC1', 'TSC2']",REACTOME
19,MS,REACTOME_METABOLISM_OF_RNA,R-HSA-8953854,"['A1CF', 'AAAS', 'ACIN1', 'ADAR', 'ADARB1', 'ADAT1', 'ADAT2', 'ADAT3', 'ADRM1', 'AKT1', 'ALKBH8', 'ALYREF', 'ANP32A', 'APOBEC1', 'APOBEC2', 'APOBEC3A', 'APOBEC3B', 'APOBEC3C', 'APOBEC3H', 'APOBEC4', 'AQR', 'BCAS2', 'BMS1', 'BOP1', 'BUD13', 'BUD23', 'BUD31', 'BYSL', 'C1D', 'C2orf49', 'C9orf78', 'CACTIN', 'CASC3', 'CCAR1', 'CCDC12', 'CCNH', 'CDC40', 'CDC5L', 'CDK7', 'CDKAL1', 'CHERP', 'CHTOP', 'CLNS1A', 'CLP1', 'CNOT1', 'CNOT10', 'CNOT11', 'CNOT2', 'CNOT3', 'CNOT4', 'CNOT6', 'CNOT6L', 'CNOT7', 'CNOT8', 'CNOT9', 'CPSF1', 'CPSF2', 'CPSF3', 'CPSF4', 'CPSF6', 'CPSF7', 'CRNKL1', 'CSNK1D', 'CSNK1E', 'CSTF1', 'CSTF2', 'CSTF2T', 'CSTF3', 'CTNNBL1', 'CTU1', 'CTU2', 'CWC15', 'CWC22', 'CWC25', 'CWC27', 'CWF19L2', 'DCAF13', 'DCP1A', 'DCP1B', 'DCP2', 'DCPS', 'DDX1', 'DDX20', 'DDX21', 'DDX23', 'DDX39A', 'DDX39B', 'DDX41', 'DDX42', 'DDX46', 'DDX47', 'DDX49', 'DDX5', 'DDX52', 'DDX6', 'DHX15', 'DHX16', 'DHX35', 'DHX37', 'DHX38', 'DHX8', 'DHX9', 'DIMT1', 'DIS3', 'DKC1', 'DNAJC8', 'DUS2', 'DXO', 'EBNA1BP2', 'EDC3', 'EDC4', 'EFTUD2', 'EIF4A1', 'EIF4A2', 'EIF4A3', 'EIF4B', 'EIF4E', 'EIF4G1', 'ELAC2', 'ELAVL1', 'EMG1', 'EPRS1', 'ERCC2', 'ERCC3', 'ERI1', 'ETF1', 'EXOSC1', 'EXOSC10', 'EXOSC2', 'EXOSC3', 'EXOSC4', 'EXOSC5', 'EXOSC6', 'EXOSC7', 'EXOSC8', 'EXOSC9', 'FAM32A', 'FAM50A', 'FAM98B', 'FASTK', 'FASTKD2', 'FASTKD5', 'FAU', 'FBL', 'FCF1', 'FIP1L1', 'FTSJ1', 'FTSJ3', 'FUS', 'FYTTD1', 'GAR1', 'GCFC2', 'GEMIN2', 'GEMIN4', 'GEMIN5', 'GEMIN6', 'GEMIN7', 'GEMIN8', 'GLE1', 'GNL3', 'GON7', 'GPATCH1', 'GPKOW', 'GRSF1', 'GSPT1', 'GSPT2', 'GTF2F1', 'GTF2F2', 'GTF2H1', 'GTF2H2', 'GTF2H3', 'GTF2H4', 'GTF2H5', 'GTPBP3', 'HBS1L', 'HEATR1', 'HNRNPA1', 'HNRNPA2B1', 'HNRNPA3', 'HNRNPC', 'HNRNPD', 'HNRNPF', 'HNRNPH1', 'HNRNPH2', 'HNRNPK', 'HNRNPL', 'HNRNPM', 'HNRNPR', 'HNRNPU', 'HSD17B10', 'HSPA1A', 'HSPA8', 'HSPB1', 'HTATSF1', 'IGF2BP1', 'IGF2BP2', 'IGF2BP3', 'IK', 'IMP3', 'IMP4', 'ISG20L2', 'ISY1', 'KHSRP', 'KRR1', 'LAGE3', 'LAS1L', 'LCMT2', 'LENG1', 'LRPPRC', 'LSM1', 'LSM10', 'LSM11', 'LSM2', 'LSM3', 'LSM4', 'LSM5', 'LSM6', 'LSM7', 'LSM8', 'LTV1', 'LUC7L3', 'LUZP4', 'MAGOH', 'MAGOHB', 'MAPK11', 'MAPK14', 'MAPKAPK2', 'METTL1', 'METTL14', 'METTL3', 'MFAP1', 'MNAT1', 'MPHOSPH10', 'MPHOSPH6', 'MRM1', 'MRM2', 'MRM3', 'MT-RNR1', 'MT-RNR2', 'MTERF3', 'MTERF4', 'MTO1', 'MTPAP', 'MTREX', 'NAT10', 'NCBP1', 'NCBP2', 'NCL', 'NDC1', 'NGRN', 'NHP2', 'NIP7', 'NKAP', 'NOB1', 'NOC4L', 'NOL11', 'NOL12', 'NOL6', 'NOL9', 'NOP10', 'NOP14', 'NOP2', 'NOP56', 'NOP58', 'NSRP1', 'NSUN2', 'NSUN4', 'NSUN6', 'NT5C3B', 'NUDT21', 'NUP107', 'NUP133', 'NUP153', 'NUP155', 'NUP160', 'NUP188', 'NUP205', 'NUP210', 'NUP214', 'NUP35', 'NUP37', 'NUP42', 'NUP43', 'NUP50', 'NUP54', 'NUP58', 'NUP62', 'NUP85', 'NUP88', 'NUP93', 'NUP98', 'NXF1', 'NXF2', 'NXF2B', 'NXT1', 'OSGEP', 'OSGEPL1', 'PABPC1', 'PABPN1', 'PAIP1', 'PAN2', 'PAN3', 'PAPOLA', 'PAPOLG', 'PARN', 'PATL1', 'PCBP1', 'PCBP2', 'PCF11', 'PDCD11', 'PDCD7', 'PELP1', 'PES1', 'PHAX', 'PHF5A', 'PLRG1', 'PNN', 'PNO1', 'PNPT1', 'PNRC2', 'POLDIP3', 'POLR2A', 'POLR2B', 'POLR2C', 'POLR2D', 'POLR2E', 'POLR2F', 'POLR2G', 'POLR2H', 'POLR2I', 'POLR2J', 'POLR2K', 'POLR2L', 'POM121', 'POM121C', 'POP1', 'POP4', 'POP5', 'POP7', 'PPIE', 'PPIG', 'PPIH', 'PPIL1', 'PPIL2', 'PPIL3', 'PPIL4', 'PPP1CA', 'PPP1CB', 'PPP1R10', 'PPP1R8', 'PPP2CA', 'PPP2R1A', 'PPP2R2A', 'PPWD1', 'PQBP1', 'PRCC', 'PRKCA', 'PRKCD', 'PRKRIP1', 'PRMT5', 'PRORP', 'PRP4K', 'PRPF18', 'PRPF19', 'PRPF3', 'PRPF31', 'PRPF38A', 'PRPF4', 'PRPF40A', 'PRPF6', 'PRPF8', 'PSMA1', 'PSMA2', 'PSMA3', 'PSMA4', 'PSMA5', 'PSMA6', 'PSMA7', 'PSMB1', 'PSMB2', 'PSMB3', 'PSMB4', 'PSMB5', 'PSMB6', 'PSMB7', 'PSMC1', 'PSMC2', 'PSMC3', 'PSMC4', 'PSMC5', 'PSMC6', 'PSMD1', 'PSMD11', 'PSMD12', 'PSMD13', 'PSMD14', 'PSMD2', 'PSMD3', 'PSMD6', 'PSMD7', 'PSMD8', 'PTBP1', 'PUF60', 'PUS1', 'PUS3', 'PUS7', 'PWP2', 'QNG1', 'QTRT1', 'QTRT2', 'RAE1', 'RAN', 'RANBP2', 'RBBP6', 'RBM10', 'RBM17', 'RBM22', 'RBM25', 'RBM26', 'RBM27', 'RBM28', 'RBM39', 'RBM42', 'RBM5', 'RBM7', 'RBM8A', 'RBMX', 'RBMX2', 'RCC1L', 'RCL1', 'REXO2', 'RIOK1', 'RIOK2', 'RIOK3', 'RNF113A', 'RNGTT', 'RNMT', 'RNPC3', 'RNPS1', 'RPL10', 'RPL10A', 'RPL10L', 'RPL11', 'RPL12', 'RPL13', 'RPL13A', 'RPL14', 'RPL15', 'RPL17', 'RPL18', 'RPL18A', 'RPL19', 'RPL21', 'RPL22', 'RPL22L1', 'RPL23', 'RPL23A', 'RPL24', 'RPL26', 'RPL26L1', 'RPL27', 'RPL27A', 'RPL28', 'RPL29', 'RPL3', 'RPL30', 'RPL31', 'RPL32', 'RPL34', 'RPL35', 'RPL35A', 'RPL36', 'RPL36A', 'RPL36AL', 'RPL37', 'RPL37A', 'RPL38', 'RPL39', 'RPL39L', 'RPL3L', 'RPL4', 'RPL41', 'RPL5', 'RPL6', 'RPL7', 'RPL7A', 'RPL8', 'RPL9', 'RPLP0', 'RPLP1', 'RPLP2', 'RPP14', 'RPP21', 'RPP25', 'RPP30', 'RPP38', 'RPP40', 'RPPH1', 'RPS10', 'RPS11', 'RPS12', 'RPS13', 'RPS14', 'RPS15', 'RPS15A', 'RPS16', 'RPS17', 'RPS18', 'RPS19', 'RPS2', 'RPS20', 'RPS21', 'RPS23', 'RPS24', 'RPS25', 'RPS26', 'RPS27', 'RPS27A', 'RPS27L', 'RPS28', 'RPS29', 'RPS3', 'RPS3A', 'RPS4X', 'RPS4Y1', 'RPS4Y2', 'RPS5', 'RPS6', 'RPS7', 'RPS8', 'RPS9', 'RPSA', 'RPUSD3', 'RPUSD4', 'RRP1', 'RRP36', 'RRP7A', 'RRP9', 'RTCB', 'RTRAF', 'SAP18', 'SARNP', 'SART1', 'SDE2', 'SEC13', 'SEH1L', 'SEM1', 'SENP3', 'SET', 'SF1', 'SF3A1', 'SF3A2', 'SF3A3', 'SF3B1', 'SF3B2', 'SF3B3', 'SF3B4', 'SF3B5', 'SF3B6', 'SKIC2', 'SKIC3', 'SKIC8', 'SLBP', 'SLIRP', 'SLU7', 'SMG1', 'SMG5', 'SMG6', 'SMG7', 'SMG8', 'SMG9', 'SMN1', 'SMN2', 'SMNDC1', 'SMU1', 'SNIP1', 'SNRNP200', 'SNRNP25', 'SNRNP27', 'SNRNP35', 'SNRNP40', 'SNRNP48', 'SNRNP70', 'SNRPA', 'SNRPA1', 'SNRPB', 'SNRPB2', 'SNRPC', 'SNRPD1', 'SNRPD2', 'SNRPD3', 'SNRPE', 'SNRPF', 'SNRPG', 'SNRPN', 'SNU13', 'SNUPN', 'SNW1', 'SRRM1', 'SRRM2', 'SRRT', 'SRSF1', 'SRSF10', 'SRSF11', 'SRSF12', 'SRSF2', 'SRSF3', 'SRSF4', 'SRSF5', 'SRSF6', 'SRSF7', 'SRSF8', 'SRSF9', 'STEEP1', 'SUGP1', 'SUPT5H', 'SUPV3L1', 'SYF2', 'SYMPK', 'TBL3', 'TBRG4', 'TCERG1', 'TENT4A', 'TENT4B', 'TEX10', 'TFB1M', 'TFIP11', 'TGS1', 'THADA', 'THG1L', 'THOC1', 'THOC2', 'THOC3', 'THOC5', 'THOC6', 'THOC7', 'THUMPD1', 'TNFSF13', 'TNKS1BP1', 'TNPO1', 'TP53RK', 'TPR', 'TPRKB', 'TRA2B', 'TRDMT1', 'TRIT1', 'TRMT1', 'TRMT10A', 'TRMT10C', 'TRMT11', 'TRMT112', 'TRMT12', 'TRMT13', 'TRMT44', 'TRMT5', 'TRMT6', 'TRMT61A', 'TRMT61B', 'TRMT9B', 'TRMU', 'TRNT1', 'TRUB2', 'TSEN15', 'TSEN2', 'TSEN34', 'TSEN54', 'TSR1', 'TSR3', 'TUT1', 'TUT4', 'TUT7', 'TXNL4A', 'TYW1', 'TYW3', 'TYW5', 'U2AF1', 'U2AF1L4', 'U2AF2', 'U2SURP', 'UBA52', 'UBB', 'UBC', 'UBL5', 'UPF1', 'UPF2', 'UPF3A', 'UPF3B', 'URM1', 'USP39', 'UTP11', 'UTP14A', 'UTP14C', 'UTP15', 'UTP18', 'UTP20', 'UTP25', 'UTP3', 'UTP4', 'UTP6', 'WBP11', 'WBP4', 'WDR12', 'WDR18', 'WDR3', 'WDR33', 'WDR36', 'WDR4', 'WDR43', 'WDR46', 'WDR70', 'WDR75', 'WDR77', 'WDR82', 'WTAP', 'XAB2', 'XPO1', 'XPOT', 'XRN1', 'XRN2', 'YBX1', 'YJU2', 'YRDC', 'YTHDC1', 'YTHDC2', 'YWHAB', 'YWHAZ', 'ZBTB8OS', 'ZC3H11A', 'ZC3H18', 'ZC3H3', 'ZC3H4', 'ZCCHC7', 'ZCCHC8', 'ZCRB1', 'ZFC3H1', 'ZFP36', 'ZFP36L1', 'ZMAT2', 'ZMAT5', 'ZNF473', 'ZNF830', 'ZRSR2']",REACTOME
20,MS,REACTOME_MITOCHONDRIAL_TRANSLATION,R-HSA-5368287,"['AURKAIP1', 'CHCHD1', 'DAP3', 'ERAL1', 'GADD45GIP1', 'GFM1', 'GFM2', 'KGD4', 'MALSU1', 'MIEF1', 'MRPL1', 'MRPL10', 'MRPL11', 'MRPL12', 'MRPL13', 'MRPL14', 'MRPL15', 'MRPL16', 'MRPL17', 'MRPL18', 'MRPL19', 'MRPL2', 'MRPL20', 'MRPL21', 'MRPL22', 'MRPL23', 'MRPL24', 'MRPL27', 'MRPL28', 'MRPL3', 'MRPL30', 'MRPL32', 'MRPL33', 'MRPL34', 'MRPL35', 'MRPL36', 'MRPL37', 'MRPL38', 'MRPL39', 'MRPL4', 'MRPL40', 'MRPL41', 'MRPL42', 'MRPL43', 'MRPL44', 'MRPL45', 'MRPL46', 'MRPL47', 'MRPL48', 'MRPL49', 'MRPL50', 'MRPL51', 'MRPL52', 'MRPL53', 'MRPL54', 'MRPL55', 'MRPL57', 'MRPL58', 'MRPL9', 'MRPS10', 'MRPS11', 'MRPS12', 'MRPS14', 'MRPS15', 'MRPS16', 'MRPS17', 'MRPS18A', 'MRPS18B', 'MRPS18C', 'MRPS2', 'MRPS21', 'MRPS22', 'MRPS23', 'MRPS24', 'MRPS25', 'MRPS26', 'MRPS27', 'MRPS28', 'MRPS30', 'MRPS31', 'MRPS33', 'MRPS34', 'MRPS35', 'MRPS5', 'MRPS6', 'MRPS7', 'MRPS9', 'MRRF', 'MT-ATP6', 'MT-ATP8', 'MT-CO1', 'MT-CO2', 'MT-CO3', 'MT-CYB', 'MT-ND1', 'MT-ND2', 'MT-ND3', 'MT-ND4', 'MT-ND4L', 'MT-ND5', 'MT-ND6', 'MT-RNR1', 'MT-RNR2', 'MTFMT', 'MTIF2', 'MTIF3', 'MTRES1', 'MTRF1', 'MTRF1L', 'MTRFR', 'NDUFAB1', 'OXA1L', 'PTCD3', 'TSFM', 'TUFM']",REACTOME
21,RS,GOBP_CELL_CYCLE_G1_S_PHASE_TRANSITION,GO:0044843,"['ACTB', 'ACTL6A', 'ACTL6B', 'ACVR1', 'ACVR1B', 'ADAM17', 'ADAMTS1', 'AIF1', 'AKT1', 'AMBRA1', 'ANKRD17', 'ANXA1', 'APBB1', 'APC', 'APPL1', 'APPL2', 'ARID1A', 'ARID1B', 'ARID2', 'ATP2B4', 'BCAT1', 'BCL2', 'BCL7A', 'BCL7B', 'BCL7C', 'BID', 'BRD7', 'BTN2A2', 'CACNB4', 'CACUL1', 'CAMK2A', 'CCL2', 'CCNA1', 'CCNA2', 'CCNB1', 'CCNB2', 'CCNB3', 'CCND1', 'CCND2', 'CCND3', 'CCNE1', 'CCNE2', 'CCNF', 'CCNG1', 'CCNG2', 'CCNH', 'CCNI', 'CCNI2', 'CCNJ', 'CCNJL', 'CCNO', 'CCNP', 'CDC25A', 'CDC34', 'CDC6', 'CDC7', 'CDC73', 'CDK1', 'CDK10', 'CDK2', 'CDK2AP2', 'CDK3', 'CDK4', 'CDK6', 'CDK7', 'CDKN1A', 'CDKN1B', 'CDKN2A', 'CDKN2B', 'CDKN2C', 'CDKN2D', 'CDKN3', 'CPAP', 'CPSF3', 'CRLF3', 'CRNN', 'CTDSP1', 'CTDSP2', 'CTDSPL', 'CUL1', 'CUL2', 'CUL3', 'CUL4A', 'CUL4B', 'CUL5', 'CYP1A1', 'DACT1', 'DBF4', 'DCUN1D3', 'DDR2', 'DDRGK1', 'DDX3X', 'DGKZ', 'DLG1', 'DPF1', 'DPF2', 'DPF3', 'E2F1', 'E2F3', 'E2F7', 'ECD', 'EGFR', 'EIF4E', 'EIF4EBP1', 'EIF4G1', 'EZH2', 'FAM107A', 'FAM83D', 'FBXO31', 'FBXO7', 'FBXW7', 'FGF10', 'FHL1', 'GFI1B', 'GIGYF2', 'GLI1', 'GPNMB', 'GPR132', 'GPR15LG', 'GSPT1', 'HINFP', 'ID2', 'ID4', 'INHBA', 'INO80', 'IQGAP3', 'ITGB1', 'JADE1', 'KANK2', 'KCNA5', 'KHDRBS1', 'KIF14', 'KLF11', 'KLF4', 'KMT2E', 'LATS1', 'LATS2', 'LSM10', 'LSM11', 'MAP3K11', 'MBLAC1', 'MDM2', 'MEPCE', 'MIR10A', 'MIR133A1', 'MIR133B', 'MIR137', 'MIR15A', 'MIR15B', 'MIR16-1', 'MIR193A', 'MIR208A', 'MIR214', 'MIR221', 'MIR222', 'MIR26A1', 'MIR29A', 'MIR29B1', 'MIR29C', 'MIR30C2', 'MIR362', 'MIR372', 'MIR451A', 'MIR495', 'MIR503', 'MIR515-1', 'MIR519D', 'MIR520A', 'MIR520H', 'MIR638', 'MIR873', 'MIR892B', 'MLF1', 'MN1', 'MNAT1', 'MTBP', 'MUC1', 'MYB', 'MYC', 'MYO16', 'NANOGP8', 'NPAT', 'PAF1', 'PAGR1', 'PBRM1', 'PHF10', 'PHF8', 'PIAS1', 'PIM2', 'PKD1', 'PKD2', 'PKP3', 'PLCB1', 'PLCG2', 'PLK2', 'PLK3', 'PLK5', 'PLRG1', 'POLE', 'PPP2CA', 'PPP3CA', 'PPP6C', 'PRKDC', 'PRMT2', 'PSMA1', 'PSMA2', 'PSMA3', 'PSMA4', 'PSMA5', 'PSMA6', 'PSMA7', 'PSMB1', 'PSMB2', 'PSMB3', 'PSMB4', 'PSMB5', 'PSMB6', 'PSMB7', 'PSME1', 'PSME2', 'PSME3', 'PTEN', 'PTENP1-AS', 'PTPN6', 'RASSF1', 'RB1', 'RBBP8', 'RBL1', 'RBL2', 'RBX1', 'RCC1', 'RDX', 'RFWD3', 'RGCC', 'RHOU', 'RPA2', 'RPS27L', 'RPS6KB1', 'RPTOR', 'RRM1', 'RRM2', 'SASS6', 'SDE2', 'SENP2', 'SKP1', 'SKP2', 'SLFN11', 'SMARCA2', 'SMARCA4', 'SMARCB1', 'SMARCC1', 'SMARCC2', 'SMARCD1', 'SMARCD2', 'SMARCD3', 'SMARCE1', 'SOX2', 'SPDYA', 'STIL', 'STOX1', 'STXBP4', 'SUSD2', 'TAF1', 'TAF10', 'TBX2', 'TCF3', 'TCIM', 'TERT', 'TFDP1', 'TFDP3', 'TM4SF5', 'TMEM14B', 'TMSB4X', 'TP53', 'TP63', 'TREX1', 'TRIAP1', 'TRIM39', 'TRIM71', 'UBE2E2', 'USP26', 'USP29', 'USP37', 'WAC', 'WEE1', 'ZC3H12D', 'ZNF324', 'ZNF655']",GOBP
22,RS,GOBP_REGULATION_OF_TELOMERE_MAINTENANCE_VIA_TELOMERASE,GO:0032210,"['ACD', 'ATM', 'ATR', 'CCT2', 'CCT3', 'CCT4', 'CCT5', 'CCT6A', 'CCT7', 'CCT8', 'CTC1', 'CTNNB1', 'DCP2', 'DKC1', 'EXOSC10', 'FBXO4', 'GNL3L', 'HNRNPA1', 'HNRNPC', 'HNRNPD', 'HNRNPU', 'HSP90AA1', 'NAF1', 'NAT10', 'PARN', 'PARP3', 'PIF1', 'PINX1', 'PML', 'POT1', 'PTGES3', 'SMG5', 'SMG6', 'STN1', 'TCP1', 'TEN1', 'TENT4B', 'TERF1', 'TERF2', 'TINF2', 'TNKS', 'TNKS2', 'TP53', 'WRAP53', 'XRN1']",GOBP
23,RS,GOBP_TELOMERE_MAINTENANCE_IN_RESPONSE_TO_DNA_DAMAGE,GO:0043247,"['ACD', 'ACTL6A', 'ACTR5', 'ACTR8', 'APEX1', 'CDK2', 'DCLRE1B', 'ERCC1', 'ERCC4', 'INO80', 'INO80B', 'INO80C', 'INO80D', 'INO80E', 'MAD2L2', 'MCRS1', 'NBN', 'NFRKB', 'PPP1CA', 'RIF1', 'RTEL1', 'RUVBL1', 'RUVBL2', 'SHLD1', 'SHLD2', 'SHLD3', 'TERF2', 'TERF2IP', 'TFIP11', 'TFPT', 'UCHL5', 'XRCC1', 'YY1']",GOBP
24,RS,HALLMARK_DNA_REPAIR,,"['AAAS', 'ADA', 'ADCY6', 'ADRM1', 'AGO4', 'AK1', 'AK3', 'ALYREF', 'APRT', 'ARL6IP1', 'BCAM', 'BCAP31', 'BOLA2', 'BRF2', 'CANT1', 'CCNO', 'CDA', 'CETN2', 'CLP1', 'CMPK2', 'COX17', 'CSTF3', 'DAD1', 'DCTN4', 'DDB1', 'DDB2', 'DGCR8', 'DGUOK', 'DUT', 'EDF1', 'EIF1B', 'ELL', 'ELOA', 'ERCC1', 'ERCC2', 'ERCC3', 'ERCC4', 'ERCC5', 'ERCC8', 'FEN1', 'GMPR2', 'GPX4', 'GSDME', 'GTF2A2', 'GTF2B', 'GTF2F1', 'GTF2H1', 'GTF2H3', 'GTF2H5', 'GTF3C5', 'GUK1', 'HCLS1', 'HPRT1', 'IMPDH2', 'ITPA', 'LIG1', 'MPC2', 'MPG', 'MRPL40', 'NCBP2', 'NELFB', 'NELFCD', 'NELFE', 'NFX1', 'NME1', 'NME3', 'NME4', 'NPR2', 'NT5C', 'NT5C3A', 'NUDT21', 'NUDT9', 'PCNA', 'PDE4B', 'PDE6G', 'PNP', 'POLA1', 'POLA2', 'POLB', 'POLD1', 'POLD3', 'POLD4', 'POLE4', 'POLH', 'POLL', 'POLR1C', 'POLR1D', 'POLR1H', 'POLR2A', 'POLR2C', 'POLR2D', 'POLR2E', 'POLR2F', 'POLR2G', 'POLR2H', 'POLR2I', 'POLR2J', 'POLR2K', 'POLR3C', 'POLR3GL', 'POM121', 'PRIM1', 'RAD51', 'RAD52', 'RAE1', 'RALA', 'RBX1', 'REV3L', 'RFC2', 'RFC3', 'RFC4', 'RFC5', 'RNMT', 'RPA2', 'RPA3', 'RRM2B', 'SAC3D1', 'SDCBP', 'SEC61A1', 'SF3A3', 'SMAD5', 'SNAPC4', 'SNAPC5', 'SRSF6', 'SSRP1', 'STX3', 'SUPT4H1', 'SUPT5H', 'SURF1', 'TAF10', 'TAF12', 'TAF13', 'TAF1C', 'TAF6', 'TAF9', 'TARBP2', 'TK2', 'TMED2', 'TP53', 'TSG101', 'TYMS', 'UMPS', 'UPF3B', 'USP11', 'VPS28', 'VPS37B', 'VPS37D', 'XPC', 'ZNF707', 'ZWINT']",HALLMARK
25,RS,HALLMARK_G2M_CHECKPOINT,,"['ABL1', 'AMD1', 'ARID4A', 'ATF5', 'ATRX', 'AURKA', 'AURKB', 'BARD1', 'BCL3', 'BIRC5', 'BRCA2', 'BUB1', 'BUB3', 'CASP8AP2', 'CBX1', 'CCNA2', 'CCNB2', 'CCND1', 'CCNF', 'CCNT1', 'CDC20', 'CDC25A', 'CDC25B', 'CDC27', 'CDC45', 'CDC6', 'CDC7', 'CDK1', 'CDK4', 'CDKN1B', 'CDKN2C', 'CDKN3', 'CENPA', 'CENPE', 'CENPF', 'CHAF1A', 'CHEK1', 'CHMP1A', 'CKS1B', 'CKS2', 'CTCF', 'CUL1', 'CUL3', 'CUL4A', 'CUL5', 'DBF4', 'DDX39A', 'DKC1', 'DMD', 'DR1', 'DTYMK', 'E2F1', 'E2F2', 'E2F3', 'E2F4', 'EFNA5', 'EGF', 'ESPL1', 'EWSR1', 'EXO1', 'EZH2', 'FANCC', 'FBXO5', 'FOXN3', 'G3BP1', 'GINS2', 'GSPT1', 'H2AX', 'H2AZ1', 'H2AZ2', 'H2BC12', 'HIF1A', 'HIRA', 'HMGA1', 'HMGB3', 'HMGN2', 'HMMR', 'HNRNPD', 'HNRNPU', 'HOXC10', 'HSPA8', 'HUS1', 'ILF3', 'INCENP', 'JPT1', 'KATNA1', 'KIF11', 'KIF15', 'KIF20B', 'KIF22', 'KIF23', 'KIF2C', 'KIF4A', 'KIF5B', 'KMT5A', 'KNL1', 'KPNA2', 'KPNB1', 'LBR', 'LIG3', 'LMNB1', 'MAD2L1', 'MAP3K20', 'MAPK14', 'MARCKS', 'MCM2', 'MCM3', 'MCM5', 'MCM6', 'MEIS1', 'MEIS2', 'MKI67', 'MNAT1', 'MT2A', 'MTF2', 'MYBL2', 'MYC', 'NASP', 'NCL', 'NDC80', 'NEK2', 'NOLC1', 'NOTCH2', 'NSD2', 'NUMA1', 'NUP50', 'NUP98', 'NUSAP1', 'ODC1', 'ODF2', 'ORC5', 'ORC6', 'PAFAH1B1', 'PBK', 'PDS5B', 'PLK1', 'PLK4', 'PML', 'POLA2', 'POLE', 'POLQ', 'PRC1', 'PRIM2', 'PRMT5', 'PRP4K', 'PTTG1', 'PTTG3P', 'PURA', 'RACGAP1', 'RAD21', 'RAD23B', 'RAD54L', 'RASAL2', 'RBL1', 'RBM14', 'RPA2', 'RPS6KA5', 'SAP30', 'SFPQ', 'SLC12A2', 'SLC38A1', 'SLC7A1', 'SLC7A5', 'SMAD3', 'SMARCC1', 'SMC1A', 'SMC2', 'SMC4', 'SNRPD1', 'SQLE', 'SRSF1', 'SRSF10', 'SRSF2', 'SS18', 'STAG1', 'STIL', 'STMN1', 'SUV39H1', 'SYNCRIP', 'TACC3', 'TENT4A', 'TFDP1', 'TGFB1', 'TLE3', 'TMPO', 'TNPO2', 'TOP1', 'TOP2A', 'TPX2', 'TRA2B', 'TRAIP', 'TROAP', 'TTK', 'UBE2C', 'UBE2S', 'UCK2', 'UPF1', 'WRN', 'XPO1', 'YTHDC1']",HALLMARK
26,RS,HALLMARK_P53_PATHWAY,,"['ABAT', 'ABCC5', 'ABHD4', 'ACVR1B', 'ADA', 'AEN', 'AK1', 'ALOX15B', 'ANKRA2', 'APAF1', 'APP', 'ATF3', 'BAIAP2', 'BAK1', 'BAX', 'BLCAP', 'BMP2', 'BTG1', 'BTG2', 'CASP1', 'CCND2', 'CCND3', 'CCNG1', 'CCNK', 'CCP110', 'CD81', 'CD82', 'CDH13', 'CDK5R1', 'CDKN1A', 'CDKN2A', 'CDKN2AIP', 'CDKN2B', 'CEBPA', 'CGRRF1', 'CLCA2', 'COQ8A', 'CSRNP2', 'CTSD', 'CTSF', 'CYFIP2', 'DCXR', 'DDB2', 'DDIT3', 'DDIT4', 'DEF6', 'DGKA', 'DNTTIP2', 'DRAM1', 'EI24', 'ELP1', 'EPHA2', 'EPHX1', 'EPS8L2', 'ERCC5', 'F2R', 'FAM162A', 'FAS', 'FBXW7', 'FDXR', 'FGF13', 'FOS', 'FOXO3', 'FUCA1', 'GADD45A', 'GLS2', 'GM2A', 'GPX2', 'H1-2', 'H2AC25', 'H2AJ', 'HBEGF', 'HDAC3', 'HEXIM1', 'HINT1', 'HMOX1', 'HRAS', 'HSPA4L', 'IER3', 'IER5', 'IFI30', 'IL1A', 'INHBB', 'IP6K2', 'IRAG2', 'IRAK1', 'ISCU', 'ITGB4', 'JAG2', 'JUN', 'KIF13B', 'KLF4', 'KLK8', 'KRT17', 'LDHB', 'LIF', 'MAPKAPK3', 'MDM2', 'MKNK2', 'MXD1', 'MXD4', 'NDRG1', 'NHLH2', 'NINJ1', 'NOL8', 'NOTCH1', 'NUDT15', 'NUPR1', 'OSGIN1', 'PCNA', 'PDGFA', 'PERP', 'PHLDA3', 'PIDD1', 'PITPNC1', 'PLK2', 'PLK3', 'PLXNB2', 'PMM1', 'POLH', 'POM121', 'PPM1D', 'PPP1R15A', 'PRKAB1', 'PRMT2', 'PROCR', 'PTPN14', 'PTPRE', 'PVT1', 'RAB40C', 'RACK1', 'RAD51C', 'RAD9A', 'RALGDS', 'RAP2B', 'RB1', 'RCHY1', 'RETSAT', 'RGS16', 'RHBDF2', 'RNF19B', 'RPL18', 'RPL36', 'RPS12', 'RPS27L', 'RRAD', 'RRP8', 'RXRA', 'S100A10', 'S100A4', 'SAT1', 'SDC1', 'SEC61A1', 'SERPINB5', 'SERTAD3', 'SESN1', 'SFN', 'SLC19A2', 'SLC35D1', 'SLC3A2', 'SLC7A11', 'SOCS1', 'SP1', 'SPHK1', 'ST14', 'STEAP3', 'STOM', 'TAP1', 'TAX1BP3', 'TCHH', 'TCN2', 'TGFA', 'TGFB1', 'TM4SF1', 'TM7SF3', 'TNFSF9', 'TNNI1', 'TOB1', 'TP53', 'TP63', 'TPD52L1', 'TPRKB', 'TRAF4', 'TRAFD1', 'TRIAP1', 'TRIB3', 'TSC22D1', 'TSPYL2', 'TXNIP', 'UPP1', 'VAMP8', 'VDR', 'VWA5A', 'WRAP73', 'WWP1', 'XPC', 'ZBTB16', 'ZFP36L1', 'ZMAT3', 'ZNF365']",HALLMARK
27,RS,REACTOME_DNA_DAMAGE_TELOMERE_STRESS_INDUCED_SENESCENCE,R-HSA-2559586,"['ACD', 'ASF1A', 'ATM', 'CABIN1', 'CCNA1', 'CCNA2', 'CCNE1', 'CCNE2', 'CDK2', 'CDKN1A', 'CDKN1B', 'EP400', 'H1-0', 'H1-1', 'H1-2', 'H1-3', 'H1-4', 'H1-5', 'H2AB1', 'H2AC14', 'H2AC18', 'H2AC19', 'H2AC20', 'H2AC4', 'H2AC6', 'H2AC7', 'H2AC8', 'H2AJ', 'H2AX', 'H2AZ2', 'H2BC1', 'H2BC10', 'H2BC11', 'H2BC12', 'H2BC12L', 'H2BC13', 'H2BC14', 'H2BC15', 'H2BC17', 'H2BC21', 'H2BC26', 'H2BC3', 'H2BC4', 'H2BC5', 'H2BC6', 'H2BC7', 'H2BC8', 'H2BC9', 'H3-4', 'H4C1', 'H4C11', 'H4C12', 'H4C13', 'H4C14', 'H4C15', 'H4C16', 'H4C2', 'H4C3', 'H4C4', 'H4C5', 'H4C6', 'H4C8', 'H4C9', 'HIRA', 'HMGA1', 'HMGA2', 'KAT5', 'LMNB1', 'MRE11', 'NBN', 'POT1', 'RAD50', 'RB1', 'TERF1', 'TERF2', 'TERF2IP', 'TINF2', 'TP53', 'UBN1']",REACTOME
28,RS,REACTOME_TELOMERE_MAINTENANCE,R-HSA-157579,"['ACD', 'ANKRD28', 'ATRX', 'BLM', 'CCNA1', 'CCNA2', 'CDK2', 'CHTF18', 'CHTF8', 'CTC1', 'DAXX', 'DKC1', 'DNA2', 'DSCC1', 'FEN1', 'GAR1', 'H2AB1', 'H2AC14', 'H2AC18', 'H2AC19', 'H2AC20', 'H2AC4', 'H2AC6', 'H2AC7', 'H2AC8', 'H2AJ', 'H2AX', 'H2AZ2', 'H2BC1', 'H2BC10', 'H2BC11', 'H2BC12', 'H2BC12L', 'H2BC13', 'H2BC14', 'H2BC15', 'H2BC17', 'H2BC21', 'H2BC26', 'H2BC3', 'H2BC4', 'H2BC5', 'H2BC6', 'H2BC7', 'H2BC8', 'H2BC9', 'H3-3A', 'H3-3B', 'H3-4', 'H4C1', 'H4C11', 'H4C12', 'H4C13', 'H4C14', 'H4C15', 'H4C16', 'H4C2', 'H4C3', 'H4C4', 'H4C5', 'H4C6', 'H4C8', 'H4C9', 'LIG1', 'NHP2', 'NOP10', 'PCNA', 'PIF1', 'POLA1', 'POLA2', 'POLD1', 'POLD2', 'POLD3', 'POLD4', 'POLR2A', 'POLR2B', 'POLR2C', 'POLR2D', 'POLR2E', 'POLR2F', 'POLR2G', 'POLR2H', 'POLR2I', 'POLR2J', 'POLR2K', 'POLR2L', 'POT1', 'PPP6C', 'PPP6R3', 'PRIM1', 'PRIM2', 'RFC1', 'RFC2', 'RFC3', 'RFC4', 'RFC5', 'RPA1', 'RPA2', 'RPA3', 'RTEL1', 'RUVBL1', 'RUVBL2', 'SHQ1', 'STN1', 'TEN1', 'TERF1', 'TERF2', 'TERF2IP', 'TERT', 'TINF2', 'WRAP53', 'WRN']",REACTOME
29,RS,ubiquitin protein ligase binding,GO:0031625,"['ABCB1', 'ABI2', 'ACTG1', 'ACVR1B', 'AICDA', 'AMBRA1', 'ANKRA2', 'APBB1', 'APC', 'ARIH1', 'ARRB1', 'ARRB2', 'ARRDC1', 'ASB4', 'ATP6V0C', 'ATXN3', 'AUP1', 'AXIN1', 'AXIN2', 'BAG1', 'BAG4', 'BAG5', 'BAG6', 'BCL10', 'BCL2', 'BECN1', 'BLZF1', 'BRCA1', 'CACYBP', 'CALR', 'CAMLG', 'CASC3', 'CASP10', 'CASP8', 'CBS', 'CCDC50', 'CCT2', 'CD40', 'CDKN1A', 'CDKN1B', 'CHEK2', 'CKB', 'CLU', 'CTNNB1', 'CUL1', 'CUL2', 'CUL3', 'CUL4A', 'CUL4B', 'CUL5', 'CXCR4', 'DAXX', 'DAZAP2', 'DBT', 'DERL1', 'DET1', 'DIO2', 'DNAJA1', 'DNM1L', 'DTX1', 'EGFR', 'EGR2', 'EIF4E2', 'ELOB', 'ERBB3', 'ERLIN2', 'FAF1', 'FAF2', 'FANCL', 'FATE1', 'FBXO7', 'FBXW7', 'FHIT', 'FOXO1', 'FZD4', 'FZD5', 'FZD6', 'FZD8', 'GABARAP', 'GABARAPL1', 'GABARAPL2', 'GABARAPL3', 'GGN', 'GLMN', 'GPI', 'GPR37', 'GSK3B', 'HAPSTR1', 'HAPSTR2', 'HDAC6', 'HERC2', 'HIF1A', 'HLTF', 'HM13', 'HSP90AA1', 'HSP90AB1', 'HSPA1A', 'HSPA1B', 'HSPA1L', 'HSPA5', 'HSPA8', 'HSPA9', 'HSPBP1', 'HSPD1', 'IKBKE', 'IKBKG', 'JAK1', 'JKAMP', 'JUN', 'KCNH2', 'KCNQ1', 'KDM4A', 'LAPTM4B', 'LAPTM5', 'LIMK1', 'LRPPRC', 'LTBR', 'MAGEA2', 'MAGEC2', 'MAP1LC3A', 'MAP1LC3B', 'MAP1LC3B2', 'MAP1LC3C', 'MC1R', 'MC4R', 'MDM2', 'MFHAS1', 'MFN2', 'MID1', 'MOAP1', 'MUL1', 'NAE1', 'NDUFS2', 'NEDD8', 'NEK6', 'NFE2L2', 'NFKBIA', 'NGFR', 'NKD2', 'NLK', 'NPLOC4', 'OTUB1', 'PA2G4', 'PACRG', 'PATZ1', 'PCBP2', 'PER1', 'PIAS4', 'PINK1', 'PML', 'POLR2A', 'POU5F1', 'PPARGC1A', 'PRDX6', 'PRKAR1A', 'PRKAR2A', 'PRKAR2B', 'PRKN', 'PRR5L', 'PSMA3', 'PSMD1', 'PTPN22', 'PYHIN1', 'RAD18', 'RALA', 'RALB', 'RB1', 'RBX1', 'RELA', 'RFFL', 'RHOBTB3', 'RIGI', 'RIPK1', 'RNF186', 'RNF20', 'RNF31', 'RNF34', 'RNF40', 'RNF8', 'RPA2', 'RPL11', 'RPL23', 'RPL5', 'RRAGA', 'RTN4', 'SCAMP3', 'SCN5A', 'SHPRH', 'SKI', 'SLC25A5', 'SLC67A1', 'SLF1', 'SLF2', 'SMAD1', 'SMAD2', 'SMAD3', 'SMAD5', 'SMAD6', 'SMAD7', 'SMC6', 'SMG5', 'SNCAIP', 'SNX9', 'SPART', 'SPOP', 'SPOPL', 'SQSTM1', 'STUB1', 'SUMO1', 'SUMO2', 'SYT11', 'TANK', 'TCP1', 'TGFBR1', 'TMBIM6', 'TNFRSF14', 'TNFRSF1B', 'TNK2', 'TP53', 'TPI1', 'TRAF1', 'TRAF2', 'TRAF3', 'TRAF4', 'TRAF5', 'TRIB1', 'TRIB2', 'TRIB3', 'TRIM28', 'TRIM37', 'TRIOBP', 'TSG101', 'TUBA1B', 'TUBB', 'TXNIP', 'UBE2A', 'UBE2B', 'UBE2G1', 'UBE2J1', 'UBE2J2', 'UBE2K', 'UBE2L3', 'UBE2N', 'UBE2T', 'UBE2W', 'UBOX5', 'UBXN1', 'UBXN7', 'UCHL1', 'UQCRC1', 'USP13', 'USP2', 'USP25', 'VCL', 'VCP', 'WASHC1', 'WFS1', 'WRAP53', 'XRCC5', 'YOD1', 'YWHAE', 'YWHAZ', 'ZNF675']",MF
30,RS,replicative senescence,GO:0090399,"['ATM', 'ATR', 'CDKN2A', 'CHEK1', 'CHEK2', 'MME', 'PLA2R1', 'ROMO1', 'SERPINE1', 'TERT', 'TP53', 'WNT16']",BP
31,RS,DNA replication,GO:0006260,"['ACTL6A', 'ACTR5', 'ACTR8', 'ACVRL1', 'AFG2A', 'AFG2B', 'AGER', 'AICDA', 'AIRIM', 'ANKRD17', 'ASCC1', 'ASCC2', 'ASCC3', 'ASF1A', 'ATAD5', 'ATR', 'ATRX', 'BARD1', 'BAZ1A', 'BCL6', 'BLM', 'BOD1L1', 'BRCA1', 'BRCA2', 'BRPF3', 'CAMSAP3', 'CARM1', 'CCNA2', 'CDC25A', 'CDC34', 'CDC45', 'CDC6', 'CDC7', 'CDK1', 'CDK2', 'CDK2AP1', 'CDK9', 'CDKN1A', 'CDKN1B', 'CDT1', 'CENPS', 'CENPX', 'CHEK1', 'CHRAC1', 'CHTF18', 'CHTF8', 'CINP', 'CTBP1-DT', 'CTC1', 'CUL2', 'CUL4A', 'CUL4B', 'DBF4', 'DBF4B', 'DDB1', 'DDX11', 'DHFR', 'DHX9', 'DNA2', 'DONSON', 'DSCC1', 'DTL', 'DUT', 'DYNLL1', 'E2F7', 'E2F8', 'EGFR', 'EHMT2', 'ELOB', 'ELOC', 'EME1', 'EME2', 'ENDOG', 'ENPP7', 'EREG', 'ESCO1', 'ESCO2', 'ETAA1', 'EXD2', 'EXO1', 'FAAP20', 'FAF1', 'FAM111A', 'FAM111B', 'FANCM', 'FBH1', 'FBXO5', 'FEN1', 'GDF2', 'GEN1', 'GINS1', 'GINS2', 'GINS3', 'GINS4', 'GLI1', 'GLI2', 'GMNC', 'GMNN', 'GRWD1', 'GTPBP4', 'HELB', 'HLTF', 'ING5', 'INO80', 'INO80B', 'INO80C', 'INO80D', 'INO80E', 'JADE1', 'JADE2', 'JADE3', 'KAT7', 'KHDC3L', 'KIN', 'LIG1', 'LIG3', 'LRR1', 'LRWD1', 'MAD2L2', 'MCIDAS', 'MCM10', 'MCM2', 'MCM3', 'MCM4', 'MCM5', 'MCM6', 'MCM7', 'MCM8', 'MCM9', 'MCMBP', 'MCRS1', 'MEAF6', 'METTL4', 'MGME1', 'MMS22L', 'MRE11', 'MSH2', 'MUS81', 'NAP1L1', 'NBN', 'NFI', 'NFRKB', 'NOC3L', 'NT5M', 'NUCKS1', 'NUGGC', 'OBI1', 'OOEP', 'ORC1', 'ORC2', 'ORC3', 'ORC4', 'ORC5', 'ORC6', 'PARP1', 'PARP10', 'PCLAF', 'PCNA', 'PDS5A', 'PHIP', 'PNKP', 'POLA1', 'POLA2', 'POLB', 'POLD1', 'POLD2', 'POLD3', 'POLD4', 'POLDIP2', 'POLE', 'POLE2', 'POLE3', 'POLE4', 'POLG', 'POLG2', 'POLH', 'POLI', 'POLK', 'POLL', 'POLN', 'POLQ', 'POLRMT', 'PRIM1', 'PRIM2', 'PRIMPOL', 'PTK6', 'PTMS', 'PURA', 'RAD17', 'RAD18', 'RAD50', 'RAD51', 'RAD51C', 'RBBP6', 'RBBP8', 'RBMS1', 'RBX1', 'RCHY1', 'RECQL', 'RECQL4', 'RECQL5', 'REV1', 'REV3L', 'RFC1', 'RFC2', 'RFC3', 'RFC4', 'RFC5', 'RFWD3', 'RNASEH1', 'RNASEH2A', 'RPA1', 'RPA2', 'RPA3', 'RPA4', 'RRM1', 'RRM2B', 'RTEL1', 'RUVBL1', 'RUVBL2', 'S100A11', 'SAMHD1', 'SET', 'SETMAR', 'SHMT1', 'SLFN11', 'SLX1A', 'SLX4', 'SMARCA5', 'SMARCAL1', 'SMC3', 'SPRTN', 'SSBP1', 'STN1', 'TBRG1', 'TEFM', 'TERF1', 'TERF2', 'TFPT', 'TICRR', 'TIMELESS', 'TIPIN', 'TK1', 'TONSL', 'TOP1', 'TOP1MT', 'TOPBP1', 'TRAIP', 'TREX1', 'TSPYL2', 'TWNK', 'TYMS', 'UBE2A', 'UBE2B', 'UBE2N', 'UBE2NL', 'UCHL5', 'UPF1', 'USP1', 'USP10', 'USP37', 'USP43', 'VCP', 'WAPL', 'WDHD1', 'WDR18', 'WDR33', 'WEE1', 'WIZ', 'WRN', 'WRNIP1', 'XRCC3', 'YY1', 'ZBTB1', 'ZBTB38', 'ZNF365', 'ZPR1', 'ZRANB3']",BP
32,RS,telomere maintenance in response to DNA damage,GO:0043247,"['ACD', 'APEX1', 'CDK2', 'DCLRE1B', 'ERCC1', 'ERCC4', 'MAD2L2', 'NBN', 'PPP1CA', 'RIF1', 'RTEL1', 'SHLD1', 'SHLD2', 'SHLD3', 'TERF2', 'TERF2IP', 'TFIP11']",BP
33,RS,positive regulation of apoptotic process,GO:0043065,"['ABL1', 'ACIN1', 'ACVR1C', 'ADAM8', 'ADAMTSL4', 'ADIPOQ', 'ADRB1', 'ADRB2', 'AGT', 'AGTR2', 'AIFM1', 'AIFM2', 'AKR1C3', 'ANKRD1', 'ANO6', 'APAF1', 'APBB1', 'APC', 'APP', 'ARHGEF7', 'ARL6IP5', 'ATF3', 'ATF4', 'ATF6', 'ATG7', 'ATM', 'BACE1', 'BAD', 'BAG1', 'BAK1', 'BARD1', 'BAX', 'BBC3', 'BCAP31', 'BCL10', 'BCL2', 'BCL2A1', 'BCL2L1', 'BCL2L10', 'BCL2L11', 'BCL2L14', 'BCL2L2', 'BCL6', 'BCLAF1', 'BECN1', 'BID', 'BIN1', 'BLID', 'BMF', 'BMP2', 'BMP4', 'BNIP3', 'BNIP3L', 'BOK', 'BRMS1', 'BTG1', 'C1QBP', 'C3orf38', 'CALHM2', 'CAMK2A', 'CAMK2D', 'CARM1', 'CASP1', 'CASP10', 'CASP12', 'CASP14', 'CASP2', 'CASP3', 'CASP4', 'CASP5', 'CASP6', 'CASP7', 'CASP8', 'CASP9', 'CAV1', 'CCAR1', 'CCAR2', 'CCL2', 'CCL3', 'CCL5', 'CD160', 'CD274', 'CD40', 'CD40LG', 'CDK5', 'CDK5R1', 'CDKN2A', 'CFLAR', 'CIDEB', 'CLIP3', 'CLU', 'CRADD', 'CSRNP3', 'CTLA4', 'CTNNB1', 'CTNNBL1', 'CTSD', 'CTSH', 'CXCR3', 'CYLD', 'CYP1B1', 'DAB2IP', 'DAPK1', 'DAPK2', 'DAPK3', 'DCUN1D3', 'DDIT3', 'DDX20', 'DDX3X', 'DEDD2', 'DIABLO', 'DKKL1', 'DLC1', 'DNAJA1', 'DNM2', 'DUSP6', 'E2F1', 'E2F3', 'ECSCR', 'ECT2', 'EEF1E1', 'EIF5A', 'EMILIN2', 'EPHA7', 'ERCC3', 'F2R', 'F3', 'FADD', 'FAF1', 'FAM162A', 'FANK1', 'FAP', 'FAS', 'FASLG', 'FBH1', 'FBXW7', 'FIS1', 'FLCN', 'FNIP1', 'FOXA1', 'FOXL2', 'FOXO1', 'FOXO3', 'FRZB', 'FZD9', 'G0S2', 'GADD45A', 'GADD45B', 'GADD45G', 'GPER1', 'GPLD1', 'GRAMD4', 'GRN', 'GSDME', 'GSK3A', 'GSK3B', 'GSN', 'GZMA', 'HCAR2', 'HLA-G', 'HMGB1', 'HOXA5', 'HRG', 'HRK', 'HSPD1', 'HTRA1', 'HTRA2', 'HTRA4', 'HTT', 'HYAL2', 'IAPP', 'ICAM1', 'IDO1', 'IFIT2', 'IFNB1', 'IFNG', 'IGFBP3', 'IL10', 'IL12A', 'IL12B', 'IL6', 'ING4', 'ING5', 'INHBA', 'IP6K2', 'IRF5', 'ITGA4', 'ITGA6', 'ITGB1', 'JMY', 'KCNMA1', 'KLF11', 'KNG1', 'LATS1', 'LATS2', 'LCK', 'LGALS1', 'LGALS16', 'LGALS2', 'LGALS9', 'LILRB1', 'LTA', 'LTB', 'LTBR', 'LTK', 'LYN', 'MAP3K10', 'MAP3K20', 'MAP3K5', 'MAPK8', 'MCL1', 'MEF2C', 'MELK', 'MFN2', 'MLLT11', 'MNDA', 'MOAP1', 'MSX1', 'MTCH1', 'MTCH2', 'MYBBP1A', 'MYC', 'NACC2', 'NCK1', 'NCK2', 'NDUFA13', 'NET1', 'NEURL1', 'NEUROD1', 'NF1', 'NGFR', 'NHERF1', 'NKX3-1', 'NLRC4', 'NLRP2B', 'NOS1', 'NOTCH1', 'NUPR1', 'O00366', 'OLFM1', 'OMA1', 'PAK2', 'PANO1', 'PAWR', 'PCSK9', 'PDCD4', 'PDCD5', 'PDCD6', 'PERP', 'PHB1', 'PHLDA1', 'PHLDA3', 'PIAS4', 'PIDD1', 'PIK3CB', 'PIK3CD', 'PIP5KL1', 'PLA2G1B', 'PLA2R1', 'PLCG1', 'PLEKHN1', 'PMAIP1', 'PML', 'PNMA1', 'PNMA2', 'PNMA3', 'PNMA5', 'PNN', 'PPARG', 'PPID', 'PPP2R1B', 'PRDM11', 'PRELID1', 'PRKCI', 'PRNP', 'PRR7', 'PTGIS', 'PTPA', 'PTRH2', 'PYCARD', 'Q9HBP0', 'QRICH1', 'RACK1', 'RAPGEF2', 'RARG', 'RASSF2', 'RBM5', 'RET', 'RGCC', 'RHOB', 'RILPL1', 'RIPK1', 'RNF122', 'RNF183', 'RNPS1', 'RPL26', 'RPS3', 'RPS6', 'RPS6KA2', 'RPS7', 'RRP1B', 'RYBP', 'S100A8', 'S100A9', 'SAP18', 'SAV1', 'SCIN', 'SCRIB', 'SEPTIN4', 'SFPQ', 'SFRP1', 'SFRP2', 'SFRP4', 'SIAH1', 'SIK1', 'SIRT1', 'SIRT2', 'SLC27A4', 'SLIT2', 'SMPD1', 'SNCA', 'SOD1', 'SOD2', 'SOX4', 'SP1', 'SPDEF', 'SPHK2', 'SQSTM1', 'SRPK2', 'STK17A', 'STK17B', 'STK3', 'STK4', 'STPG1', 'STUB1', 'STYXL1', 'TCTN3', 'TFAP2A', 'TFAP2B', 'TFAP4', 'TFPT', 'TGFB1', 'TGFB2', 'TGFB3', 'TGFBR1', 'TGM2', 'THBS1', 'TLE5', 'TLR4', 'TLR6', 'TMC8', 'TMEM196', 'TNF', 'TNFAIP8', 'TNFRSF10A', 'TNFRSF10B', 'TNFRSF12A', 'TNFRSF1A', 'TNFRSF1B', 'TNFRSF8', 'TNFSF10', 'TNFSF11', 'TNFSF12', 'TNFSF14', 'TNFSF15', 'TOP2A', 'TP53', 'TP53BP1', 'TP53BP2', 'TP63', 'TP73', 'TPD52L1', 'TRADD', 'TRAF2', 'TRAF7', 'TRIM35', 'TRIM39', 'TSC22D1', 'UBB', 'UBD', 'UBE2Z', 'UNC13B', 'UNQ5830/PRO19650/PRO19816', 'USP17L24', 'USP27X', 'UTP11', 'VNN1', 'WNT10B', 'WNT5A', 'WWOX', 'ZBP1', 'ZC3H12A', 'ZC3H8', 'ZNF268', 'ZNF622']",BP
34,RS,negative regulation of cell population proliferation,GO:0008285,"['A8KAE3', 'ABI1', 'ACVR1C', 'ACVRL1', 'ADAMTS1', 'ADAMTS8', 'ADARB1', 'ADGRB1', 'ADGRG1', 'ADIPOQ', 'ADORA3', 'ADRA1A', 'AIF1', 'AIMP1', 'AKIRIN1', 'ALDH1A2', 'ALOX15B', 'ALOX5', 'ANG', 'APC', 'APLN', 'APOD', 'APOE', 'APOH', 'APP', 'APPL2', 'AQP11', 'AR', 'ARG1', 'ARID2', 'ATF5', 'ATG101', 'ATG13', 'ATM', 'ATOH8', 'ATP5F1A', 'ATP5IF1', 'ATP8A2', 'ATRAID', 'AVPR2', 'AZGP1', 'B2M', 'B2RAG9', 'B4GALT7', 'BAP1', 'BMP2', 'BMP4', 'BMP5', 'BMP7', 'BMPR1B', 'BMPR2', 'BNIPL', 'BPGF-1', 'BRCA2', 'BTG1', 'BTG2', 'BTG3', 'BTG4', 'BTLA', 'BTN2A2', 'CASK', 'CAV1', 'CAV2', 'CBFA2T3', 'CCL2', 'CCL23', 'CCL3L1', 'CCN3', 'CCN6', 'CD200', 'CD274', 'CD300A', 'CD33', 'CD80', 'CD86', 'CDC6', 'CDC73', 'CDH13', 'CDK10', 'CDK6', 'CDKN1A', 'CDKN1B', 'CDKN1C', 'CDKN2A', 'CDKN2B', 'CDKN2C', 'CDKN2D', 'CDKN3', 'CEACAM1', 'CEBPA', 'CEBPB', 'CELF1', 'CER1', 'CERS2', 'CGREF1', 'CGRRF1', 'CHD5', 'CHERP', 'CIB1', 'CLDN19', 'CLDN3', 'CLMN', 'CNMD', 'CNN1', 'CNOT7', 'CNTF', 'CNTFR', 'COL18A1', 'COL4A3', 'COPS8', 'CR1', 'CRP', 'CRTAM', 'CSNK2B', 'CTBP1', 'CTBP2', 'CTCF', 'CTLA4', 'CTNNB1', 'CTNNBIP1', 'CXCL1', 'CXCL8', 'CXCR3', 'CYP1B1', 'CYP27B1', 'DAB2IP', 'DDAH1', 'DELEC1', 'DHRS2', 'DICER1', 'DIS3L2', 'DLC1', 'DLEC1', 'DLG3', 'DLG5', 'DLL1', 'DLL4', 'DNAJA3', 'DNAJB2', 'DRC4', 'DRD2', 'DSC1', 'DUSP10', 'DUX4', 'E2F1', 'E2F3', 'ECRG4', 'EEF1E1', 'EFEMP2', 'EIF2AK2', 'EMD', 'ENPP3', 'ENPP7', 'EPHB1', 'EPPK1', 'ERBB4', 'EREG', 'ETS1', 'F2R', 'FABP3', 'FABP6', 'FABP7', 'FAP', 'FBLN1', 'FBXW7', 'FCGR2B', 'FGFBP1', 'FGFR2', 'FKTN', 'FLCN', 'FLT1', 'FOXO4', 'FOXP3', 'FRZB', 'FTH1', 'FUZ', 'GATA2', 'GATA3', 'GATA6', 'GDF2', 'GDF5', 'GDF8', 'GDPD2', 'GHRL', 'GLMN', 'GML', 'GPER1', 'GPLD1', 'GPNMB', 'GREM1', 'GSDME', 'GSTP1', 'GTPBP4', 'H2AC4', 'H2AC6', 'HES1', 'HGS', 'HLA-DRB1', 'HLA-E', 'HLA-G', 'HMGA1', 'HMOX1', 'HNF4A', 'HPN', 'HRAS', 'HRG', 'HSPA1A', 'HSPA1B', 'IFI35', 'IFIT3', 'IFITM1', 'IFNG', 'IFNK', 'IFNL1', 'IFNLR1', 'IGFBP3', 'IGFBP5', 'IGFBP6', 'IGFBP7', 'IHH', 'IL10', 'IL12A', 'IL12B', 'IL1A', 'IL1B', 'IL26', 'IL33', 'IL4I1', 'IL6', 'INCA1', 'ING1', 'ING4', 'ING5', 'INHBA', 'INSM1', 'IRF1', 'IRF6', 'ITGA1', 'ITGB1BP1', 'JAK2', 'KANK2', 'KAT2B', 'KDF1', 'KDM2B', 'KLF10', 'KLF11', 'KLF4', 'KLF9', 'KRIT1', 'KRT4', 'LDOC1', 'LGALS9', 'LGALS9B', 'LGALS9C', 'LILRB1', 'LILRB2', 'LILRB4', 'LMNA', 'LST1', 'LYN', 'MAGED1', 'MAGI2', 'MAP2K1', 'MARVELD3', 'MCC', 'MDM4', 'MED1', 'MED25', 'MEF2C', 'MEN1', 'MFN2', 'MINAR1', 'MMRN2', 'MN1', 'MNDA', 'MORC3', 'MSTN', 'MTSS1', 'MYC', 'MYO16', 'MYOCD', 'MYOG', 'NACC2', 'NCK2', 'NDRG4', 'NELL1', 'NEURL1', 'NF1', 'NF2', 'NFIB', 'NGF', 'NGFR', 'NHERF1', 'NIBAN2', 'NKX3-1', 'NLRC3', 'NME1', 'NMI', 'NODAL', 'NOG', 'NOS3', 'NOTCH1', 'NOX4', 'NPM1', 'NR2F2', 'NTRK1', 'NUDT6', 'NUP62', 'NUPR1', 'NUPR2', 'OGN', 'OPRM1', 'OSM', 'OVOL2', 'P3H1', 'P3H2', 'P3H3', 'PAK1', 'PARP10', 'PBRM1', 'PDCD10', 'PDCD1LG2', 'PDCD4', 'PDPN', 'PDS5B', 'PER2', 'PEX2', 'PHB1', 'PHF14', 'PHF7', 'PIM2', 'PINX1', 'PKD2', 'PLA2G2A', 'PLA2G2D', 'PLA2G2F', 'PLA2G5', 'PLAAT4', 'PLPP1', 'PLXNB1', 'PML', 'PODN', 'POU1F1', 'PPARG', 'PPARGC1A', 'PPM1D', 'PPP2R5C', 'PRKAR1A', 'PRKG1', 'PRKRA', 'PRL', 'PRNP', 'PROX1', 'PTEN', 'PTGIR', 'PTHLH', 'PTK2B', 'PTN', 'PTPN11', 'PTPN14', 'PTPN2', 'PTPN6', 'PTPRJ', 'PTPRK', 'PTPRM', 'PTPRU', 'Q8TD27', 'Q9NP35', 'RAF1', 'RAPGEF2', 'RARG', 'RARRES1', 'RB1CC1', 'RBBP4', 'RBM5', 'RBP4', 'RC3H1', 'RERG', 'RGCC', 'RNF10', 'RNF139', 'RNF41', 'ROBO1', 'RPS6KA2', 'RUNX3', 'S100A11', 'SAV1', 'SCG2', 'SCIN', 'SCRIB', 'SDC4', 'SFRP1', 'SFRP2', 'SFRP4', 'SFRP5', 'SFTPD', 'SH2B3', 'SH3BP4', 'SIRPG', 'SIRT2', 'SKI', 'SLC16A2', 'SLC4A2', 'SLURP1', 'SMAD3', 'SMAD6', 'SMARCA2', 'SMYD2', 'SNAI2', 'SOD2', 'SOX11', 'SOX9', 'SPARC', 'SPEG', 'SPIN4', 'SPN', 'SST', 'SSTR1', 'SSTR2', 'SSTR3', 'SSTR4', 'SSTR5', 'ST18', 'STAT1', 'STK11', 'STRN', 'SULF1', 'SULT2B1', 'SYNJ2BP', 'TAFA5', 'TARM1', 'TBRG1', 'TBX3', 'TBX5', 'TENM1', 'TENT5B', 'TES', 'TESC', 'TFAP2A', 'TFAP2B', 'TFAP4', 'TFDP1', 'TGFB1', 'TGFB1I1', 'TGFB2', 'TGFB3', 'TGFBR3', 'THAP12', 'THBS1', 'TIAL1', 'TINF2', 'TMEM115', 'TMEM127', 'TMEM131L', 'TMEM196', 'TMIGD1', 'TMIGD3', 'TNFAIP3', 'TNFRSF13B', 'TNFRSF14', 'TNFRSF21', 'TNFRSF8', 'TNFRSF9', 'TNMD', 'TNS2', 'TOB1', 'TOB2', 'TP53', 'TP53I11', 'TP53INP1', 'TP73', 'TPM1', 'TREM2', 'TRIB1', 'TRIM32', 'TSC1', 'TSC2', 'TSC22D1', 'TWSG1', 'TYROBP', 'ULK1', 'UMOD', 'UTP20', 'VASH1', 'VDR', 'VGLL4', 'VHL', 'VSIG4', 'VSIR', 'VTCN1', 'WARS1', 'WDR6', 'WNK2', 'WNT5A', 'WNT9A', 'WT1', 'WWC1', 'WWC2', 'WWC3', 'XCL1', 'ZBTB17', 'ZBTB49', 'ZBTB7B', 'ZBTB7C', 'ZNF268', 'ZNF503', 'ZNF777']",BP
35,RS,recombinational repair,GO:0000725,"['ABL1', 'ACTB', 'ACTL6A', 'ACTR2', 'ANKLE1', 'AP5S1', 'AP5Z1', 'ARID2', 'ASTE1', 'ATM', 'AUNIP', 'BLM', 'BRCA1', 'BRCA2', 'BRD8', 'BRD9', 'C1QBP', 'CDC45', 'CDC7', 'CGAS', 'CHD4', 'CHEK1', 'CREBBP', 'CSNK2A1', 'CTBP1-DT', 'DMAP1', 'DMC1', 'EID3', 'EP400', 'EPC1', 'EPC2', 'ERCC4', 'ERCC5', 'ERCC6', 'EXD2', 'FAN1', 'FANCB', 'FANCM', 'FBH1', 'FEN1', 'FIGNL1', 'FIRRM', 'FUS', 'GEN1', 'GINS2', 'GINS4', 'HDGFL2', 'HELB', 'HELLS', 'HELQ', 'HTATSF1', 'HUS1', 'HUS1B', 'ING3', 'INIP', 'INO80', 'INTS3', 'KAT5', 'KDM1A', 'KDM4D', 'KHDC3L', 'KLHL15', 'KMT5A', 'LIG3', 'MAD2L2', 'MAGEF1', 'MBTD1', 'MCM2', 'MCM3', 'MCM4', 'MCM5', 'MCM6', 'MCM7', 'MCM8', 'MCM9', 'MCMDC2', 'MEAF6', 'MEIOB', 'MMS22L', 'MORF4L1', 'MORF4L2', 'MRE11', 'MRGBP', 'MRNIP', 'MUS81', 'NABP1', 'NABP2', 'NBN', 'NIPBL', 'NSMCE1', 'NSMCE2', 'NSMCE3', 'NSMCE4A', 'NUCKS1', 'OOEP', 'PALB2', 'PARP1', 'PARPBP', 'PDS5B', 'PELI1', 'PIAS4', 'PLK1', 'POGZ', 'POLL', 'POLN', 'POLQ', 'PPP4C', 'PPP4R2', 'PRMT1', 'PSMD14', 'RAD21', 'RAD21L1', 'RAD50', 'RAD51', 'RAD51AP1', 'RAD51B', 'RAD51C', 'RAD51D', 'RAD52', 'RAD54B', 'RAD54L', 'RADX', 'RBBP8', 'REV3L', 'RFWD3', 'RHNO1', 'RIF1', 'RMI1', 'RMI2', 'RNF126', 'RNF138', 'RNF169', 'RNF8', 'RPA1', 'RPA2', 'RPA3', 'RTEL1', 'RUVBL1', 'RUVBL2', 'SAMHD1', 'SEM1', 'SENP3', 'SETD2', 'SFPQ', 'SFR1', 'SHLD1', 'SHLD2', 'SHLD3', 'SIRT6', 'SKP2', 'SLF1', 'SLF2', 'SLX1A', 'SLX4', 'SMC5', 'SMC6', 'SMCHD1', 'SPIDR', 'SWI5', 'SWSAP1', 'TERF2IP', 'TEX15', 'TIMELESS', 'TONSL', 'TOP3A', 'TOPBP1', 'TP53BP1', 'TRRAP', 'UBE2N', 'UBQLN4', 'UCHL3', 'UHRF1', 'USP51', 'VPS72', 'WAS', 'WDR48', 'WRAP53', 'XRCC2', 'XRCC3', 'XRCC5', 'XRCC6', 'YEATS4', 'YY1', 'ZFYVE26', 'ZGRF1', 'ZMYND8', 'ZNF365', 'ZSWIM7']",BP
36,RS,telomere maintenance,GO:0000723,"['ACD', 'APEX1', 'ATM', 'ATR', 'ATRX', 'AURKB', 'BLM', 'CCT2', 'CCT3', 'CCT4', 'CCT5', 'CCT6A', 'CCT7', 'CCT8', 'CDK2', 'CTC1', 'CTNNB1', 'DCLRE1B', 'DCLRE1C', 'DCP2', 'DHX36', 'DKC1', 'DNA2', 'DSP', 'EID3', 'EME1', 'EME2', 'ERCC1', 'ERCC4', 'EXO1', 'EXOSC10', 'FBXO4', 'FEN1', 'GAR1', 'GNL3', 'GNL3L', 'HDAC8', 'HMBOX1', 'HNRNPA1', 'HNRNPA2B1', 'HNRNPC', 'HNRNPD', 'HNRNPU', 'HSP90AA1', 'HSP90AB1', 'HUS1', 'HUS1B', 'KLF4', 'LIG1', 'LRRC34', 'LTO1', 'MAD2L2', 'MAP2K7', 'MAP3K4', 'MAPK1', 'MAPK15', 'MAPK3', 'MAPKAPK5', 'MRE11', 'MUS81', 'MYC', 'NABP2', 'NAF1', 'NAT10', 'NBN', 'NEK2', 'NEK7', 'NHEJ1', 'NHP2', 'NOP10', 'NSMCE1', 'NSMCE2', 'NSMCE3', 'NSMCE4A', 'NVL', 'PARN', 'PARP1', 'PARP3', 'PCNA', 'PIF1', 'PINX1', 'PKIB', 'PML', 'PNKP', 'POT1', 'PPP1CA', 'PPP1R10', 'PRKCQ', 'PRKDC', 'PTGES3', 'RAD50', 'RAD51', 'RAD51D', 'RAD52', 'RECQL4', 'RFC1', 'RIF1', 'RPA1', 'RPA2', 'RPA3', 'RTEL1', 'SHLD1', 'SHLD2', 'SHLD3', 'SIRT6', 'SLF1', 'SLF2', 'SLX1A', 'SLX4', 'SMARCAL1', 'SMC5', 'SMC6', 'SMG1', 'SMG5', 'SMG6', 'SP100', 'SRC', 'STN1', 'TCP1', 'TEN1', 'TENT4B', 'TEP1', 'TERF1', 'TERF2', 'TERF2IP', 'TERT', 'TFIP11', 'TINF2', 'TNKS', 'TNKS1BP1', 'TNKS2', 'TP53', 'UPF1', 'USP7', 'WRAP53', 'WRN', 'XRCC3', 'XRCC5', 'XRCC6', 'XRN1', 'YLPM1', 'ZBTB48', 'ZNF365', 'ZNF827', 'ZSCAN4']",BP
37,RS,telomere maintenance via recombination,GO:0000722,"['ERCC1', 'ERCC4', 'NSMCE2', 'RAD50', 'RAD51', 'RAD51D', 'SMC5', 'SMC6', 'TEP1', 'TERF2', 'TERT', 'XRCC3']",BP
38,RS,telomere organization,GO:0032200,"['ACD', 'APEX1', 'ATM', 'ATR', 'ATRX', 'AURKB', 'BLM', 'CCT2', 'CCT3', 'CCT4', 'CCT5', 'CCT6A', 'CCT7', 'CCT8', 'CDK2', 'CTC1', 'CTNNB1', 'DCLRE1B', 'DCLRE1C', 'DCP2', 'DHX36', 'DKC1', 'DNA2', 'DOT1L', 'DSP', 'EID3', 'EME1', 'EME2', 'ERCC1', 'ERCC4', 'EXO1', 'EXOSC10', 'FBXO4', 'FEN1', 'GAR1', 'GNL3', 'GNL3L', 'H3-3A', 'H3C1', 'H4C1', 'HDAC8', 'HMBOX1', 'HNRNPA1', 'HNRNPA2B1', 'HNRNPC', 'HNRNPD', 'HNRNPU', 'HSP90AA1', 'HSP90AB1', 'HUS1', 'HUS1B', 'KLF4', 'LIG1', 'LRRC34', 'LTO1', 'MAD2L2', 'MAP2K7', 'MAP3K4', 'MAPK1', 'MAPK15', 'MAPK3', 'MAPKAPK5', 'MRE11', 'MUS81', 'MYC', 'NABP2', 'NAF1', 'NAT10', 'NBN', 'NEK2', 'NEK7', 'NHEJ1', 'NHP2', 'NOP10', 'NSMCE1', 'NSMCE2', 'NSMCE3', 'NSMCE4A', 'NVL', 'PARN', 'PARP1', 'PARP3', 'PCNA', 'PIF1', 'PINX1', 'PKIB', 'PML', 'PNKP', 'POT1', 'PPP1CA', 'PPP1R10', 'PRKCQ', 'PRKDC', 'PTGES3', 'RAD50', 'RAD51', 'RAD51D', 'RAD52', 'RECQL4', 'RFC1', 'RIF1', 'RPA1', 'RPA2', 'RPA3', 'RTEL1', 'SHLD1', 'SHLD2', 'SHLD3', 'SIRT6', 'SLF1', 'SLF2', 'SLX1A', 'SLX4', 'SMARCAL1', 'SMC5', 'SMC6', 'SMG1', 'SMG5', 'SMG6', 'SP100', 'SRC', 'STN1', 'TCP1', 'TEN1', 'TENT4B', 'TEP1', 'TERF1', 'TERF2', 'TERF2IP', 'TERT', 'TFIP11', 'TINF2', 'TNKS', 'TNKS1BP1', 'TNKS2', 'TP53', 'UPF1', 'USP7', 'WRAP53', 'WRN', 'XRCC3', 'XRCC5', 'XRCC6', 'XRN1', 'YLPM1', 'ZBTB48', 'ZNF365', 'ZNF827', 'ZSCAN4']",BP
39,RS,negative regulation of telomere maintenance via telomerase,GO:0032211,"['ACD', 'CTC1', 'DCP2', 'EXOSC10', 'GNL3L', 'HNRNPA1', 'HNRNPC', 'HNRNPU', 'NAT10', 'PARP3', 'PIF1', 'PINX1', 'POT1', 'STN1', 'TEN1', 'TENT4B', 'TERF1', 'TERF2', 'TINF2', 'TP53', 'XRN1']",BP
40,OIS,mitotic intra-S DNA damage checkpoint signaling,GO:0031573,"['ATF2', 'CDC7', 'CHEK2', 'DBF4', 'EME1', 'EME2', 'FANCD2', 'HUS1', 'HUS1B', 'MDC1', 'MRE11', 'MUS81', 'NEK11', 'RAD17', 'RAD9A', 'RAD9B', 'TIMELESS', 'TIPIN']",BP
41,OIS,mitotic G1 DNA damage checkpoint signaling,GO:0031571,"['CCND1', 'CDK2', 'CDKN1A', 'FBXO31', 'MUC1', 'PRKDC', 'RFWD3', 'RPA2', 'RPS27L', 'SDE2', 'TP53', 'TRIAP1', 'WAC']",BP
42,OIS,cellular senescence,GO:0090398,"['ABI3', 'AKT3', 'ARG2', 'ATM', 'B2M', 'BMAL1', 'CALR', 'CDK2', 'CDK6', 'CDKN1A', 'CDKN1B', 'CDKN2A', 'CDKN2B', 'CGAS', 'ECRG4', 'EEF1E1', 'FBXO5', 'FZR1', 'HLA-G', 'HMGA1', 'HMGA2', 'HRAS', 'ID2', 'ING2', 'KAT5', 'KAT6A', 'KIR2DL4', 'LMNA', 'MAGEA2', 'MAP2K1', 'MAP2K3', 'MAP2K4', 'MAP2K6', 'MAP2K7', 'MAP3K5', 'MAPK10', 'MAPK11', 'MAPK14', 'MAPK8', 'MAPK9', 'MAPKAPK5', 'MIF', 'MORC3', 'NEK4', 'NEK6', 'NPM1', 'NSMCE2', 'NUAK1', 'O00366', 'OPA1', 'PLA2R1', 'PML', 'PNPT1', 'PRKCD', 'PTEN', 'RBL1', 'RSL1D1', 'SIRT1', 'SIRT6', 'SLC6A6', 'SMC5', 'SMC6', 'SPI1', 'SRF', 'STING1', 'TBX2', 'TBX3', 'TERF2', 'TERT', 'TP53', 'TWIST1', 'ULK3', 'VASH1', 'WNT1', 'WNT16', 'WRN', 'YBX1', 'YPEL3', 'ZKSCAN3']",BP
43,OIS,oxidative stress-induced premature senescence,GO:0090403,"['BMAL1', 'PLA2R1', 'TP53', 'WNT16']",BP
44,OIS,TOR signaling,GO:0031929,"['AKT1', 'AKT1S1', 'ARAF', 'ARF5', 'ARMH4', 'ATM', 'ATP6AP1', 'ATP6V0C', 'ATP6V0D1', 'ATP6V1A', 'ATP6V1D', 'ATP6V1E1', 'ATXN3', 'ATXN3L', 'AXIN1', 'BMAL1', 'C9orf72', 'CARD11', 'CASTOR1', 'CASTOR2', 'CASTOR3P', 'CCDC88A', 'CCL5', 'CLEC16A', 'CSNK1A1', 'CTNS', 'CUL1', 'CUL3', 'DDIT4', 'DEPDC5', 'DEPTOR', 'DGKQ', 'DYRK3', 'EIF4EBP1', 'EIF4EBP2', 'ENDOG', 'EP300', 'EPM2A', 'F10', 'F3', 'F7', 'FAM83D', 'FBXO9', 'FLCN', 'FNIP1', 'FNIP2', 'GABARAP', 'GAS6', 'GATA3', 'GBA1', 'GNA12', 'GOLPH3', 'GPAT3', 'GPR137', 'GPR137B', 'GPR137C', 'GPR155', 'GSK3A', 'GSK3B', 'HDAC3', 'HTR6', 'ITFG2', 'KICS2', 'KLHL22', 'KPTN', 'KRAS', 'LAMTOR1', 'LAMTOR2', 'LAMTOR3', 'LAMTOR4', 'LAMTOR5', 'LARP1', 'LARS1', 'LEP', 'LIN28A', 'MAPK3', 'MAPKAP1', 'MAPKAPK5', 'MAT2A', 'MEAK7', 'MINAR1', 'MIOS', 'MLST8', 'MRAS', 'MTOR', 'NCKAP1L', 'NLK', 'NPC1', 'NPRL2', 'NPRL3', 'OGT', 'OTUB1', 'OTUD5', 'OTUD7B', 'PDCD6', 'PELI1', 'PIH1D1', 'PIK3CA', 'PIM1', 'PINK1', 'PIP4P1', 'PKHD1', 'PREX1', 'PREX2', 'PRKAA1', 'PRKAA2', 'PRKACA', 'PRKACB', 'PRMT1', 'PRR5', 'PRR5L', 'PSENEN', 'RBX1', 'RELN', 'RFFL', 'RHEB', 'RHEBL1', 'RICTOR', 'RNF152', 'RNF167', 'ROS1', 'RPS6', 'RPS6KA1', 'RPS6KA2', 'RPS6KA3', 'RPS6KA4', 'RPS6KA5', 'RPS6KA6', 'RPS6KB1', 'RPS6KB2', 'RPTOR', 'RRAGA', 'RRAGB', 'RRAGC', 'RRAGD', 'SAMTOR', 'SAR1A', 'SAR1B', 'SEC13', 'SEH1L', 'SESN1', 'SESN2', 'SESN3', 'SH3BP4', 'SIK3', 'SIRT1', 'SKP1', 'SLC38A9', 'SMCR8', 'SPAAR', 'SRC', 'SRMS', 'STAMBPL1', 'STING1', 'STK11', 'SYAP1', 'SYK', 'SZT2', 'TBC1D7', 'TBCK', 'TBK1', 'TMEM127', 'TNFAIP8L1', 'TREM2', 'TSC1', 'TSC2', 'TTI1', 'TULP3', 'UBE2D1', 'UBE2N', 'UBE2W', 'UBE3A', 'UBR1', 'UBR2', 'USP32', 'USP4', 'USP7', 'USP9X', 'VHL', 'WAC', 'WDR24', 'WDR59', 'YWHAG', 'YWHAZ']",BP
45,OIS,MAPK cascade,GO:0000165,"['ABCA7', 'ACKR3', 'ADAM8', 'ADAM9', 'ADCYAP1', 'ADIPOQ', 'ADRA1A', 'ADRA1B', 'ADRA1D', 'ADRA2A', 'ADRA2B', 'ADRA2C', 'ADRB1', 'ADRB2', 'ADRB3', 'AGER', 'AGT', 'AIDA', 'AKAP13', 'ALKAL1', 'ALKAL2', 'ALOX12B', 'ALOX15', 'AMBP', 'ANGPT1', 'APELA', 'APIP', 'APOA1', 'APOE', 'APP', 'ARAF', 'ARHGAP8', 'ARHGEF6', 'ARL6IP5', 'ARRB1', 'ARRB2', 'ATP6AP2', 'AVPI1', 'AVPR1B', 'AXIN1', 'BCAR3', 'BIRC7', 'BMP2', 'BMP4', 'BMPER', 'BRAF', 'BRAP', 'BTLA', 'C5AR1', 'CALCR', 'CAMKK2', 'CARD9', 'CARTPT', 'CAV1', 'CAV2', 'CAV3', 'CBLC', 'CCDC88C', 'CCL19', 'CCL21', 'CCL3', 'CCM2', 'CCN1', 'CCN2', 'CCR1', 'CCR5', 'CCR7', 'CD24', 'CD27', 'CD300A', 'CD36', 'CD40', 'CD44', 'CD74', 'CD81', 'CDK1', 'CDK12', 'CDK5RAP3', 'CEACAM1', 'CGA', 'CHI3L1', 'CHRNA7', 'CIB1', 'CLEC7A', 'CNKSR3', 'COPS5', 'CRIPTO', 'CRKL', 'CSF1R', 'CTSH', 'CX3CL1', 'CXCL17', 'CYLD', 'DAB2IP', 'DACT1', 'DAG1', 'DAXX', 'DDT', 'DEFB114', 'DHX33', 'DIRAS1', 'DIRAS2', 'DKK1', 'DLG1', 'DNAJA1', 'DRD1', 'DRD4', 'DRD5', 'DSC2', 'DSG3', 'DSTYK', 'DUSP1', 'DUSP10', 'DUSP13B', 'DUSP15', 'DUSP16', 'DUSP19', 'DUSP22', 'DUSP26', 'DUSP29', 'DUSP3', 'DUSP4', 'DUSP5', 'DUSP6', 'DUSP7', 'DUSP9', 'DVL2', 'DVL3', 'EBI3', 'EDA2R', 'EDN1', 'EDN3', 'EGF', 'EGFR', 'EIF2AK2', 'ELANE', 'EMILIN1', 'EPGN', 'EPHA2', 'EPHA4', 'EPHA7', 'EPHA8', 'EPHB1', 'EPHB2', 'ERBB2', 'ERBB3', 'ERBB4', 'ERN1', 'ERP29', 'EZH2', 'EZR', 'F2R', 'F2RL1', 'FAM83D', 'FAS', 'FBLN1', 'FBXW7', 'FCGR2B', 'FCRL3', 'FERMT2', 'FFAR4', 'FGA', 'FGB', 'FGF1', 'FGF10', 'FGF12', 'FGF13', 'FGF16', 'FGF17', 'FGF18', 'FGF19', 'FGF2', 'FGF20', 'FGF21', 'FGF22', 'FGF23', 'FGF3', 'FGF4', 'FGF5', 'FGF6', 'FGF7', 'FGF8', 'FGF9', 'FGFR1', 'FGFR2', 'FGFR3', 'FGFR4', 'FGG', 'FKTN', 'FLCN', 'FLT1', 'FLT3', 'FLT4', 'FN1', 'FOXM1', 'FOXO1', 'FPR2', 'FSHB', 'FSHR', 'FZD10', 'FZD7', 'GADD45A', 'GADD45B', 'GADD45G', 'GAREM1', 'GAS6', 'GBA1', 'GBP1', 'GCNT2', 'GDF15', 'GDF6', 'GFRAL', 'GH1', 'GHR', 'GHRL', 'GLIPR2', 'GPER1', 'GPNMB', 'GPR101', 'GPR183', 'GPR37', 'GPR37L1', 'GPR55', 'GPS1', 'GPS2', 'GRAP', 'GRAP2', 'GRB2', 'GREM1', 'GRM4', 'GSDME', 'GSTP1', 'HAND2', 'HDAC3', 'HGF', 'HGS', 'HIPK2', 'HIPK3', 'HMGB1', 'HRAS', 'HSF1', 'HTR2A', 'HTR2B', 'HTR2C', 'IAPP', 'ICAM1', 'IGBP1', 'IGF1', 'IGF1R', 'IGF2', 'IGFBP6', 'IKBKB', 'IL11', 'IL13', 'IL13RA2', 'IL15', 'IL15RA', 'IL1A', 'IL1B', 'IL1RAP', 'IL26', 'IL27', 'IL27RA', 'IL2RB', 'IL2RG', 'IL31RA', 'IL34', 'IL6', 'IL6ST', 'INAVA', 'INS', 'INSR', 'IQGAP1', 'IRAK1', 'IRAK2', 'IRAK3', 'IRAK4', 'ITCH', 'ITGAV', 'ITGB1BP1', 'JCAD', 'JUN', 'KARS1', 'KDR', 'KIT', 'KLHDC10', 'KLHL31', 'KRAS', 'KSR1', 'LAMTOR1', 'LAPTM5', 'LAT', 'LAX1', 'LBH', 'LEP', 'LGALS9', 'LIF', 'LILRA5', 'LILRB4', 'LMO3', 'LPAR1', 'LRRK2', 'LTBR', 'LYN', 'MADD', 'MAP2K1', 'MAP2K2', 'MAP2K3', 'MAP2K4', 'MAP2K5', 'MAP2K6', 'MAP2K7', 'MAP3K1', 'MAP3K10', 'MAP3K11', 'MAP3K12', 'MAP3K13', 'MAP3K15', 'MAP3K2', 'MAP3K20', 'MAP3K21', 'MAP3K3', 'MAP3K4', 'MAP3K5', 'MAP3K6', 'MAP3K7', 'MAP3K8', 'MAP3K9', 'MAP4K1', 'MAP4K2', 'MAP4K3', 'MAP4K4', 'MAP4K5', 'MAPK1', 'MAPK10', 'MAPK11', 'MAPK12', 'MAPK13', 'MAPK14', 'MAPK15', 'MAPK3', 'MAPK4', 'MAPK6', 'MAPK7', 'MAPK8', 'MAPK8IP1', 'MAPK8IP2', 'MAPK8IP3', 'MAPK9', 'MAPKAPK2', 'MAPKAPK3', 'MAPKAPK5', 'MAPKBP1', 'MARCO', 'MARVELD3', 'MBIP', 'MC5R', 'MDFI', 'MDFIC', 'MDFIC2', 'MECOM', 'MEF2C', 'MEN1', 'MFHAS1', 'MID1', 'MIF', 'MINK1', 'MISO1', 'MOS', 'MST1R', 'MT3', 'MTURN', 'MYC', 'MYD88', 'MYDGF', 'MYOC', 'NAIP', 'NAMPT', 'NBR1', 'NCOR1', 'NDRG4', 'NECAB2', 'NEK10', 'NF1', 'NHERF1', 'NLK', 'NOD2', 'NODAL', 'NOTCH1', 'NOTCH2', 'NPNT', 'NPPA', 'NPS', 'NPSR1', 'NR2C2', 'NRAS', 'NRG1', 'NRK', 'NRP1', 'NRTN', 'NRXN1', 'NTF3', 'NTRK1', 'NTRK2', 'NTRK3', 'OPRM1', 'OR2AT4', 'OSM', 'P2RX7', 'P2RY1', 'P2RY6', 'PABPN1', 'PAGE4', 'PAK1', 'PAK2', 'PAK3', 'PAK4', 'PAK5', 'PAK6', 'PAQR3', 'PDCD10', 'PDCD4', 'PDE8A', 'PDE8B', 'PDGFA', 'PDGFB', 'PDGFC', 'PDGFD', 'PDGFRA', 'PDGFRB', 'PEBP1', 'PECAM1', 'PELI2', 'PER1', 'PHB1', 'PHB2', 'PHLPP1', 'PIK3CB', 'PIK3CG', 'PIK3R2', 'PIK3R5', 'PIK3R6', 'PIN1', 'PINK1', 'PJA2', 'PKHD1', 'PLA2G1B', 'PLA2G2A', 'PLA2G5', 'PLCB1', 'PLCG2', 'PLVAP', 'POU4F2', 'PP2D1', 'PPARG', 'PPEF2', 'PPIA', 'PPP1CB', 'PPP1CC', 'PPP5C', 'PRDM11', 'PRDM15', 'PRKCA', 'PRKCD', 'PRKCZ', 'PRKD2', 'PRKN', 'PRMT1', 'PRXL2C', 'PSCA', 'PSMD10', 'PTGER4', 'PTK2B', 'PTPN1', 'PTPN11', 'PTPN2', 'PTPN22', 'PTPN3', 'PTPN6', 'PTPN7', 'PTPRC', 'PTPRJ', 'PTPRR', 'PYCARD', 'QARS1', 'RAF1', 'RAMP3', 'RANBP9', 'RAP1A', 'RAP2A', 'RAPGEF2', 'RASGRF1', 'RASGRP1', 'RASGRP3', 'RASSF2', 'RBX1', 'RCE1', 'RELL1', 'RELL2', 'REN', 'RET', 'RGS14', 'RGS2', 'RIPK1', 'RIPK2', 'RIT2', 'RNF13', 'RNF41', 'ROBO1', 'ROCK1', 'ROCK2', 'ROS1', 'RPS6KA6', 'RRAS', 'RYK', 'S100A12', 'S100A7', 'SASH1', 'SBK2', 'SBNO1', 'SCG2', 'SCIMP', 'SDCBP', 'SEMA3A', 'SEMA4C', 'SEMA6A', 'SEMA7A', 'SERPINF2', 'SH2B3', 'SH2D3A', 'SH2D3C', 'SH3GL2', 'SH3RF1', 'SH3RF2', 'SH3RF3', 'SHANK3', 'SHC1', 'SHOC2', 'SIRPA', 'SLA', 'SLAMF1', 'SLC30A10', 'SLCO3A1', 'SMAD4', 'SMPD1', 'SNF8', 'SOD1', 'SOX2', 'SOX9', 'SPAG9', 'SPHK1', 'SPI1', 'SPRED1', 'SPRED2', 'SPRED3', 'SPRY1', 'SPRY2', 'SPRY3', 'SPRY4', 'STK25', 'STK3', 'STK38', 'STK39', 'STK4', 'STK40', 'STUB1', 'STYX', 'STYXL2', 'SYK', 'SYNJ2BP', 'TAB1', 'TAB2', 'TAB3', 'TAOK1', 'TAOK2', 'TAOK3', 'TBX1', 'TEK', 'TENM1', 'TGFA', 'TGFB1', 'TGFB2', 'TGFBR3', 'THBS1', 'THPO', 'TIRAP', 'TLR3', 'TLR4', 'TLR6', 'TLR9', 'TMEM219', 'TNF', 'TNFAIP8L3', 'TNFRSF11A', 'TNFRSF14', 'TNFRSF19', 'TNFSF11', 'TNIK', 'TNIP1', 'TPD52L1', 'TRAF2', 'TRAF4', 'TRAF6', 'TRAF7', 'TREM2', 'TRIB1', 'TRIB2', 'TRIB3', 'TRIM5', 'TSG101', 'UCHL1', 'ULK4', 'UNC5CL', 'USP17L2', 'VEGFA', 'VRK2', 'WNK2', 'WNT16', 'WNT4', 'WNT5A', 'WNT7A', 'WNT7B', 'WWC1', 'XIAP', 'YWHAE', 'YWHAZ', 'ZC3H12A', 'ZDHHC17', 'ZDHHC9', 'ZFP36', 'ZFP36L1', 'ZFP36L2', 'ZMYND11', 'ZNF622', 'ZNF675']",BP
46,OIS,stress-activated MAPK cascade,GO:0051403,"['ARL6IP5', 'CARD9', 'CCM2', 'EIF2AK2', 'FAS', 'FOXM1', 'FOXO1', 'GREM1', 'GSTP1', 'IGBP1', 'IGFBP6', 'IKBKB', 'IL26', 'INAVA', 'KLHDC10', 'MAP2K1', 'MAP2K2', 'MAP2K6', 'MAP2K7', 'MAP3K13', 'MAP3K20', 'MAP3K5', 'MAP3K7', 'MAPK1', 'MAPK11', 'MAPK13', 'MAPK14', 'MAPK3', 'MAPK8', 'MID1', 'MYC', 'NBR1', 'NOD2', 'PAGE4', 'PDCD10', 'PPIA', 'QARS1', 'SCIMP', 'SEMA4C', 'STK25', 'TAOK1', 'TAOK2', 'TAOK3', 'TGFB2']",BP
48,OIS,negative regulation of apoptotic process,GO:0043066,"['ACAA2', 'ACKR3', 'ACVR1', 'ADAM8', 'ADRB2', 'AGAP2', 'AHI1', 'AKT1', 'AKT2', 'AKT3', 'ALOX12', 'ANG', 'ANGPT1', 'ANGPT4', 'ANGPTL4', 'ANKLE2', 'ANP32B', 'ANXA1', 'ANXA4', 'ANXA5', 'API5', 'APIP', 'APOH', 'AQP1', 'AR', 'ARAF', 'AREL1', 'ARF4', 'ARHGAP10', 'ARHGDIA', 'ARHGEF2', 'ARL6IP1', 'ASAH2', 'ASCL1', 'ASNS', 'ATAD3A', 'ATF4', 'ATF5', 'ATP5IF1', 'AURKB', 'AVEN', 'AVP', 'AXL', 'AZU1', 'B2RAG9', 'BABAM2', 'BAD', 'BAG1', 'BAG3', 'BAG4', 'BAG5', 'BAK1', 'BARD1', 'BAX', 'BCL10', 'BCL2', 'BCL2A1', 'BCL2L1', 'BCL2L10', 'BCL2L12', 'BCL2L2', 'BCL3', 'BCL6', 'BDNF', 'BECN1', 'BFAR', 'BIRC2', 'BIRC3', 'BIRC5', 'BIRC6', 'BIRC7', 'BIRC8', 'BMP4', 'BMP5', 'BMP7', 'BNIP1', 'BNIP2', 'BNIP3', 'BNIP3L', 'BOK', 'BRAF', 'BRCA1', 'C8orf17', 'CAAP1', 'CAPN3', 'CARD14', 'CASP2', 'CAST', 'CAT', 'CAV1', 'CBL', 'CBX4', 'CCAR2', 'CCL19', 'CCL2', 'CCL21', 'CCL5', 'CCND2', 'CCR7', 'CD27', 'CD28', 'CD38', 'CD40LG', 'CD44', 'CD74', 'CDH5', 'CDK1', 'CDKN2D', 'CEACAM5', 'CEACAM6', 'CFL1', 'CFLAR', 'CIAPIN1', 'CIB1', 'CIDEA', 'CITED1', 'CITED2', 'CLCF1', 'CLEC5A', 'CLN3', 'CLU', 'CNTF', 'CNTFR', 'COMP', 'COPS5', 'CPEB4', 'CREB1', 'CREB3', 'CREB3L1', 'CRIPTO', 'CRLF1', 'CRYAA', 'CRYAB', 'CSF2', 'CSNK2A1', 'CSNK2A2', 'CTNNB1', 'CX3CL1', 'CX3CR1', 'CXCL12', 'DAB2', 'DAD1', 'DDAH2', 'DDIAS', 'DDRGK1', 'DDX3X', 'DFFA', 'DHRS2', 'DIPK2A', 'DKK1', 'DLL1', 'DNAJA1', 'DNAJC3', 'DNMT1', 'DSG2', 'DSTYK', 'EBI3', 'EGFR', 'EGR3', 'ENO1', 'EPO', 'ERBB2', 'ERBB3', 'ERBB4', 'ERCC5', 'ERFE', 'ESR1', 'EVI2B', 'EYA1', 'EYA2', 'EYA3', 'EYA4', 'F2R', 'FADD', 'FAIM', 'FAIM2', 'FANK1', 'FAS', 'FATE1', 'FBXO7', 'FCMR', 'FFAR4', 'FGA', 'FGB', 'FGF20', 'FGFR2', 'FGG', 'FHL2', 'FIGNL1', 'FKBP8', 'FLNA', 'FLT4', 'FMN2', 'FOXB1', 'FOXE3', 'FOXO1', 'FOXP1', 'FSTL1', 'FXN', 'FYN', 'FZD3', 'FZD9', 'GAS6', 'GATA1', 'GATA2', 'GATA3', 'GATA4', 'GATA6', 'GCLC', 'GDNF', 'GHITM', 'GHRL', 'GLO1', 'GMEB1', 'GOLPH3', 'GPR35', 'GPRASP3', 'GPX1', 'GREM1', 'GRIA4', 'GRINA', 'GRK5', 'GRN', 'GSK3B', 'GSTP1', 'HAND2', 'HAX1', 'HCK', 'HCLS1', 'HDAC1', 'HDAC2', 'HDAC3', 'HERPUD1', 'HGF', 'HIF1A', 'HIGD1A', 'HIGD2A', 'HIPK3', 'HMGA2', 'HMGN5', 'HMOX1', 'HNRNPK', 'HPN', 'HSP90B1', 'HSPA1A', 'HSPA1B', 'HSPA5', 'HSPA9', 'HSPB1', 'HSPB2', 'HSPB6', 'HSPD1', 'HTR2B', 'HTRA2', 'HTT', 'HYOU1', 'HYPK', 'ICAM1', 'IER3', 'IEX-1L', 'IFI6', 'IFIT3', 'IGF1', 'IGF1R', 'IL10', 'IL11', 'IL13', 'IL15', 'IL15RA', 'IL1A', 'IL1B', 'IL2', 'IL27', 'IL27RA', 'IL2RB', 'IL2RG', 'IL31RA', 'IL4', 'IL6', 'IL6ST', 'IL7', 'ING2', 'INS', 'IRF7', 'IRS2', 'ISL1', 'ITCH', 'ITGA5', 'ITGA6', 'ITGAV', 'ITGB1', 'JAK3', 'KDM1A', 'KDM2B', 'KDR', 'KHDC3L', 'KIF14', 'KLF4', 'KLHL20', 'KRIT1', 'KRT18', 'KRT8', 'LACRT', 'LAMA1', 'LAMTOR5', 'LARGE1', 'LEF1', 'LGALS3', 'LGMN', 'LIG4', 'LILRB1', 'LRP2', 'LRP6', 'LRRK2', 'LTF', 'LTK', 'LYPD3', 'MAEA', 'MAG', 'MAGEA3', 'MAGEA4', 'MALT1', 'MAP2K5', 'MAP4K4', 'MAPK7', 'MAPK8', 'MAPK8IP2', 'MAPK8IP3', 'MAPKAP1', 'MARCHF7', 'MAZ', 'MCL1', 'MDK', 'MDM2', 'MED1', 'MEF2C', 'MERTK', 'MGMT', 'MIEN1', 'MIF', 'MLST8', 'MMP9', 'MPO', 'MPV17L', 'MRE11', 'MSH2', 'MT-RNR2', 'MT3', 'MTDH', 'MTOR', 'MTRNR2L1', 'MTRNR2L10', 'MTRNR2L11', 'MTRNR2L13', 'MTRNR2L2', 'MTRNR2L3', 'MTRNR2L4', 'MTRNR2L5', 'MTRNR2L6', 'MTRNR2L7', 'MTRNR2L8', 'MTRNR2L9', 'MUC1', 'MYC', 'MYCNOS', 'MYDGF', 'MYO18A', 'NAA35', 'NAA38', 'NACA', 'NAIP', 'NAT8B', 'NCKAP1L', 'NDNF', 'NEUROD1', 'NFATC4', 'NFE2L2', 'NFKB1', 'NGF', 'NIBAN2', 'NKX2-5', 'NKX2-6', 'NME2', 'NME5', 'NOC2L', 'NOD2', 'NOL3', 'NONO', 'NOS3', 'NOTCH1', 'NOTCH2', 'NPM1', 'NR1H4', 'NR4A2', 'NRBP2', 'NTF3', 'NTF4', 'NTRK1', 'NTRK2', 'NTSR1', 'NUAK2', 'NUGGC', 'NUP62', 'NUPR1', 'O95880', 'OPA1', 'OPN3', 'ORMDL3', 'OSR1', 'PA2G4', 'PAGE4', 'PAK2', 'PAK4', 'PARK7', 'PAX2', 'PAX7', 'PDCD10', 'PDPK1', 'PDPN', 'PEA15', 'PELI3', 'PF4', 'PHB2', 'PHIP', 'PIDD1', 'PIK3CA', 'PIK3R1', 'PIK3R3', 'PIM1', 'PIM2', 'PIM3', 'PINK1', 'PIP', 'PKHD1', 'PLA2G3', 'PLAUR', 'PLK1', 'PLK2', 'PLK3', 'PML-RAR', 'POU3F3', 'POU3F4', 'POU4F1', 'PPARA', 'PPARGC1A', 'PPEF1', 'PPEF2', 'PPIA', 'PPIF', 'PPP1R10', 'PPT1', 'PRAME', 'PRAP1', 'PRDM9', 'PRDX2', 'PRDX3', 'PRDX5', 'PRELID1', 'PRKAA1', 'PRKAA2', 'PRKCA', 'PRKCD', 'PRKCG', 'PRKCH', 'PRKCI', 'PRKCQ', 'PRKCZ', 'PRKDC', 'PRKN', 'PRLR', 'PRMT1', 'PROC', 'PROK2', 'PRR5', 'PSEN1', 'PSMD10', 'PSME3', 'PTCRA', 'PTK2', 'PTK2B', 'PTMA', 'PTMS', 'PTPN1', 'PTPRZ1', 'PTRH2', 'PTTG1IP', 'PYCR1', 'Q56UQ5', 'Q59GK3', 'QARS1', 'RACK1', 'RAF1', 'RAMP2', 'RASA1', 'RB1', 'RELA', 'RETREG1', 'RFFL', 'RHBDD1', 'RICTOR', 'RIPK1', 'RNF144B', 'RNF157', 'RNF34', 'RPS3A', 'RPS6KA1', 'RPS6KA3', 'RPS6KB1', 'SCG2', 'SCRT2', 'SCX', 'SELENOS', 'SEMA3E', 'SEMA4D', 'SEMA5A', 'SERPINB13', 'SERPINB2', 'SERPINB9', 'SERPINE1', 'SET', 'SFRP1', 'SFRP2', 'SH3RF1', 'SH3RF2', 'SH3RF3', 'SHC1', 'SHH', 'SIAH2', 'SIRT1', 'SIX1', 'SIX4', 'SLC25A5', 'SLC35F6', 'SMAD5', 'SMAD6', 'SMG9', 'SNAI1', 'SNAI2', 'SNCA', 'SND1', 'SNX6', 'SOCS2', 'SOCS3', 'SOD1', 'SOD2', 'SON', 'SOX8', 'SOX9', 'SPHK1', 'SPRY2', 'SRC', 'STAT3', 'STIL', 'STUB1', 'SUPV3L1', 'SYVN1', 'TAF9', 'TAF9B', 'TAX1BP1', 'TBX1', 'TBX3', 'TCF7L2', 'TEK', 'TENT5B', 'TERT', 'TFAP2A', 'TFAP2B', 'TFRC', 'TGFB3', 'TGFBR1', 'THBS1', 'TJP1', 'TLE1', 'TMBIM1', 'TMBIM4', 'TMBIM6', 'TMEM14A', 'TMEM161A', 'TMEM215', 'TMIGD1', 'TNF', 'TNFAIP3', 'TNFAIP8', 'TNFRSF18', 'TNFRSF6B', 'TNFSF14', 'TNFSF18', 'TNIP2', 'TOPORS', 'TOX3', 'TP53', 'TPT1', 'TPT1P8', 'TRAP1', 'TREM2', 'TRIAP1', 'TRIM32', 'TSC22D1', 'TSC22D3', 'TSLP', 'TXNDC12', 'TXNDC5', 'TYRO3', 'UBE2Z', 'UFM1', 'UNC5B', 'URI1', 'USP40', 'VDAC1', 'VEGFA', 'VHL', 'VSTM2L', 'VTCN1', 'WFS1', 'WNK3', 'WNT1', 'WNT16', 'WNT5A', 'WT1', 'XBP1', 'XIAP', 'YAP1', 'YBX3', 'YME1L1', 'YWHAZ', 'ZC3H12A', 'ZFAND6', 'ZMYND11', 'ZNF16', 'ZNF268', 'ZNF304', 'ZNF385A', 'ZNF830', 'ZPR1']",BP
49,OIS,positive regulation of protein phosphorylation,GO:0001934,"['ABI1', 'ACVR2A', 'ADCY8', 'ADCYAP1', 'AGAP2', 'AKT1', 'AKTIP', 'ALS2', 'ANGPT1', 'ANGPT4', 'ARAF', 'ARL2BP', 'ARRB1', 'ATG14', 'BANK1', 'BMP2', 'BMP4', 'BRAF', 'BRAT1', 'C3', 'CACUL1', 'CALCA', 'CARD10', 'CARD14', 'CASS4', 'CCDC88A', 'CCNY', 'CD80', 'CDKN1A', 'CHRNA7', 'CIB1', 'CLIP3', 'CNOT9', 'CNTF', 'COPS8', 'CREBL2', 'CRIPTO', 'CSF1R', 'CSPG4', 'CTF1', 'DDR2', 'DDRGK1', 'DIPK2A', 'DIRAS1', 'DIRAS2', 'DOK7', 'DYNAP', 'ECT2', 'EGF', 'EGFR', 'ELANE', 'ERBB2', 'ERBB4', 'ERCC6', 'EREG', 'ETAA1', 'EZH2', 'FAM20A', 'FAXDC2', 'FBH1', 'FGF1', 'FGF10', 'FGF18', 'FGF19', 'FGF2', 'FGF7', 'FGFR1', 'FGFR3', 'FLT1', 'FLT3', 'FLT4', 'GAS6', 'GPER1', 'HDAC3', 'HES1', 'HMGA2', 'IFNG', 'IFNL1', 'IGF1', 'IL10', 'IL10RA', 'IL10RB', 'IL11', 'IL12A', 'IL13', 'IL13RA1', 'IL15', 'IL18', 'IL20', 'IL21', 'IL2RG', 'IL31RA', 'IL34', 'IL4', 'IL4R', 'IL6', 'IP6K2', 'IRGM', 'ITGB1BP1', 'ITLN1', 'JAK2', 'JTB', 'KDR', 'KIF14', 'KIT', 'LACRT', 'LAT', 'LCP2', 'LEP', 'LIF', 'LILRA5', 'LIMCH1', 'LTA', 'LTB', 'LTBR', 'MAD2L2', 'MAP2K1', 'MAP2K2', 'MAP2K3', 'MAP3K4', 'MAP3K7', 'MAPK1', 'MMD', 'MMD2', 'MMP9', 'MRNIP', 'MST1R', 'MT-RNR1', 'MT3', 'MTOR', 'MUSK', 'MYDGF', 'NEDD9', 'NEK10', 'NIBAN1', 'NPTN', 'NRG1', 'ODAM', 'OSM', 'PARP14', 'PARP9', 'PDCD10', 'PDGFB', 'PDGFRB', 'PELI2', 'PIBF1', 'PIK3CA', 'PIK3CG', 'PIK3R5', 'PIK3R6', 'PILRB', 'PIN1', 'PLAUR', 'PPIA', 'PRKAR1A', 'PRKAR1B', 'PRKAR2A', 'PRKAR2B', 'PRLR', 'PROM2', 'PSMD10', 'PTK2B', 'PTPRC', 'RAC1', 'RACK1', 'RAF1', 'RALBP1', 'RAP1A', 'RAPGEF2', 'RARRES2', 'RASGRP1', 'RASSF2', 'RHOA', 'RIPK1', 'RIPK3', 'RSPO1', 'S100A12', 'SASH1', 'SEMA4D', 'SESN2', 'SIRT1', 'SNX9', 'SPRY2', 'SRCIN1', 'STK11', 'STK4', 'STOX1', 'STRADA', 'STRADB', 'SYAP1', 'TAB2', 'TAOK3', 'TBX1', 'TENM1', 'THBS4', 'THPO', 'TLR3', 'TLR6', 'TNFRSF10A', 'TNFRSF10B', 'TNFRSF18', 'TNFRSF1A', 'TNFRSF1B', 'TNFSF15', 'TNFSF18', 'TNK2', 'TOM1L1', 'TPD52L1', 'TPX2', 'TRAF2', 'TRAF4', 'TRIM6', 'UBE2K', 'UNC119', 'VEGFA', 'WDFY2', 'WNK3', 'WNT5A', 'ZFP91']",BP
50,OIS,regulation of cell size,GO:0008361,"['ABCB8', 'ABL1', 'AKT1S1', 'ANO6', 'APOE', 'AQP1', 'AQP11', 'AQP12A', 'AQP12B', 'AQP4', 'ARHGAP35', 'ARHGAP5', 'BDNF', 'CAV3', 'CCDC51', 'CDH2', 'CDKL3', 'CDKL5', 'CLCN3', 'CLCN6', 'CLN3', 'CTTN', 'DCC', 'DEPTOR', 'DIP2B', 'DNM2', 'DSCAM', 'EDN1', 'FGF13', 'GNB3', 'GOLGA4', 'GPRC5B', 'GSK3B', 'ISLR2', 'JUP', 'KCNMA1', 'KIAA0319', 'L1CAM', 'LAMTOR4', 'LAMTOR5', 'LIMK1', 'LRRC8A', 'LRRC8E', 'MACF1', 'MAG', 'MAP2', 'MAP3K13', 'MAPT', 'MEGF8', 'MSN', 'MT3', 'MTOR', 'MTPN', 'NHERF1', 'NRCAM', 'NRP1', 'NTN1', 'OLFM1', 'OXSR1', 'P2RX7', 'PLEK', 'POU4F2', 'PRR16', 'PTEN', 'PTPRS', 'RAP1GAP2', 'RARG', 'RHOA', 'RNF6', 'RPTOR', 'RTN4', 'RTN4R', 'RUFY3', 'SCT', 'SCTR', 'SEMA3A', 'SEMA3G', 'SEMA4D', 'SEMA5A', 'SEMA7A', 'SHANK3', 'SHTN1', 'SIN3A', 'SLC12A1', 'SLC12A2', 'SLC12A4', 'SLC12A6', 'STK39', 'TRIM46', 'TRPV4', 'TWF2', 'ULK1', 'ULK2', 'VEGFA', 'VIM', 'WNK1', 'WNK3', 'ZFYVE27']",BP
51,TIS,response to xenobiotic stimulus,GO:0009410,"['AADAC', 'ABCA2', 'ABCA3', 'ABCB1', 'ABCB11', 'ABCC1', 'ABCC2', 'ABCC3', 'ABCC4', 'ABCC5', 'ABCC6', 'ABHD10', 'ACAA1', 'ACER2', 'ACSM1', 'ACSM2B', 'ADA', 'ADAM17', 'ADIPOQ', 'ADRA1A', 'AHR', 'AHRR', 'AIM2', 'AKR1C1', 'ALDH2', 'ALDH3A1', 'AOC2', 'AOX1', 'ARNT', 'ARNT2', 'AS3MT', 'BCAR3', 'BCHE', 'BCL2', 'BPHL', 'C1orf115', 'CBR1', 'CBR3', 'CCND1', 'CD38', 'CDK4', 'CENPF', 'CERS1', 'CES2', 'CES3', 'CMBL', 'CRHBP', 'CRYZ', 'CSAG2', 'CTNNB1', 'CTPS1', 'CYB5B', 'CYP1A1', 'CYP1A2', 'CYP1B1', 'CYP26A1', 'CYP26B1', 'CYP2A13', 'CYP2A6', 'CYP2A7', 'CYP2B6', 'CYP2C18', 'CYP2C19', 'CYP2C8', 'CYP2C9', 'CYP2D6', 'CYP2D7', 'CYP2E1', 'CYP2F1', 'CYP2J2', 'CYP2R1', 'CYP2S1', 'CYP2U1', 'CYP2W1', 'CYP3A4', 'CYP3A43/CYP3A4', 'CYP3A5', 'CYP3A7', 'CYP46A1', 'CYP4B1', 'CYP4F12', 'CYP4F2', 'DPYD', 'DRD1', 'DRD2', 'DRD3', 'EPHX1', 'FBP1', 'FMO2', 'FMO4', 'FMO5', 'FPGS', 'FZD1', 'GAS6', 'GATA4', 'GATA6', 'GCLM', 'GLYAT', 'GPLD1', 'GPR52', 'GRIN1', 'GSTA1', 'GSTA2', 'GSTA3', 'GSTA4', 'GSTA5', 'GSTM1', 'GSTM2', 'GSTM3', 'GSTM4', 'GSTO1', 'GSTO2', 'GSTP1', 'GUK1', 'HEMK2', 'HNF4A', 'HTR1B', 'HTR2A', 'HTR2B', 'IL1B', 'KCNE2', 'KCNH2', 'KCNJ11', 'KCNQ1', 'LCK', 'MDR3', 'MEF2C', 'MYC', 'NAT1', 'NAT2', 'NCKAP1L', 'NFATC2', 'NKX3-1', 'NOS1', 'NPAS2', 'NQO1', 'NR1I2', 'NUDT15', 'PARP4', 'PDE2A', 'PDE4B', 'PNP', 'PON3', 'PPM1E', 'PPM1F', 'PRKCE', 'PTPRM', 'RAB6C', 'RBBP9', 'RBM22', 'RORA', 'RORC', 'RPP21', 'RPTOR', 'S100A12', 'SEMA3C', 'SLC22A1', 'SLC22A12', 'SLC22A7', 'SLC28A2', 'SLC28A3', 'SLC29A1', 'SLC29A3', 'SLCO1A2', 'SLCO1B1', 'SLCO1B3', 'SLCO2B1', 'SMOX', 'SRP68', 'SULT1A1', 'SULT1A2', 'SULT1A3', 'SULT1B1', 'SULT1C3', 'SULT1C4', 'SULT2A1', 'TENT4A', 'TFRC', 'TGFBR2', 'THBS1', 'TOP1', 'TP53', 'TP53I13', 'TPMT', 'UBE2B', 'UGT1A1', 'UGT1A10', 'UGT1A3', 'UGT1A4', 'UGT1A6', 'UGT1A7', 'UGT1A8', 'UGT1A9', 'UGT2A1', 'UGT2A2', 'UGT2A3', 'UGT2B10', 'UGT2B11', 'UGT2B15', 'UGT2B17', 'UGT2B4', 'UGT2B7', 'UPP2', 'VAV1', 'VAV2', 'VAV3', 'VKORC1']",BP
52,TIS,viral process,GO:0016032,"['ACE2', 'ACP2', 'ADAR', 'ADARB1', 'AGTR1', 'AICDA', 'APCS', 'APOBEC3A', 'APOBEC3B', 'APOBEC3C', 'APOBEC3D', 'APOBEC3F', 'APOBEC3G', 'APOBEC3H', 'APOE', 'ARK2N', 'ARL8B', 'ATG12', 'ATG5', 'AVP', 'AVPR1B', 'AXL', 'BANF1', 'BICD1', 'BSG', 'BST2', 'BTBD17', 'C9JQL5', 'CALCOCO2', 'CANX', 'CAV1', 'CAV2', 'CBL', 'CCL1', 'CCL2', 'CCL5', 'CCNT2', 'CCR5', 'CD209', 'CD28', 'CD4', 'CD55', 'CD81', 'CH25H', 'CHMP1A', 'CHMP1B', 'CHMP2A', 'CHMP2B', 'CHMP3', 'CHMP4A', 'CHMP4B', 'CHMP4C', 'CHMP5', 'CHMP6', 'CHMP7', 'CLDN1', 'CLDN6', 'CLDN9', 'CLEC4G', 'CLEC4M', 'CLEC5A', 'CNOT7', 'CR2', 'CSDE1', 'CSNK1A1', 'CSNK2B', 'CTBP1', 'CTBP2', 'CTSL', 'CXCL8', 'CXCR4', 'CXCR6', 'DAG1', 'DDB1', 'DDX3X', 'DDX56', 'DDX6', 'DEK', 'DENR', 'DHX9', 'DPP4', 'DYNLT1', 'EDEM2', 'EIF2AK2', 'EIF2AK4', 'EIF2D', 'EIF3A', 'EIF3B', 'EIF3D', 'EIF3F', 'EIF3G', 'EIF3L', 'EPS15', 'FAM111A', 'FBXL2', 'FKBP6', 'FMR1', 'FURIN', 'FUT8', 'GALNT1', 'GAS6', 'GBP7', 'GPR15', 'GRK2', 'GSK3A', 'GSK3B', 'GTF2B', 'HACD3', 'HAVCR1', 'HCFC1', 'HCFC2', 'HEXIM1', 'HMGA2', 'HMGB1', 'HS3ST5', 'HSP90AB1', 'HYAL1', 'HYAL2', 'HYAL3', 'ICAM1', 'IFI16', 'IFIH1', 'IFIT1', 'IFIT1B', 'IFIT5', 'IFITM1', 'IFITM2', 'IFITM3', 'IFNB1', 'IFNL3', 'ILF3', 'INPP5K', 'INSR', 'IRF7', 'ISG15', 'ISG20', 'ITCH', 'ITGAV', 'ITGB3', 'JPT2', 'JUN', 'KPNA2', 'KPNA6', 'LAMP3', 'LAMTOR5', 'LARP1', 'LARP7', 'LGALS1', 'LGALS9', 'LIG4', 'LRP1', 'LRP4', 'LRRC15', 'LRSAM1', 'MAN1B1', 'MAN2A1', 'MAVS', 'MBL2', 'MCTS1', 'MDFIC', 'MGAT1', 'MGAT2', 'MGAT4A', 'MGAT4B', 'MGAT4C', 'MGAT5', 'MITD1', 'MOGS', 'MON1B', 'MVB12A', 'MVB12B', 'MX1', 'MYH10', 'MYH9', 'N4BP1', 'NECTIN1', 'NECTIN2', 'NEDD4', 'NFIA', 'NMT2', 'NPC1', 'NR5A2', 'NRP1', 'OAS1', 'OAS2', 'OAS3', 'OASL', 'P4HB', 'PABPC1', 'PARD6A', 'PARP10', 'PARP16', 'PARP9', 'PC', 'PCBP1', 'PCBP2', 'PCSK5', 'PDCD6IP', 'PDE12', 'PHB1', 'PIKFYVE', 'PKN2', 'PLSCR1', 'PPIA', 'PPID', 'PPIE', 'PPIH', 'PRMT1', 'PROX1', 'PTBP1', 'PTX3', 'PVR', 'RAB1A', 'RAB1B', 'RAB43', 'RAB7A', 'RAD23A', 'RAN', 'RCC1', 'RNASEK', 'RNASEL', 'RSAD2', 'RSF1', 'SHFL', 'SIGLEC1', 'SIVA1', 'SLAMF1', 'SLC20A2', 'SLC3A2', 'SLC6A19', 'SLPI', 'SMARCB1', 'SMPD1', 'SPCS1', 'SPCS3', 'SRC', 'SRPK1', 'SRPK2', 'SSB', 'ST3GAL1', 'ST3GAL2', 'ST3GAL3', 'ST3GAL4', 'ST6GAL1', 'ST6GALNAC2', 'ST6GALNAC3', 'ST6GALNAC4', 'STAT1', 'STAU1', 'TARBP2', 'TBC1D20', 'TMEM250', 'TMEM39A', 'TMEM41B', 'TMPRSS2', 'TMPRSS4', 'TNF', 'TNIP1', 'TOP2A', 'TOP2B', 'TP53', 'TPCN1', 'TPCN2', 'TRIM11', 'TRIM15', 'TRIM27', 'TRIM38', 'TRIM5', 'TRIM6', 'TRIM62', 'TSG101', 'TYRO3', 'UBP1', 'USF1', 'USF2', 'USP6NL', 'VAMP8', 'VAPA', 'VAPB', 'VCP', 'VLDLR', 'VPS28', 'VPS37A', 'VPS37B', 'VPS37C', 'VPS37D', 'VPS4A', 'VPS4B', 'WWP1', 'WWP2', 'ZC3HAV1', 'ZFP36', 'ZNF502', 'ZNF639', 'ZNFX1']",BP
53,TIS,"regulation of DNA damage response, signal transduction by p53 class mediator",GO:0043516,"['ANKRD1', 'ATM', 'ATR', 'CD44', 'CD74', 'COPS3', 'DDX5', 'DYRK1A', 'EEF1E1', 'HIC1', 'ING4', 'KDM1A', 'KMT5A', 'MARCHF7', 'MDM2', 'MIF', 'MSX1', 'PLA2R1', 'PMAIP1', 'PSMD10', 'PTTG1IP', 'PYHIN1', 'RPL26', 'SIRT1', 'SMYD2', 'SNAI1', 'SNAI2', 'SOX4', 'SPRED1', 'SPRED2', 'TWIST1', 'YJU2', 'ZNF385A', 'ZNHIT1']",BP
54,TIS,inflammatory response,GO:0006954,"['ABCC1', 'ABCD1', 'ABCD2', 'ABCF1', 'ABHD17A', 'ABHD8', 'ACE2', 'ACKR1', 'ACOD1', 'ADAM8', 'ADAMTS12', 'ADCY1', 'ADCY7', 'ADCY8', 'ADGRE5', 'ADIPOQ', 'ADM', 'ADORA1', 'ADORA2A', 'ADORA3', 'AFAP1L2', 'AGER', 'AGR2', 'AGT', 'AGTR1', 'AGTR2', 'AHR', 'AHSG', 'AIF1', 'AIM2', 'AKNA', 'ALOX15', 'ALOX5', 'ANO6', 'ANXA1', 'AOAH', 'AOC3', 'APCS', 'APIP', 'APOA1', 'APOD', 'APOE', 'APOL2', 'APOL3', 'APP', 'APPL1', 'APPL2', 'AREL1', 'ARMH4', 'ARNT', 'AZU1', 'BCL6', 'BCL6B', 'BDKRB2', 'BIRC2', 'BIRC3', 'BLNK', 'BMP2', 'BRCC3', 'BRD4', 'BST1', 'BTK', 'C15orf39', 'C1QA', 'C1QTNF3', 'C2CD4A', 'C2CD4B', 'C3AR1', 'C5', 'C5AR1', 'C5AR2', 'CALHM2', 'CAMK2N1', 'CARD18', 'CARD8', 'CARD9', 'CASP1', 'CASP12', 'CASP3', 'CASP4', 'CASP5', 'CASP6', 'CASP8', 'CASR', 'CCL1', 'CCL11', 'CCL13', 'CCL14', 'CCL15', 'CCL16', 'CCL18', 'CCL19', 'CCL2', 'CCL20', 'CCL21', 'CCL22', 'CCL23', 'CCL24', 'CCL25', 'CCL26', 'CCL27', 'CCL28', 'CCL3', 'CCL3L1', 'CCL4', 'CCL4L1', 'CCL5', 'CCL7', 'CCL8', 'CCN3', 'CCN4', 'CCR1', 'CCR2', 'CCR3', 'CCR4', 'CCR5', 'CCR6', 'CCR7', 'CCRL2', 'CD200', 'CD200R1', 'CD36', 'CD4', 'CD40', 'CD40LG', 'CD44', 'CD47', 'CD6', 'CD68', 'CD69', 'CD81', 'CDH5', 'CEBPA', 'CEBPB', 'CELA1', 'CELF1', 'CFH', 'CHI3L1', 'CHIA', 'CHID1', 'CHRNA7', 'CHST2', 'CHUK', 'CLEC12A', 'CLEC7A', 'CLU', 'CMA1', 'CMKLR1', 'CMKLR2', 'CNTF', 'CPTP', 'CREB3L3', 'CRP', 'CSF1R', 'CSNK1A1', 'CST7', 'CTNNBIP1', 'CUEDC2', 'CUL1', 'CX3CL1', 'CX3CR1', 'CXCL1', 'CXCL10', 'CXCL11', 'CXCL13', 'CXCL17', 'CXCL2', 'CXCL5', 'CXCL6', 'CXCL8', 'CXCL9', 'CXCR2', 'CXCR4', 'CYBA', 'CYBB', 'CYLD', 'DAGLA', 'DAGLB', 'DDT', 'DDX3X', 'DEFB114', 'DHX33', 'DHX9', 'DNASE1', 'DNASE1L3', 'DPP9', 'DSG1', 'EIF2AK2', 'ELANE', 'ELF3', 'ELF4', 'ENPP3', 'EPX', 'ETS1', 'EXTL3', 'F11R', 'F12', 'F2', 'F2R', 'F3', 'FAM120A', 'FAM76B', 'FBXL2', 'FBXO3', 'FCER1A', 'FCGR1A', 'FCGR1BP', 'FCGR2A', 'FCGR2B', 'FCGR2C', 'FCGR3A', 'FCGR3B', 'FEM1A', 'FFAR2', 'FFAR3', 'FFAR4', 'FGR', 'FNDC4', 'FOLR2', 'FOS', 'FOXP1', 'FPR1', 'FPR2', 'FPR3', 'FURIN', 'FUT7', 'FXR1', 'FYN', 'GATA3', 'GBA1', 'GBP1', 'GBP2', 'GBP3', 'GBP5', 'GGT1', 'GGT2P', 'GGT3P', 'GGT5', 'GHRL', 'GHSR', 'GIT1', 'GNA14', 'GNAS', 'GPER1', 'GPR31', 'GPR32', 'GPR32P1', 'GPR33', 'GPR4', 'GPR68', 'GPS2', 'GPSM3', 'GRN', 'GSDMA', 'GSDMB', 'GSDMC', 'GSDMD', 'GSDME', 'GSTP1', 'GZMA', 'GZMB', 'GZMK', 'HBA1', 'HBB', 'HCK', 'HDAC4', 'HDAC5', 'HDAC9', 'HIF1A', 'HLA-DRB1', 'HLA-E', 'HMGB1', 'HMGB2', 'HMOX1', 'HNRNPA0', 'HP', 'HPSE', 'HRH1', 'HSPA8', 'HSPG2', 'HYAL1', 'HYAL2', 'HYAL3', 'IFI16', 'IFI27', 'IFI35', 'IFNA2', 'IFNG', 'IFNGR1', 'IGF1', 'IGHG1', 'IKBKB', 'IKBKG', 'IL10', 'IL10RA', 'IL10RB', 'IL12B', 'IL13', 'IL13RA2', 'IL15', 'IL16', 'IL17A', 'IL17C', 'IL17D', 'IL17RA', 'IL17RB', 'IL17RC', 'IL17RE', 'IL17REL', 'IL18', 'IL18RAP', 'IL1A', 'IL1B', 'IL1F10', 'IL1R1', 'IL1R2', 'IL1RAP', 'IL1RL1', 'IL1RL2', 'IL1RN', 'IL2', 'IL20', 'IL20RA', 'IL21', 'IL22', 'IL22RA1', 'IL22RA2', 'IL23A', 'IL26', 'IL33', 'IL36A', 'IL36B', 'IL36G', 'IL36RN', 'IL37', 'IL4', 'IL5', 'IL6', 'IL6R', 'IL6ST', 'IL9', 'INS', 'IRAK1', 'IRAK2', 'IRAK4', 'IRF3', 'IRGM', 'ISL1', 'ITCH', 'ITGAL', 'ITGAM', 'ITGB1', 'ITGB2', 'ITIH4', 'JAK2', 'KARS1', 'KCNK13', 'KCNK6', 'KDM4D', 'KIT', 'KLF4', 'KLKB1', 'KLRG1', 'KRT16', 'LACC1', 'LAT', 'LATS1', 'LATS2', 'LBP', 'LDLR', 'LEP', 'LEPR', 'LETMD1', 'LGALS1', 'LGALS9', 'LIAS', 'LILRA5', 'LILRB4', 'LOXL3', 'LPCAT3', 'LPL', 'LRFN5', 'LRP1', 'LRRC19', 'LTB4R', 'LY75', 'LYN', 'LYZ', 'MACIR', 'MAP3K20', 'MAP3K7', 'MAP3K8', 'MAPK1', 'MAPK13', 'MAPK14', 'MAPK3', 'MAPK7', 'MAPK8', 'MAPK9', 'MAPKAPK2', 'MAPT', 'MARCHF5', 'MARK4', 'MAVS', 'MBL2', 'MDK', 'MEFV', 'METRNL', 'MFHAS1', 'MGLL', 'MGST2', 'MKRN2', 'MMP25', 'MMP26', 'MMP3', 'MMP8', 'MMP9', 'MT-RNR2', 'MVK', 'MYD88', 'NAIP', 'NAMPT', 'NAPEPLD', 'NCR3', 'NEK7', 'NFAM1', 'NFATC1', 'NFATC3', 'NFATC4', 'NFKB1', 'NFKBIA', 'NFKBIZ', 'NFX1', 'NINJ1', 'NKG7', 'NLRC3', 'NLRC4', 'NLRP1', 'NLRP10', 'NLRP11', 'NLRP12', 'NLRP13', 'NLRP14', 'NLRP2', 'NLRP2B', 'NLRP3', 'NLRP4', 'NLRP5', 'NLRP6', 'NLRP7', 'NLRP8', 'NLRP9', 'NMI', 'NOD1', 'NOD2', 'NOS2', 'NOX1', 'NOX4', 'NPFF', 'NR1D1', 'NR1D2', 'NR1H2', 'NR1H3', 'NR1H4', 'NR4A3', 'NR5A2', 'NRROS', 'NUPR1', 'ODAM', 'OGT', 'OR6A2', 'ORM1', 'ORM2', 'OSM', 'OSMR', 'OTULIN', 'P2RX7', 'PARK7', 'PARP4', 'PDCD1', 'PDCD4', 'PDE2A', 'PER1', 'PF4', 'PF4V1', 'PIK3AP1', 'PIK3CD', 'PIK3CG', 'PJA2', 'PLA2G2A', 'PLA2G2D', 'PLA2G2E', 'PLA2G3', 'PLA2G4B', 'PLA2G4C', 'PLA2G7', 'PLCG1', 'PLCG2', 'PLK2', 'PLSCR1', 'PNMA1', 'PPARA', 'PPARD', 'PPARG', 'PPBP', 'PPP1R13L', 'PPP2CA', 'PRDX5', 'PRKAR1A', 'PRKAR1B', 'PRKAR2A', 'PRKAR2B', 'PRKCA', 'PRKCD', 'PRKD1', 'PRMT2', 'PROC', 'PROK2', 'PSEN1', 'PSG9', 'PSMA6', 'PTAFR', 'PTGDR', 'PTGER1', 'PTGER2', 'PTGER3', 'PTGER4', 'PTGES', 'PTGFR', 'PTGIR', 'PTGIS', 'PTGS2', 'PTN', 'PTPN2', 'PTPN22', 'PTPN6', 'PTPRC', 'PTX3', 'PXK', 'PYCARD', 'PYDC1', 'PYDC2', 'PYDC5', 'Q5U071', 'Q9HB64', 'RAC1', 'RARRES2', 'RB1', 'RBX1', 'REG3A', 'REL', 'RELA', 'RELB', 'RHBDF2', 'RIPK1', 'RIPK2', 'RORA', 'RPS19', 'S100A12', 'S100A8', 'S100A9', 'S1PR3', 'SAA1', 'SBNO1', 'SBNO2', 'SCG2', 'SCUBE1', 'SELE', 'SELENOS', 'SEMA7A', 'SERPINA3', 'SERPINE1', 'SETD4', 'SETD6', 'SHARPIN', 'SHPK', 'SIGIRR', 'SIGLEC1', 'SIGLEC10', 'SIRPA', 'SKP1', 'SLAMF8', 'SLC11A1', 'SLC39A8', 'SMAD3', 'SMPDL3B', 'SNAP23', 'SNCA', 'SNX4', 'SNX6', 'SPATA2', 'SPHK1', 'SPINK7', 'SRC', 'STAP1', 'STAT3', 'STMP1', 'SYK', 'SYT11', 'TAB2', 'TAC1', 'TAC4', 'TACR1', 'TAFA3', 'TBK1', 'TBXA2R', 'TEK', 'TGFB1', 'THBS1', 'TICAM1', 'TLR1', 'TLR10', 'TLR2', 'TLR3', 'TLR4', 'TLR5', 'TLR6', 'TLR7', 'TLR9', 'TMEM219', 'TMIGD3', 'TMSB4X', 'TNF', 'TNFAIP3', 'TNFAIP6', 'TNFAIP8L2', 'TNFRSF11A', 'TNFRSF1A', 'TNFRSF1B', 'TNFRSF4', 'TNFRSF6B', 'TNFSF11', 'TNFSF14', 'TNFSF4', 'TNIP1', 'TRADD', 'TRAF1', 'TRAF2', 'TRAF3IP2', 'TRAF5', 'TREM2', 'TRIM11', 'TRIM14', 'TRIM21', 'TRIM31', 'TRIM45', 'TRIM65', 'TSLP', 'TSPAN18', 'TTBK1', 'TTC1', 'TUSC2', 'TXNIP', 'TYRO3', 'TYROBP', 'UACA', 'UBAC2', 'UFL1', 'USP14', 'USP18', 'USP50', 'VAMP2', 'VAMP3', 'VAMP7', 'VAMP8', 'VCAM1', 'VNN1', 'VPS35', 'WNT5A', 'XCL1', 'XCL2', 'XCR1', 'XIAP', 'YES1', 'ZBP1', 'ZC3H12A', 'ZDHHC1', 'ZDHHC12', 'ZDHHC5', 'ZDHHC9', 'ZFP36', 'ZNFX1', 'ZP3']",BP
55,TIS,DNA damage response,GO:0006974,"['A8MVJ9', 'ABL1', 'ABRAXAS1', 'ACD', 'ACER2', 'ACKR3', 'ACTB', 'ACTL6A', 'ACTL6B', 'ACTR2', 'ACTR5', 'ACTR8', 'ADPRS', 'AEN', 'AIM2', 'ALKBH1', 'ALKBH2', 'ALKBH3', 'ALKBH7', 'ALKBH8', 'ANKLE1', 'ANKRD1', 'ANP32A', 'AP5S1', 'AP5Z1', 'APBB1', 'APC', 'APEX1', 'APEX2', 'APLF', 'APTX', 'ARID1A', 'ARID1B', 'ARID2', 'ASCC1', 'ASCC2', 'ASCC3', 'ASF1A', 'ASH2L', 'ASTE1', 'ATAD3A', 'ATF2', 'ATM', 'ATP23', 'ATR', 'ATRIP', 'ATRX', 'ATXN3', 'ATXN7', 'ATXN7L3', 'AUNIP', 'AXIN2', 'BABAM1', 'BABAM2', 'BACH1', 'BAG6', 'BAK1', 'BARD1', 'BATF', 'BAX', 'BAZ1B', 'BBC3', 'BCL2', 'BCL2A1', 'BCL2L1', 'BCL2L10', 'BCL2L11', 'BCL2L12', 'BCL2L2', 'BCL3', 'BCL6', 'BCL7A', 'BCL7B', 'BCL7C', 'BCLAF1', 'BID', 'BIRC2', 'BIRC3', 'BKGD', 'BLM', 'BOD1L1', 'BOK', 'BRAT1', 'BRCA1', 'BRCA2', 'BRCC3', 'BRD7', 'BRD8', 'BRD9', 'BRIP1', 'BRME1', 'BRSK1', 'BTG2', 'C1QBP', 'CASP2', 'CASP9', 'CBX1', 'CBX3', 'CBX5', 'CCAR2', 'CCDC117', 'CCDC13', 'CCND1', 'CCNH', 'CCNK', 'CD44', 'CD74', 'CDC14B', 'CDC45', 'CDC5L', 'CDC7', 'CDCA5', 'CDIP1', 'CDK1', 'CDK2', 'CDK3', 'CDK5RAP3', 'CDK7', 'CDK9', 'CDKN1A', 'CDKN1B', 'CDKN2AIP', 'CDKN2D', 'CEBPG', 'CENPS', 'CENPX', 'CEP63', 'CETN2', 'CGAS', 'CHCHD6', 'CHD1L', 'CHD4', 'CHEK1', 'CHEK2', 'CHRNA4', 'CIB1', 'CIDEB', 'CIP2A', 'CLOCK', 'CLSPN', 'CLU', 'COMMD1', 'COPS3', 'CRADD', 'CREBBP', 'CRIP1', 'CRY1', 'CRY2', 'CSNK1E', 'CSNK2A1', 'CSNK2A2', 'CSNK2A3', 'CTBP1-DT', 'CTLA4', 'CTPS1', 'CUL1', 'CUL4A', 'CUL4B', 'CXCL12', 'CYREN', 'DBF4', 'DCLRE1A', 'DCLRE1B', 'DCLRE1C', 'DCPH1', 'DCUN1D5', 'DDB1', 'DDB2', 'DDIAS', 'DDIT3', 'DDIT4', 'DDX1', 'DDX11', 'DDX5', 'DEK', 'DGCR8', 'DHX9', 'DMAP1', 'DMC1', 'DNA2', 'DONSON', 'DOT1L', 'DPF1', 'DPF2', 'DPF3', 'DTL', 'DTX3L', 'DYRK1A', 'DYRK2', 'E2F1', 'E2F7', 'EEF1E1', 'EGFR', 'EID3', 'ELOF1', 'EME1', 'EME2', 'ENDOG', 'ENY2', 'EP300', 'EP400', 'EPC1', 'EPC2', 'EPHA2', 'ERCC1', 'ERCC2', 'ERCC3', 'ERCC4', 'ERCC5', 'ERCC6', 'ERCC6L2', 'ERCC8', 'ETAA1', 'EXD2', 'EXO1', 'EXO5', 'EYA1', 'EYA2', 'EYA3', 'EYA4', 'FAAP100', 'FAAP20', 'FAAP24', 'FAM111A', 'FAM111B', 'FAM168A', 'FAN1', 'FANCA', 'FANCB', 'FANCC', 'FANCD2', 'FANCE', 'FANCF', 'FANCG', 'FANCI', 'FANCL', 'FANCM', 'FBH1', 'FBXO31', 'FBXO4', 'FBXO45', 'FBXO5', 'FBXO6', 'FBXW7', 'FEM1B', 'FEN1', 'FGF10', 'FIGNL1', 'FIRRM', 'FLYWCH1', 'FMN2', 'FMR1', 'FNIP2', 'FOXM1', 'FOXN3', 'FOXO1', 'FOXP1', 'FTO', 'FUS', 'FZR1', 'GADD45A', 'GCNA', 'GEN1', 'GFI1', 'GINS2', 'GINS4', 'GML', 'GNB1L', 'GNL1', 'GRB2', 'GTF2H1', 'GTF2H2', 'GTF2H3', 'GTF2H4', 'GTF2H5', 'GTSE1', 'H2AC25', 'H2AX', 'HDAC10', 'HDAC3', 'HDGFL2', 'HELB', 'HELLS', 'HELQ', 'HERC2', 'HIC1', 'HINFP', 'HIPK1', 'HIPK2', 'HLTF', 'HMCES', 'HMGA2', 'HMGB1', 'HMGB2', 'HPF1', 'HROB', 'HSF1', 'HSF2BP', 'HTATSF1', 'HTRA2', 'HUS1', 'HUS1B', 'HUWE1', 'IER3', 'IFFO1', 'IFI16', 'IGHMBP2', 'IKBKE', 'IKBKG', 'ING2', 'ING3', 'ING4', 'INIP', 'INO80', 'INTS3', 'INTS7', 'IRF3', 'IRF7', 'KARP-1', 'KAT2A', 'KAT2B', 'KAT5', 'KAT7', 'KDM1A', 'KDM2A', 'KDM4D', 'KHDC3L', 'KIN', 'KLHL15', 'KMT5A', 'KMT5B', 'KMT5C', 'LIG1', 'LIG3', 'LIG4', 'LMNA', 'LYN', 'MACROD1', 'MACROD2', 'MACROH2A1', 'MAD2L2', 'MAGEF1', 'MAP2K6', 'MAP3K20', 'MAP3K7', 'MAPK12', 'MAPK14', 'MAPK15', 'MAPK3', 'MAPKAPK2', 'MAPT', 'MARCHF6-DT', 'MARCHF7', 'MASTL', 'MBD4', 'MBTD1', 'MC1R', 'MCL1', 'MCM10', 'MCM2', 'MCM3', 'MCM4', 'MCM5', 'MCM6', 'MCM7', 'MCM8', 'MCM9', 'MCMDC2', 'MDC1', 'MDM2', 'MDM4', 'MEAF6', 'MEIOB', 'MEN1', 'METTL14', 'METTL3', 'MGME1', 'MGMT', 'MICA', 'MIF', 'MLH1', 'MLH3', 'MLST8', 'MMS22L', 'MNAT1', 'MNDA', 'MOAP1', 'MORC2', 'MORF4L1', 'MORF4L2', 'MPG', 'MPND', 'MRE11', 'MRGBP', 'MRNIP', 'MSH2', 'MSH3', 'MSH6', 'MSL2', 'MSX1', 'MTA1', 'MTOR', 'MTREX', 'MUC1', 'MUS81', 'MUTYH', 'MYC', 'MYO6', 'NABP1', 'NABP2', 'NACC2', 'NBN', 'NCOA6', 'NDRG1', 'NEDD4', 'NEIL1', 'NEIL2', 'NEIL3', 'NEK11', 'NEK4', 'NEURL4', 'NFAT5', 'NFATC2', 'NHEJ1', 'NIPBL', 'NKX3-1', 'NME1', 'NME3', 'NOP53', 'NPAS2', 'NPM1', 'NRBP1', 'NRBP2', 'NRDE2', 'NSD2', 'NSMCE1', 'NSMCE2', 'NSMCE3', 'NSMCE4A', 'NTHL1', 'NUCKS1', 'NUDT1', 'NUDT16L1', 'NUPR2', 'O00366', 'OARD1', 'OGG1', 'OGG1 type 1e', 'OGG1 type 1f', 'OOEP', 'OTUB1', 'OTUD4', 'PAK1', 'PALB2', 'PARG', 'PARK7', 'PARP1', 'PARP10', 'PARP2', 'PARP3', 'PARP4', 'PARP9', 'PARPBP', 'PAXIP1', 'PAXX', 'PBRM1', 'PCBP4', 'PCLAF', 'PCNA', 'PDS5B', 'PELI1', 'PHF1', 'PHF10', 'PHF13', 'PHLDA3', 'PIAS1', 'PIAS4', 'PIDD1', 'PLA2R1', 'PLK1', 'PLK2', 'PLK3', 'PLK5', 'PMAIP1', 'PML', 'PMS1', 'PMS2', 'PNKP', 'POGZ', 'POLA1', 'POLB', 'POLD1', 'POLD2', 'POLD3', 'POLD4', 'POLDIP2', 'POLE', 'POLE2', 'POLE3', 'POLG', 'POLH', 'POLI', 'POLK', 'POLL', 'POLM', 'POLN', 'POLQ', 'POLR2I', 'POT1', 'PPP1CA', 'PPP1R10', 'PPP1R15A', 'PPP4C', 'PPP4R2', 'PPP4R3A', 'PPP4R3B', 'PPP4R3C', 'PPP5C', 'PRAP1', 'PRDM9', 'PRIMPOL', 'PRKCD', 'PRKCG', 'PRKDC', 'PRMT1', 'PRMT6', 'PRPF19', 'PSEN1', 'PSMA1', 'PSMA2', 'PSMA3', 'PSMA4', 'PSMA5', 'PSMA6', 'PSMA7', 'PSMB1', 'PSMB2', 'PSMB3', 'PSMB4', 'PSMB5', 'PSMB6', 'PSMB7', 'PSMD10', 'PSMD14', 'PSME4', 'PTTG1IP', 'PWWP3A', 'PYCARD', 'PYHIN1', 'RAD1', 'RAD17', 'RAD18', 'RAD21', 'RAD21L1', 'RAD23A', 'RAD23B', 'RAD50', 'RAD51', 'RAD51AP1', 'RAD51B', 'RAD51C', 'RAD51D', 'RAD52', 'RAD54B', 'RAD54L', 'RAD9A', 'RAD9B', 'RADX', 'RBBP5', 'RBBP6', 'RBBP8', 'RBM24', 'RBX1', 'RCHY1', 'REC8', 'RECQL', 'RECQL4', 'RECQL5', 'REV1', 'REV3L', 'REXO4', 'RFC2', 'RFC3', 'RFC4', 'RFC5', 'RFWD3', 'RHNO1', 'RIF1', 'RINT1', 'RIPK1', 'RMI1', 'RMI2', 'RNASEH2A', 'RNASEH2B', 'RNASEH2C', 'RNF111', 'RNF126', 'RNF138', 'RNF168', 'RNF169', 'RNF8', 'RPA1', 'RPA2', 'RPA3', 'RPA4', 'RPL26', 'RPS27L', 'RPS3', 'RPS6KA6', 'RPTOR', 'RRM1', 'RRM2', 'RRM2B', 'RTEL1', 'RUVBL1', 'RUVBL2', 'SAMHD1', 'SDE2', 'SEM1', 'SENP3', 'SESN2', 'SETD2', 'SETD7', 'SETMAR', 'SETX', 'SF3B3', 'SF3B5', 'SFN', 'SFPQ', 'SFR1', 'SFRP2', 'SGF29', 'SHLD1', 'SHLD2', 'SHLD3', 'SHPRH', 'SIRT1', 'SIRT4', 'SIRT6', 'SIRT7', 'SIX6OS1', 'SKP1', 'SKP2', 'SLC30A9', 'SLF1', 'SLF2', 'SLFN11', 'SLX1A', 'SLX4', 'SMARCA2', 'SMARCA4', 'SMARCA5', 'SMARCAD1', 'SMARCAL1', 'SMARCB1', 'SMARCC1', 'SMARCC2', 'SMARCD1', 'SMARCD2', 'SMARCD3', 'SMARCE1', 'SMC1A', 'SMC5', 'SMC6', 'SMCHD1', 'SMG1', 'SMUG1', 'SMYD2', 'SNAI1', 'SNAI2', 'SNW1', 'SOX4', 'SP100', 'SPDYA', 'SPIDR', 'SPINDOC', 'SPIRE1', 'SPIRE2', 'SPO11', 'SPRED1', 'SPRED2', 'SPRTN', 'STK11', 'STK33', 'STK38', 'STXBP4', 'SUMO1', 'SUPT20H', 'SUPT3H', 'SUPT7L', 'SUSD6', 'SUV39H1', 'SWI5', 'SWSAP1', 'SYCP1', 'TADA1', 'TADA2B', 'TADA3', 'TAF1', 'TAF10', 'TAF12', 'TAF2', 'TAF4', 'TAF5', 'TAF5L', 'TAF6', 'TAF6L', 'TAF7', 'TAF9', 'TAF9B', 'TANK', 'TAOK1', 'TAOK2', 'TAOK3', 'TDG', 'TDP1', 'TDP2', 'TELO2', 'TENT4A', 'TERF2', 'TERF2IP', 'TEX15', 'TEX264', 'TFAP4', 'TFDP3', 'TFIP11', 'TICRR', 'TIGAR', 'TIMELESS', 'TIPIN', 'TIPRL', 'TLK2', 'TMEM109', 'TMEM161A', 'TNFRSF1B', 'TNKS1BP1', 'TNP1', 'TONSL', 'TOP2A', 'TOP3A', 'TOPBP1', 'TOPORS', 'TP53', 'TP53BP1', 'TP63', 'TP73', 'TPT1', 'TRADD', 'TRAF2', 'TRAF5', 'TRAIP', 'TREX1', 'TREX2', 'TRIAP1', 'TRIM28', 'TRIM32', 'TRIM39', 'TRIP12', 'TRIP13', 'TRRAP', 'TTC5', 'TTI1', 'TTI2', 'TWIST1', 'UACA', 'UBA1', 'UBA6', 'UBA7', 'UBE2A', 'UBE2B', 'UBE2E2', 'UBE2N', 'UBE2NL', 'UBE2T', 'UBE2U', 'UBE2V1', 'UBE2V2', 'UBQLN4', 'UBR5', 'UCHL3', 'UFL1', 'UHRF1', 'UIMC1', 'UNG', 'UPF1', 'URI1', 'USP1', 'USP10', 'USP16', 'USP22', 'USP28', 'USP3', 'USP43', 'USP44', 'USP45', 'USP47', 'USP51', 'USP7', 'USP9X', 'UVRAG', 'UVSSA', 'VAV3', 'VCP', 'VCPIP1', 'VPS72', 'VRK1', 'VRK2', 'VRK3', 'WAC', 'WAS', 'WDHD1', 'WDR33', 'WDR48', 'WDR76', 'WHR1', 'WNK1', 'WNK2', 'WNK3', 'WNT1', 'WRAP53', 'WRN', 'WRNIP1', 'XAB2', 'XIAP', 'XPA', 'XPC', 'XRCC1', 'XRCC2', 'XRCC3', 'XRCC4', 'XRCC5', 'XRCC6', 'YAP1', 'YEATS4', 'YJU2', 'YY1', 'ZBTB1', 'ZBTB38', 'ZBTB4', 'ZBTB40', 'ZBTB7A', 'ZC3H12A', 'ZCWPW1', 'ZDHHC16', 'ZDHHC20', 'ZFYVE26', 'ZGRF1', 'ZMYND8', 'ZNF365', 'ZNF385A', 'ZNF432', 'ZNF668', 'ZNHIT1', 'ZRANB3', 'ZSWIM7', 'fancm-faap24-1', 'hMLH1']",BP
56,TIS,response to oxidative stress,GO:0006979,"['ABCC1', 'ABCD1', 'ABL1', 'ABL2', 'ADAM9', 'ADPRS', 'ADRM1', 'AGAP3', 'AIF1', 'AIFM2', 'AKT1', 'ALB', 'ALDH3B1', 'ALOX5', 'ANGPTL7', 'ANKZF1', 'APOA4', 'APOD', 'APOE', 'AQP1', 'ARNT', 'ATE1', 'ATF4', 'ATM', 'ATOX1', 'ATP13A2', 'ATP7A', 'BANF1', 'BMAL1', 'BMP7', 'BRF2', 'C19orf12', 'CAMKK2', 'CAT', 'CCS', 'CHCHD2', 'CHEK2', 'CHRNA4', 'CIAPIN1', 'COA8', 'CRYGD', 'CUL1', 'CUL3', 'CYB5B', 'CYGB', 'CYP1B1', 'DAPK1', 'DGKK', 'DHFR', 'DHRS2', 'ECT2', 'EDN1', 'EIF2S1', 'ERCC1', 'ERCC2', 'ERCC3', 'ERCC6', 'ERCC6L2', 'ERCC8', 'ERMP1', 'ETFDH', 'ETV5', 'FABP1', 'FANCC', 'FBLN5', 'FBXO31', 'FER', 'FOS', 'FOXO1', 'FOXO3', 'FOXO4', 'FOXP3', 'FXN', 'FYN', 'G6PD', 'GCH1', 'GCLC', 'GCLM', 'GGT7', 'GPR37', 'GPR37L1', 'GPX1', 'GPX2', 'GPX3', 'GPX4', 'GPX5', 'GPX6', 'GPX7', 'GPX8', 'GSR', 'GSS', 'GSTP1', 'HBA1', 'HBB', 'HDAC6', 'HGF', 'HIF1A', 'HM13', 'HMOX1', 'HMOX2', 'HP', 'HSPA1A', 'HSPA1B', 'HTRA2', 'HYAL1', 'HYAL2', 'IL6', 'IPCEF1', 'KCMF1', 'KEAP1', 'KRT1', 'LIAS', 'LONP1', 'LPO', 'LRRK2', 'MACROH2A1', 'MAP3K5', 'MAPK13', 'MAPK7', 'MAPK8', 'MAPK9', 'MAPT', 'MB', 'MBL2', 'MCTP1', 'MEAK7', 'MET', 'MGAT3', 'MGST1', 'MICB', 'MMP3', 'MPO', 'MSRA', 'MT-RNR2', 'MT3', 'NAPRT', 'NCOA7', 'NDOR1', 'NET1', 'NFE2L2', 'NOS3', 'NQO1', 'NUDT1', 'NUDT2', 'NXNL1', 'OGG1', 'OSER1', 'OXR1', 'OXSR1', 'PAM', 'PARK7', 'PARP1', 'PDCD10', 'PDGFRA', 'PDK2', 'PDLIM1', 'PEX10', 'PEX12', 'PEX13', 'PEX14', 'PEX2', 'PEX5', 'PINK1', 'PJVK', 'PKD2', 'PLA2R1', 'PLEKHA1', 'PLK3', 'PNKP', 'PNPT1', 'PPARGC1A', 'PPEF2', 'PPIA', 'PPIF', 'PRDX1', 'PRDX2', 'PRDX3', 'PRDX4', 'PRDX5', 'PRDX6', 'PRKAA1', 'PRKAA2', 'PRKCD', 'PRKD1', 'PRKN', 'PRNP', 'PRR5L', 'PSIP1', 'PSMA1', 'PSMA2', 'PSMA3', 'PSMA4', 'PSMA5', 'PSMA6', 'PSMA7', 'PSMB1', 'PSMB2', 'PSMB3', 'PSMB4', 'PSMB5', 'PSMB6', 'PSMB7', 'PSMC1', 'PSMC2', 'PSMC3', 'PSMC4', 'PSMC5', 'PSMC6', 'PSMD1', 'PSMD11', 'PSMD12', 'PSMD13', 'PSMD14', 'PSMD2', 'PSMD3', 'PSMD4', 'PSMD6', 'PSMD7', 'PSMD8', 'PSME1', 'PSME2', 'PSME3', 'PTPRK', 'PTPRN', 'PXN', 'PYCR1', 'PYCR2', 'PYROXD1', 'RACK1', 'RAD52', 'RBM11', 'RBPMS', 'RBX1', 'RELA', 'RGS14', 'RHOB', 'RIPK1', 'RIPK3', 'RLIG1', 'RNF112', 'ROMO1', 'RPS3', 'S100A7', 'SCARA3', 'SELENOK', 'SELENON', 'SELENOP', 'SELENOS', 'SEM1', 'SESN2', 'SETX', 'SIRPA', 'SIRT1', 'SIRT2', 'SIRT3', 'SLC25A14', 'SLC25A24', 'SLC4A11', 'SNCA', 'SOD1', 'SOD2', 'SOD3', 'SP1', 'SRC', 'SRXN1', 'STK24', 'STK25', 'STK26', 'STOX1', 'STX2', 'STX4', 'SUMO4', 'SZT2', 'TBC1D24', 'TET1', 'THG1L', 'TLDC2', 'TMEM161A', 'TNFAIP3', 'TP53', 'TPM1', 'TPO', 'TRAP1', 'TRIM25', 'TRIM32', 'TRPA1', 'TRPM2', 'TXN', 'TXNIP', 'TXNRD2', 'UBR4', 'UCP1', 'USP25', 'VKORC1L1', 'VNN1', 'VRK2', 'WNT16', 'XRCC1', 'ZC3H12A', 'ZFAND1', 'ZNF580']",BP
57,TIS,autophagy,GO:0006914,"['ABI2', 'ABL1', 'ABL2', 'ACBD5', 'ACER2', 'ADRB2', 'AFG2B', 'AKT1', 'AMBRA1', 'ANXA7', 'AP4M1', 'ARFIP2', 'ARHGAP26', 'ARL8B', 'ARMC3', 'ATF6', 'ATG10', 'ATG101', 'ATG12', 'ATG13', 'ATG14', 'ATG16L1', 'ATG16L2', 'ATG2A', 'ATG2B', 'ATG3', 'ATG4A', 'ATG4B', 'ATG4C', 'ATG4D', 'ATG5', 'ATG7', 'ATG9A', 'ATG9B', 'ATM', 'ATP13A2', 'ATP2A2', 'ATP5IF1', 'ATP6V0A1', 'ATP6V0A2', 'ATP6V0B', 'ATP6V0C', 'ATP6V0D1', 'ATP6V0D2', 'ATP6V0E1', 'ATP6V0E2', 'ATP6V1A', 'ATP6V1B1', 'ATP6V1B2', 'ATP6V1C1', 'ATP6V1C2', 'ATP6V1D', 'ATP6V1E1', 'ATP6V1E2', 'ATP6V1G1', 'ATP6V1G2', 'ATP6V1H', 'AUP1', 'BAD', 'BAG3', 'BCL2', 'BECN1', 'BECN2', 'BMF', 'BNIP3', 'BNIP3L', 'BOK', 'C19orf12', 'C9orf72', 'CALCOCO2', 'CALM1', 'CAMKK2', 'CAPN1', 'CAPNS1', 'CASP3', 'CCNY', 'CCPG1', 'CDK16', 'CDK5', 'CDK5R1', 'CDK5RAP3', 'CERS1', 'CHEK2', 'CHMP1A', 'CHMP1B', 'CHMP2A', 'CHMP2B', 'CHMP3', 'CHMP4A', 'CHMP4B', 'CHMP4C', 'CHMP5', 'CHMP6', 'CHMP7', 'CISD2', 'CLEC16A', 'CLN3', 'CLU', 'CPTP', 'CREG1', 'CSNK2A1', 'CSNK2A2', 'CTSA', 'CTSK', 'CUL1', 'CUL4A', 'CUL4B', 'DAP', 'DAPK1', 'DAPK2', 'DAPK3', 'DAPL1', 'DCAF12', 'DCN', 'DDB1', 'DDIT3', 'DDRGK1', 'DELE1', 'DEPDC5', 'DEPP1', 'DEPTOR', 'DHRSX', 'DNAJC16', 'DNM1L', 'DNM2', 'DRAM1', 'DRAM2', 'EEF1A1', 'EEF1A2', 'EGFR', 'EI24', 'EIF2AK1', 'EIF2S1', 'EIF4E', 'EIF4G1', 'EIF4G2', 'EIF4G3', 'ELAPOR1', 'EMC6', 'ENDOG', 'EP300', 'EPG5', 'EPM2A', 'ERFE', 'ERN1', 'EXOC1', 'EXOC4', 'EXOC7', 'EXOC8', 'FBXL2', 'FBXL4', 'FBXO2', 'FBXO7', 'FBXW7', 'FEZ1', 'FEZ2', 'FKBP8', 'FLCN', 'FOXK1', 'FOXK2', 'FOXO1', 'FOXO3', 'FTH1', 'FTL', 'FUNDC1', 'FUNDC2', 'FYCO1', 'FZD5', 'GAA', 'GABARAP', 'GABARAPL1', 'GABARAPL2', 'GABARAPL3', 'GAPDH', 'GBA1', 'GFAP', 'GNAI3', 'GOLGA2', 'GPR137', 'GPR137B', 'GPSM1', 'GSK3A', 'GSK3B', 'HAX1', 'HDAC10', 'HDAC6', 'HGF', 'HGS', 'HK2', 'HMGB1', 'HPSE', 'HSP90AA1', 'HSPA8', 'HSPB1', 'HSPB8', 'HTRA2', 'HTT', 'HUWE1', 'IFI16', 'IFNB1', 'IFNG', 'IFT20', 'IFT88', 'IKBKG', 'IL10', 'IL10RA', 'IL4', 'ILRUN', 'IRGM', 'IRGQ', 'ITGB4', 'ITPR1', 'KAT5', 'KAT8', 'KDM4A', 'KDR', 'KEAP1', 'KIF25', 'KLHL22', 'KLHL3', 'LACRT', 'LAMP2', 'LAMP3', 'LARP1', 'LEP', 'LEPR', 'LGALS8', 'LIX1', 'LIX1L', 'LRBA', 'LRRK2', 'LRSAM1', 'LYPLA1', 'LZTS1', 'MAGEA3', 'MAGEA6', 'MAP1LC3A', 'MAP1LC3B', 'MAP1LC3B2', 'MAP1LC3C', 'MAP1S', 'MAP3K7', 'MAPK15', 'MAPK8', 'MAPT', 'MARK2', 'MCL1', 'MEFV', 'MET', 'MFN2', 'MFSD8', 'MID2', 'MLST8', 'MOAP1', 'MTCL2', 'MTDH', 'MTM1', 'MTMR14', 'MTMR3', 'MTMR8', 'MTMR9', 'MTOR', 'MVB12A', 'NAT8B', 'NBR1', 'NCOA4', 'NEDD4', 'NIPSNAP1', 'NIPSNAP2', 'NOD2', 'NPC1', 'NPRL3', 'NRBF2', 'NRBP2', 'NSFL1C', 'NUPR1', 'OGT', 'OPTN', 'ORMDL3', 'OSBPL7', 'PACS2', 'PAFAH1B2', 'PARK7', 'PARL', 'PDCD6IP', 'PEX2', 'PEX5', 'PGAM5', 'PHB2', 'PHF23', 'PIK3C2A', 'PIK3C3', 'PIK3CA', 'PIK3CB', 'PIK3R2', 'PIK3R4', 'PIKFYVE', 'PIM2', 'PINK1', 'PIP4K2A', 'PIP4K2B', 'PIP4K2C', 'PJVK', 'PLAA', 'PLEKHF1', 'PLEKHM1', 'PLK2', 'PLK3', 'PPTC7', 'PRKAA1', 'PRKAA2', 'PRKACA', 'PRKD1', 'PRKN', 'PSAP', 'PSMD14', 'PTPN22', 'Q56UQ5', 'QSOX1', 'RAB19', 'RAB1A', 'RAB1B', 'RAB1C', 'RAB23', 'RAB24', 'RAB2A', 'RAB33A', 'RAB33B', 'RAB37', 'RAB39A', 'RAB39B', 'RAB3GAP1', 'RAB3GAP2', 'RAB43', 'RAB5A', 'RAB7A', 'RAB8A', 'RALB', 'RASIP1', 'RB1CC1', 'RBX1', 'RETREG1', 'RETREG3', 'RHEB', 'RIMOC1', 'RMC1', 'RNF152', 'RNF213', 'RNF31', 'ROCK1', 'RPGR', 'RPTOR', 'RRAGA', 'RRAGB', 'RRAGC', 'RRAGD', 'RTN3', 'RUBCN', 'RUBCNL', 'RUFY4', 'S100A8', 'S100A9', 'SCFD1', 'SCOC', 'SEC22B', 'SEC62', 'SESN1', 'SESN2', 'SESN3', 'SETD2', 'SH3BP4', 'SH3GLB1', 'SIRT1', 'SIRT2', 'SKP1', 'SLC25A4', 'SLC25A5', 'SLC35D3', 'SMCR8', 'SMURF1', 'SNAP29', 'SNAP47', 'SNCA', 'SNF8', 'SNRNP70', 'SNX14', 'SNX18', 'SNX30', 'SNX32', 'SNX4', 'SNX5', 'SNX6', 'SNX7', 'SPART', 'SPATA18', 'SPATA33', 'SPG11', 'SPTLC1', 'SPTLC2', 'SQSTM1', 'SRC', 'SREBF1', 'SREBF2', 'STAM', 'STAM2', 'STAT3', 'STBD1', 'STING1', 'STK11', 'STK38L', 'STUB1', 'STX12', 'STX17', 'STX4', 'SUPT5H', 'SVIP', 'SYT11', 'TAB2', 'TAB3', 'TBC1D12', 'TBC1D14', 'TBC1D25', 'TBC1D5', 'TBK1', 'TCIRG1', 'TECPR1', 'TEX264', 'TFEB', 'TICAM1', 'TIMM23', 'TLK2', 'TMEM39A', 'TMEM41B', 'TMEM59', 'TMEM74', 'TOM1', 'TOMM7', 'TP53', 'TP53INP1', 'TP53INP2', 'TPCN1', 'TPCN2', 'TPT1', 'TPT1P8', 'TRAF6', 'TRAPPC4', 'TREM2', 'TRIB3', 'TRIM13', 'TRIM17', 'TRIM21', 'TRIM22', 'TRIM23', 'TRIM25', 'TRIM27', 'TRIM32', 'TRIM5', 'TRIM65', 'TRIM8', 'TSC1', 'TSC2', 'TSG101', 'UBA5', 'UBAC2', 'UBE2A', 'UBQLN1', 'UBQLN2', 'UBQLN4', 'UBR4', 'UBXN2A', 'UBXN2B', 'UBXN6', 'UCHL1', 'UFC1', 'UFL1', 'UFM1', 'ULK1', 'ULK2', 'ULK3', 'USP10', 'USP13', 'USP20', 'USP30', 'USP33', 'USP36', 'UVRAG', 'VAMP7', 'VAMP8', 'VCP', 'VDAC1', 'VHL', 'VIPAS39', 'VMP1', 'VPS11', 'VPS13A', 'VPS13C', 'VPS13D', 'VPS16', 'VPS18', 'VPS25', 'VPS26A', 'VPS26B', 'VPS28', 'VPS29', 'VPS33A', 'VPS33B', 'VPS35', 'VPS36', 'VPS37A', 'VPS37B', 'VPS37C', 'VPS37D', 'VPS39', 'VPS41', 'VPS4A', 'VPS4B', 'VPS51', 'VTA1', 'VTI1A', 'VTI1B', 'WAC', 'WASHC1', 'WDFY3', 'WDR24', 'WDR41', 'WDR45', 'WDR45B', 'WDR6', 'WDR81', 'WIPI1', 'WIPI2', 'WNK1', 'YOD1', 'ZC3H12A', 'ZDHHC19', 'ZFYVE1', 'ZFYVE26', 'ZKSCAN3', 'ZNF418']",BP
58,TIS,double-strand break repair,GO:0006302,"['A8MVJ9', 'ABL1', 'ABRAXAS1', 'ACTB', 'ACTL6A', 'ACTL6B', 'ACTR2', 'ACTR5', 'ACTR8', 'ANKLE1', 'AP5S1', 'AP5Z1', 'APLF', 'ARID1A', 'ARID1B', 'ARID2', 'ASTE1', 'ATM', 'ATP23', 'ATR', 'ATRIP', 'AUNIP', 'BABAM1', 'BABAM2', 'BCL7A', 'BCL7B', 'BCL7C', 'BLM', 'BRCA1', 'BRCA2', 'BRCC3', 'BRD7', 'BRD8', 'BRD9', 'BRIP1', 'BRME1', 'C1QBP', 'CDC45', 'CDC7', 'CDCA5', 'CGAS', 'CHD4', 'CHEK1', 'CHEK2', 'CIB1', 'CREBBP', 'CSNK2A1', 'CSNK2A2', 'CSNK2A3', 'CYREN', 'DCLRE1A', 'DCLRE1B', 'DCLRE1C', 'DDX1', 'DDX11', 'DEK', 'DMAP1', 'DMC1', 'DNA2', 'DPF1', 'DPF2', 'DPF3', 'DTX3L', 'DYRK1A', 'EID3', 'EME1', 'EME2', 'EP400', 'EPC1', 'EPC2', 'ERCC1', 'ERCC4', 'ERCC5', 'ERCC6', 'ERCC6L2', 'ERCC8', 'EXD2', 'EYA1', 'EYA3', 'FAN1', 'FANCB', 'FANCM', 'FBH1', 'FEN1', 'FIGNL1', 'FIRRM', 'FMN2', 'FOXM1', 'FUS', 'GEN1', 'GINS2', 'GINS4', 'H2AX', 'HDGFL2', 'HELB', 'HELLS', 'HELQ', 'HMCES', 'HMGA2', 'HMGB1', 'HMGB2', 'HPF1', 'HSF1', 'HSF2BP', 'HTATSF1', 'HUS1', 'HUS1B', 'IFFO1', 'ING3', 'INIP', 'INO80', 'INTS3', 'KAT5', 'KDM1A', 'KDM2A', 'KDM4D', 'KHDC3L', 'KLHL15', 'KMT5A', 'KMT5B', 'KMT5C', 'LIG3', 'LIG4', 'LMNA', 'MAD2L2', 'MAGEF1', 'MBTD1', 'MCM2', 'MCM3', 'MCM4', 'MCM5', 'MCM6', 'MCM7', 'MCM8', 'MCM9', 'MCMDC2', 'MEAF6', 'MEIOB', 'MGMT', 'MMS22L', 'MORF4L1', 'MORF4L2', 'MPND', 'MRE11', 'MRGBP', 'MRNIP', 'MTA1', 'MUS81', 'NABP1', 'NABP2', 'NBN', 'NHEJ1', 'NIPBL', 'NSD2', 'NSMCE1', 'NSMCE2', 'NSMCE3', 'NSMCE4A', 'NUCKS1', 'NUDT16L1', 'OGG1', 'OOEP', 'OTUB1', 'PALB2', 'PARP1', 'PARP3', 'PARP9', 'PARPBP', 'PAXX', 'PBRM1', 'PDS5B', 'PELI1', 'PHF10', 'PIAS4', 'PLK1', 'PML', 'PNKP', 'POGZ', 'POLA1', 'POLL', 'POLM', 'POLN', 'POLQ', 'POT1', 'PPP4C', 'PPP4R2', 'PPP4R3A', 'PPP4R3B', 'PPP4R3C', 'PPP5C', 'PRDM9', 'PRKDC', 'PRMT1', 'PRPF19', 'PSMD14', 'RAD21', 'RAD21L1', 'RAD50', 'RAD51', 'RAD51AP1', 'RAD51B', 'RAD51C', 'RAD51D', 'RAD52', 'RAD54B', 'RAD54L', 'RADX', 'RBBP8', 'REC8', 'REV3L', 'RFWD3', 'RHNO1', 'RIF1', 'RMI1', 'RMI2', 'RNF126', 'RNF138', 'RNF168', 'RNF169', 'RNF8', 'RPA1', 'RPA2', 'RPA3', 'RTEL1', 'RUVBL1', 'RUVBL2', 'SAMHD1', 'SEM1', 'SENP3', 'SETD2', 'SETMAR', 'SETX', 'SFPQ', 'SFR1', 'SHLD1', 'SHLD2', 'SHLD3', 'SIRT1', 'SIRT6', 'SIX6OS1', 'SKP2', 'SLF1', 'SLF2', 'SLX1A', 'SLX4', 'SMARCA2', 'SMARCA4', 'SMARCAD1', 'SMARCAL1', 'SMARCB1', 'SMARCC1', 'SMARCC2', 'SMARCD1', 'SMARCD2', 'SMARCD3', 'SMARCE1', 'SMC5', 'SMC6', 'SMCHD1', 'SPIDR', 'SPIRE1', 'SPIRE2', 'SPO11', 'SWI5', 'SWSAP1', 'TDP1', 'TDP2', 'TENT4A', 'TERF2IP', 'TEX15', 'TFIP11', 'TIMELESS', 'TNKS1BP1', 'TONSL', 'TOP3A', 'TOPBP1', 'TP53BP1', 'TRIP13', 'TRRAP', 'TWIST1', 'UBE2N', 'UBE2V2', 'UBQLN4', 'UCHL3', 'UHRF1', 'UIMC1', 'USP51', 'UVRAG', 'VCP', 'VPS72', 'WAS', 'WDR48', 'WRAP53', 'WRN', 'XRCC1', 'XRCC2', 'XRCC3', 'XRCC4', 'XRCC5', 'XRCC6', 'YEATS4', 'YY1', 'ZBTB7A', 'ZCWPW1', 'ZFYVE26', 'ZGRF1', 'ZMYND8', 'ZNF365', 'ZSWIM7']",BP
59,TIS,DNA repair,GO:0006281,"['A8MVJ9', 'ABL1', 'ABRAXAS1', 'ACTB', 'ACTL6A', 'ACTL6B', 'ACTR2', 'ACTR5', 'ACTR8', 'ADPRS', 'ALKBH1', 'ALKBH2', 'ALKBH3', 'ANKLE1', 'ANP32A', 'AP5S1', 'AP5Z1', 'APEX1', 'APEX2', 'APLF', 'APTX', 'ARID1A', 'ARID1B', 'ARID2', 'ASCC1', 'ASCC2', 'ASCC3', 'ASF1A', 'ASTE1', 'ATM', 'ATP23', 'ATR', 'ATRIP', 'ATXN3', 'ATXN7', 'ATXN7L3', 'AUNIP', 'AXIN2', 'BABAM1', 'BABAM2', 'BACH1', 'BARD1', 'BCL7A', 'BCL7B', 'BCL7C', 'BKGD', 'BLM', 'BRCA1', 'BRCA2', 'BRCC3', 'BRD7', 'BRD8', 'BRD9', 'BRIP1', 'BRME1', 'BTG2', 'C1QBP', 'CCDC117', 'CCNH', 'CDC45', 'CDC7', 'CDCA5', 'CDK1', 'CDK7', 'CDK9', 'CDKN2D', 'CEBPG', 'CENPS', 'CENPX', 'CETN2', 'CGAS', 'CHD1L', 'CHD4', 'CHEK1', 'CHEK2', 'CHRNA4', 'CIB1', 'COMMD1', 'CREBBP', 'CRY2', 'CSNK1E', 'CSNK2A1', 'CSNK2A2', 'CSNK2A3', 'CTBP1-DT', 'CUL4A', 'CUL4B', 'CYREN', 'DCLRE1A', 'DCLRE1B', 'DCLRE1C', 'DDB1', 'DDB2', 'DDX1', 'DDX11', 'DEK', 'DHX9', 'DMAP1', 'DMC1', 'DNA2', 'DOT1L', 'DPF1', 'DPF2', 'DPF3', 'DTX3L', 'DYRK1A', 'EGFR', 'EID3', 'ELOF1', 'EME1', 'EME2', 'ENY2', 'EP300', 'EP400', 'EPC1', 'EPC2', 'ERCC1', 'ERCC2', 'ERCC3', 'ERCC4', 'ERCC5', 'ERCC6', 'ERCC6L2', 'ERCC8', 'EXD2', 'EXO1', 'EXO5', 'EYA1', 'EYA2', 'EYA3', 'EYA4', 'FAAP100', 'FAAP20', 'FAAP24', 'FAM111A', 'FAM111B', 'FAM168A', 'FAN1', 'FANCA', 'FANCB', 'FANCC', 'FANCD2', 'FANCE', 'FANCF', 'FANCG', 'FANCI', 'FANCL', 'FANCM', 'FBH1', 'FBXO6', 'FEN1', 'FGF10', 'FIGNL1', 'FIRRM', 'FMN2', 'FMR1', 'FOXM1', 'FTO', 'FUS', 'GADD45A', 'GCNA', 'GEN1', 'GINS2', 'GINS4', 'GTF2H1', 'GTF2H2', 'GTF2H3', 'GTF2H4', 'GTF2H5', 'H2AC25', 'H2AX', 'HDAC10', 'HDGFL2', 'HELB', 'HELLS', 'HELQ', 'HINFP', 'HMCES', 'HMGA2', 'HMGB1', 'HMGB2', 'HPF1', 'HROB', 'HSF1', 'HSF2BP', 'HTATSF1', 'HUS1', 'HUS1B', 'HUWE1', 'IFFO1', 'ING3', 'INIP', 'INO80', 'INTS3', 'KARP-1', 'KAT2A', 'KAT2B', 'KAT5', 'KAT7', 'KDM1A', 'KDM2A', 'KDM4D', 'KHDC3L', 'KLHL15', 'KMT5A', 'KMT5B', 'KMT5C', 'LIG1', 'LIG3', 'LIG4', 'LMNA', 'MACROH2A1', 'MAD2L2', 'MAGEF1', 'MARCHF6-DT', 'MBD4', 'MBTD1', 'MC1R', 'MCM2', 'MCM3', 'MCM4', 'MCM5', 'MCM6', 'MCM7', 'MCM8', 'MCM9', 'MCMDC2', 'MEAF6', 'MEIOB', 'MEN1', 'MGME1', 'MGMT', 'MLH1', 'MLH3', 'MMS22L', 'MNAT1', 'MORF4L1', 'MORF4L2', 'MPG', 'MPND', 'MRE11', 'MRGBP', 'MRNIP', 'MSH2', 'MSH3', 'MSH6', 'MTA1', 'MUS81', 'MUTYH', 'NABP1', 'NABP2', 'NBN', 'NEIL1', 'NEIL2', 'NEIL3', 'NEURL4', 'NHEJ1', 'NIPBL', 'NME1', 'NME3', 'NOP53', 'NPAS2', 'NPM1', 'NSD2', 'NSMCE1', 'NSMCE2', 'NSMCE3', 'NSMCE4A', 'NTHL1', 'NUCKS1', 'NUDT1', 'NUDT16L1', 'O00366', 'OGG1', 'OGG1 type 1e', 'OGG1 type 1f', 'OOEP', 'OTUB1', 'OTUD4', 'PALB2', 'PARG', 'PARK7', 'PARP1', 'PARP2', 'PARP3', 'PARP4', 'PARP9', 'PARPBP', 'PAXX', 'PBRM1', 'PCNA', 'PDS5B', 'PELI1', 'PHF10', 'PIAS4', 'PLK1', 'PML', 'PMS1', 'PMS2', 'PNKP', 'POGZ', 'POLA1', 'POLB', 'POLD1', 'POLD3', 'POLD4', 'POLE', 'POLE2', 'POLG', 'POLH', 'POLI', 'POLK', 'POLL', 'POLM', 'POLN', 'POLQ', 'POLR2I', 'POT1', 'PPP4C', 'PPP4R2', 'PPP4R3A', 'PPP4R3B', 'PPP4R3C', 'PPP5C', 'PRDM9', 'PRIMPOL', 'PRKCD', 'PRKCG', 'PRKDC', 'PRMT1', 'PRMT6', 'PRPF19', 'PSMA1', 'PSMA2', 'PSMA3', 'PSMA4', 'PSMA5', 'PSMA6', 'PSMA7', 'PSMB1', 'PSMB2', 'PSMB3', 'PSMB4', 'PSMB5', 'PSMB6', 'PSMB7', 'PSMD14', 'PSME4', 'PWWP3A', 'RAD1', 'RAD17', 'RAD18', 'RAD21', 'RAD21L1', 'RAD23A', 'RAD23B', 'RAD50', 'RAD51', 'RAD51AP1', 'RAD51B', 'RAD51C', 'RAD51D', 'RAD52', 'RAD54B', 'RAD54L', 'RAD9A', 'RAD9B', 'RADX', 'RBBP8', 'RBX1', 'REC8', 'RECQL', 'RECQL4', 'RECQL5', 'REV1', 'REV3L', 'REXO4', 'RFC2', 'RFC3', 'RFC4', 'RFC5', 'RFWD3', 'RHNO1', 'RIF1', 'RMI1', 'RMI2', 'RNASEH2A', 'RNASEH2B', 'RNASEH2C', 'RNF111', 'RNF126', 'RNF138', 'RNF168', 'RNF169', 'RNF8', 'RPA1', 'RPA2', 'RPA3', 'RPA4', 'RPS3', 'RRM1', 'RRM2', 'RRM2B', 'RTEL1', 'RUVBL1', 'RUVBL2', 'SAMHD1', 'SEM1', 'SENP3', 'SETD2', 'SETMAR', 'SETX', 'SF3B3', 'SF3B5', 'SFPQ', 'SFR1', 'SGF29', 'SHLD1', 'SHLD2', 'SHLD3', 'SIRT1', 'SIRT6', 'SIRT7', 'SIX6OS1', 'SKP2', 'SLC30A9', 'SLF1', 'SLF2', 'SLX1A', 'SLX4', 'SMARCA2', 'SMARCA4', 'SMARCA5', 'SMARCAD1', 'SMARCAL1', 'SMARCB1', 'SMARCC1', 'SMARCC2', 'SMARCD1', 'SMARCD2', 'SMARCD3', 'SMARCE1', 'SMC1A', 'SMC5', 'SMC6', 'SMCHD1', 'SMUG1', 'SPIDR', 'SPIRE1', 'SPIRE2', 'SPO11', 'SPRTN', 'SUMO1', 'SUPT20H', 'SUPT3H', 'SUPT7L', 'SWI5', 'SWSAP1', 'SYCP1', 'TADA1', 'TADA2B', 'TADA3', 'TAF10', 'TAF12', 'TAF2', 'TAF4', 'TAF5', 'TAF5L', 'TAF6', 'TAF6L', 'TAF7', 'TAF9', 'TDG', 'TDP1', 'TDP2', 'TENT4A', 'TERF2', 'TERF2IP', 'TEX15', 'TEX264', 'TFIP11', 'TICRR', 'TIGAR', 'TIMELESS', 'TMEM161A', 'TNKS1BP1', 'TNP1', 'TONSL', 'TOP3A', 'TOPBP1', 'TP53', 'TP53BP1', 'TP73', 'TRAIP', 'TREX1', 'TREX2', 'TRIM28', 'TRIP13', 'TRRAP', 'TWIST1', 'UBE2A', 'UBE2B', 'UBE2N', 'UBE2T', 'UBE2U', 'UBE2V1', 'UBE2V2', 'UBQLN4', 'UCHL3', 'UHRF1', 'UIMC1', 'UNG', 'UPF1', 'USP1', 'USP22', 'USP3', 'USP44', 'USP45', 'USP47', 'USP51', 'USP7', 'USP9X', 'UVRAG', 'UVSSA', 'VCP', 'VCPIP1', 'VPS72', 'WAS', 'WDHD1', 'WDR48', 'WHR1', 'WRAP53', 'WRN', 'WRNIP1', 'XAB2', 'XPA', 'XPC', 'XRCC1', 'XRCC2', 'XRCC3', 'XRCC4', 'XRCC5', 'XRCC6', 'YEATS4', 'YY1', 'ZBTB1', 'ZBTB7A', 'ZCWPW1', 'ZFYVE26', 'ZGRF1', 'ZMYND8', 'ZNF365', 'ZNF668', 'ZRANB3', 'ZSWIM7', 'fancm-faap24-1', 'hMLH1']",BP
60,TIS,nucleotide-excision repair,GO:0006289,"['ACTB', 'ACTL6A', 'ACTL6B', 'ARID1A', 'ARID1B', 'ARID2', 'ATXN3', 'BCL7A', 'BCL7B', 'BCL7C', 'BRCA2', 'BRD7', 'BRIP1', 'CCNH', 'CDK7', 'CETN2', 'COMMD1', 'CREBBP', 'CUL4A', 'CUL4B', 'DDB1', 'DDB2', 'DPF1', 'DPF2', 'DPF3', 'ELOF1', 'EP300', 'ERCC1', 'ERCC2', 'ERCC3', 'ERCC4', 'ERCC5', 'ERCC6', 'ERCC8', 'FAN1', 'FANCC', 'GTF2H1', 'GTF2H2', 'GTF2H3', 'GTF2H4', 'GTF2H5', 'HUS1', 'HUS1B', 'KAT5', 'KAT7', 'LIG4', 'MNAT1', 'NTHL1', 'O00366', 'OGG1', 'PBRM1', 'PHF10', 'PNKP', 'POLA1', 'POLB', 'POLD1', 'POLD3', 'POLE', 'POLK', 'POLL', 'POLR2I', 'RAD23A', 'RAD23B', 'RAD52', 'RBX1', 'RNF111', 'RPA1', 'RPA2', 'RPA3', 'RPA4', 'SIRT1', 'SLC30A9', 'SLX4', 'SMARCA2', 'SMARCA4', 'SMARCB1', 'SMARCC1', 'SMARCC2', 'SMARCD1', 'SMARCD2', 'SMARCD3', 'SMARCE1', 'TP53', 'USP44', 'USP45', 'USP7', 'UVSSA', 'XAB2', 'XPA', 'XPC']",BP
61,TIS,mismatch repair,GO:0006298,"['ABL1', 'AXIN2', 'EXO1', 'HDAC10', 'HMGB1', 'LIG1', 'MCM8', 'MCM9', 'MLH1', 'MLH3', 'MSH2', 'MSH3', 'MSH6', 'MUTYH', 'PCNA', 'PMS1', 'PMS2', 'POLD3', 'PRKCG', 'RNASEH2A', 'RNASEH2B', 'RNASEH2C', 'RPA1', 'RPA2', 'RPA3', 'SETD2', 'TP73', 'TREX1', 'WRN', 'XPC', 'hMLH1']",BP
62,TIS,response to ionizing radiation,GO:0010212,"['ABRAXAS1', 'AEN', 'ATM', 'ATR', 'BABAM1', 'BABAM2', 'BARD1', 'BLM', 'BRAT1', 'BRCA1', 'BRCA2', 'BRCC3', 'BRSK1', 'CDKN1A', 'CLK2', 'CLOCK', 'COP1', 'CRYAB', 'DCUN1D3', 'ECT2', 'EEF1D', 'EYA1', 'EYA3', 'FANCD2', 'FIGNL1', 'GADD45A', 'GATA3', 'GRB2', 'H2AX', 'HRAS', 'HSF1', 'HUS1', 'IFI16', 'IKBIP', 'INIP', 'INO80', 'INTS3', 'INTS7', 'KAT5', 'KDM1A', 'KDM4D', 'LIG4', 'MAP3K20', 'MAPK14', 'MDM2', 'MEN1', 'MRNIP', 'MSH2', 'MTA1', 'NABP1', 'NABP2', 'NET1', 'NHEJ1', 'NIPBL', 'NUCKS1', 'PAXIP1', 'PRAP1', 'PRKAA1', 'RAD1', 'RAD51', 'RAD51AP1', 'RAD9A', 'RAD9B', 'RFWD3', 'RHNO1', 'RHOB', 'RNF168', 'RNF8', 'RPL26', 'SIRT1', 'SMPD1', 'SPIDR', 'STK11', 'SWI5', 'TANK', 'TICRR', 'TLK2', 'TMEM109', 'TNF', 'TNKS1BP1', 'TOPBP1', 'TP53', 'TSPYL5', 'UIMC1', 'USP28', 'WRN', 'XRCC4', 'XRCC5', 'XRCC6', 'XRRA1', 'YAP1']",BP
63,TIS,response to gamma radiation,GO:0010332,"['ATM', 'ATR', 'CRYAB', 'DCUN1D3', 'FANCD2', 'HRAS', 'HSF1', 'KDM1A', 'LIG4', 'MAP3K20', 'MDM2', 'MEN1', 'PRKAA1', 'RPL26', 'TLK2', 'TMEM109', 'TP53', 'TSPYL5', 'WRN', 'XRCC5', 'XRCC6', 'YAP1']",BP
64,TIS,cellular response to UV,GO:0034644,"['ACTR5', 'AQP1', 'ATF4', 'ATR', 'AURKB', 'BAK1', 'CASP9', 'CDKN1A', 'CERS1', 'COPS9', 'CRIP1', 'CUL4A', 'CUL4B', 'DDB1', 'DDB2', 'DHX36', 'DSG1', 'EIF2AK4', 'EIF2S1', 'ERCC1', 'ERCC4', 'FBXW7', 'H2AC25', 'HYAL1', 'HYAL2', 'HYAL3', 'INO80', 'KDM1A', 'MAP3K20', 'MAPK11', 'MAPK13', 'MAPK14', 'MC1R', 'METTL3', 'MFAP4', 'MME', 'MMP1', 'MMP2', 'MMP3', 'MMP9', 'MYC', 'N4BP1', 'NEDD4', 'NLRP1', 'NOC2L', 'NPM1', 'NSMCE3', 'OPN1SW', 'OPN3', 'OPN5', 'PARP1', 'POLA1', 'POLD3', 'POLK', 'PPID', 'PRKCD', 'PTPRK', 'RBX1', 'RHBDD1', 'RHNO1', 'RPL26', 'RUVBL2', 'SDE2', 'SIRT1', 'SMPD1', 'ST20', 'STK11', 'TAF1', 'TIMP1', 'TMEM161A', 'TP53', 'TRIAP1', 'USP28', 'XPA', 'XPC', 'YY1', 'ZBTB1']",BP
65,TIS,response to wounding,GO:0009611,"['ABHD17A', 'ACTB', 'ACTG1', 'ACTN1', 'ACVRL1', 'ADAM17', 'ADAMTS13', 'ADAMTS18', 'ADGRG1', 'ADIPOR2', 'ADORA2A', 'ADORA3', 'ADRA2A', 'ADTRP', 'AGER', 'AHNAK', 'AJAP1', 'AK3', 'ALOX12', 'ALOX15', 'ALOX5', 'ANKRD22', 'ANO5', 'ANO6', 'ANXA1', 'ANXA2', 'APCS', 'APOD', 'APOE', 'APOH', 'ARFGEF1', 'ARHGAP24', 'ARHGAP35', 'ARHGEF19', 'ARL8B', 'AURKA', 'AXL', 'BLOC1S3', 'C1QTNF1', 'C4BPB', 'C6orf89', 'CADM4', 'CARMIL2', 'CASK', 'CAV1', 'CCN2', 'CCR1', 'CCR2', 'CD109', 'CD151', 'CD34', 'CD36', 'CD40', 'CD40LG', 'CD44', 'CD59', 'CD9', 'CEACAM1', 'CELA2A', 'CELA2B', 'CERS2', 'CHMP1A', 'CHMP1B', 'CHMP2A', 'CHMP2B', 'CHMP3', 'CHMP4A', 'CHMP4B', 'CHMP4C', 'CHMP5', 'CHMP6', 'CHMP7', 'CLASP1', 'CLASP2', 'CLDN1', 'CLDN3', 'CLDN4', 'CLEC7A', 'CLIC1', 'CNTF', 'COL3A1', 'COL5A1', 'CORO1B', 'CPB2', 'CRK', 'CSPG5', 'CSRP1', 'CTSG', 'CX3CR1', 'CYP4F11', 'CYP4F2', 'DCBLD2', 'DDR1', 'DGKA', 'DGKB', 'DGKD', 'DGKE', 'DGKG', 'DGKH', 'DGKI', 'DGKK', 'DGKQ', 'DGKZ', 'DHFR', 'DMTN', 'DPYSL3', 'DSC2', 'DSP', 'DST', 'DUOX1', 'DUOX2', 'ECRG4', 'EDN1', 'EMILIN1', 'EMILIN2', 'ENPP4', 'ENTPD1', 'EPB41L4B', 'EPHA4', 'EPHB2', 'EPPK1', 'ERBB2', 'ERBB3', 'EREG', 'EVPL', 'EXTL3', 'F10', 'F11', 'F11R', 'F12', 'F13A1', 'F13B', 'F2', 'F2R', 'F2RL1', 'F2RL2', 'F2RL3', 'F3', 'F5', 'F7', 'F8', 'F9', 'FAP', 'FBLN1', 'FER1L5', 'FERMT1', 'FERMT2', 'FERMT3', 'FGA', 'FGB', 'FGF1', 'FGF10', 'FGF2', 'FGF7', 'FGFR1OP2', 'FGG', 'FIBP', 'FIGNL2', 'FLNA', 'FLRT3', 'FN1', 'FOLR1', 'FOXA2', 'FOXC2', 'FUNDC2', 'FZD7', 'GAP43', 'GATA1', 'GATA2', 'GATA4', 'GGCX', 'GIT1', 'GNA12', 'GNAQ', 'GNAS', 'GP1BA', 'GP1BB', 'GP5', 'GP6', 'GP9', 'GRN', 'HBB', 'HBEGF', 'HGFAC', 'HIF1A', 'HMOX1', 'HNF4A', 'HOXB13', 'HPSE', 'HRAS', 'HRG', 'HSPB1', 'HTN1', 'HTN3', 'IGF1', 'IL10', 'IL17A', 'IL33', 'IL6', 'IL6ST', 'ILK', 'INHBA', 'INHBB', 'INPP5F', 'INS', 'INSL3', 'ITGA2', 'ITGA5', 'ITGAV', 'ITGB1', 'ITGB3', 'ITGB4', 'ITGB5', 'ITPK1', 'ITPR3', 'JAK2', 'JAML', 'JMJD1C', 'KANK1', 'KDR', 'KIAA0319', 'KLK6', 'KLK8', 'KLKB1', 'KNG1', 'KRT1', 'KRT15', 'KRT6A', 'LACRT', 'LCK', 'LCP1', 'LMAN1', 'LRG1', 'LYN', 'LYVE1', 'MACF1', 'MAPK14', 'MAPK8IP3', 'MAPK9', 'MCAM', 'MDK', 'METAP1', 'MFSD2B', 'MIA3', 'MMP12', 'MMRN1', 'MORN4', 'MPIG6B', 'MRTFA', 'MTOR', 'MTR', 'MYH9', 'MYL12A', 'MYL9', 'MYLK', 'MYOF', 'MYOZ1', 'NACA', 'NDNF', 'NF1', 'NOG', 'NOS3', 'NREP', 'NRG1', 'NRP1', 'OCLN', 'ODAM', 'OPN5', 'P2RX4', 'P2RY12', 'PABPC4', 'PAFAH2', 'PAK1', 'PAX6', 'PDCD10', 'PDGFA', 'PDGFB', 'PDGFRA', 'PDPN', 'PEAR1', 'PF4', 'PHLDB2', 'PIK3CA', 'PIK3CB', 'PIK3CG', 'PLA2G4A', 'PLAT', 'PLAU', 'PLAUR', 'PLCG2', 'PLEC', 'PLEK', 'PLET1', 'PLG', 'PLSCR1', 'POFUT3', 'POU5F1', 'PPIA', 'PPL', 'PPP3CA', 'PRCP', 'PRKCA', 'PRKCD', 'PRKCE', 'PRKCQ', 'PRKG1', 'PROC', 'PROS1', 'PROZ', 'PRRG1', 'PRRG2', 'PRRG3', 'PRRG4', 'PRSS56', 'PTEN', 'PTK2', 'PTN', 'PTPN6', 'PTPRS', 'Q8NFD8', 'RAB3A', 'RAC1', 'RAF1', 'RAP2B', 'RASA3', 'REG3A', 'REG3G', 'RHOA', 'RHOC', 'RIPOR1', 'RREB1', 'RTN4R', 'RTN4RL1', 'RTN4RL2', 'S100A10', 'SAA1', 'SARM1', 'SCARB1', 'SCARF1', 'SCUBE1', 'SELP', 'SERPINB2', 'SERPINE1', 'SERPINE2', 'SERPINF2', 'SFTA3', 'SH2B3', 'SIGLEC10', 'SLC11A1', 'SLC12A2', 'SLC6A4', 'SMAD3', 'SMOC2', 'SMPD1', 'SOD1', 'SOX2', 'SPRR3', 'SRC', 'SRF', 'SRSF6', 'ST3GAL4', 'STAT3', 'STK24', 'STXBP1', 'STXBP3', 'SVEP1', 'SYK', 'SYT11', 'SYT7', 'SYTL4', 'TEC', 'TFPI', 'TGFB1', 'TGFB2', 'TGFBR1', 'THBD', 'THBS1', 'TINCR', 'TLN1', 'TLR3', 'TLR4', 'TMEFF2', 'TMEM97', 'TMIGD3', 'TMX1', 'TNC', 'TNF', 'TNFAIP3', 'TNFRSF12A', 'TOR1A', 'TPM1', 'TREM2', 'TREML1', 'TRIM72', 'TSKU', 'TYRO3', 'TYROBP', 'UBASH3B', 'USF1', 'VASH1', 'VAV1', 'VAV2', 'VAV3', 'VCL', 'VEGFA', 'VIL1', 'VKORC1', 'VPS4A', 'VPS4B', 'VTN', 'VWF', 'WAS', 'WNT1', 'WNT5A', 'WNT7A', 'XBP1', 'ZFP36', 'ZFP36L1', 'ZFP36L2']",BP
66,MS,response to antibiotic,GO:0046677,"['CIITA', 'CRIP1', 'CYB5R4', 'EL52', 'HSP90AA1', 'HYAL1', 'HYAL2', 'HYAL3', 'JAK1', 'JAK2', 'KAT7', 'MDM2', 'MEF2C', 'SKIL', 'TP53', 'ZC3H8']",BP
67,MS,phospholipid metabolic process,GO:0006644,"['ABCA2', 'ABCA3', 'ABCA8', 'ABHD12', 'ABHD12B', 'ABHD16A', 'ABHD16B', 'ABHD3', 'ABHD4', 'ABHD5', 'ABHD6', 'ABHD8', 'ACAT2', 'ACP6', 'ACSL3', 'AGPAT1', 'AGPAT2', 'AGPAT3', 'AGPAT4', 'AGPAT5', 'ALOX15', 'ALOX15B', 'ANGPTL3', 'APOA1', 'APOA2', 'APOA4', 'APOC1', 'APOC2', 'ARV1', 'ASAH1', 'ASM', 'ATG14', 'ATM', 'BECN1', 'CCKBR', 'CDS1', 'CDS2', 'CEPT1', 'CERS1', 'CERS4', 'CERS5', 'CERT1', 'CETP', 'CHAT', 'CHKA', 'CHKB', 'CHP1', 'CHPT1', 'CLN3', 'CLN8', 'CPNE1', 'CPNE3', 'CPNE6', 'CPNE7', 'CRLS1', 'CWH43', 'CYP2W1', 'DBI', 'DEGS1', 'DGKA', 'DGKB', 'DGKD', 'DGKE', 'DGKG', 'DGKH', 'DGKI', 'DGKK', 'DGKQ', 'DGKZ', 'DHDDS', 'DHRSX', 'DNAJC19', 'DOLK', 'DOLPP1', 'DPM1', 'DPM2', 'DPM3', 'EFR3A', 'EFR3B', 'ENPP2', 'ENPP6', 'ENPP7', 'ETNK1', 'ETNK2', 'FABP3', 'FADS1', 'FAR1', 'FDFT1', 'FIG4', 'FITM1', 'FITM2', 'FLVCR1', 'GDE1', 'GDPD1', 'GDPD3', 'GNB3', 'GNPAT', 'GPAM', 'GPAT2', 'GPAT3', 'GPAT4', 'GPCPD1', 'GPX4', 'HADHA', 'HMGCS1', 'HMGCS2', 'HYCC1', 'HYCC2', 'IDI2', 'INPP4A', 'INPP4B', 'INPP5E', 'IP6K1', 'IP6K2', 'IP6K3', 'ITPKA', 'ITPKB', 'ITPKC', 'KDSR', 'LCAT', 'LCLAT1', 'LDLR', 'LGALS13', 'LIPC', 'LIPG', 'LIPH', 'LIPI', 'LPCAT1', 'LPCAT2', 'LPCAT3', 'LPCAT4', 'LPGAT1', 'LPIN1', 'LPL', 'MBOAT1', 'MBOAT2', 'MBOAT7', 'MFSD2A', 'MPPE1', 'MTMR3', 'MVK', 'NAAA', 'NAPEPLD', 'NR1H2', 'NR1H3', 'NR1H4', 'NUS1', 'OC90', 'OCRL', 'OSBP', 'OSBPL10', 'OSBPL5', 'OSBPL8', 'PAFAH1B1', 'PAFAH1B2', 'PAFAH1B3', 'PCTP', 'PCYT1A', 'PCYT1B', 'PCYT2', 'PEMT', 'PGAP1', 'PGAP2', 'PGAP3', 'PGAP4', 'PGP', 'PGS1', 'PHB2', 'PI4K2A', 'PI4K2B', 'PI4KA', 'PI4KB', 'PIGA', 'PIGB', 'PIGC', 'PIGF', 'PIGG', 'PIGH', 'PIGL', 'PIGM', 'PIGN', 'PIGO', 'PIGP', 'PIGQ', 'PIGU', 'PIGV', 'PIGW', 'PIGY', 'PIGZ', 'PIK3C2A', 'PIK3C2B', 'PIK3C2G', 'PIK3C3', 'PIK3CA', 'PIK3CB', 'PIK3CD', 'PIK3CG', 'PIK3R1', 'PIK3R2', 'PIK3R3', 'PIK3R4', 'PIK3R5', 'PIK3R6', 'PIKFYVE', 'PIP4K2A', 'PIP4K2B', 'PIP4K2C', 'PIP4P1', 'PIP5K1A', 'PIP5K1B', 'PIP5K1C', 'PIP5KL1', 'PIPSL', 'PISD', 'PITPNC1', 'PITPNM1', 'PITPNM2', 'PLA1A', 'PLA2G10', 'PLA2G15', 'PLA2G1B', 'PLA2G2A', 'PLA2G2C', 'PLA2G2D', 'PLA2G2E', 'PLA2G2F', 'PLA2G3', 'PLA2G4A', 'PLA2G4B', 'PLA2G4C', 'PLA2G4D', 'PLA2G4E', 'PLA2G4F', 'PLA2G5', 'PLA2G6', 'PLA2G7', 'PLAA', 'PLAAT1', 'PLAAT2', 'PLAAT3', 'PLAAT4', 'PLAAT5', 'PLB1', 'PLCB2', 'PLCD1', 'PLCH2', 'PLD1', 'PLD2', 'PLD6', 'PLPP1', 'PLPP2', 'PLPP3', 'PLPP4', 'PLPP5', 'PLPP6', 'PLPPR1', 'PLPPR2', 'PLPPR3', 'PLPPR4', 'PLPPR5', 'PLSCR1', 'PMVK', 'PNLIPRP2', 'PNPLA3', 'PNPLA6', 'PNPLA8', 'PON1', 'PRDX6', 'PRKCD', 'PTDSS1', 'PTDSS2', 'PTPMT1', 'SAMD8', 'SCARB1', 'SELENOI', 'SERAC1', 'SERINC1', 'SERINC2', 'SERINC5', 'SGMS1', 'SGMS2', 'SLC30A5', 'SLC44A1', 'SLC44A2', 'SLC44A3', 'SLC44A4', 'SLC44A5', 'SMG1', 'SMPD1', 'SMPD2', 'SMPD3', 'SMPD4', 'SMPDL3A', 'SPATA18', 'SPHK2', 'SPTLC1', 'SPTLC2', 'SPTSSA', 'SRD5A3', 'STARD10', 'STARD7', 'SYNJ1', 'SYNJ2', 'TAFAZZIN', 'TAMM41', 'TMEM150A', 'TMEM86B', 'TNFAIP8L3', 'TTC7A', 'TTC7B', 'UVRAG', 'VAC14', 'VAPA', 'VAPB']",BP
68,MS,fatty acid metabolic process,GO:0006631,"['AASDH', 'ABCB11', 'ABCD1', 'ABCD2', 'ABCD3', 'ABCD4', 'ABHD1', 'ABHD12', 'ABHD2', 'ABHD3', 'ABHD6', 'ACAA1', 'ACAA2', 'ACACA', 'ACAD10', 'ACAD11', 'ACAD9', 'ACADL', 'ACADM', 'ACADS', 'ACADSB', 'ACADVL', 'ACBD4', 'ACBD5', 'ACBD7', 'ACLY', 'ACOT1', 'ACOT11', 'ACOT2', 'ACOT4', 'ACOT6', 'ACOT7', 'ACOT7L', 'ACOT8', 'ACOT9', 'ACOX1', 'ACOX2', 'ACOX3', 'ACOXL', 'ACSBG1', 'ACSBG2', 'ACSF2', 'ACSF3', 'ACSL1', 'ACSL3', 'ACSL4', 'ACSL5', 'ACSL6', 'ACSM1', 'ACSM2A', 'ACSM2B', 'ACSM3', 'ACSM4', 'ACSM5', 'ACSM6', 'ADH4', 'ADH5', 'ADH7', 'ADIPOQ', 'ADIPOR1', 'ADIPOR2', 'ADTRP', 'AIG1', 'AKR1B1', 'AKR1C1', 'AKR1C2', 'AKR1C3', 'AKR1C4', 'AKT1', 'AKT2', 'ALKBH7', 'ALOX12', 'ALOX12B', 'ALOX15', 'ALOX15B', 'ALOX5', 'ALOXE3', 'AMACR', 'ANGPTL3', 'ANGPTL4', 'AOAH', 'APOA4', 'APOA5', 'APOC1', 'APOC2', 'APOC3', 'APPL2', 'ASAH2', 'AUH', 'AWAT1', 'BAAT', 'BCKDK', 'BDH2', 'BRCA1', 'CAV1', 'CBR1', 'CBR4', 'CD36', 'CD74', 'CEACAM1', 'CES1', 'CES1P1', 'CES2', 'COP1', 'CPT1A', 'CPT1B', 'CPT1C', 'CPT2', 'CRAT', 'CROT', 'CTHRC1', 'CYP1A1', 'CYP1A2', 'CYP1B1', 'CYP2A13', 'CYP2A6', 'CYP2A7', 'CYP2B6', 'CYP2C18', 'CYP2C19', 'CYP2C8', 'CYP2C9', 'CYP2D6', 'CYP2D7', 'CYP2E1', 'CYP2F1', 'CYP2J2', 'CYP2S1', 'CYP2U1', 'CYP3A4', 'CYP4A11', 'CYP4A22', 'CYP4B1', 'CYP4F11', 'CYP4F12', 'CYP4F2', 'CYP4F3', 'CYP4F8', 'CYP4V2', 'CYP4Z1', 'DAGLA', 'DAGLB', 'DBI', 'DECR1', 'DECR2', 'DEGS1', 'ECHDC1', 'ECHDC2', 'ECHDC3', 'ECHS1', 'ECI1', 'ECI2', 'EDN1', 'EDN2', 'EHHADH', 'EIF6', 'ELOVL1', 'ELOVL2', 'ELOVL3', 'ELOVL4', 'ELOVL5', 'ELOVL6', 'ELOVL7', 'EPHX1', 'ERLIN1', 'ERLIN2', 'ETFA', 'ETFB', 'ETFBKMT', 'ETFDH', 'FAAH', 'FAAH2', 'FABP3', 'FADS1', 'FADS2', 'FADS3', 'FASN', 'GCDH', 'GGT1', 'GGT5', 'GLYATL2', 'GPIHBP1', 'GPX1', 'GPX4', 'GSTA1', 'GSTM1', 'GSTM2', 'GSTM4', 'GSTP1', 'HACD1', 'HACD2', 'HACD3', 'HACD4', 'HACL1', 'HACL2', 'HADH', 'HADHA', 'HADHB', 'HAO1', 'HAO2', 'HPGD', 'HPGDS', 'HSD17B10', 'HSD17B12', 'HSD17B4', 'HSD17B8', 'IL1B', 'INS', 'IRS1', 'IRS2', 'IVD', 'KAT2B', 'KIF12', 'KLHL25', 'LIAS', 'LIPC', 'LIPG', 'LONP2', 'LPGAT1', 'LPIN1', 'LPIN2', 'LPIN3', 'LPL', 'LTC4S', 'MCAT', 'MCEE', 'MECR', 'MFSD2A', 'MGLL', 'MGST3', 'MID1IP1', 'MIF', 'MLXIPL', 'MLYCD', 'MSMO1', 'MTLN', 'NAAA', 'NCOR1', 'NDUFAB1', 'NME1', 'NR1H2', 'NR1H3', 'NUDT19', 'NUDT7', 'NUDT8', 'OLAH', 'OXSM', 'PANK2', 'PCCA', 'PCCB', 'PDK1', 'PDK2', 'PDK3', 'PDK4', 'PDP1', 'PDPR', 'PER2', 'PEX13', 'PEX2', 'PGK1', 'PHYH', 'PIBF1', 'PLA2G10', 'PLA2G15', 'PLA2G1B', 'PLA2G3', 'PLA2G4A', 'PLA2G4B', 'PLA2G4C', 'PLAA', 'PLIN5', 'PNLIP', 'PNLIPRP1', 'PNLIPRP2', 'PNLIPRP3', 'PNPLA3', 'PNPLA8', 'PPARA', 'PPARD', 'PPARG', 'PPARGC1A', 'PRKAG2', 'PRXL2B', 'PTGDS', 'PTGES', 'PTGES2', 'PTGES3', 'PTGIS', 'PTGR1', 'PTGR2', 'PTGS1', 'PTGS2', 'SCD', 'SCD5', 'SCP2', 'SGPL1', 'SIRT1', 'SIRT2', 'SIRT4', 'SLC22A13', 'SLC25A17', 'SLC27A1', 'SLC27A2', 'SLC27A3', 'SLC27A4', 'SLC27A5', 'SLC27A6', 'SLC45A3', 'SOX9', 'TBXAS1', 'TECR', 'TECRL', 'THEM4', 'TPK1', 'TRIB3', 'TWIST1', 'TYSND1', 'UBR4', 'UGT1A6', 'UGT1A8', 'XBP1', 'miR-122 from Homo sapiens (PDB 7KI3, chain B)']",BP
69,MS,lipid metabolic process,GO:0006629,"['A3GALT2', 'A4GALT', 'AACS', 'AADAC', 'AASDH', 'ABCA1', 'ABCA12', 'ABCA2', 'ABCA3', 'ABCA4', 'ABCA5', 'ABCA7', 'ABCA8', 'ABCB11', 'ABCB4', 'ABCC1', 'ABCD1', 'ABCD2', 'ABCD3', 'ABCD4', 'ABCG1', 'ABCG2', 'ABHD1', 'ABHD11', 'ABHD12', 'ABHD12B', 'ABHD15', 'ABHD16A', 'ABHD16B', 'ABHD2', 'ABHD3', 'ABHD4', 'ABHD5', 'ABHD6', 'ABHD8', 'ACAA1', 'ACAA2', 'ACACA', 'ACAD10', 'ACAD11', 'ACAD8', 'ACAD9', 'ACADL', 'ACADM', 'ACADS', 'ACADSB', 'ACADVL', 'ACAT1', 'ACAT2', 'ACBD4', 'ACBD5', 'ACBD7', 'ACER1', 'ACER2', 'ACER3', 'ACLY', 'ACOT1', 'ACOT11', 'ACOT2', 'ACOT4', 'ACOT6', 'ACOT7', 'ACOT7L', 'ACOT8', 'ACOT9', 'ACOX1', 'ACOX2', 'ACOX3', 'ACOXL', 'ACP6', 'ACSBG1', 'ACSBG2', 'ACSF2', 'ACSF3', 'ACSL1', 'ACSL3', 'ACSL4', 'ACSL5', 'ACSL6', 'ACSM1', 'ACSM2A', 'ACSM2B', 'ACSM3', 'ACSM4', 'ACSM5', 'ACSM6', 'ACSS2', 'ACSS3', 'ADH1A', 'ADH1B', 'ADH1C', 'ADH4', 'ADH5', 'ADH6', 'ADH7', 'ADHFE1', 'ADIPOQ', 'ADIPOR1', 'ADIPOR2', 'ADM', 'ADRA2A', 'ADRB3', 'ADTRP', 'AGK', 'AGMO', 'AGPAT1', 'AGPAT2', 'AGPAT3', 'AGPAT4', 'AGPAT5', 'AGPS', 'AGT', 'AGTR1', 'AIG1', 'AKR1B1', 'AKR1B10', 'AKR1B15', 'AKR1C1', 'AKR1C2', 'AKR1C3', 'AKR1C4', 'AKR1D1', 'AKT1', 'AKT2', 'ALDH1A1', 'ALDH1A2', 'ALDH1A3', 'ALDH3A2', 'ALDH3B1', 'ALDH3B2', 'ALDH8A1', 'ALK', 'ALKBH7', 'ALOX12', 'ALOX12B', 'ALOX15', 'ALOX15B', 'ALOX5', 'ALOXE3', 'AMACR', 'ANGPTL3', 'ANGPTL4', 'ANGPTL8', 'AOAH', 'APOA1', 'APOA2', 'APOA4', 'APOA5', 'APOB', 'APOBEC1', 'APOBR', 'APOC1', 'APOC2', 'APOC3', 'APOC4', 'APOD', 'APOE', 'APOF', 'APOH', 'APOL2', 'APOL4', 'APOL5', 'APOM', 'APPL2', 'AQP8', 'ARSA', 'ARV1', 'ASAH1', 'ASAH2', 'ASM', 'ASXL3', 'ATG14', 'ATM', 'ATP5F1A', 'AUH', 'AVIL', 'AWAT1', 'AWAT2', 'B2RAG9', 'B3GALNT1', 'B3GALT1', 'B3GALT2', 'B3GALT4', 'B3GNT5', 'B4GALNT1', 'B4GALT1', 'B4GALT3', 'B4GALT4', 'B4GALT5', 'B4GALT6', 'BAAT', 'BBS4', 'BCKDHA', 'BCKDHB', 'BCKDK', 'BCO1', 'BCO2', 'BDH2', 'BECN1', 'BGLAP', 'BMP2', 'BMP5', 'BMP6', 'BRCA1', 'BSCL2', 'BTN2A1', 'C19orf12', 'C1QTNF2', 'C1QTNF5', 'C3', 'CACNA1H', 'CAV1', 'CAV3', 'CBR1', 'CBR4', 'CCDC3', 'CCKBR', 'CD36', 'CD74', 'CDS1', 'CDS2', 'CEACAM1', 'CEL', 'CEPT1', 'CERK', 'CERS1', 'CERS2', 'CERS3', 'CERS4', 'CERS5', 'CERS6', 'CERT1', 'CES1', 'CES1P1', 'CES2', 'CETP', 'CGA', 'CH25H', 'CHAT', 'CHKA', 'CHKB', 'CHLSN', 'CHP1', 'CHPT1', 'CHST10', 'CIDEA', 'CIDEB', 'CIDEC', 'CLCN2', 'CLN3', 'CLN6', 'CLN8', 'CLPS', 'CLU', 'CNEP1R1', 'COP1', 'CPNE1', 'CPNE3', 'CPNE6', 'CPNE7', 'CPS1', 'CPT1A', 'CPT1B', 'CPT1C', 'CPT2', 'CRAT', 'CREB1', 'CREBL2', 'CRLS1', 'CROT', 'CSNK1G2', 'CTDNEP1', 'CTHRC1', 'CUBN', 'CWH43', 'CYP11A1', 'CYP11B1', 'CYP11B2', 'CYP17A1', 'CYP19A1', 'CYP1A1', 'CYP1A2', 'CYP1B1', 'CYP21A2', 'CYP24A1', 'CYP26A1', 'CYP26B1', 'CYP26C1', 'CYP27A1', 'CYP27B1', 'CYP27C1', 'CYP2A13', 'CYP2A6', 'CYP2A7', 'CYP2B6', 'CYP2C18', 'CYP2C19', 'CYP2C8', 'CYP2C9', 'CYP2D6', 'CYP2D7', 'CYP2E1', 'CYP2F1', 'CYP2J2', 'CYP2R1', 'CYP2S1', 'CYP2U1', 'CYP2W1', 'CYP39A1', 'CYP3A4', 'CYP3A43', 'CYP3A5', 'CYP3A7', 'CYP46A1', 'CYP4A11', 'CYP4A22', 'CYP4B1', 'CYP4F11', 'CYP4F12', 'CYP4F2', 'CYP4F22', 'CYP4F3', 'CYP4F8', 'CYP4V2', 'CYP4Z1', 'CYP51A1', 'CYP7A1', 'CYP7B1', 'CYP8B1', 'DAGLA', 'DAGLB', 'DBI', 'DBT', 'DECR1', 'DECR2', 'DEGS1', 'DEGS2', 'DGAT1', 'DGAT2', 'DGAT2L6', 'DGKA', 'DGKB', 'DGKD', 'DGKE', 'DGKG', 'DGKH', 'DGKI', 'DGKK', 'DGKQ', 'DGKZ', 'DHCR24', 'DHCR7', 'DHDDS', 'DHRS11', 'DHRS2', 'DHRS3', 'DHRS4', 'DHRS4L1', 'DHRS4L2', 'DHRS7', 'DHRS7B', 'DHRS9', 'DHRSX', 'DISP3', 'DKK3', 'DKKL1', 'DLD', 'DNAJC19', 'DOLK', 'DOLPP1', 'DPEP1', 'DPEP2', 'DPM1', 'DPM2', 'DPM3', 'EBP', 'ECHDC1', 'ECHDC2', 'ECHDC3', 'ECHS1', 'ECI1', 'ECI2', 'EDF1', 'EDN1', 'EDN2', 'EEF1A2', 'EFR3A', 'EFR3B', 'EGR1', 'EHHADH', 'EIF6', 'ELOVL1', 'ELOVL2', 'ELOVL3', 'ELOVL4', 'ELOVL5', 'ELOVL6', 'ELOVL7', 'ENDOU', 'ENPP2', 'ENPP6', 'ENPP7', 'EPHX1', 'EPHX2', 'ERLIN1', 'ERLIN2', 'ETFA', 'ETFB', 'ETFBKMT', 'ETFDH', 'ETNK1', 'ETNK2', 'FA2H', 'FAAH', 'FAAH2', 'FABP1', 'FABP12', 'FABP2', 'FABP3', 'FABP4', 'FABP5', 'FABP6', 'FABP7', 'FABP9', 'FADS1', 'FADS2', 'FADS3', 'FAM120A', 'FAM120A2P', 'FAM135A', 'FAM135B', 'FANCD2OS', 'FAR1', 'FAR2', 'FASN', 'FBXW7', 'FDFT1', 'FDPS', 'FDX1', 'FDXR', 'FGF1', 'FGF19', 'FGF23', 'FGFR4', 'FIG4', 'FITM1', 'FITM2', 'FLVCR1', 'FMO5', 'FSHB', 'FUCA1', 'FUT1', 'FUT2', 'FUT3', 'FUT5', 'FUT6', 'FUT7', 'FUT9', 'G6PD', 'GAL3ST1', 'GALC', 'GBA1', 'GBA2', 'GBA3', 'GBGT1', 'GC', 'GCDH', 'GDE1', 'GDPD1', 'GDPD3', 'GFI1', 'GGPS1', 'GGT1', 'GGT2P', 'GGT3P', 'GGT5', 'GGT6', 'GGT7', 'GGTA1', 'GGTLC1', 'GGTLC2', 'GGTLC3', 'GK', 'GK2', 'GK3', 'GK5', 'GLA', 'GLB1', 'GLTP', 'GLYATL2', 'GM2A', 'GNAI1', 'GNB3', 'GNPAT', 'GPAM', 'GPAT2', 'GPAT3', 'GPAT4', 'GPCPD1', 'GPER1', 'GPIHBP1', 'GPLD1', 'GPR146', 'GPRC6A', 'GPS2', 'GPX1', 'GPX4', 'GPX5', 'GSTA1', 'GSTM1', 'GSTM2', 'GSTM4', 'GSTP1', 'H6PD', 'HACD1', 'HACD2', 'HACD3', 'HACD4', 'HACL1', 'HACL2', 'HADH', 'HADHA', 'HADHB', 'HAO1', 'HAO2', 'HCAR1', 'HCAR2', 'HCAR3', 'HDLBP', 'HELZ2', 'HEXA', 'HEXB', 'HMGCL', 'HMGCLL1', 'HMGCR', 'HMGCS1', 'HMGCS2', 'HNF4A', 'HPGD', 'HPGDS', 'HSD11B1', 'HSD11B2', 'HSD17B1', 'HSD17B10', 'HSD17B11', 'HSD17B12', 'HSD17B13', 'HSD17B2', 'HSD17B3', 'HSD17B4', 'HSD17B6', 'HSD17B7', 'HSD17B8', 'HSD3B1', 'HSD3B2', 'HSD3B7', 'HSPG2', 'HTD2', 'HYCC1', 'HYCC2', 'ID2', 'IDI1', 'IDI2', 'IFNG', 'IL1B', 'IL4', 'INPP4A', 'INPP4B', 'INPP5B', 'INPP5E', 'INPP5F', 'INPP5K', 'INS', 'INSIG1', 'INSIG2', 'IP6K1', 'IP6K2', 'IP6K3', 'IRS1', 'IRS2', 'ITPKA', 'ITPKB', 'ITPKC', 'IVD', 'JMJD1C', 'KAT2B', 'KAT5', 'KDSR', 'KIF12', 'KLHL25', 'KPNB1', 'LACTB', 'LARGE1', 'LBR', 'LCAT', 'LCLAT1', 'LCT', 'LDLR', 'LDLRAP1', 'LEP', 'LGALS13', 'LGMN', 'LHB', 'LIAS', 'LIPA', 'LIPC', 'LIPE', 'LIPF', 'LIPG', 'LIPH', 'LIPI', 'LIPJ', 'LIPK', 'LIPM', 'LIPN', 'LIPT1', 'LMF1', 'LONP2', 'LPA', 'LPCAT1', 'LPCAT2', 'LPCAT3', 'LPCAT4', 'LPGAT1', 'LPIN1', 'LPIN2', 'LPIN3', 'LPL', 'LRAT', 'LRP1', 'LRP2', 'LRP8', 'LSS', 'LTC4S', 'LYPLA2', 'M6PR', 'MACROH2A1', 'MAPK1', 'MARCHF6', 'MBOAT1', 'MBOAT2', 'MBOAT4', 'MBOAT7', 'MBTPS1', 'MBTPS2', 'MC2R', 'MCAT', 'MCEE', 'MECR', 'MED1', 'MFSD2A', 'MFSD2B', 'MGLL', 'MGST2', 'MGST3', 'MID1IP1', 'MIF', 'MLST8', 'MLXIPL', 'MLYCD', 'MOGAT1', 'MOGAT2', 'MOGAT3', 'MPPE1', 'MSMO1', 'MTLN', 'MTM1', 'MTMR1', 'MTMR2', 'MTMR3', 'MTMR4', 'MTMR6', 'MTMR7', 'MTMR8', 'MTMR9', 'MTOR', 'MTTP', 'MVD', 'MVK', 'NAAA', 'NAGA', 'NAPEPLD', 'NCEH1', 'NCOA2', 'NCOR1', 'NDUFAB1', 'NEU1', 'NEU2', 'NEU3', 'NEU4', 'NFKB1', 'NME1', 'NPC1', 'NPC1L1', 'NPC2', 'NR0B1', 'NR0B2', 'NR1D1', 'NR1D2', 'NR1H2', 'NR1H3', 'NR1H4', 'NR1I2', 'NR5A1', 'NR5A2', 'NSDHL', 'NSMAF', 'NUDT19', 'NUDT7', 'NUDT8', 'NUS1', 'O75612', 'OC90', 'OCRL', 'OLAH', 'OMA1', 'OPA3', 'ORMDL1', 'ORMDL2', 'ORMDL3', 'OSBP', 'OSBPL10', 'OSBPL1A', 'OSBPL2', 'OSBPL3', 'OSBPL5', 'OSBPL6', 'OSBPL7', 'OSBPL8', 'OSBPL9', 'OXCT1', 'OXSM', 'PAFAH1B1', 'PAFAH1B2', 'PAFAH1B3', 'PAFAH2', 'PAM', 'PANK2', 'PAQR3', 'PAQR4', 'PCCA', 'PCCB', 'PCK1', 'PCK2', 'PCTP', 'PCYT1A', 'PCYT1B', 'PCYT2', 'PDE3A', 'PDE3B', 'PDK1', 'PDK2', 'PDK3', 'PDK4', 'PDP1', 'PDPR', 'PDSS1', 'PDSS2', 'PECR', 'PEDS1', 'PEMT', 'PER2', 'PEX13', 'PEX2', 'PEX7', 'PGAP1', 'PGAP2', 'PGAP3', 'PGAP4', 'PGK1', 'PGP', 'PGS1', 'PHB2', 'PHYH', 'PI4K2A', 'PI4K2B', 'PI4KA', 'PI4KB', 'PIAS4', 'PIBF1', 'PIGA', 'PIGB', 'PIGC', 'PIGF', 'PIGG', 'PIGH', 'PIGL', 'PIGM', 'PIGN', 'PIGO', 'PIGP', 'PIGQ', 'PIGU', 'PIGV', 'PIGW', 'PIGY', 'PIGZ', 'PIK3C2A', 'PIK3C2B', 'PIK3C2G', 'PIK3C3', 'PIK3CA', 'PIK3CB', 'PIK3CD', 'PIK3CG', 'PIK3R1', 'PIK3R2', 'PIK3R3', 'PIK3R4', 'PIK3R5', 'PIK3R6', 'PIKFYVE', 'PIP4K2A', 'PIP4K2B', 'PIP4K2C', 'PIP4P1', 'PIP4P2', 'PIP5K1A', 'PIP5K1B', 'PIP5K1C', 'PIP5KL1', 'PIPSL', 'PISD', 'PITPNA', 'PITPNB', 'PITPNC1', 'PITPNM1', 'PITPNM2', 'PLA1A', 'PLA2G10', 'PLA2G15', 'PLA2G1B', 'PLA2G2A', 'PLA2G2C', 'PLA2G2D', 'PLA2G2E', 'PLA2G2F', 'PLA2G3', 'PLA2G4A', 'PLA2G4B', 'PLA2G4C', 'PLA2G4D', 'PLA2G4E', 'PLA2G4F', 'PLA2G5', 'PLA2G6', 'PLA2G7', 'PLAA', 'PLAAT1', 'PLAAT2', 'PLAAT3', 'PLAAT4', 'PLAAT5', 'PLB1', 'PLCB2', 'PLCD1', 'PLCE1', 'PLCG2', 'PLCH2', 'PLD1', 'PLD2', 'PLD6', 'PLEKHA8', 'PLIN1', 'PLIN5', 'PLPP1', 'PLPP2', 'PLPP3', 'PLPP4', 'PLPP5', 'PLPP6', 'PLPPR1', 'PLPPR2', 'PLPPR3', 'PLPPR4', 'PLPPR5', 'PLSCR1', 'PLTP', 'PM20D1', 'PMVK', 'PNLIP', 'PNLIPRP1', 'PNLIPRP2', 'PNLIPRP3', 'PNPLA1', 'PNPLA2', 'PNPLA3', 'PNPLA4', 'PNPLA5', 'PNPLA6', 'PNPLA8', 'PON1', 'PORCN', 'PPARA', 'PPARD', 'PPARG', 'PPARGC1A', 'PPM1L', 'PPT1', 'PPT2', 'PRDX6', 'PRKAA1', 'PRKAA2', 'PRKACA', 'PRKAG2', 'PRKCD', 'PRKD1', 'PRKD2', 'PRKD3', 'PRLR', 'PRMT3', 'PROX1', 'PRXL2B', 'PSAP', 'PSAPL1', 'PTDSS1', 'PTDSS2', 'PTEN', 'PTGDS', 'PTGES', 'PTGES2', 'PTGES3', 'PTGIS', 'PTGR1', 'PTGR2', 'PTGS1', 'PTGS2', 'PTPMT1', 'Q9Y2P9', 'RARRES2', 'RBP1', 'RBP2', 'RBP3', 'RBP4', 'RDH10', 'RDH11', 'RDH12', 'RDH13', 'RDH14', 'RDH16', 'RDH5', 'RDH8', 'REST', 'RETSAT', 'RGR', 'RICTOR', 'RLBP1', 'RNF213', 'RORA', 'RORC', 'RPE65', 'RPTOR', 'RUBCNL', 'RXRA', 'SACM1L', 'SAMD1', 'SAMD8', 'SC5D', 'SCAP', 'SCARB1', 'SCARB2', 'SCARF1', 'SCCPDH', 'SCD', 'SCD5', 'SCP2', 'SCPEP1', 'SCT', 'SDR16C5', 'SDR9C7', 'SEC14L2', 'SEL1L', 'SELENOI', 'SERAC1', 'SERINC1', 'SERINC2', 'SERINC5', 'SERPINA3', 'SERPINA6', 'SGMS1', 'SGMS2', 'SGPL1', 'SGPP1', 'SGPP2', 'SHH', 'SIK1', 'SIRT1', 'SIRT2', 'SIRT3', 'SIRT4', 'SIRT6', 'SLC16A11', 'SLC22A13', 'SLC22A24', 'SLC25A17', 'SLC27A1', 'SLC27A2', 'SLC27A3', 'SLC27A4', 'SLC27A5', 'SLC27A6', 'SLC30A5', 'SLC44A1', 'SLC44A2', 'SLC44A3', 'SLC44A4', 'SLC44A5', 'SLC45A3', 'SMG1', 'SMPD1', 'SMPD2', 'SMPD3', 'SMPD4', 'SMPDL3A', 'SMPDL3B', 'SNAI1', 'SNAI2', 'SNX17', 'SOAT1', 'SOAT2', 'SORBS1', 'SORL1', 'SOX9', 'SPATA18', 'SPHK1', 'SPHK2', 'SPNS2', 'SPP1', 'SPTLC1', 'SPTLC2', 'SPTLC3', 'SPTSSA', 'SPTSSB', 'SQLE', 'SRD5A1', 'SRD5A2', 'SRD5A3', 'SREBF1', 'SREBF2', 'SRSF1', 'ST3GAL1', 'ST3GAL2', 'ST3GAL3', 'ST3GAL4', 'ST3GAL5', 'ST3GAL6', 'ST6GALNAC3', 'ST6GALNAC4', 'ST6GALNAC5', 'ST6GALNAC6', 'ST8SIA1', 'ST8SIA2', 'ST8SIA3', 'ST8SIA4', 'ST8SIA5', 'ST8SIA6', 'STAR', 'STARD10', 'STARD3', 'STARD4', 'STARD7', 'STS', 'STUB1', 'SULT1A1', 'SULT1E1', 'SULT2A1', 'SULT2B1', 'SUMF1', 'SUMF2', 'SYNJ1', 'SYNJ2', 'TAFAZZIN', 'TAMM41', 'TBXAS1', 'TECR', 'TECRL', 'TEX2', 'THEM4', 'THEM5', 'THRSP', 'TLCD3B', 'TM6SF2', 'TM7SF2', 'TM9SF2', 'TMEM150A', 'TMEM43', 'TMEM68', 'TMEM86B', 'TMX1', 'TNF', 'TNFAIP8L3', 'TPK1', 'TPP1', 'TPRA1', 'TREM2', 'TRIB3', 'TSKU', 'TSPO', 'TTC39B', 'TTC7A', 'TTC7B', 'TTPA', 'TTR', 'TWIST1', 'TYSND1', 'UBR4', 'UCP3', 'UGCG', 'UGT1A1', 'UGT1A10', 'UGT1A3', 'UGT1A4', 'UGT1A5', 'UGT1A6', 'UGT1A7', 'UGT1A8', 'UGT1A9', 'UGT2A1', 'UGT2A2', 'UGT2A3', 'UGT2B10', 'UGT2B11', 'UGT2B15', 'UGT2B17', 'UGT2B28', 'UGT2B4', 'UGT2B7', 'UGT8', 'UVRAG', 'VAC14', 'VAPA', 'VAPB', 'VDR', 'WNT4', 'XBP1', 'YWHAH', 'ZBTB20', 'ZFP69', 'ZFP92', 'ZNF202', 'ZNF670', 'miR-122 from Homo sapiens (PDB 7KI3, chain B)']",BP
70,MS,cellular response to nutrient levels,GO:0031669,"['AKR1C3', 'ALB', 'ASNS', 'ATF2', 'ATF4', 'ATG14', 'ATG5', 'ATG7', 'ATXN3', 'AXIN1', 'BECN1', 'BECN2', 'BHLHA15', 'BMPR2', 'CARTPT', 'CASTOR1', 'CD68', 'CDKN1A', 'CDKN2B', 'CDON', 'CLEC16A', 'CPEB4', 'CREBBP', 'CSNK1A1', 'CYP24A1', 'CYP27B1', 'DEPDC5', 'EHMT2', 'EIF2AK2', 'EIF2AK3', 'EIF2AK4', 'EIF2S1', 'EIF4G1', 'ELAPOR1', 'EP300', 'FADS1', 'FAM107A', 'FAS', 'FES', 'FLCN', 'FNIP1', 'FOLR1', 'FOLR2', 'FOLR3', 'FOXO1', 'FOXO3', 'GABARAP', 'GABARAPL1', 'GABARAPL2', 'GABARAPL3', 'GAS2L1', 'GAS6', 'GCGR', 'GCN1', 'GPR155', 'HNRNPA1', 'HSPA5', 'HSPA8', 'IFI16', 'IMPACT', 'INHBB', 'ITFG2', 'JMY', 'KANK2', 'KAT5', 'KCNB1', 'KICS2', 'KLF10', 'KPTN', 'LAMP2', 'LAMTOR1', 'LAMTOR2', 'LAMTOR3', 'LAMTOR4', 'LAMTOR5', 'LARS1', 'LPL', 'LRRK2', 'MAP1LC3A', 'MAP1LC3B', 'MAP1LC3B2', 'MAP1LC3C', 'MAP3K5', 'MAPK1', 'MAPK3', 'MAPK8', 'MAPKAP1', 'MAT2A', 'MCU', 'MFSD2A', 'MICU1', 'MIOS', 'MLST8', 'MN1', 'MTMR3', 'MTOR', 'MYBBP1A', 'NCOA1', 'NCOA3', 'NPRL2', 'NPRL3', 'NUAK2', 'NUPR2', 'OTUD3', 'PAK1', 'PAK2', 'PAK3', 'PAK4', 'PAK5', 'PAK6', 'PCSK9', 'PDK2', 'PDK4', 'PICK1', 'PIK3C3', 'PIK3R4', 'PIM1', 'PLD1', 'PLIN2', 'PLIN3', 'PMAIP1', 'POSTN', 'PPARA', 'PPARD', 'PRKAA1', 'PRKAA2', 'PRKAB1', 'PRKAB2', 'PRKAG1', 'PRKAG3', 'PRKCH', 'PRKD1', 'PRMT1', 'PRR5', 'PSENEN', 'RHEB', 'RICTOR', 'RIPOR1', 'RNF152', 'RNF167', 'RPS6KB1', 'RPTOR', 'RRAGA', 'RRAGB', 'RRAGC', 'RRAGD', 'RRP8', 'RXRA', 'SAMTOR', 'SAR1A', 'SAR1B', 'SEC13', 'SEC22B', 'SEH1L', 'SESN1', 'SESN2', 'SESN3', 'SFRP1', 'SH3GLB1', 'SIRT1', 'SMDT1', 'SNAI2', 'SNAP29', 'SNAP47', 'SNW1', 'SREBF1', 'SREBF2', 'STK11', 'STK24', 'STK26', 'STX17', 'STX4', 'SUV39H1', 'SZT2', 'TBC1D7', 'TBL2', 'TFEB', 'TP53', 'TRIM32', 'TSC1', 'TSC2', 'TTC5', 'TULP3', 'UCN2', 'UCN3', 'ULK1', 'USF1', 'VAMP7', 'VAMP8', 'VDR', 'VPS41', 'WDR24', 'WDR45', 'WDR45B', 'WDR59', 'WIPI1', 'WIPI2', 'WRN', 'XBP1', 'YME1L1', 'YWHAG', 'YWHAZ', 'ZC3H12A', 'ZFYVE1']",BP
71,MS,oxidative stress-induced premature senescence,GO:0090403,"['BMAL1', 'PLA2R1', 'TP53', 'WNT16']",BP
72,MS,response to stress,GO:0006950,"['A2M', 'A8MVJ9', 'AARS2', 'ABCA1', 'ABCA7', 'ABCB10', 'ABCB6', 'ABCC1', 'ABCC9', 'ABCD1', 'ABCD2', 'ABCF1', 'ABHD17A', 'ABHD8', 'ABI3', 'ABL1', 'ABL2', 'ABRAXAS1', 'ABRAXAS2', 'ACAA2', 'ACD', 'ACE2', 'ACER2', 'ACKR1', 'ACKR3', 'ACOD1', 'ACOT11', 'ACTB', 'ACTG1', 'ACTL6A', 'ACTL6B', 'ACTN1', 'ACTR2', 'ACTR5', 'ACTR8', 'ACVRL1', 'ADA', 'ADAM11', 'ADAM15', 'ADAM17', 'ADAM8', 'ADAM9', 'ADAMTS12', 'ADAMTS13', 'ADAMTS18', 'ADAR', 'ADCY1', 'ADCY2', 'ADCY3', 'ADCY4', 'ADCY5', 'ADCY6', 'ADCY7', 'ADCY8', 'ADCY9', 'ADGRB1', 'ADGRE5', 'ADGRG1', 'ADIPOQ', 'ADIPOR2', 'ADM', 'ADO', 'ADORA1', 'ADORA2A', 'ADORA3', 'ADPRS', 'ADRA2A', 'ADRB2', 'ADRM1', 'ADTRP', 'AEN', 'AFAP1L2', 'AFG2B', 'AGAP3', 'AGBL4', 'AGBL5', 'AGER', 'AGR2', 'AGT', 'AGTR1', 'AGTR2', 'AHNAK', 'AHR', 'AHSG', 'AICDA', 'AIF1', 'AIFM1', 'AIFM2', 'AIM2', 'AJAP1', 'AJUBA', 'AK3', 'AK4', 'AKAP1', 'AKIRIN2', 'AKNA', 'AKR1B1', 'AKR1C3', 'AKT1', 'AKT3', 'ALAS2', 'ALB', 'ALDH3B1', 'ALKBH1', 'ALKBH2', 'ALKBH3', 'ALKBH5', 'ALKBH7', 'ALKBH8', 'ALOX12', 'ALOX15', 'ALOX5', 'ALPK1', 'AMBRA1', 'AMFR', 'ANG', 'ANGPT4', 'ANGPTL4', 'ANGPTL7', 'ANKHD1', 'ANKLE1', 'ANKRD1', 'ANKRD17', 'ANKRD22', 'ANKS4B', 'ANKZF1', 'ANO1', 'ANO5', 'ANO6', 'ANP32A', 'ANXA1', 'ANXA2', 'ANXA3', 'AOAH', 'AOC3', 'AP1G1', 'AP5S1', 'AP5Z1', 'APBB1', 'APC', 'APCS', 'APEX1', 'APEX2', 'APIP', 'APLF', 'APLNR', 'APOA1', 'APOA4', 'APOBEC3A', 'APOBEC3B', 'APOBEC3C', 'APOBEC3D', 'APOBEC3F', 'APOBEC3G', 'APOBEC3H', 'APOD', 'APOE', 'APOH', 'APOL1', 'APOL2', 'APOL3', 'APP', 'APPL1', 'APPL2', 'APTX', 'AQP1', 'AQP11', 'AQP3', 'AQP4', 'AQP5', 'AREL1', 'ARFGEF1', 'ARG1', 'ARG2', 'ARHGAP24', 'ARHGAP35', 'ARHGEF10L', 'ARHGEF19', 'ARHGEF2', 'ARID1A', 'ARID1B', 'ARID2', 'ARIH1', 'ARL6IP5', 'ARL8B', 'ARMH4', 'ARNT', 'ARNT2', 'ARRB2', 'ASB11', 'ASCC1', 'ASCC2', 'ASCC3', 'ASCL2', 'ASF1A', 'ASH2L', 'ASNS', 'ASPSCR1', 'ASS1', 'ASTE1', 'ATAD3A', 'ATE1', 'ATF2', 'ATF3', 'ATF4', 'ATF6', 'ATF6B', 'ATG10', 'ATG12', 'ATG14', 'ATG5', 'ATG7', 'ATM', 'ATOX1', 'ATP13A2', 'ATP1A2', 'ATP23', 'ATP2A1', 'ATP2A2', 'ATP2A3', 'ATP2B4', 'ATP5IF1', 'ATP7A', 'ATP7B', 'ATR', 'ATRIP', 'ATRX', 'ATXN3', 'ATXN3L', 'ATXN7', 'ATXN7L3', 'AUNIP', 'AUP1', 'AURKA', 'AURKB', 'AXIN1', 'AXIN2', 'AXL', 'AZI2', 'AZU1', 'B2M', 'B7Z597', 'BABAM1', 'BABAM2', 'BACH1', 'BAD', 'BAG3', 'BAG6', 'BAK1', 'BANF1', 'BARD1', 'BATF', 'BATF2', 'BATF3', 'BAX', 'BAZ1B', 'BBC3', 'BCAP31', 'BCL10', 'BCL2', 'BCL2A1', 'BCL2L1', 'BCL2L10', 'BCL2L11', 'BCL2L12', 'BCL2L2', 'BCL3', 'BCL6', 'BCL6B', 'BCL7A', 'BCL7B', 'BCL7C', 'BCLAF1', 'BDKRB2', 'BECN1', 'BECN2', 'BFAR', 'BHLHA15', 'BID', 'BIRC2', 'BIRC3', 'BKGD', 'BLM', 'BLNK', 'BLOC1S3', 'BMAL1', 'BMP10', 'BMP2', 'BMP7', 'BMPR2', 'BNIP3', 'BNIP3L', 'BOD1L1', 'BOK', 'BPI', 'BPIFA1', 'BPIFB1', 'BPIFB3', 'BRAT1', 'BRCA1', 'BRCA2', 'BRCC3', 'BRD4', 'BRD7', 'BRD8', 'BRD9', 'BRF2', 'BRIP1', 'BRME1', 'BRSK1', 'BRSK2', 'BSPRY', 'BST1', 'BST2', 'BTG2', 'BTK', 'C15orf39', 'C19orf12', 'C1QA', 'C1QBP', 'C1QTNF1', 'C1QTNF3', 'C2', 'C2CD4A', 'C2CD4B', 'C3', 'C3AR1', 'C4A', 'C4B', 'C4BPB', 'C5', 'C5AR1', 'C5AR2', 'C6', 'C6orf89', 'C7', 'C8A', 'C8B', 'C8G', 'C9', 'C9JQL5', 'CAB39', 'CACTIN', 'CADM1', 'CADM4', 'CALCOCO2', 'CALHM2', 'CALM1', 'CALR', 'CALR3', 'CAMK2A', 'CAMK2N1', 'CAMKK2', 'CAMLG', 'CAMP', 'CAMTA2', 'CANX', 'CAPN2', 'CAPN3', 'CARD18', 'CARD8', 'CARD9', 'CARMIL2', 'CARTPT', 'CASK', 'CASP1', 'CASP12', 'CASP2', 'CASP3', 'CASP4', 'CASP5', 'CASP6', 'CASP8', 'CASP9', 'CASR', 'CASTOR1', 'CAT', 'CAV1', 'CBFA2T3', 'CBS', 'CBX1', 'CBX3', 'CBX5', 'CCAR2', 'CCDC117', 'CCDC13', 'CCDC134', 'CCDC47', 'CCL1', 'CCL11', 'CCL13', 'CCL14', 'CCL15', 'CCL16', 'CCL18', 'CCL19', 'CCL2', 'CCL20', 'CCL21', 'CCL22', 'CCL23', 'CCL24', 'CCL25', 'CCL26', 'CCL27', 'CCL28', 'CCL3', 'CCL3L1', 'CCL4', 'CCL4L1', 'CCL5', 'CCL7', 'CCL8', 'CCM2', 'CCN2', 'CCN3', 'CCN4', 'CCND1', 'CCNH', 'CCNK', 'CCR1', 'CCR2', 'CCR3', 'CCR4', 'CCR5', 'CCR6', 'CCR7', 'CCR9', 'CCRL2', 'CCS', 'CD109', 'CD14', 'CD151', 'CD160', 'CD1D', 'CD2', 'CD200', 'CD200R1', 'CD207', 'CD226', 'CD24', 'CD244', 'CD274', 'CD300A', 'CD300C', 'CD300E', 'CD300H', 'CD300LF', 'CD34', 'CD36', 'CD4', 'CD40', 'CD40LG', 'CD44', 'CD47', 'CD48', 'CD58', 'CD59', 'CD5L', 'CD6', 'CD68', 'CD69', 'CD74', 'CD81', 'CD83', 'CD84', 'CD9', 'CDC14B', 'CDC37', 'CDC45', 'CDC5L', 'CDC7', 'CDCA5', 'CDH5', 'CDIP1', 'CDK1', 'CDK2', 'CDK3', 'CDK5RAP3', 'CDK6', 'CDK7', 'CDK9', 'CDKN1A', 'CDKN1B', 'CDKN2A', 'CDKN2AIP', 'CDKN2B', 'CDKN2D', 'CEACAM1', 'CEBPA', 'CEBPB', 'CEBPD', 'CEBPE', 'CEBPG', 'CELA1', 'CELA2A', 'CELA2B', 'CELF1', 'CENPS', 'CENPX', 'CEP63', 'CERS2', 'CETN2', 'CFB', 'CFD', 'CFH', 'CFHR5', 'CFP', 'CFTR', 'CGAS', 'CH25H', 'CHAC1', 'CHCHD2', 'CHCHD6', 'CHD1L', 'CHD4', 'CHEK1', 'CHEK2', 'CHGA', 'CHI3L1', 'CHIA', 'CHID1', 'CHMP1A', 'CHMP1B', 'CHMP2A', 'CHMP2B', 'CHMP3', 'CHMP4A', 'CHMP4B', 'CHMP4C', 'CHMP5', 'CHMP6', 'CHMP7', 'CHORDC1', 'CHRNA4', 'CHRNA7', 'CHRNB2', 'CHST2', 'CHUK', 'CIAO3', 'CIAPIN1', 'CIB1', 'CIDEB', 'CIITA', 'CIP2A', 'CIRBP', 'CITED1', 'CITED2', 'CLASP1', 'CLASP2', 'CLDN1', 'CLDN2', 'CLDN3', 'CLDN4', 'CLEC12A', 'CLEC12B', 'CLEC16A', 'CLEC1B', 'CLEC2A', 'CLEC4A', 'CLEC4C', 'CLEC4D', 'CLEC4E', 'CLEC5A', 'CLEC6A', 'CLEC7A', 'CLGN', 'CLIC1', 'CLN3', 'CLOCK', 'CLPB', 'CLSPN', 'CLU', 'CMA1', 'CMKLR1', 'CMKLR2', 'CNOT7', 'CNTF', 'COA8', 'COL3A1', 'COL5A1', 'COLEC10', 'COLEC11', 'COLEC12', 'COMMD1', 'COPS3', 'COPS5', 'CORO1A', 'CORO1B', 'CORO2B', 'COXFA4L2', 'CPB2', 'CPEB1', 'CPEB2', 'CPEB4', 'CPT1A', 'CPTP', 'CR1', 'CR2', 'CRADD', 'CREB3', 'CREB3L1', 'CREB3L2', 'CREB3L3', 'CREBBP', 'CREBZF', 'CRH', 'CRHBP', 'CRHR1', 'CRHR2', 'CRIP1', 'CRIPTO', 'CRISP3', 'CRK', 'CRNN', 'CRP', 'CRTAM', 'CRY1', 'CRY2', 'CRYAA', 'CRYAB', 'CRYGD', 'CSF1', 'CSF1R', 'CSF3R', 'CSNK1A1', 'CSNK1E', 'CSNK2A1', 'CSNK2A2', 'CSNK2A3', 'CSPG5', 'CSRP1', 'CST11', 'CST3', 'CST7', 'CST9', 'CST9L', 'CST9LP1', 'CTBP1-DT', 'CTH', 'CTLA4', 'CTNNBIP1', 'CTPS1', 'CTSG', 'CTSS', 'CUEDC2', 'CUL1', 'CUL3', 'CUL4A', 'CUL4B', 'CX3CL1', 'CX3CR1', 'CXCL1', 'CXCL10', 'CXCL11', 'CXCL12', 'CXCL13', 'CXCL14', 'CXCL16', 'CXCL17', 'CXCL2', 'CXCL5', 'CXCL6', 'CXCL8', 'CXCL9', 'CXCR2', 'CXCR4', 'CYB5B', 'CYBA', 'CYBB', 'CYBC1', 'CYGB', 'CYLD', 'CYP1B1', 'CYP27B1', 'CYP4F11', 'CYP4F2', 'CYREN', 'CYSLTR1', 'DAB2IP', 'DAGLA', 'DAGLB', 'DAO', 'DAPK1', 'DAPK3', 'DAXX', 'DBF4', 'DCAF11', 'DCBLD2', 'DCD', 'DCDC2', 'DCLRE1A', 'DCLRE1B', 'DCLRE1C', 'DCPH1', 'DCST1', 'DCTPP1', 'DCUN1D5', 'DDAH1', 'DDB1', 'DDB2', 'DDIAS', 'DDIT3', 'DDIT4', 'DDR1', 'DDRGK1', 'DDT', 'DDX1', 'DDX11', 'DDX39A', 'DDX3X', 'DDX41', 'DDX5', 'DDX56', 'DDX60', 'DDX60L', 'DEFA1', 'DEFA3', 'DEFA4', 'DEFA5', 'DEFA6', 'DEFB1', 'DEFB103A', 'DEFB104A', 'DEFB106A', 'DEFB107A', 'DEFB109B', 'DEFB110', 'DEFB114', 'DEFB115', 'DEFB118', 'DEFB121', 'DEFB123', 'DEFB125', 'DEFB126', 'DEFB127', 'DEFB128', 'DEFB130A', 'DEFB130B', 'DEFB132', 'DEFB133', 'DEFB135', 'DEFB136', 'DEFB4A', 'DEK', 'DELE1', 'DEPDC5', 'DERL1', 'DERL2', 'DERL3', 'DGCR8', 'DGKA', 'DGKB', 'DGKD', 'DGKE', 'DGKG', 'DGKH', 'DGKI', 'DGKK', 'DGKQ', 'DGKZ', 'DHFR', 'DHRS2', 'DHX15', 'DHX16', 'DHX33', 'DHX35', 'DHX36', 'DHX58', 'DHX9', 'DLEC1', 'DMAP1', 'DMBT1', 'DMC1', 'DMTN', 'DNA2', 'DNAJA1', 'DNAJA2', 'DNAJA4', 'DNAJB1', 'DNAJB12', 'DNAJB14', 'DNAJB2', 'DNAJB4', 'DNAJB5', 'DNAJB6', 'DNAJB9', 'DNAJC10', 'DNAJC18', 'DNAJC2', 'DNAJC3', 'DNAJC4', 'DNAJC7', 'DNASE1', 'DNASE1L3', 'DONSON', 'DOT1L', 'DPF1', 'DPF2', 'DPF3', 'DPP4', 'DPP9', 'DPYSL3', 'DRD4', 'DROSHA', 'DSC2', 'DSG1', 'DSP', 'DST', 'DTL', 'DTX3L', 'DTX4', 'DUOX1', 'DUOX2', 'DUS2', 'DUSP6', 'DYRK1A', 'DYRK2', 'DYRK3', 'E2F1', 'E2F7', 'ECPAS', 'ECRG4', 'ECSIT', 'ECT2', 'EDEM1', 'EDEM2', 'EDEM3', 'EDN1', 'EEF1E1', 'EFHD1', 'EGFR', 'EGLN1', 'EGLN2', 'EGLN3', 'EGR1', 'EHMT2', 'EID3', 'EIF2AK1', 'EIF2AK2', 'EIF2AK3', 'EIF2AK4', 'EIF2B1', 'EIF2B2', 'EIF2B3', 'EIF2B4', 'EIF2B5', 'EIF2S1', 'EIF4E2', 'EIF4G1', 'EL52', 'ELANE', 'ELAPOR1', 'ELF3', 'ELF4', 'ELMOD2', 'ELOF1', 'EME1', 'EME2', 'EMILIN1', 'EMILIN2', 'ENDOG', 'ENO1', 'ENPP3', 'ENPP4', 'ENTPD1', 'ENY2', 'EP300', 'EP400', 'EPAS1', 'EPB41', 'EPB41L4B', 'EPC1', 'EPC2', 'EPG5', 'EPHA2', 'EPHA4', 'EPHB2', 'EPO', 'EPPIN', 'EPPK1', 'EPRS1', 'EPX', 'ERAP1', 'ERBB2', 'ERBB3', 'ERBIN', 'ERCC1', 'ERCC2', 'ERCC3', 'ERCC4', 'ERCC5', 'ERCC6', 'ERCC6L2', 'ERCC8', 'EREG', 'ERLEC1', 'ERLIN1', 'ERLIN2', 'ERMP1', 'ERN1', 'ERN2', 'ERO1A', 'ERP44', 'ETAA1', 'ETFDH', 'ETS1', 'ETV5', 'EVPL', 'EXD2', 'EXO1', 'EXO5', 'EXOSC4', 'EXOSC5', 'EXTL3', 'EYA1', 'EYA2', 'EYA3', 'EYA4', 'F10', 'F11', 'F11R', 'F12', 'F13A1', 'F13B', 'F2', 'F2R', 'F2RL1', 'F2RL2', 'F2RL3', 'F3', 'F5', 'F7', 'F8', 'F9', 'FAAP100', 'FAAP20', 'FAAP24', 'FABP1', 'FADD', 'FADS1', 'FAF1', 'FAF2', 'FAM111A', 'FAM111B', 'FAM120A', 'FAM162A', 'FAM168A', 'FAM3A', 'FAM76B', 'FAM8A1', 'FAN1', 'FANCA', 'FANCB', 'FANCC', 'FANCD2', 'FANCE', 'FANCF', 'FANCG', 'FANCI', 'FANCL', 'FANCM', 'FAP', 'FAS', 'FAU', 'FBH1', 'FBLN1', 'FBLN5', 'FBXL2', 'FBXO17', 'FBXO2', 'FBXO27', 'FBXO3', 'FBXO31', 'FBXO4', 'FBXO44', 'FBXO45', 'FBXO5', 'FBXO6', 'FBXW7', 'FCER1A', 'FCER1G', 'FCER2', 'FCGR1A', 'FCGR1BP', 'FCGR2A', 'FCGR2B', 'FCGR2C', 'FCGR3A', 'FCGR3B', 'FCMR', 'FCN1', 'FCN2', 'FCN3', 'FCRL3', 'FEM1A', 'FEM1B', 'FEN1', 'FER', 'FER1L5', 'FERMT1', 'FERMT2', 'FERMT3', 'FFAR2', 'FFAR3', 'FFAR4', 'FGA', 'FGB', 'FGF1', 'FGF10', 'FGF2', 'FGF7', 'FGFR1OP2', 'FGG', 'FGR', 'FIBP', 'FICD', 'FIGNL1', 'FIGNL2', 'FIRRM', 'FLCN', 'FLNA', 'FLRT3', 'FLYWCH1', 'FMN2', 'FMR1', 'FN1', 'FNDC4', 'FNIP1', 'FNIP2', 'FOLR1', 'FOLR2', 'FOS', 'FOSL1', 'FOXA2', 'FOXC2', 'FOXK1', 'FOXK2', 'FOXM1', 'FOXN1', 'FOXN3', 'FOXO1', 'FOXO3', 'FOXO3B', 'FOXO4', 'FOXP1', 'FOXP3', 'FOXRED2', 'FPR1', 'FPR2', 'FPR3', 'FTO', 'FUNDC1', 'FUNDC2', 'FURIN', 'FUS', 'FUT7', 'FXN', 'FXR1', 'FYN', 'FZD7', 'FZR1', 'G3BP1', 'G6PD', 'GABARAP', 'GABARAPL1', 'GABARAPL2', 'GABARAPL3', 'GADD45A', 'GALP', 'GAP43', 'GAPDH', 'GARIN5A', 'GAS2L1', 'GATA1', 'GATA2', 'GATA3', 'GATA4', 'GATA6', 'GBA1', 'GBP1', 'GBP2', 'GBP3', 'GBP4', 'GBP5', 'GBP6', 'GBP7', 'GCGR', 'GCH1', 'GCLC', 'GCLM', 'GCN1', 'GCNA', 'GDF15', 'GDI1', 'GDPGP1', 'GEN1', 'GET4', 'GFI1', 'GFRAL', 'GGCX', 'GGT1', 'GGT2P', 'GGT3P', 'GGT5', 'GGT7', 'GHRL', 'GHSR', 'GIGYF2', 'GINS2', 'GINS4', 'GIP', 'GIT1', 'GLRX2', 'GML', 'GMPR', 'GNA12', 'GNA14', 'GNAQ', 'GNAS', 'GNB1L', 'GNL1', 'GNLY', 'GORASP2', 'GP1BA', 'GP1BB', 'GP5', 'GP6', 'GP9', 'GPATCH3', 'GPER1', 'GPR108', 'GPR151', 'GPR155', 'GPR15LG', 'GPR31', 'GPR32', 'GPR32P1', 'GPR33', 'GPR35', 'GPR37', 'GPR37L1', 'GPR4', 'GPR68', 'GPS2', 'GPSM3', 'GPX1', 'GPX2', 'GPX3', 'GPX4', 'GPX5', 'GPX6', 'GPX7', 'GPX8', 'GRAMD4', 'GRB2', 'GREM1', 'GRM7', 'GRN', 'GRP', 'GRPR', 'GSDMA', 'GSDMB', 'GSDMC', 'GSDMD', 'GSDME', 'GSK3B', 'GSN', 'GSR', 'GSS', 'GSTM1', 'GSTM2', 'GSTM3', 'GSTP1', 'GTF2H1', 'GTF2H2', 'GTF2H3', 'GTF2H4', 'GTF2H5', 'GTSE1', 'GYPC', 'GZMA', 'GZMB', 'GZMK', 'H2AC25', 'H2AX', 'H2BC10', 'H2BC11', 'H2BC12', 'H2BC12L', 'H2BC13', 'H2BC14', 'H2BC15', 'H2BC17', 'H2BC18', 'H2BC19P', 'H2BC20P', 'H2BC21', 'H2BC26', 'H2BC3', 'H2BC5', 'H2BC9', 'HAMP', 'HAPSTR1', 'HAS2', 'HBA1', 'HBB', 'HBEGF', 'HCK', 'HCRT', 'HCST', 'HDAC10', 'HDAC3', 'HDAC4', 'HDAC5', 'HDAC6', 'HDAC9', 'HDGFL2', 'HELB', 'HELLS', 'HELQ', 'HERC2', 'HERC5', 'HERPUD1', 'HERPUD2', 'HEXIM1', 'HFE', 'HGF', 'HGFAC', 'HIC1', 'HIF1A', 'HIKESHI', 'HILPDA', 'HINFP', 'HIPK1', 'HIPK2', 'HIST1H2BC', 'HIST1H2BE', 'HLA-A', 'HLA-B', 'HLA-C', 'HLA-DPA1', 'HLA-DRB1', 'HLA-E', 'HLA-F', 'HLA-G', 'HLTF', 'HM13', 'HMCES', 'HMGA1', 'HMGA2', 'HMGB1', 'HMGB2', 'HMGN2', 'HMOX1', 'HMOX2', 'HNF4A', 'HNRNPA0', 'HNRNPA1', 'HOXB13', 'HP', 'HP1BP3', 'HPF1', 'HPSE', 'HRAS', 'HRG', 'HRH1', 'HROB', 'HSF1', 'HSF2BP', 'HSP90AA1', 'HSP90AA2P', 'HSP90AB1', 'HSP90AB2P', 'HSP90AB3P', 'HSP90AB4P', 'HSP90B1', 'HSPA1A', 'HSPA1B', 'HSPA1L', 'HSPA2', 'HSPA4', 'HSPA4L', 'HSPA5', 'HSPA6', 'HSPA8', 'HSPB1', 'HSPB2', 'HSPB3', 'HSPB6', 'HSPB7', 'HSPB8', 'HSPD1', 'HSPE1', 'HSPG2', 'HSPH1', 'HTATSF1', 'HTN1', 'HTN3', 'HTR1A', 'HTR2C', 'HTRA2', 'HUS1', 'HUS1B', 'HUWE1', 'HYAL1', 'HYAL2', 'HYAL3', 'HYOU1', 'ICOSLG', 'ID2', 'IER3', 'IER5', 'IFFO1', 'IFI16', 'IFI27', 'IFI35', 'IFI44L', 'IFI6', 'IFIH1', 'IFIT1', 'IFIT1B', 'IFIT2', 'IFIT3', 'IFIT5', 'IFITM1', 'IFITM2', 'IFITM3', 'IFNA10', 'IFNA14', 'IFNA16', 'IFNA17', 'IFNA2', 'IFNA21', 'IFNA4', 'IFNA5', 'IFNA6', 'IFNA7', 'IFNA8', 'IFNAR1', 'IFNAR2', 'IFNB1', 'IFNE', 'IFNG', 'IFNGR1', 'IFNGR2', 'IFNK', 'IFNL1', 'IFNL2', 'IFNL3', 'IFNL4', 'IFNLR1', 'IFNW1', 'IGBP1', 'IGF1', 'IGF2BP1', 'IGFBP6', 'IGHA1', 'IGHA2', 'IGHD', 'IGHE', 'IGHG1', 'IGHG2', 'IGHG3', 'IGHG4', 'IGHM', 'IGHMBP2', 'IGKV3-20', 'IKBKB', 'IKBKE', 'IKBKG', 'IL10', 'IL10RA', 'IL10RB', 'IL12A', 'IL12B', 'IL12RB1', 'IL13', 'IL13RA2', 'IL15', 'IL16', 'IL17A', 'IL17C', 'IL17D', 'IL17RA', 'IL17RB', 'IL17RC', 'IL17RE', 'IL17REL', 'IL18', 'IL18R1', 'IL18RAP', 'IL1A', 'IL1B', 'IL1F10', 'IL1R1', 'IL1R2', 'IL1RAP', 'IL1RL1', 'IL1RL2', 'IL1RN', 'IL2', 'IL20', 'IL20RA', 'IL21', 'IL22', 'IL22RA1', 'IL22RA2', 'IL23A', 'IL23R', 'IL26', 'IL31RA', 'IL32', 'IL33', 'IL36A', 'IL36B', 'IL36G', 'IL36RN', 'IL37', 'IL4', 'IL5', 'IL6', 'IL6R', 'IL6ST', 'IL9', 'ILK', 'ILRUN', 'IMPACT', 'INAVA', 'ING2', 'ING3', 'ING4', 'INHBA', 'INHBB', 'INIP', 'INO80', 'INPP5D', 'INPP5F', 'INS', 'INSIG1', 'INSIG2', 'INSL3', 'INTS3', 'INTS7', 'IPCEF1', 'IPO5', 'IRAK1', 'IRAK2', 'IRAK3', 'IRAK4', 'IRF1', 'IRF2', 'IRF3', 'IRF4', 'IRF5', 'IRF7', 'IRF8', 'IRGM', 'ISG15', 'ISG20', 'ISL1', 'ITCH', 'ITFG2', 'ITGA2', 'ITGA5', 'ITGAL', 'ITGAM', 'ITGAV', 'ITGB1', 'ITGB2', 'ITGB3', 'ITGB4', 'ITGB5', 'ITIH4', 'ITK', 'ITPK1', 'ITPR1', 'ITPR2', 'ITPR3', 'JAK1', 'JAK2', 'JAML', 'JCHAIN', 'JKAMP', 'JMJD1C', 'JMY', 'JUN', 'JUNB', 'KANK1', 'KARP-1', 'KARS1', 'KAT2A', 'KAT2B', 'KAT5', 'KAT6A', 'KAT7', 'KCMF1', 'KCND2', 'KCNK13', 'KCNK6', 'KCNMA1', 'KCNN4', 'KDM1A', 'KDM2A', 'KDM4D', 'KDR', 'KEAP1', 'KHDC3L', 'KIAA0319', 'KICS2', 'KIF5B', 'KIN', 'KIR-K36', 'KIR2DL4', 'KIR2DS2', 'KIR2DS3', 'KIR3DL1', 'KIR3DL2', 'KIT', 'KLF10', 'KLF2', 'KLF4', 'KLHDC10', 'KLHL15', 'KLK3', 'KLK5', 'KLK6', 'KLK7', 'KLK8', 'KLKB1', 'KLRB1', 'KLRC1', 'KLRC2', 'KLRC3', 'KLRC4', 'KLRD1', 'KLRF2', 'KLRG1', 'KLRK1', 'KMT5A', 'KMT5B', 'KMT5C', 'KNG1', 'KPTN', 'KRT1', 'KRT13', 'KRT15', 'KRT16', 'KRT6A', 'KYNU', 'LACC1', 'LACRT', 'LALBA', 'LAMP1', 'LAMP2', 'LAPTM5', 'LARP1', 'LARS1', 'LAT', 'LATS1', 'LATS2', 'LBP', 'LCE3A', 'LCE3B', 'LCE3C', 'LCK', 'LCN2', 'LCP1', 'LDLR', 'LEP', 'LEPR', 'LETM1', 'LETMD1', 'LGALS1', 'LGALS3BP', 'LGALS8', 'LGALS9', 'LGR4', 'LIAS', 'LIG1', 'LIG3', 'LIG4', 'LILRA1', 'LILRA2', 'LILRA4', 'LILRA5', 'LILRB1', 'LILRB2', 'LILRB3', 'LILRB4', 'LILRB5', 'LIMD1', 'LMAN1', 'LMNA', 'LOC122513141', 'LONP1', 'LOXL2', 'LOXL3', 'LPAR5', 'LPCAT3', 'LPL', 'LPO', 'LRCH4', 'LRFN5', 'LRG1', 'LRP1', 'LRP8', 'LRRC14', 'LRRC15', 'LRRC19', 'LRRC8A', 'LRRC8D', 'LRRC8E', 'LRRK2', 'LRSAM1', 'LSP1', 'LTB4R', 'LTF', 'LY6E', 'LY75', 'LY86', 'LY96', 'LYAR', 'LYG1', 'LYG2', 'LYN', 'LYPD8', 'LYPLAL1', 'LYST', 'LYVE1', 'LYZ', 'LYZL4', 'LYZL6', 'MACF1', 'MACIR', 'MACROD1', 'MACROD2', 'MACROH2A1', 'MAD2L2', 'MAF', 'MAFB', 'MAGEA2', 'MAGEA3', 'MAGEF1', 'MALT1', 'MAN1A1', 'MAN1A2', 'MAN1B1', 'MAN1C1', 'MANF', 'MAP1LC3A', 'MAP1LC3B', 'MAP1LC3B2', 'MAP1LC3C', 'MAP2K1', 'MAP2K2', 'MAP2K3', 'MAP2K4', 'MAP2K5', 'MAP2K6', 'MAP2K7', 'MAP3K13', 'MAP3K14', 'MAP3K20', 'MAP3K5', 'MAP3K7', 'MAP3K8', 'MAP7', 'MAPK1', 'MAPK10', 'MAPK11', 'MAPK12', 'MAPK13', 'MAPK14', 'MAPK15', 'MAPK3', 'MAPK7', 'MAPK8', 'MAPK8IP2', 'MAPK8IP3', 'MAPK9', 'MAPKAPK2', 'MAPKAPK3', 'MAPKAPK5', 'MAPKBP1', 'MAPT', 'MARCHF2', 'MARCHF5', 'MARCHF6', 'MARCHF6-DT', 'MARCHF7', 'MARK4', 'MARVELD3', 'MASP1', 'MASP2', 'MASTL', 'MATR3', 'MAVS', 'MB', 'MBD4', 'MBL2', 'MBTD1', 'MBTPS1', 'MBTPS2', 'MC1R', 'MCAM', 'MCHR1', 'MCL1', 'MCM10', 'MCM2', 'MCM3', 'MCM4', 'MCM5', 'MCM6', 'MCM7', 'MCM8', 'MCM9', 'MCMDC2', 'MCTP1', 'MCU', 'MDC1', 'MDK', 'MDM2', 'MDM4', 'MEAF6', 'MEAK7', 'MEF2C', 'MEFV', 'MEIOB', 'MEN1', 'MET', 'METAP1', 'METRNL', 'METTL1', 'METTL14', 'METTL3', 'MFHAS1', 'MFSD2A', 'MFSD2B', 'MGARP', 'MGAT3', 'MGLL', 'MGME1', 'MGMT', 'MGST1', 'MGST2', 'MIA3', 'MICA', 'MICB', 'MICU1', 'MID1', 'MID2', 'MIF', 'MIOS', 'MKRN2', 'MLC1', 'MLH1', 'MLH3', 'MLIP', 'MLKL', 'MLST8', 'MLYCD', 'MMP12', 'MMP14', 'MMP2', 'MMP25', 'MMP26', 'MMP3', 'MMP8', 'MMP9', 'MMRN1', 'MMS22L', 'MNAT1', 'MNDA', 'MOAP1', 'MORC2', 'MORC3', 'MORF4L1', 'MORF4L2', 'MORN4', 'MOV10', 'MPEG1', 'MPG', 'MPIG6B', 'MPND', 'MPO', 'MPP1', 'MR1', 'MRE11', 'MRGBP', 'MRGPRX2', 'MRNIP', 'MRTFA', 'MSH2', 'MSH3', 'MSH6', 'MSL2', 'MSR1', 'MSRA', 'MSRB1', 'MST1R', 'MSX1', 'MT-RNR2', 'MT1A', 'MT1B', 'MT1DP', 'MT1E', 'MT1F', 'MT1G', 'MT1H', 'MT1HL1', 'MT1L', 'MT1M', 'MT1X', 'MT2A', 'MT3', 'MT4', 'MTA1', 'MTARC1', 'MTARC2', 'MTMR3', 'MTOR', 'MTR', 'MTREX', 'MTSS1', 'MUC1', 'MUC2', 'MUC7', 'MUL1', 'MUS81', 'MUTYH', 'MVK', 'MX1', 'MX2', 'MYBBP1A', 'MYC', 'MYD88', 'MYH9', 'MYL12A', 'MYL9', 'MYLK', 'MYO1F', 'MYO6', 'MYOCD', 'MYOF', 'MYOZ1', 'N4BP1', 'NABP1', 'NABP2', 'NACA', 'NACC2', 'NAGK', 'NAIP', 'NAMPT', 'NAPEPLD', 'NAPRT', 'NBN', 'NBR1', 'NCBP1', 'NCBP3', 'NCCRP1', 'NCF1', 'NCF2', 'NCK1', 'NCK2', 'NCOA6', 'NCOA7', 'NCR1', 'NCR2', 'NCR3', 'NDNF', 'NDOR1', 'NDRG1', 'NDUFAF4', 'NECTIN2', 'NECTIN4', 'NEDD4', 'NEIL1', 'NEIL2', 'NEIL3', 'NEK11', 'NEK4', 'NEK6', 'NEK7', 'NET1', 'NEURL4', 'NF1', 'NFAM1', 'NFAT5', 'NFATC1', 'NFATC2', 'NFATC3', 'NFATC4', 'NFE2', 'NFE2L2', 'NFE2L3', 'NFKB1', 'NFKBIA', 'NFKBIL1', 'NFKBIZ', 'NFX1', 'NGB', 'NHEJ1', 'NIBAN1', 'NINJ1', 'NIPBL', 'NKG7', 'NKX3-1', 'NLK', 'NLRC3', 'NLRC4', 'NLRC5', 'NLRP1', 'NLRP10', 'NLRP11', 'NLRP12', 'NLRP13', 'NLRP14', 'NLRP2', 'NLRP2B', 'NLRP3', 'NLRP4', 'NLRP5', 'NLRP6', 'NLRP7', 'NLRP8', 'NLRP9', 'NLRX1', 'NMB', 'NMBR', 'NME1', 'NME3', 'NMI', 'NOD1', 'NOD2', 'NOG', 'NOL3', 'NONO', 'NOP53', 'NOS1', 'NOS2', 'NOS3', 'NOTCH1', 'NOX1', 'NOX3', 'NOX4', 'NOX5', 'NPAS2', 'NPC1L1', 'NPEPPS', 'NPFF', 'NPLOC4', 'NPM1', 'NPRL2', 'NPRL3', 'NQO1', 'NR1D1', 'NR1D2', 'NR1H2', 'NR1H3', 'NR1H4', 'NR4A3', 'NR5A2', 'NRBP1', 'NRBP2', 'NRDE2', 'NREP', 'NRG1', 'NRP1', 'NRROS', 'NSD2', 'NSMCE1', 'NSMCE2', 'NSMCE3', 'NSMCE4A', 'NT5C2', 'NT5C3A', 'NTHL1', 'NUAK1', 'NUAK2', 'NUB1', 'NUCKS1', 'NUDT1', 'NUDT15', 'NUDT16L1', 'NUDT2', 'NUPR1', 'NUPR2', 'NXNL1', 'O00366', 'O14942', 'OARD1', 'OAS1', 'OAS2', 'OAS3', 'OASL', 'OCLN', 'ODAM', 'OGG1', 'OGG1 type 1e', 'OGG1 type 1f', 'OGT', 'OMA1', 'OMG', 'OOEP', 'OPA1', 'OPN5', 'OPRD1', 'OPRK1', 'OPRM1', 'OPTN', 'OR2H2', 'OR6A2', 'ORM1', 'ORM2', 'OS9', 'OSER1', 'OSM', 'OSMR', 'OTOP1', 'OTUB1', 'OTUD4', 'OTULIN', 'OXR1', 'OXSR1', 'P2RX2', 'P2RX4', 'P2RX7', 'P2RY11', 'P2RY12', 'P4HB', 'PABPC4', 'PACRG', 'PAFAH2', 'PAGE4', 'PAK1', 'PAK2', 'PAK3', 'PAK4', 'PAK5', 'PAK6', 'PALB2', 'PAM', 'PAQR3', 'PARG', 'PARK7', 'PARP1', 'PARP10', 'PARP14', 'PARP16', 'PARP2', 'PARP3', 'PARP4', 'PARP6', 'PARP8', 'PARP9', 'PARPBP', 'PAX6', 'PAXIP1', 'PAXX', 'PBLD', 'PBRM1', 'PCBP2', 'PCBP4', 'PCK1', 'PCK2', 'PCLAF', 'PCNA', 'PCSK9', 'PCYOX1L', 'PDCD1', 'PDCD10', 'PDCD4', 'PDCD6', 'PDE12', 'PDE2A', 'PDGFA', 'PDGFB', 'PDGFRA', 'PDIA6', 'PDK1', 'PDK2', 'PDK3', 'PDK4', 'PDLIM1', 'PDPK1', 'PDPN', 'PDS5B', 'PDZD8', 'PEAR1', 'PELI1', 'PELI2', 'PER1', 'PER2', 'PEX10', 'PEX12', 'PEX13', 'PEX14', 'PEX2', 'PEX5', 'PF4', 'PF4V1', 'PGC', 'PGF', 'PGK1', 'PGLYRP1', 'PGLYRP2', 'PGLYRP3', 'PGLYRP4', 'PHB1', 'PHB2', 'PHF1', 'PHF10', 'PHF13', 'PHLDA3', 'PHLDB2', 'PI3', 'PIAS1', 'PIAS4', 'PICK1', 'PIDD1', 'PIGBOS1', 'PIK3AP1', 'PIK3C3', 'PIK3CA', 'PIK3CB', 'PIK3CD', 'PIK3CG', 'PIK3R1', 'PIK3R2', 'PIK3R4', 'PIK3R6', 'PIKFYVE', 'PIM1', 'PIN1', 'PINK1', 'PIP4P1', 'PJA2', 'PJVK', 'PKD2', 'PKN2', 'PLA2G10', 'PLA2G1B', 'PLA2G2A', 'PLA2G2D', 'PLA2G2E', 'PLA2G3', 'PLA2G4A', 'PLA2G4B', 'PLA2G4C', 'PLA2G5', 'PLA2G6', 'PLA2G7', 'PLA2R1', 'PLAT', 'PLAU', 'PLAUR', 'PLCG1', 'PLCG2', 'PLD3', 'PLD4', 'PLEC', 'PLEK', 'PLEKHA1', 'PLEKHM2', 'PLEKHN1', 'PLET1', 'PLG', 'PLIN2', 'PLIN3', 'PLK1', 'PLK2', 'PLK3', 'PLK5', 'PLOD1', 'PLOD2', 'PLSCR1', 'PLSCR2', 'PMAIP1', 'PML', 'PMS1', 'PMS2', 'PNKP', 'PNMA1', 'PNPT1', 'POFUT3', 'POGZ', 'POLA1', 'POLB', 'POLD1', 'POLD2', 'POLD3', 'POLD4', 'POLDIP2', 'POLE', 'POLE2', 'POLE3', 'POLG', 'POLH', 'POLI', 'POLK', 'POLL', 'POLM', 'POLN', 'POLQ', 'POLR2I', 'POLR3A', 'POLR3B', 'POLR3C', 'POLR3D', 'POLR3F', 'POLR3G', 'POPDC1', 'POT1', 'POU5F1', 'PPARA', 'PPARD', 'PPARG', 'PPARGC1A', 'PPBP', 'PPEF2', 'PPIA', 'PPIF', 'PPL', 'PPM1B', 'PPP1CA', 'PPP1R10', 'PPP1R11', 'PPP1R13L', 'PPP1R14B', 'PPP1R15A', 'PPP1R15B', 'PPP2CA', 'PPP3CA', 'PPP4C', 'PPP4R2', 'PPP4R3A', 'PPP4R3B', 'PPP4R3C', 'PPP5C', 'PPP6C', 'PPT1', 'PQBP1', 'PRAP1', 'PRB3', 'PRCP', 'PRDM9', 'PRDX1', 'PRDX2', 'PRDX3', 'PRDX4', 'PRDX5', 'PRDX6', 'PRF1', 'PRIMPOL', 'PRKAA1', 'PRKAA2', 'PRKACA', 'PRKACB', 'PRKACG', 'PRKAR1A', 'PRKAR1B', 'PRKAR2A', 'PRKAR2B', 'PRKCA', 'PRKCD', 'PRKCE', 'PRKCG', 'PRKCH', 'PRKCI', 'PRKCQ', 'PRKD1', 'PRKDC', 'PRKG1', 'PRKN', 'PRKRA', 'PRMT1', 'PRMT2', 'PRMT5', 'PRMT6', 'PRNP', 'PROC', 'PROK2', 'PROS1', 'PROZ', 'PRPF19', 'PRR5L', 'PRRG1', 'PRRG2', 'PRRG3', 'PRRG4', 'PRSS2', 'PRSS3', 'PRSS56', 'PRTN3', 'PSEN1', 'PSENEN', 'PSG1', 'PSG3', 'PSG9', 'PSIP1', 'PSMA1', 'PSMA2', 'PSMA3', 'PSMA4', 'PSMA5', 'PSMA6', 'PSMA7', 'PSMB1', 'PSMB10', 'PSMB2', 'PSMB3', 'PSMB4', 'PSMB5', 'PSMB6', 'PSMB7', 'PSMB8', 'PSMB9', 'PSMC1', 'PSMC2', 'PSMC3', 'PSMC4', 'PSMC5', 'PSMC6', 'PSMD1', 'PSMD10', 'PSMD11', 'PSMD12', 'PSMD13', 'PSMD14', 'PSMD2', 'PSMD3', 'PSMD4', 'PSMD6', 'PSMD7', 'PSMD8', 'PSME1', 'PSME2', 'PSME3', 'PSME4', 'PSPC1', 'PTAFR', 'PTEN', 'PTGDR', 'PTGER1', 'PTGER2', 'PTGER3', 'PTGER4', 'PTGES', 'PTGFR', 'PTGIR', 'PTGIS', 'PTGS2', 'PTK2', 'PTK2B', 'PTN', 'PTPN1', 'PTPN11', 'PTPN2', 'PTPN22', 'PTPN6', 'PTPRC', 'PTPRCAP', 'PTPRK', 'PTPRN', 'PTPRS', 'PTTG1IP', 'PTX3', 'PUM1', 'PUM2', 'PVR', 'PWWP3A', 'PXK', 'PXN', 'PYCARD', 'PYCR1', 'PYCR2', 'PYDC1', 'PYDC2', 'PYDC5', 'PYHIN1', 'PYROXD1', 'Q5U071', 'Q8NFD8', 'Q9HB64', 'Q9NZX6', 'QARS1', 'QRICH1', 'RAB11FIP2', 'RAB1A', 'RAB23', 'RAB2B', 'RAB3A', 'RAB7B', 'RAC1', 'RACK1', 'RAD1', 'RAD17', 'RAD18', 'RAD21', 'RAD21L1', 'RAD23A', 'RAD23B', 'RAD50', 'RAD51', 'RAD51AP1', 'RAD51B', 'RAD51C', 'RAD51D', 'RAD52', 'RAD54B', 'RAD54L', 'RAD9A', 'RAD9B', 'RADX', 'RAET1E', 'RAET1G', 'RAET1L', 'RAF1', 'RALB', 'RAP2B', 'RARRES2', 'RASA3', 'RASGRF1', 'RASGRF2', 'RASGRP1', 'RASGRP4', 'RB1', 'RBBP5', 'RBBP6', 'RBBP7', 'RBBP8', 'RBCK1', 'RBL1', 'RBM11', 'RBM14', 'RBM24', 'RBM4', 'RBM47', 'RBMS3', 'RBPMS', 'RBX1', 'RCHY1', 'RCN3', 'RCSD1', 'REC8', 'RECQL', 'RECQL4', 'RECQL5', 'REG1A', 'REG1B', 'REG3A', 'REG3G', 'REL', 'RELA', 'RELB', 'RELN', 'REST', 'RET', 'REV1', 'REV3L', 'REXO4', 'RFC2', 'RFC3', 'RFC4', 'RFC5', 'RFPL1', 'RFPL2', 'RFPL3', 'RFPL4A', 'RFPL4AL1', 'RFPL4B', 'RFTN1', 'RFWD3', 'RGCC', 'RGS14', 'RHBDD1', 'RHBDD2', 'RHBDF2', 'RHNO1', 'RHOA', 'RHOB', 'RHOC', 'RIF1', 'RIGI', 'RINT1', 'RIOK3', 'RIPK1', 'RIPK2', 'RIPK3', 'RIPOR1', 'RLIG1', 'RMI1', 'RMI2', 'RNASE1', 'RNASE10', 'RNASE11', 'RNASE12', 'RNASE13', 'RNASE2', 'RNASE3', 'RNASE4', 'RNASE6', 'RNASE7', 'RNASE8', 'RNASE9', 'RNASEH2A', 'RNASEH2B', 'RNASEH2C', 'RNASEL', 'RNASET2', 'RNF103', 'RNF111', 'RNF112', 'RNF115', 'RNF121', 'RNF125', 'RNF126', 'RNF135', 'RNF138', 'RNF139', 'RNF144A', 'RNF152', 'RNF167', 'RNF168', 'RNF169', 'RNF170', 'RNF175', 'RNF183', 'RNF185', 'RNF186', 'RNF213', 'RNF216', 'RNF220', 'RNF26', 'RNF31', 'RNF34', 'RNF39', 'RNF5', 'RNF7', 'RNF8', 'RNFT1', 'ROCK2', 'ROMO1', 'RORA', 'RPA1', 'RPA2', 'RPA3', 'RPA4', 'RPAP2', 'RPL13A', 'RPL26', 'RPL30', 'RPL39', 'RPS19', 'RPS27L', 'RPS3', 'RPS6KA1', 'RPS6KA3', 'RPS6KA6', 'RPSA', 'RPTOR', 'RRAGA', 'RRAGB', 'RRAGC', 'RRAGD', 'RREB1', 'RRM1', 'RRM2', 'RRM2B', 'RRP8', 'RSAD2', 'RSL1D1', 'RTCB', 'RTEL1', 'RTN4', 'RTN4R', 'RTN4RL1', 'RTN4RL2', 'RTP4', 'RUVBL1', 'RUVBL2', 'RWDD3', 'RYR1', 'RYR2', 'S100A10', 'S100A12', 'S100A14', 'S100A7', 'S100A8', 'S100A9', 'S1PR3', 'SAA1', 'SAMHD1', 'SAMTOR', 'SAR1A', 'SAR1B', 'SARM1', 'SAXO1', 'SBNO1', 'SBNO2', 'SCAMP5', 'SCAP', 'SCARA3', 'SCARB1', 'SCARF1', 'SCG2', 'SCIMP', 'SCN2A', 'SCN7A', 'SCUBE1', 'SDE2', 'SEC14L1', 'SEC16A', 'SEC22B', 'SEC61B', 'SEH1L', 'SEL1L', 'SEL1L2', 'SELE', 'SELENOK', 'SELENON', 'SELENOP', 'SELENOS', 'SELP', 'SEM1', 'SEMA4C', 'SEMA7A', 'SEMG1', 'SEMG2', 'SENP3', 'SENP7', 'SERINC3', 'SERINC5', 'SERP1', 'SERP2', 'SERPINA3', 'SERPINB2', 'SERPINB4', 'SERPINB6', 'SERPINB9', 'SERPINE1', 'SERPINE2', 'SERPINF2', 'SERPING1', 'SERPINH1', 'SESN1', 'SESN2', 'SESN3', 'SETD2', 'SETD4', 'SETD6', 'SETD7', 'SETMAR', 'SETX', 'SF3B3', 'SF3B5', 'SFN', 'SFPQ', 'SFR1', 'SFRP1', 'SFRP2', 'SFTA3', 'SFTPD', 'SGF29', 'SGTA', 'SH2B3', 'SH2D1B', 'SH3GLB1', 'SHARPIN', 'SHC1', 'SHFL', 'SHISA5', 'SHLD1', 'SHLD2', 'SHLD3', 'SHMT2', 'SHPK', 'SHPRH', 'SIGIRR', 'SIGLEC1', 'SIGLEC10', 'SIGLEC16', 'SIGMAR1', 'SIK2', 'SIN3A', 'SIRPA', 'SIRT1', 'SIRT2', 'SIRT3', 'SIRT4', 'SIRT6', 'SIRT7', 'SIX6OS1', 'SKP1', 'SKP2', 'SLAMF6', 'SLAMF7', 'SLAMF8', 'SLC11A1', 'SLC12A2', 'SLC12A5', 'SLC12A6', 'SLC15A2', 'SLC15A3', 'SLC15A4', 'SLC19A1', 'SLC22A5', 'SLC25A14', 'SLC25A23', 'SLC25A24', 'SLC25A27', 'SLC26A6', 'SLC30A1', 'SLC30A10', 'SLC30A9', 'SLC35A4', 'SLC38A2', 'SLC39A8', 'SLC46A2', 'SLC4A11', 'SLC6A4', 'SLC6A6', 'SLC8A2', 'SLC8A3', 'SLF1', 'SLF2', 'SLFN11', 'SLFN13', 'SLPI', 'SLU7', 'SLX1A', 'SLX4', 'SMAD3', 'SMAD4', 'SMAD6', 'SMAD7', 'SMARCA2', 'SMARCA4', 'SMARCA5', 'SMARCAD1', 'SMARCAL1', 'SMARCB1', 'SMARCC1', 'SMARCC2', 'SMARCD1', 'SMARCD2', 'SMARCD3', 'SMARCE1', 'SMC1A', 'SMC5', 'SMC6', 'SMCHD1', 'SMDT1', 'SMG1', 'SMIM30', 'SMOC2', 'SMPD1', 'SMPDL3A', 'SMPDL3B', 'SMUG1', 'SMURF1', 'SMURF2', 'SMYD2', 'SNAI1', 'SNAI2', 'SNAP23', 'SNAP29', 'SNAP47', 'SNCA', 'SNW1', 'SNX3', 'SNX4', 'SNX6', 'SOCS6', 'SOD1', 'SOD2', 'SOD3', 'SOX2', 'SOX4', 'SP1', 'SP100', 'SP140', 'SPATA2', 'SPDYA', 'SPHK1', 'SPI1', 'SPIDR', 'SPINDOC', 'SPINK7', 'SPIRE1', 'SPIRE2', 'SPN', 'SPO11', 'SPRED1', 'SPRED2', 'SPRING1', 'SPRR2A', 'SPRR3', 'SPRTN', 'SPSB3', 'SQSTM1', 'SRC', 'SREBF1', 'SREBF2', 'SRF', 'SRPK1', 'SRPK2', 'SRSF6', 'SRXN1', 'SSC5D', 'ST3GAL4', 'STAB1', 'STAB2', 'STAP1', 'STAT1', 'STAT2', 'STAT3', 'STAT4', 'STAT5A', 'STAT5B', 'STAT6', 'STATH', 'STING1', 'STK11', 'STK24', 'STK25', 'STK26', 'STK33', 'STK38', 'STK39', 'STMP1', 'STOML2', 'STOX1', 'STT3B', 'STUB1', 'STX17', 'STX2', 'STX4', 'STXBP1', 'STXBP3', 'STXBP4', 'SUMO1', 'SUMO4', 'SUPT20H', 'SUPT3H', 'SUPT7L', 'SUSD6', 'SUV39H1', 'SUV39H2', 'SVEP1', 'SVIP', 'SWI5', 'SWSAP1', 'SYCP1', 'SYK', 'SYNCRIP', 'SYT11', 'SYT7', 'SYTL4', 'SYVN1', 'SZT2', 'TAB1', 'TAB2', 'TAB3', 'TAC1', 'TAC4', 'TACR1', 'TADA1', 'TADA2B', 'TADA3', 'TAF1', 'TAF10', 'TAF12', 'TAF2', 'TAF4', 'TAF5', 'TAF5L', 'TAF6', 'TAF6L', 'TAF7', 'TAF9', 'TAF9B', 'TAFA3', 'TANK', 'TAOK1', 'TAOK2', 'TAOK3', 'TAP1', 'TAP2', 'TAP2-G', 'TARBP2', 'TASL', 'TAX1BP1', 'TBC1D24', 'TBC1D5', 'TBC1D7', 'TBK1', 'TBKBP1', 'TBL2', 'TBX2', 'TBX3', 'TBXA2R', 'TCAP', 'TCIM', 'TCIRG1', 'TDG', 'TDP1', 'TDP2', 'TEC', 'TEK', 'TELO2', 'TENT4A', 'TERF2', 'TERF2IP', 'TERT', 'TET1', 'TEX15', 'TEX264', 'TF', 'TFAP4', 'TFDP3', 'TFEB', 'TFIP11', 'TFPI', 'TGFB1', 'TGFB2', 'TGFB3', 'TGFBR1', 'TH', 'THBD', 'THBS1', 'THBS4', 'THG1L', 'THY1', 'TIAL1', 'TICAM1', 'TICAM2', 'TICRR', 'TIFA', 'TIFAB', 'TIGAR', 'TIGIT', 'TIMELESS', 'TINCR', 'TIPIN', 'TIPRL', 'TIRAP', 'TKFC', 'TLDC2', 'TLK2', 'TLN1', 'TLR1', 'TLR10', 'TLR2', 'TLR3', 'TLR4', 'TLR5', 'TLR6', 'TLR7', 'TLR8', 'TLR9', 'TM7SF3', 'TM9SF4', 'TMBIM4', 'TMBIM6', 'TMCO1', 'TMEFF1', 'TMEFF2', 'TMEM109', 'TMEM117', 'TMEM120A', 'TMEM129', 'TMEM161A', 'TMEM219', 'TMEM238L', 'TMEM258', 'TMEM259', 'TMEM33', 'TMEM45B', 'TMEM67', 'TMEM97', 'TMIGD3', 'TMSB4X', 'TMTC3', 'TMTC4', 'TMUB1', 'TMUB2', 'TMX1', 'TNC', 'TNF', 'TNFAIP3', 'TNFAIP6', 'TNFAIP8L2', 'TNFRSF10B', 'TNFRSF11A', 'TNFRSF12A', 'TNFRSF14', 'TNFRSF1A', 'TNFRSF1B', 'TNFRSF4', 'TNFRSF6B', 'TNFSF11', 'TNFSF14', 'TNFSF4', 'TNIP1', 'TNIP2', 'TNIP3', 'TNKS1BP1', 'TNP1', 'TOMM70', 'TONSL', 'TOP2A', 'TOP3A', 'TOPBP1', 'TOPORS', 'TOR1A', 'TOR1B', 'TP53', 'TP53BP1', 'TP63', 'TP73', 'TPM1', 'TPO', 'TPR', 'TPSAB1', 'TPT1', 'TRADD', 'TRAF1', 'TRAF2', 'TRAF3', 'TRAF3IP1', 'TRAF3IP2', 'TRAF3IP3', 'TRAF5', 'TRAF6', 'TRAFD1', 'TRAIP', 'TRAM1', 'TRAP1', 'TRAT1', 'TRAV27', 'TREM1', 'TREM2', 'TREML1', 'TREML4', 'TREX1', 'TREX2', 'TRIAP1', 'TRIB3', 'TRIL', 'TRIM10', 'TRIM11', 'TRIM13', 'TRIM14', 'TRIM15', 'TRIM17', 'TRIM21', 'TRIM22', 'TRIM25', 'TRIM26', 'TRIM27', 'TRIM28', 'TRIM3', 'TRIM31', 'TRIM32', 'TRIM34', 'TRIM35', 'TRIM38', 'TRIM39', 'TRIM4', 'TRIM40', 'TRIM41', 'TRIM43', 'TRIM43B', 'TRIM44', 'TRIM45', 'TRIM48', 'TRIM49', 'TRIM49B', 'TRIM49C', 'TRIM49D1', 'TRIM5', 'TRIM50', 'TRIM51', 'TRIM51G', 'TRIM52', 'TRIM54', 'TRIM55', 'TRIM56', 'TRIM58', 'TRIM59', 'TRIM6', 'TRIM60', 'TRIM61', 'TRIM62', 'TRIM63', 'TRIM64', 'TRIM64B', 'TRIM64C', 'TRIM65', 'TRIM68', 'TRIM69', 'TRIM7', 'TRIM72', 'TRIM73', 'TRIM74', 'TRIM75', 'TRIM77', 'TRIM8', 'TRIML1', 'TRIML2', 'TRIP12', 'TRIP13', 'TRPA1', 'TRPC3', 'TRPM2', 'TRPV1', 'TRPV3', 'TRPV4', 'TRRAP', 'TSC1', 'TSC2', 'TSC22D4', 'TSKU', 'TSLP', 'TSPAN18', 'TSPAN6', 'TST', 'TTBK1', 'TTC1', 'TTC23L', 'TTC4', 'TTC5', 'TTI1', 'TTI2', 'TTLL12', 'TUBB', 'TUBB4B', 'TULP3', 'TUSC2', 'TWIST1', 'TXK', 'TXN', 'TXNDC12', 'TXNIP', 'TXNRD2', 'TYK2', 'TYRO3', 'TYROBP', 'UACA', 'UAP1', 'UBA1', 'UBA5', 'UBA6', 'UBA7', 'UBAC2', 'UBASH3B', 'UBD', 'UBE2A', 'UBE2B', 'UBE2E2', 'UBE2G2', 'UBE2J1', 'UBE2J2', 'UBE2K', 'UBE2L6', 'UBE2N', 'UBE2NL', 'UBE2T', 'UBE2U', 'UBE2V1', 'UBE2V2', 'UBE2W', 'UBE4A', 'UBE4B', 'UBL7', 'UBQLN1', 'UBQLN2', 'UBQLN4', 'UBR4', 'UBR5', 'UBXN1', 'UBXN10', 'UBXN2A', 'UBXN4', 'UBXN6', 'UBXN8', 'UCHL3', 'UCN', 'UCN2', 'UCN3', 'UCP1', 'UCP2', 'UCP3', 'UFC1', 'UFD1', 'UFL1', 'UFM1', 'UHRF1', 'UIMC1', 'ULBP1', 'ULBP2', 'ULBP3', 'ULK1', 'ULK2', 'ULK3', 'UMOD', 'UNC93B1', 'UNG', 'UPF1', 'URI1', 'USF1', 'USP1', 'USP10', 'USP13', 'USP14', 'USP15', 'USP16', 'USP17L2', 'USP18', 'USP19', 'USP20', 'USP22', 'USP25', 'USP27X', 'USP28', 'USP29', 'USP3', 'USP38', 'USP43', 'USP44', 'USP45', 'USP47', 'USP50', 'USP51', 'USP7', 'USP9X', 'UVRAG', 'UVSSA', 'VAMP2', 'VAMP3', 'VAMP7', 'VAMP8', 'VAPB', 'VASH1', 'VAV1', 'VAV2', 'VAV3', 'VCAM1', 'VCL', 'VCP', 'VCPIP1', 'VCPKMT', 'VEGFA', 'VEGFB', 'VEGFC', 'VEGFD', 'VEZF1', 'VHL', 'VIL1', 'VKORC1', 'VKORC1L1', 'VNN1', 'VPS35', 'VPS41', 'VPS4A', 'VPS4B', 'VPS72', 'VRK1', 'VRK2', 'VRK3', 'VSIG4', 'VTN', 'VWF', 'WAC', 'WAS', 'WDFY1', 'WDHD1', 'WDR24', 'WDR33', 'WDR45', 'WDR45B', 'WDR48', 'WDR59', 'WDR76', 'WFDC10A', 'WFDC10B', 'WFDC11', 'WFDC12', 'WFDC13', 'WFDC2', 'WFDC3', 'WFDC5', 'WFDC9', 'WFS1', 'WHR1', 'WIPI1', 'WIPI2', 'WNK1', 'WNK2', 'WNK3', 'WNT1', 'WNT16', 'WNT5A', 'WNT7A', 'WRAP53', 'WRN', 'WRNIP1', 'WTIP', 'XAB2', 'XBP1', 'XCL1', 'XCL2', 'XCR1', 'XIAP', 'XPA', 'XPC', 'XRCC1', 'XRCC2', 'XRCC3', 'XRCC4', 'XRCC5', 'XRCC6', 'YAP1', 'YARS1', 'YBX1', 'YBX3', 'YEATS4', 'YES1', 'YJU2', 'YME1L1', 'YOD1', 'YPEL3', 'YTHDF2', 'YTHDF3', 'YWHAE', 'YWHAG', 'YWHAZ', 'YY1', 'ZBP1', 'ZBTB1', 'ZBTB38', 'ZBTB4', 'ZBTB40', 'ZBTB7A', 'ZBTB7B', 'ZBTB8OS', 'ZC3H12A', 'ZC3HAV1', 'ZCCHC3', 'ZCWPW1', 'ZDHHC1', 'ZDHHC11', 'ZDHHC11B', 'ZDHHC12', 'ZDHHC16', 'ZDHHC18', 'ZDHHC20', 'ZDHHC3', 'ZDHHC4', 'ZDHHC5', 'ZDHHC9', 'ZFAND1', 'ZFP36', 'ZFP36L1', 'ZFP36L2', 'ZFYVE1', 'ZFYVE26', 'ZG16B', 'ZGRF1', 'ZKSCAN3', 'ZMPSTE24', 'ZMYND11', 'ZMYND8', 'ZNF148', 'ZNF365', 'ZNF385A', 'ZNF432', 'ZNF580', 'ZNF668', 'ZNF697', 'ZNFX1', 'ZNHIT1', 'ZNRF1', 'ZNRF4', 'ZP3', 'ZRANB3', 'ZSWIM7', 'fancm-faap24-1', 'hMLH1', 'nlgn1-nlgn1']",BP
73,MS,response to oxidative stress,GO:0006979,"['ABCC1', 'ABCD1', 'ABL1', 'ABL2', 'ADAM9', 'ADPRS', 'ADRM1', 'AGAP3', 'AIF1', 'AIFM2', 'AKT1', 'ALB', 'ALDH3B1', 'ALOX5', 'ANGPTL7', 'ANKZF1', 'APOA4', 'APOD', 'APOE', 'AQP1', 'ARNT', 'ATE1', 'ATF4', 'ATM', 'ATOX1', 'ATP13A2', 'ATP7A', 'BANF1', 'BMAL1', 'BMP7', 'BRF2', 'C19orf12', 'CAMKK2', 'CAT', 'CCS', 'CHCHD2', 'CHEK2', 'CHRNA4', 'CIAPIN1', 'COA8', 'CRYGD', 'CUL1', 'CUL3', 'CYB5B', 'CYGB', 'CYP1B1', 'DAPK1', 'DGKK', 'DHFR', 'DHRS2', 'ECT2', 'EDN1', 'EIF2S1', 'ERCC1', 'ERCC2', 'ERCC3', 'ERCC6', 'ERCC6L2', 'ERCC8', 'ERMP1', 'ETFDH', 'ETV5', 'FABP1', 'FANCC', 'FBLN5', 'FBXO31', 'FER', 'FOS', 'FOXO1', 'FOXO3', 'FOXO4', 'FOXP3', 'FXN', 'FYN', 'G6PD', 'GCH1', 'GCLC', 'GCLM', 'GGT7', 'GPR37', 'GPR37L1', 'GPX1', 'GPX2', 'GPX3', 'GPX4', 'GPX5', 'GPX6', 'GPX7', 'GPX8', 'GSR', 'GSS', 'GSTP1', 'HBA1', 'HBB', 'HDAC6', 'HGF', 'HIF1A', 'HM13', 'HMOX1', 'HMOX2', 'HP', 'HSPA1A', 'HSPA1B', 'HTRA2', 'HYAL1', 'HYAL2', 'IL6', 'IPCEF1', 'KCMF1', 'KEAP1', 'KRT1', 'LIAS', 'LONP1', 'LPO', 'LRRK2', 'MACROH2A1', 'MAP3K5', 'MAPK13', 'MAPK7', 'MAPK8', 'MAPK9', 'MAPT', 'MB', 'MBL2', 'MCTP1', 'MEAK7', 'MET', 'MGAT3', 'MGST1', 'MICB', 'MMP3', 'MPO', 'MSRA', 'MT-RNR2', 'MT3', 'NAPRT', 'NCOA7', 'NDOR1', 'NET1', 'NFE2L2', 'NOS3', 'NQO1', 'NUDT1', 'NUDT2', 'NXNL1', 'OGG1', 'OSER1', 'OXR1', 'OXSR1', 'PAM', 'PARK7', 'PARP1', 'PDCD10', 'PDGFRA', 'PDK2', 'PDLIM1', 'PEX10', 'PEX12', 'PEX13', 'PEX14', 'PEX2', 'PEX5', 'PINK1', 'PJVK', 'PKD2', 'PLA2R1', 'PLEKHA1', 'PLK3', 'PNKP', 'PNPT1', 'PPARGC1A', 'PPEF2', 'PPIA', 'PPIF', 'PRDX1', 'PRDX2', 'PRDX3', 'PRDX4', 'PRDX5', 'PRDX6', 'PRKAA1', 'PRKAA2', 'PRKCD', 'PRKD1', 'PRKN', 'PRNP', 'PRR5L', 'PSIP1', 'PSMA1', 'PSMA2', 'PSMA3', 'PSMA4', 'PSMA5', 'PSMA6', 'PSMA7', 'PSMB1', 'PSMB2', 'PSMB3', 'PSMB4', 'PSMB5', 'PSMB6', 'PSMB7', 'PSMC1', 'PSMC2', 'PSMC3', 'PSMC4', 'PSMC5', 'PSMC6', 'PSMD1', 'PSMD11', 'PSMD12', 'PSMD13', 'PSMD14', 'PSMD2', 'PSMD3', 'PSMD4', 'PSMD6', 'PSMD7', 'PSMD8', 'PSME1', 'PSME2', 'PSME3', 'PTPRK', 'PTPRN', 'PXN', 'PYCR1', 'PYCR2', 'PYROXD1', 'RACK1', 'RAD52', 'RBM11', 'RBPMS', 'RBX1', 'RELA', 'RGS14', 'RHOB', 'RIPK1', 'RIPK3', 'RLIG1', 'RNF112', 'ROMO1', 'RPS3', 'S100A7', 'SCARA3', 'SELENOK', 'SELENON', 'SELENOP', 'SELENOS', 'SEM1', 'SESN2', 'SETX', 'SIRPA', 'SIRT1', 'SIRT2', 'SIRT3', 'SLC25A14', 'SLC25A24', 'SLC4A11', 'SNCA', 'SOD1', 'SOD2', 'SOD3', 'SP1', 'SRC', 'SRXN1', 'STK24', 'STK25', 'STK26', 'STOX1', 'STX2', 'STX4', 'SUMO4', 'SZT2', 'TBC1D24', 'TET1', 'THG1L', 'TLDC2', 'TMEM161A', 'TNFAIP3', 'TP53', 'TPM1', 'TPO', 'TRAP1', 'TRIM25', 'TRIM32', 'TRPA1', 'TRPM2', 'TXN', 'TXNIP', 'TXNRD2', 'UBR4', 'UCP1', 'USP25', 'VKORC1L1', 'VNN1', 'VRK2', 'WNT16', 'XRCC1', 'ZC3H12A', 'ZFAND1', 'ZNF580']",BP
74,MS,response to starvation,GO:0042594,"['AKR1C3', 'ALB', 'ASNS', 'ATF2', 'ATF4', 'ATG14', 'ATG5', 'ATG7', 'ATM', 'ATXN3', 'AXIN1', 'BECN1', 'BECN2', 'BHLHA15', 'BMPR2', 'CARTPT', 'CASTOR1', 'CDKN1A', 'CHEK2', 'CLEC16A', 'CPEB4', 'DELE1', 'DEPDC5', 'EHMT2', 'EIF2AK1', 'EIF2AK2', 'EIF2AK3', 'EIF2AK4', 'EIF2S1', 'ELAPOR1', 'FADS1', 'FAS', 'FLCN', 'FNIP1', 'FOXK1', 'FOXK2', 'FOXO1', 'FOXO3', 'FOXO3B', 'GABARAP', 'GABARAPL1', 'GABARAPL2', 'GABARAPL3', 'GALP', 'GAS2L1', 'GCGR', 'GCN1', 'GIP', 'GPR155', 'HCRT', 'HFE', 'HNRNPA1', 'HSPA5', 'HSPA8', 'IFI16', 'IMPACT', 'INHBB', 'ITFG2', 'JMY', 'KAT5', 'KICS2', 'KLF10', 'KPTN', 'LAMP2', 'LARP1', 'LARS1', 'LRRK2', 'MAP1LC3A', 'MAP1LC3B', 'MAP1LC3B2', 'MAP1LC3C', 'MAP3K5', 'MAPK1', 'MAPK3', 'MAPK8', 'MCU', 'MFSD2A', 'MICU1', 'MIOS', 'MTMR3', 'MTOR', 'MYBBP1A', 'NPRL2', 'NPRL3', 'NUAK2', 'NUPR2', 'PAGE4', 'PAK1', 'PAK2', 'PAK3', 'PAK4', 'PAK5', 'PAK6', 'PCK1', 'PCK2', 'PCSK9', 'PDK4', 'PEX2', 'PICK1', 'PIK3C3', 'PIK3R4', 'PLIN2', 'PLIN3', 'PMAIP1', 'PPARA', 'PPARGC1A', 'PRKAA1', 'PRKAA2', 'PRKCH', 'PRKD1', 'PSENEN', 'RIPOR1', 'RNF152', 'RNF167', 'RPTOR', 'RRAGA', 'RRAGB', 'RRAGC', 'RRAGD', 'RRP8', 'SAMTOR', 'SAR1A', 'SAR1B', 'SEC22B', 'SEH1L', 'SESN1', 'SESN2', 'SESN3', 'SFRP1', 'SH3GLB1', 'SIRT1', 'SMDT1', 'SNAP29', 'SNAP47', 'SREBF1', 'SREBF2', 'STK11', 'STK24', 'STK26', 'STX17', 'STX4', 'SUV39H1', 'SZT2', 'TBC1D5', 'TBC1D7', 'TBL2', 'TFEB', 'TP53', 'TRIM32', 'TSC1', 'TSC2', 'TTC5', 'TULP3', 'ULK1', 'ULK2', 'ULK3', 'VAMP7', 'VAMP8', 'VPS41', 'WDR24', 'WDR45', 'WDR45B', 'WDR59', 'WIPI1', 'WIPI2', 'WRN', 'XBP1', 'YARS1', 'YME1L1', 'YWHAG', 'YWHAZ', 'ZC3H12A', 'ZFP36', 'ZFYVE1']",BP
75,MS,generation of precursor metabolites and energy,GO:0006091,"['ABCD1', 'ACADVL', 'ACO2', 'ACOX1', 'ACSM1', 'ACTN3', 'ADGRF5', 'ADIPOQ', 'ADPGK', 'ADRB3', 'AGL', 'AIFM2', 'AK4', 'AKR1E2', 'AKT1', 'AKT2', 'ALDH1L1', 'ALDH1L2', 'ALDOA', 'ALDOB', 'ALDOC', 'ANTKMT', 'APP', 'ARL2', 'ARNT', 'ASIP', 'ATG12', 'ATG2A', 'ATG2B', 'ATG3', 'ATP5F1A', 'ATP5F1B', 'ATP5F1C', 'ATP5F1D', 'ATP5F1E', 'ATP5F1EP2', 'ATP5IF1', 'ATP5ME', 'ATP5MF', 'ATP5MG', 'ATP5PB', 'ATP5PD', 'ATP5PF', 'ATP5PO', 'ATP7A', 'ATPSCKMT', 'AVP', 'AVPR1A', 'BCKDK', 'BLOC1S1', 'C2orf69', 'CBFA2T3', 'CCNB1', 'CDK1', 'CEBPA', 'CHCHD2', 'CHCHD5', 'COX4I1', 'COX4I2', 'COX5A', 'COX5B', 'COX6A1', 'COX6A2', 'COX6B1', 'COX6C', 'COX7A1', 'COX7A2', 'COX7A2P2', 'COX7B', 'COX7C', 'COX8A', 'COXFA4', 'COXFA4L2', 'CROT', 'CS', 'CSKMT', 'CXXC5', 'CYB561', 'CYC1', 'CYCS', 'DERA', 'DHRS2', 'DHTKD1', 'DLAT', 'DLD', 'DLST', 'DNAJC30', 'DYRK2', 'EIF6', 'ENO1', 'ENO2', 'ENO3', 'ENO4', 'ENOX2', 'ENPP1', 'EP300', 'EPM2A', 'EPM2AIP1', 'ETFA', 'ETFB', 'ETFDH', 'ETFRF1', 'FBP1', 'FDXR', 'FECH', 'FH', 'FLCN', 'FOXK1', 'FOXK2', 'G6PC1', 'G6PD', 'GAA', 'GAPDH', 'GAPDHS', 'GBE1', 'GCGR', 'GCK', 'GCKR', 'GFPT1', 'GFPT2', 'GHITM', 'GIPR', 'GIT1', 'GNPDA1', 'GPI', 'GRB10', 'GSK3A', 'GSK3B', 'GYG1', 'GYG2', 'GYS1', 'GYS2', 'H6PD', 'HCCS', 'HDAC4', 'HIF1A', 'HK1', 'HK2', 'HK3', 'HKDC1', 'IDE', 'IDH1', 'IDH2', 'IDH3A', 'IDH3B', 'IDH3G', 'IFNAR1', 'IFNG', 'IFNLR1', 'IGF1', 'IGF2', 'IL10RB', 'IL4', 'INPP5K', 'INS', 'INSR', 'IRS1', 'IRS2', 'ISCU', 'JMJD8', 'KGD4', 'KHK', 'LDHA', 'LDHAL6B', 'LEP', 'LEPR', 'LYRM7', 'MACROH2A1', 'MCHR1', 'MDH1', 'MDH1B', 'MDH2', 'MFN2', 'MIMS2', 'MLDHR', 'MLST8', 'MLXIPL', 'MRAP2', 'MT-ATP6', 'MT-ATP8', 'MT-CO1', 'MT-CO2', 'MT-CO3', 'MT-CYB', 'MT-ND1', 'MT-ND2', 'MT-ND3', 'MT-ND4', 'MT-ND4L', 'MT-ND5', 'MT-ND6', 'MTFR1', 'MTFR1L', 'MTFR2', 'MTLN', 'MTOR', 'NCOR1', 'NDOR1', 'NDUFA1', 'NDUFA10', 'NDUFA11', 'NDUFA12', 'NDUFA13', 'NDUFA2', 'NDUFA3', 'NDUFA5', 'NDUFA6', 'NDUFA7', 'NDUFA8', 'NDUFA9', 'NDUFAB1', 'NDUFAF1', 'NDUFB1', 'NDUFB10', 'NDUFB11', 'NDUFB2', 'NDUFB3', 'NDUFB4', 'NDUFB5', 'NDUFB6', 'NDUFB7', 'NDUFB8', 'NDUFB9', 'NDUFC1', 'NDUFC2', 'NDUFS1', 'NDUFS2', 'NDUFS3', 'NDUFS4', 'NDUFS5', 'NDUFS6', 'NDUFS7', 'NDUFS8', 'NDUFV1', 'NDUFV2', 'NDUFV3', 'NHLRC1', 'NNT', 'NOP53', 'NOS2', 'NR1D1', 'NR4A3', 'NUPR1', 'OGDH', 'OGDHL', 'OGT', 'OXA1L', 'P2RX7', 'PARK7', 'PASK', 'PDHA1', 'PDHA2', 'PDHB', 'PDHX', 'PDIA5', 'PDK1', 'PDK2', 'PDK3', 'PDK4', 'PDP1', 'PDPR', 'PDX1', 'PER2', 'PFK-P', 'PFKFB1', 'PFKFB2', 'PFKFB3', 'PFKFB4', 'PFKL', 'PFKM', 'PFKP', 'PGAM1', 'PGAM2', 'PGAM4', 'PGD', 'PGK1', 'PGK2', 'PGLS', 'PGM1', 'PHKA1', 'PHKA2', 'PHKB', 'PHKG1', 'PHKG2', 'PID1', 'PINK1', 'PKLR', 'PKM', 'PNPT1', 'POMC', 'POR', 'PPARA', 'PPARD', 'PPARGC1A', 'PPIF', 'PPP1R2', 'PPP1R3A', 'PPP1R3B', 'PPP1R3C', 'PPP1R3D', 'PPP1R3E', 'PPP1R3F', 'PPP1R3G', 'PRDM16', 'PRELID1', 'PRKAA1', 'PRKAA2', 'PRKAG1', 'PRKAG2', 'PRKAG3', 'PRXL2C', 'PSEN1', 'PTH', 'PYGB', 'PYGL', 'PYGM', 'RB1CC1', 'RBKS', 'RBPJ', 'RPE', 'RPEL1', 'RPIA', 'RPTOR', 'SDHA', 'SDHAF2', 'SDHAF4', 'SDHB', 'SDHC', 'SDHD', 'SELENOS', 'SHMT2', 'SHPK', 'SIRT3', 'SIRT4', 'SIRT6', 'SLC25A13', 'SLC25A14', 'SLC25A33', 'SLC25A4', 'SLC25A51', 'SLC2A6', 'SLC35A4', 'SLC4A4', 'SNCA', 'SORBS1', 'STARD7', 'STBD1', 'STING1', 'SUCLA2', 'SUCLG1', 'SUCLG2', 'SURF1', 'TALDO1', 'TEFM', 'THTPA', 'TIGAR', 'TKT', 'TP53', 'TPI1', 'TPK1', 'TRAP1', 'TRIM63', 'UCHL1', 'UCP2', 'UGP2', 'UQCC2', 'UQCC3', 'UQCR10', 'UQCR11', 'UQCRB', 'UQCRC1', 'UQCRC2', 'UQCRFS1', 'UQCRFS1P1', 'UQCRH', 'UQCRHL', 'UQCRQ', 'VCP', 'WDR45', 'WDR45B', 'WIPI1', 'WIPI2', 'XYLB', 'ZBTB20', 'ZBTB7A']",BP
77,MS,response to hypoxia,GO:0001666,"['ACAA2', 'ADA', 'ADAM17', 'ADAM8', 'ADO', 'AJUBA', 'AK4', 'ALAS2', 'ALKBH5', 'ANG', 'ANGPT4', 'ANGPTL4', 'AQP1', 'AQP3', 'ARNT', 'ARNT2', 'ASCL2', 'BAD', 'BBC3', 'BMP2', 'BMP7', 'BNIP3', 'BNIP3L', 'CAV1', 'CBFA2T3', 'CD24', 'CHCHD2', 'CHRNA4', 'CHRNA7', 'CHRNB2', 'CIAO3', 'CITED2', 'CLDN3', 'COXFA4L2', 'CPEB1', 'CPEB2', 'CXCR4', 'DDAH1', 'DDIT4', 'DPP4', 'EGLN1', 'EGLN2', 'EGLN3', 'EGR1', 'ENO1', 'EP300', 'EPAS1', 'EPHA4', 'FABP1', 'FAM162A', 'FMN2', 'FUNDC1', 'GATA6', 'HIF1A', 'HILPDA', 'HIPK2', 'HMOX2', 'HP1BP3', 'HSP90B1', 'HYOU1', 'ITPR1', 'ITPR2', 'KCND2', 'KCNMA1', 'LIMD1', 'LMNA', 'LONP1', 'LOXL2', 'MDM2', 'MDM4', 'MGARP', 'MLST8', 'MMP2', 'MT3', 'MTOR', 'MYC', 'MYOCD', 'NDRG1', 'NF1', 'NFE2L2', 'NGB', 'NKX3-1', 'NOL3', 'NOP53', 'NOS1', 'NOTCH1', 'NPEPPS', 'OPRD1', 'P4HB', 'PDK1', 'PDK3', 'PGF', 'PGK1', 'PIN1', 'PINK1', 'PLEKHN1', 'PLOD1', 'PLOD2', 'PMAIP1', 'PML', 'PPARG', 'PRKAA1', 'PTGIS', 'PTGS2', 'REST', 'RGCC', 'ROCK2', 'RORA', 'RPTOR', 'RWDD3', 'RYR1', 'RYR2', 'SCN2A', 'SFRP1', 'SIRT1', 'SIRT2', 'SLC8A3', 'SMAD3', 'SMAD4', 'SRF', 'STUB1', 'SUV39H1', 'SUV39H2', 'TBL2', 'TERT', 'TGFB1', 'TGFB2', 'TGFB3', 'TH', 'THBS1', 'TIGAR', 'TM9SF4', 'TMBIM6', 'TP53', 'TWIST1', 'UBQLN1', 'UCP2', 'USF1', 'USP19', 'VEGFA', 'VEGFB', 'VEGFC', 'VEGFD', 'VHL', 'WTIP', 'ZFP36L1']",BP
78,MS,negative regulation of cell population proliferation,GO:0008285,"['A8KAE3', 'ABI1', 'ACVR1C', 'ACVRL1', 'ADAMTS1', 'ADAMTS8', 'ADARB1', 'ADGRB1', 'ADGRG1', 'ADIPOQ', 'ADORA3', 'ADRA1A', 'AIF1', 'AIMP1', 'AKIRIN1', 'ALDH1A2', 'ALOX15B', 'ALOX5', 'ANG', 'APC', 'APLN', 'APOD', 'APOE', 'APOH', 'APP', 'APPL2', 'AQP11', 'AR', 'ARG1', 'ARID2', 'ATF5', 'ATG101', 'ATG13', 'ATM', 'ATOH8', 'ATP5F1A', 'ATP5IF1', 'ATP8A2', 'ATRAID', 'AVPR2', 'AZGP1', 'B2M', 'B2RAG9', 'B4GALT7', 'BAP1', 'BMP2', 'BMP4', 'BMP5', 'BMP7', 'BMPR1B', 'BMPR2', 'BNIPL', 'BPGF-1', 'BRCA2', 'BTG1', 'BTG2', 'BTG3', 'BTG4', 'BTLA', 'BTN2A2', 'CASK', 'CAV1', 'CAV2', 'CBFA2T3', 'CCL2', 'CCL23', 'CCL3L1', 'CCN3', 'CCN6', 'CD200', 'CD274', 'CD300A', 'CD33', 'CD80', 'CD86', 'CDC6', 'CDC73', 'CDH13', 'CDK10', 'CDK6', 'CDKN1A', 'CDKN1B', 'CDKN1C', 'CDKN2A', 'CDKN2B', 'CDKN2C', 'CDKN2D', 'CDKN3', 'CEACAM1', 'CEBPA', 'CEBPB', 'CELF1', 'CER1', 'CERS2', 'CGREF1', 'CGRRF1', 'CHD5', 'CHERP', 'CIB1', 'CLDN19', 'CLDN3', 'CLMN', 'CNMD', 'CNN1', 'CNOT7', 'CNTF', 'CNTFR', 'COL18A1', 'COL4A3', 'COPS8', 'CR1', 'CRP', 'CRTAM', 'CSNK2B', 'CTBP1', 'CTBP2', 'CTCF', 'CTLA4', 'CTNNB1', 'CTNNBIP1', 'CXCL1', 'CXCL8', 'CXCR3', 'CYP1B1', 'CYP27B1', 'DAB2IP', 'DDAH1', 'DELEC1', 'DHRS2', 'DICER1', 'DIS3L2', 'DLC1', 'DLEC1', 'DLG3', 'DLG5', 'DLL1', 'DLL4', 'DNAJA3', 'DNAJB2', 'DRC4', 'DRD2', 'DSC1', 'DUSP10', 'DUX4', 'E2F1', 'E2F3', 'ECRG4', 'EEF1E1', 'EFEMP2', 'EIF2AK2', 'EMD', 'ENPP3', 'ENPP7', 'EPHB1', 'EPPK1', 'ERBB4', 'EREG', 'ETS1', 'F2R', 'FABP3', 'FABP6', 'FABP7', 'FAP', 'FBLN1', 'FBXW7', 'FCGR2B', 'FGFBP1', 'FGFR2', 'FKTN', 'FLCN', 'FLT1', 'FOXO4', 'FOXP3', 'FRZB', 'FTH1', 'FUZ', 'GATA2', 'GATA3', 'GATA6', 'GDF2', 'GDF5', 'GDF8', 'GDPD2', 'GHRL', 'GLMN', 'GML', 'GPER1', 'GPLD1', 'GPNMB', 'GREM1', 'GSDME', 'GSTP1', 'GTPBP4', 'H2AC4', 'H2AC6', 'HES1', 'HGS', 'HLA-DRB1', 'HLA-E', 'HLA-G', 'HMGA1', 'HMOX1', 'HNF4A', 'HPN', 'HRAS', 'HRG', 'HSPA1A', 'HSPA1B', 'IFI35', 'IFIT3', 'IFITM1', 'IFNG', 'IFNK', 'IFNL1', 'IFNLR1', 'IGFBP3', 'IGFBP5', 'IGFBP6', 'IGFBP7', 'IHH', 'IL10', 'IL12A', 'IL12B', 'IL1A', 'IL1B', 'IL26', 'IL33', 'IL4I1', 'IL6', 'INCA1', 'ING1', 'ING4', 'ING5', 'INHBA', 'INSM1', 'IRF1', 'IRF6', 'ITGA1', 'ITGB1BP1', 'JAK2', 'KANK2', 'KAT2B', 'KDF1', 'KDM2B', 'KLF10', 'KLF11', 'KLF4', 'KLF9', 'KRIT1', 'KRT4', 'LDOC1', 'LGALS9', 'LGALS9B', 'LGALS9C', 'LILRB1', 'LILRB2', 'LILRB4', 'LMNA', 'LST1', 'LYN', 'MAGED1', 'MAGI2', 'MAP2K1', 'MARVELD3', 'MCC', 'MDM4', 'MED1', 'MED25', 'MEF2C', 'MEN1', 'MFN2', 'MINAR1', 'MMRN2', 'MN1', 'MNDA', 'MORC3', 'MSTN', 'MTSS1', 'MYC', 'MYO16', 'MYOCD', 'MYOG', 'NACC2', 'NCK2', 'NDRG4', 'NELL1', 'NEURL1', 'NF1', 'NF2', 'NFIB', 'NGF', 'NGFR', 'NHERF1', 'NIBAN2', 'NKX3-1', 'NLRC3', 'NME1', 'NMI', 'NODAL', 'NOG', 'NOS3', 'NOTCH1', 'NOX4', 'NPM1', 'NR2F2', 'NTRK1', 'NUDT6', 'NUP62', 'NUPR1', 'NUPR2', 'OGN', 'OPRM1', 'OSM', 'OVOL2', 'P3H1', 'P3H2', 'P3H3', 'PAK1', 'PARP10', 'PBRM1', 'PDCD10', 'PDCD1LG2', 'PDCD4', 'PDPN', 'PDS5B', 'PER2', 'PEX2', 'PHB1', 'PHF14', 'PHF7', 'PIM2', 'PINX1', 'PKD2', 'PLA2G2A', 'PLA2G2D', 'PLA2G2F', 'PLA2G5', 'PLAAT4', 'PLPP1', 'PLXNB1', 'PML', 'PODN', 'POU1F1', 'PPARG', 'PPARGC1A', 'PPM1D', 'PPP2R5C', 'PRKAR1A', 'PRKG1', 'PRKRA', 'PRL', 'PRNP', 'PROX1', 'PTEN', 'PTGIR', 'PTHLH', 'PTK2B', 'PTN', 'PTPN11', 'PTPN14', 'PTPN2', 'PTPN6', 'PTPRJ', 'PTPRK', 'PTPRM', 'PTPRU', 'Q8TD27', 'Q9NP35', 'RAF1', 'RAPGEF2', 'RARG', 'RARRES1', 'RB1CC1', 'RBBP4', 'RBM5', 'RBP4', 'RC3H1', 'RERG', 'RGCC', 'RNF10', 'RNF139', 'RNF41', 'ROBO1', 'RPS6KA2', 'RUNX3', 'S100A11', 'SAV1', 'SCG2', 'SCIN', 'SCRIB', 'SDC4', 'SFRP1', 'SFRP2', 'SFRP4', 'SFRP5', 'SFTPD', 'SH2B3', 'SH3BP4', 'SIRPG', 'SIRT2', 'SKI', 'SLC16A2', 'SLC4A2', 'SLURP1', 'SMAD3', 'SMAD6', 'SMARCA2', 'SMYD2', 'SNAI2', 'SOD2', 'SOX11', 'SOX9', 'SPARC', 'SPEG', 'SPIN4', 'SPN', 'SST', 'SSTR1', 'SSTR2', 'SSTR3', 'SSTR4', 'SSTR5', 'ST18', 'STAT1', 'STK11', 'STRN', 'SULF1', 'SULT2B1', 'SYNJ2BP', 'TAFA5', 'TARM1', 'TBRG1', 'TBX3', 'TBX5', 'TENM1', 'TENT5B', 'TES', 'TESC', 'TFAP2A', 'TFAP2B', 'TFAP4', 'TFDP1', 'TGFB1', 'TGFB1I1', 'TGFB2', 'TGFB3', 'TGFBR3', 'THAP12', 'THBS1', 'TIAL1', 'TINF2', 'TMEM115', 'TMEM127', 'TMEM131L', 'TMEM196', 'TMIGD1', 'TMIGD3', 'TNFAIP3', 'TNFRSF13B', 'TNFRSF14', 'TNFRSF21', 'TNFRSF8', 'TNFRSF9', 'TNMD', 'TNS2', 'TOB1', 'TOB2', 'TP53', 'TP53I11', 'TP53INP1', 'TP73', 'TPM1', 'TREM2', 'TRIB1', 'TRIM32', 'TSC1', 'TSC2', 'TSC22D1', 'TWSG1', 'TYROBP', 'ULK1', 'UMOD', 'UTP20', 'VASH1', 'VDR', 'VGLL4', 'VHL', 'VSIG4', 'VSIR', 'VTCN1', 'WARS1', 'WDR6', 'WNK2', 'WNT5A', 'WNT9A', 'WT1', 'WWC1', 'WWC2', 'WWC3', 'XCL1', 'ZBTB17', 'ZBTB49', 'ZBTB7B', 'ZBTB7C', 'ZNF268', 'ZNF503', 'ZNF777']",BP
79,MS,response to hormone,GO:0009725,"['A1BG', 'ABCA2', 'ABHD2', 'ACE', 'ACOD1', 'ACTN2', 'ACTN4', 'ADAM9', 'ADCY1', 'ADCY2', 'ADCY3', 'ADCY4', 'ADCY5', 'ADCY6', 'ADCY7', 'ADCY8', 'ADCY9', 'ADIPOQ', 'ADIPOR1', 'ADIPOR2', 'ADRA1A', 'ADRA2A', 'ADTRP', 'AGT', 'AGTR1', 'AGTR2', 'AHCYL1', 'AHSG', 'AKR1C1', 'AKR1C2', 'AKR1C3', 'AKR1C4', 'AKT1', 'AKT2', 'AKT3', 'ANG', 'ANKRD13C', 'ANXA1', 'AP3S1', 'APC', 'APPL1', 'APPL2', 'AQP1', 'AR', 'ARID5A', 'ASH2L', 'ASXL1', 'ATP1A1', 'ATP1A2', 'ATP1A3', 'ATP2B1', 'AVPR1A', 'AVPR1B', 'AVPR2', 'B2RAG9', 'B3KVH4', 'BAIAP2', 'BBS2', 'BBS4', 'BCAR1', 'BCAR3', 'BCAS3', 'BCL2L11', 'BGLAP', 'BLVRB', 'BMAL1', 'BRCA1', 'BRD8', 'C1QTNF12', 'C2CD5', 'CA2', 'CACNA1H', 'CALCOCO1', 'CALCR', 'CALR', 'CAMK2A', 'CAPN10', 'CARM1', 'CAV1', 'CAV2', 'CCDC62', 'CCKAR', 'CCL19', 'CCL21', 'CCND1', 'CCR7', 'CD24', 'CDK12', 'CEACAM1', 'CELA2A', 'CGA', 'CGB3', 'CITED1', 'CITED2', 'CITED4', 'CLDN18', 'CLOCK', 'CNOT1', 'CNOT2', 'CNOT9', 'CPEB1', 'CPEB2', 'CREB1', 'CRHBP', 'CRHR1', 'CRHR2', 'CRY1', 'CRY2', 'CSF2RA', 'CSH1', 'CSH2', 'CSHL1', 'CSN1S1', 'CSNK2B', 'CST11', 'CTBP2', 'CTSB', 'CTSH', 'CTSL', 'CTSS', 'CUL3', 'CUL7', 'CYP11A1', 'CYP11B1', 'CYP11B2', 'CYP24A1', 'CYP26A1', 'CYP26B1', 'CYP26C1', 'CYP27B1', 'DAB2', 'DAXX', 'DDRGK1', 'DDX17', 'DDX5', 'DDX54', 'DEFA1', 'DEFA3', 'DENND4C', 'DHRS3', 'DNAAF4', 'ECHDC3', 'EFCAB6', 'EGLN2', 'EIF2B1', 'EIF2B2', 'EIF2B3', 'EIF2B4', 'EIF2B5', 'EIF6', 'ENPP1', 'EP300', 'EPRS1', 'ERFE', 'ESR1', 'ESR2', 'EZH2', 'FAM107A', 'FBXW8', 'FER', 'FFAR3', 'FHL2', 'FOXA1', 'FOXC2', 'FOXH1', 'FOXO1', 'FOXO4', 'FOXP1', 'FSHR', 'FUT7', 'GAB1', 'GATA3', 'GCGR', 'GCK', 'GCLC', 'GDF15', 'GH1', 'GH2', 'GHR', 'GHRHR', 'GHRL', 'GHSR', 'GKAP1', 'GLP1R', 'GLP2R', 'GNAI1', 'GNAI2', 'GNAQ', 'GNAS', 'GNB1', 'GNG2', 'GNRHR', 'GNRHR2', 'GOT1', 'GPER1', 'GPLD1', 'GPR150', 'GPR173', 'GPR22', 'GRB10', 'GRB14', 'GRB2', 'GRB7', 'GSK3A', 'GSK3B', 'GSTM3', 'GTF2H1', 'HCLS1', 'HCRTR1', 'HCRTR2', 'HDAC1', 'HDAC2', 'HDAC5', 'HDAC6', 'HDAC9', 'HEYL', 'HNRNPU', 'HPN', 'HSPA1A', 'HSPA1B', 'HSPA8', 'IDE', 'IGF1', 'IGF1R', 'IGF2', 'IGFBP2', 'IGFBP5', 'IL10', 'IL1B', 'IL1RN', 'IL23R', 'IL6', 'INHBB', 'INPP5K', 'INS', 'INSIG1', 'INSIG2', 'INSR', 'INSRR', 'IRS1', 'IRS2', 'IRS4', 'ISL1', 'JAK1', 'JAK2', 'JAK3', 'JUN', 'JUNB', 'JUND', 'KANK1', 'KANK2', 'KAT2B', 'KBTBD2', 'KDM1A', 'KDM3A', 'KDM4C', 'KDM5D', 'KHK', 'KLF2', 'KLF9', 'KMT2D', 'KRT19', 'LANCL2', 'LATS1', 'LATS2', 'LEP', 'LEPR', 'LEPROT', 'LEPROTL1', 'LHB', 'LHCGR', 'LMO3', 'LPIN1', 'LPIN2', 'LPIN3', 'LRP2', 'LYN', 'MAPKAP1', 'MAS1', 'MBD5', 'MC4R', 'ME1', 'MEAK7', 'MED1', 'MEF2C', 'MGARP', 'MKKS', 'MN1', 'MTCL2', 'MTOR', 'MYO5A', 'MZB1', 'NAMPT', 'NCK1', 'NCOA1', 'NCOA2', 'NCOA3', 'NCOA4', 'NCOA6', 'NCOR1', 'NCOR2', 'NEDD4', 'NEUROD1', 'NFKB1', 'NKX2-1', 'NKX3-1', 'NODAL', 'NOS1', 'NOS2', 'NOS3', 'NOTCH1', 'NPFFR1', 'NPFFR2', 'NR0B1', 'NR1D1', 'NR1D2', 'NR1H2', 'NR1H3', 'NR2C1', 'NR2E1', 'NR3C1', 'NR3C2', 'NR4A1', 'NR4A2', 'NR4A3', 'NR5A1', 'NR5A2', 'NSMF', 'NUCKS1', 'OCSTAMP', 'OGT', 'OR51E2', 'OSTN', 'OTOP1', 'OXTR', 'PADI2', 'PAGR1', 'PAK1', 'PAQR7', 'PAQR8', 'PARK7', 'PARP1', 'PAX8', 'PCK1', 'PCK2', 'PCSK9', 'PDCD7', 'PDE3A', 'PDE3B', 'PDK2', 'PDK4', 'PDPK1', 'PDPK2P', 'PELP1', 'PER1', 'PGR', 'PGRMC2', 'PHB1', 'PHIP', 'PIAS2', 'PID1', 'PIK3C2A', 'PIK3CA', 'PIK3R1', 'PIK3R2', 'PIK3R3', 'PIM1', 'PIP4K2A', 'PIP4K2B', 'PIP4K2C', 'PKLR', 'PKM', 'PKN1', 'PLA2G1B', 'PLA2G2A', 'PLPP1', 'PMEPA1', 'POMC', 'POR', 'POU4F2', 'PPARA', 'PPARD', 'PPARG', 'PPARGC1B', 'PPP3CA', 'PRAME', 'PRKAA2', 'PRKAR1A', 'PRKAR1B', 'PRKAR2A', 'PRKAR2B', 'PRKCA', 'PRKCB', 'PRKCD', 'PRKCI', 'PRKCQ', 'PRKCZ', 'PRKDC', 'PRL', 'PRLH', 'PRLR', 'PRMT2', 'PROKR1', 'PROKR2', 'PTGDR', 'PTGDR2', 'PTGER1', 'PTGER2', 'PTGER4', 'PTGFR', 'PTH', 'PTK2', 'PTPN1', 'PTPN11', 'PTPN2', 'PTPRE', 'PXN', 'Q9H2M1', 'QRFPR', 'RAB10', 'RAB13', 'RAB31', 'RAB8A', 'RAMP1', 'RAMP2', 'RAMP3', 'RARA', 'RARB', 'RARG', 'RARRES2', 'RBBP5', 'RBFOX2', 'RBM14', 'RBX1', 'REG1A', 'REG1B', 'REG3A', 'REG3G', 'RELA', 'RERG', 'REST', 'RHOQ', 'RHOXF1', 'RNF14', 'RNF6', 'ROBO2', 'ROCK1', 'ROCK2', 'RPS6KB1', 'RWDD1', 'RXFP1', 'RXFP2', 'RXRA', 'RXRB', 'RXRG', 'SAFB', 'SAFB2', 'SCGB2A1', 'SCGB2A2', 'SCNN1A', 'SCNN1B', 'SCNN1D', 'SCNN1G', 'SELENOS', 'SERPINB9', 'SFR1', 'SFRP1', 'SFRP4', 'SH2B2', 'SHC1', 'SIK2', 'SIRT1', 'SLC24A4', 'SLC25A33', 'SLC27A1', 'SLC27A4', 'SLC2A1', 'SLC2A4', 'SLC30A10', 'SLC34A2', 'SLC39A14', 'SLC5A5', 'SLIT2', 'SLIT3', 'SMAD3', 'SMARCA4', 'SNAI2', 'SNW1', 'SNX5', 'SOCS1', 'SOCS2', 'SOCS7', 'SORBS1', 'SORL1', 'SORT1', 'SOST', 'SOX30', 'SRARP', 'SRC', 'SRF', 'SST', 'SSTR1', 'SSTR2', 'SSTR3', 'SSTR4', 'SSTR5', 'STAT1', 'STAT2', 'STAT3', 'STAT4', 'STAT5A', 'STAT5B', 'STAT6', 'STEAP2', 'STRN3', 'STXBP4', 'SYAP1', 'TADA3', 'TAF1', 'TBC1D4', 'TBX1', 'TCF12', 'TCF21', 'TCF7L2', 'TFPI', 'TGFB1', 'TGFB2', 'TGFB3', 'TGFBR3', 'THBS1', 'THRA', 'THRB', 'TIMP1', 'TIMP2', 'TIMP3', 'TIMP4', 'TMF1', 'TNF', 'TNFSF4', 'TNS2', 'TRARG1', 'TRERF1', 'TRIB3', 'TRIM16', 'TRIM24', 'TRIM25', 'TRIM68', 'TRIP4', 'TSC1', 'TSC2', 'TSHR', 'TYK2', 'UBA5', 'UBE2L3', 'UBE3A', 'UBR5', 'UCN2', 'UCN3', 'UCP1', 'UFL1', 'UFM1', 'UFSP2', 'UGCG', 'UGT1A1', 'UGT1A10', 'UGT1A3', 'UGT1A4', 'UGT1A5', 'UGT1A6', 'UGT1A7', 'UGT1A8', 'UGT1A9', 'URI1', 'USF1', 'USP26', 'VAMP2', 'VDR', 'VPS11', 'VPS18', 'VWA2', 'WBP2', 'WT1', 'XBP1', 'YAP1', 'YWHAH', 'ZBED3', 'ZBTB7A', 'ZBTB7B', 'ZDHHC7', 'ZFP36', 'ZFP36L1', 'ZFP36L2', 'ZMIZ1', 'ZNF366', 'ZNF764']",BP
80,MS,cellular response to oxidative stress,GO:0034599,"['ABCC1', 'ABCD1', 'ABL1', 'ABL2', 'ADPRS', 'AGAP3', 'AIF1', 'AIFM2', 'AKT1', 'ALB', 'ALDH3B1', 'ALOX5', 'ANKZF1', 'APOA4', 'AQP1', 'ARNT', 'ATF4', 'ATM', 'ATP13A2', 'ATP7A', 'BMAL1', 'BMP7', 'BRF2', 'CAMKK2', 'CAT', 'CCS', 'CHCHD2', 'CIAPIN1', 'CRYGD', 'CUL1', 'CUL3', 'CYGB', 'CYP1B1', 'DAPK1', 'DHFR', 'DHRS2', 'ECT2', 'EDN1', 'EIF2S1', 'ERCC6L2', 'ERMP1', 'ETV5', 'FABP1', 'FANCC', 'FBLN5', 'FBXO31', 'FER', 'FOS', 'FOXO1', 'FOXO3', 'FXN', 'FYN', 'G6PD', 'GCH1', 'GPR37', 'GPR37L1', 'GPX1', 'GPX2', 'GPX3', 'GPX4', 'GPX5', 'GPX6', 'GPX7', 'GPX8', 'GSR', 'HDAC6', 'HGF', 'HIF1A', 'HM13', 'HSPA1A', 'HSPA1B', 'HTRA2', 'IL6', 'KEAP1', 'LONP1', 'LRRK2', 'MAP3K5', 'MAPK13', 'MAPK7', 'MAPK8', 'MAPK9', 'MAPT', 'MB', 'MET', 'MGAT3', 'MGST1', 'MMP3', 'MT3', 'NDOR1', 'NET1', 'NFE2L2', 'NOS3', 'NQO1', 'NUDT2', 'OGG1', 'OSER1', 'PAM', 'PARK7', 'PARP1', 'PDCD10', 'PDGFRA', 'PDK2', 'PEX10', 'PEX12', 'PEX13', 'PEX14', 'PEX2', 'PEX5', 'PINK1', 'PJVK', 'PKD2', 'PLA2R1', 'PLEKHA1', 'PNPT1', 'PPARGC1A', 'PPEF2', 'PPIA', 'PPIF', 'PRDX1', 'PRDX2', 'PRDX3', 'PRDX5', 'PRKAA1', 'PRKAA2', 'PRKCD', 'PRKD1', 'PRKN', 'PRR5L', 'PTPRK', 'PXN', 'PYCR1', 'PYCR2', 'PYROXD1', 'RACK1', 'RAD52', 'RBM11', 'RBX1', 'RELA', 'RHOB', 'RIPK1', 'RIPK3', 'ROMO1', 'RPS3', 'SELENOS', 'SESN2', 'SETX', 'SIRPA', 'SIRT1', 'SIRT2', 'SIRT3', 'SLC25A14', 'SLC25A24', 'SLC4A11', 'SNCA', 'SOD1', 'SOD2', 'SOD3', 'SRC', 'SRXN1', 'STK24', 'STK25', 'STK26', 'STX2', 'STX4', 'SUMO4', 'SZT2', 'TBC1D24', 'TET1', 'TMEM161A', 'TNFAIP3', 'TP53', 'TPM1', 'TRAP1', 'TRPA1', 'TRPM2', 'TXN', 'UCP1', 'VKORC1L1', 'VRK2', 'WNT16', 'ZC3H12A', 'ZFAND1', 'ZNF580']",BP
81,MS,mitochondrion organization,GO:0007005,"['ACAA2', 'ACAD9', 'ADCK1', 'AFG1L', 'AGK', 'AGTPBP1', 'AIFM1', 'AIFM2', 'AKT1', 'AKT3', 'APOO', 'APOOL', 'ATAD3A', 'ATAD3B', 'ATAD3C', 'ATF2', 'ATG3', 'ATP13A2', 'ATP23', 'ATP2A1', 'ATP5F1D', 'ATP7A', 'ATPAF1', 'ATPAF2', 'AURKA', 'BAD', 'BAK1', 'BAX', 'BBC3', 'BCL2', 'BCL2A1', 'BCL2L1', 'BCL2L10', 'BCL2L11', 'BCL2L2', 'BCS1L', 'BID', 'BIK', 'BLOC1S2', 'BMF', 'BNIP3', 'BNIP3L', 'BOK', 'CAMK2A', 'CAV2', 'CCAR2', 'CEP89', 'CHCHD10', 'CHCHD2', 'CHCHD2P9', 'CHCHD3', 'CHCHD4', 'CHCHD6', 'CHCHD7', 'CIBAR1', 'CLPP', 'CLU', 'CLUH', 'CMC1', 'COA1', 'COA3', 'COA5', 'COA6', 'COA7', 'COA8', 'COX11', 'COX14', 'COX16', 'COX17', 'COX18', 'COX19', 'COX20', 'COX7A1', 'COX7A2L', 'CXADR', 'CYRIB', 'DCN', 'DDHD1', 'DMAC1', 'DMAC2', 'DNAJA3', 'DNAJC11', 'DNM1L', 'ECSIT', 'ENDOG', 'EP300', 'ERBB4', 'FAM162A', 'FANCG', 'FASTKD3', 'FIS1', 'FMC1', 'FOXRED1', 'FUNDC1', 'FXN', 'FZD9', 'GABPB1', 'GBA1', 'GDAP1', 'GGCT', 'GHITM', 'GOLPH3', 'GPER1', 'GPX1', 'GSK3A', 'GSK3B', 'GZMK', 'HAX1', 'HGF', 'HIGD1A', 'HIGD1B', 'HIGD1C', 'HIGD2A', 'HIGD2B', 'HIP1R', 'HK2', 'HRK', 'HSD17B10', 'HSPA1A', 'HSPA9', 'HSPD1', 'HTRA2', 'HUWE1', 'IFI6', 'IFIT2', 'IGF1', 'IMMT', 'INF2', 'KDR', 'KIF28P', 'LETM1', 'LETM2', 'LETMD1', 'LONP1', 'LRRK2', 'LYRM2', 'LYRM7', 'MAIP1', 'MAPT', 'MARCHF5', 'MCL1', 'MCU', 'MFF', 'MFI', 'MFN1', 'MFN2', 'MGARP', 'MICOS10', 'MICOS13', 'MICU1', 'MIEF1', 'MIEF2', 'MIGA1', 'MIGA2', 'MIMS1', 'MISO1', 'MLLT11', 'MMP9', 'MOAP1', 'MPV17L', 'MSTO1', 'MT-ND1', 'MT-ND2', 'MT-ND4', 'MT-ND5', 'MT-ND6', 'MT-RNR2', 'MTCH1', 'MTCH2', 'MTFP1', 'MTFR1', 'MTFR1L', 'MTFR2', 'MTLN', 'MTM1', 'MTRNR2L5', 'MTX1', 'MTX2', 'MTX3', 'MUL1', 'MYH14', 'MYO19', 'NAIF1', 'NDUFA13', 'NDUFA6', 'NDUFAF1', 'NDUFAF2', 'NDUFAF3', 'NDUFAF4', 'NDUFAF5', 'NDUFAF6', 'NDUFAF7', 'NDUFAF8', 'NDUFC2', 'NDUFS1', 'NDUFS2', 'NDUFS3', 'NDUFS4', 'NDUFS5', 'NDUFS7', 'NDUFS8', 'NIPSNAP2', 'NME3', 'NOA1', 'NOL3', 'NOS3', 'NUBPL', 'OCIAD2', 'OMA1', 'OPA1', 'OXA1L', 'PARK7', 'PARL', 'PARP1', 'PDE2A', 'PET100', 'PET117', 'PGAM5', 'PHB1', 'PHB2', 'PID1', 'PINK1', 'PISD', 'PLAUR', 'PLD6', 'PLSCR3', 'PMAIP1', 'PNPT1', 'PPARG', 'PPARGC1A', 'PPIF', 'PRDX3', 'PRELID1', 'PRELID3B', 'PRKACA', 'PRKN', 'PRMT6', 'PSMD10', 'PTCD2', 'PTPMT1', 'PYCARD', 'PYROXD2', 'RAB29', 'RAB32', 'RAB38', 'RAB5IF', 'RALA', 'RALBP1', 'RAP1GDS1', 'RCC1L', 'RHOT1', 'RHOT2', 'ROMO1', 'RTL10', 'SAMM50', 'SCO1', 'SCO2', 'SDHAF1', 'SDHAF2', 'SDHAF3', 'SDHAF4', 'SFN', 'SIRT3', 'SIRT4', 'SIRT5', 'SIRT7', 'SLC25A33', 'SLC25A46', 'SLC25A5', 'SLC30A9', 'SLC35F6', 'SMIM20', 'SOD2', 'SPATA18', 'SPATA19', 'SPIRE1', 'SQSTM1', 'SSBP1', 'STARD7', 'STAT2', 'STMP1', 'STOML2', 'STOX1', 'STPG1', 'SUPV3L1', 'SURF1', 'TAFAZZIN', 'TERT', 'TFRC', 'THEM4', 'THG1L', 'TIMM10', 'TIMM10B', 'TIMM13', 'TIMM21', 'TIMM22', 'TIMM29', 'TIMM50', 'TIMM8A', 'TIMM8B', 'TIMM9', 'TMEM102', 'TMEM11', 'TMEM126A', 'TMEM126B', 'TMEM14A', 'TMEM186', 'TMEM223', 'TMEM242', 'TMEM70', 'TMX2', 'TNFSF10', 'TOMM20', 'TOMM22', 'TOMM40', 'TOMM5', 'TOMM6', 'TOMM7', 'TOMM70', 'TP53', 'TRABD', 'TRIAP1', 'TTC19', 'UCP2', 'UQCC1', 'UQCC2', 'UQCC3', 'UQCC4', 'UQCC5', 'UQCC6', 'UQCRFS1', 'USP30', 'VAT1', 'VDAC2', 'VPS13A', 'VPS13C', 'VPS13D', 'VPS35', 'WASF1', 'WDR81', 'YME1L1', 'ZNF205']",BP
