,Name,Term,ES,NES,NOM p-val,FDR q-val,FWER p-val,Tag %,Gene %,Lead_genes,Tissue,cell_type
0,prerank,RS,0.4564866833709799,1.9982573493412845,0.001,0.001,0.001,77/225,21.73%,H4C3;H1-3;H1-2;H1-4;HMGA1;DUT;BCL7A;H2AZ2;ZBTB38;RFC1;PRKDC;TOPBP1;RAD21;PSMB2;GEN1;PSMA4;USP7;CUL3;PSMB3;PELI1;ROMO1;PARP1;CCT2;CCT5;NUCKS1;RPS27L;PRMT1;POLR2J;CCT8;CDK6;PSMA6;ANKRD28;DYNLL1;TAF10;SMC3;ZNF827;BRD7;KHDRBS1;PBRM1;RPA2;PPP4C;SETD2;SMARCC1;SMG6;RBX1;HSP90AA1;TERF2IP;PRIM2;S100A11;DBF4;SHLD2;PDS5B;FAF1;ADAM17;RPA3;FBXW7;HNRNPD;UBE2A;PPP2CA;DCP2;GSPT1;PTGES3;POGZ;NSMCE2;TOP1;ACTB;CCT3;PSMA3;HNRNPA2B1;ELOB;NAP1L1;TNKS;PSMA7;HNRNPU;SFPQ;NABP1;ACTR2,Colon,B cell
1,prerank,TIS,0.3005820039708017,1.3670369062578038,0.008875739644970414,0.023676880222841225,0.032,66/341,14.88%,HMGB2;H4C3;PITPNC1;IRAG2;H1-2;DUT;BCL7A;DEK;CBX5;PVT1;H2AZ2;EYA3;ZBTB38;RFC1;BAZ1B;CD38;PRKDC;TOPBP1;HIPK2;AIM2;HMGB1;RAD21;CBX3;MACROD2;PSMB2;TCEA1;CRIP1;GEN1;S100A10;LDHB;PSMA4;USP7;PSMB3;PELI1;PARP1;NUCKS1;RPS27L;PRMT1;SMC1A;POLR2J;CD82;PSMA6;MBD4;UBE2I;XPC;TAF10;BRD7;UBR5;CD81;PBRM1;NFAT5;GSTP1;RPA2;PPP4C;SETD2;SMARCC1;PARK7;RBX1;TERF2IP;S100A4;DBF4;SHLD2;PDS5B;ADAM17;RPA3;FBXW7,Colon,B cell
2,prerank,Common,0.26405771459305344,1.3101509115571868,0.001,0.037140204271123495,0.074,218/1056,16.87%,STMN1;HMGB2;H4C3;H1-3;H1-2;TUBB;H1-4;DNMT1;HMGA1;STK39;CD86;UBE2J1;BCL7A;DEK;H2AZ1;CBX5;SEC14L1;UBE2S;GAPDH;MDFIC;NEK6;VGLL4;SNRPD1;HMGN2;H2AZ2;EYA3;CKS2;CD27;ZBTB38;JPT1;RBBP7;ITGAL;RFC1;ANP32B;SEMA4D;RASGRP1;RFTN1;PIP4K2A;LCP1;TMPO;PLEK;NLK;ANAPC11;SLC25A5;BAZ1B;CD38;PRKDC;TOPBP1;HIPK2;AIM2;HMGB1;AMFR;EPS15;DDX39A;LYPLA1;TUBB4B;RAN;RAD21;CBX3;SRPK1;MACROD2;PSMB2;EIF3A;LYPLAL1;PSMD1;VPS29;CD58;MGAT4A;CRIP1;GEN1;S100A10;PSIP1;PSMA4;ROCK2;PA2G4;USP7;RTN3;PRDX6;NF1;CUL3;BICD1;HSPD1;PSMB3;ACTG1;PELI1;ODC1;NUP210;ROMO1;PARP1;NAA38;CAB39;BUB3;LBR;ST3GAL3;RBBP4;NUCKS1;RPS27L;PRMT1;VDAC1;SMC1A;FAM76B;SND1;MTMR14;IGHA2;HSPH1;CDK6;CD82;PRDX1;YWHAQ;NUDC;CFLAR;RAB3GAP2;GSK3B;HSPA4;USP6NL;MAP2K2;PSMA6;PSMD7;LGALS1;PPP2R1A;DYNLL1;PABPC4;MBD4;UBE2I;SCMH1;CFL1;XPC;SUZ12;SIVA1;RICTOR;PSMC5;TAF10;MIOS;LARP7;PPIA;SYK;BRD7;UBR5;CD81;TBK1;MSRA;ZBTB8OS;MTF2;ATP5F1A;PBRM1;NFAT5;SREBF2;GSTP1;RPA2;YWHAE;PPP4C;MAPKAP1;SETD2;VPS13A;SMARCC1;FUT8;SNAP23;DDT;PARK7;EHMT1;XPO1;NASP;AKIRIN2;RBX1;HSP90AA1;TERF2IP;RAC1;PRIM2;DNAJC7;S100A11;MAPRE1;ETS1;CLEC16A;HTT;NONO;RBM47;CLIP1;SEC61B;RNF115;DBF4;PDIA6;ATP5IF1;SRSF10;SHLD2;NUP153;PDS5B;TFDP2;SIAH2;FAF1;STAT5B;ATG7;ADAM17;DNAJC10;USP33;RPA3;FBXW7;HNRNPD;SRSF2;ATE1;UBE2A;PPP2CA;CCM2;GSPT1;TRIM26;POGZ;TMCO1;ABI1;WWP2;SNX5;CSNK2B;STX12;UCP2;HCLS1;NFATC2;CANX;DEPDC5;NSMCE2;RELB,Colon,B cell
3,prerank,MS,0.24568607223788072,1.1477826098958617,0.1381668946648427,0.1671309192200557,0.345,108/416,21.27%,PITPNC1;NEDD4L;H2AZ1;PKM;TKT;GAPDH;SMS;EXT1;PIP4K2A;MRPL51;SLC25A5;MRPS6;LPIN1;HIPK2;OGDH;MRPS27;LDHA;ACADM;S100A10;LDHB;ROCK2;TRABD;COX8A;PRDX6;ABHD3;NF1;HSPD1;COX5A;ODC1;ROMO1;PARP1;CAB39;PRMT1;VDAC1;AURKAIP1;NDUFA12;ATP5F1C;HSPH1;NDUFS6;ITPKB;OSBPL10;GSK3B;LGALS1;PI4KA;ATP5MC3;NDUFB1;TPI1;RICTOR;ATP5MF;NCOA3;NDUFA2;MIOS;ATP5F1A;SREBF2;GSTP1;MAPKAP1;NDUFS7;VPS13A;PARK7;MRPL18;HSP90AA1;NDUFC2;S100A4;ETS1;CLEC16A;ATP5IF1;NDUFA11;SIAH2;ATP5F1B;MDH1;ATG7;ADAM17;UQCR10;TALDO1;UQCRQ;ETFB;PTGES3;DEGS1;NDUFB8;NDUFC1;UCP2;TPD52;NDUFAB1;COX6A1;DEPDC5;NDUFB3;UGP2;CYRIB;HIBCH;DBI;UBQLN1;UVRAG;ATP5PF;LARP1;ATP5MG;ATF4;ENO1;STMP1;HSPA8;COX6C;ETFA;MFF;ATP5PD;ATP6V1E1;RBPJ;COX14;UBR4;COX17,Colon,B cell
4,prerank,OIS,0.2095981907327733,0.943257124298054,0.6169296987087518,0.6222841225626741,0.908,65/315,17.65%,STK39;GAPDH;MDFIC;RABGAP1L;CD27;RASGRP1;LCP1;NLK;HIPK2;HMGB1;DDX39A;LDHA;TCEA1;PSMA4;ROCK2;USP7;CTSH;NF1;CUL3;HSPD1;PELI1;CAB39;NIN;USP12;PRMT1;PPA1;PREX1;CDK6;PRDX1;GSK3B;HSPA4;MAP2K2;PFN1;TPI1;CFL1;RICTOR;MIOS;PPIA;SYK;ACTR3;CD81;TBK1;GSTP1;YWHAE;MAPKAP1;DDT;STIP1;RBX1;RASGRP3;RAC1;ARPC5L;ETS1;CLEC16A;TFDP2;ADAM17;FBXW7;CACYBP;CCM2;CSNK2B;RAP1A;CANX;DEPDC5;SMAD2;CCDC88C;RANBP9,Colon,B cell
0,prerank,MS,0.3933145921645415,1.9685045606553528,0.001,0.001,0.001,164/445,21.99%,GADD45GIP1;PGLS;ALKBH7;CHCHD10;ATP5F1D;NDUFAB1;MIF;S100A4;STUB1;PRELID1;TALDO1;ISCU;PHB1;ATP5MC3;NDUFB3;LAMTOR5;PSME1;COX5A;GPX4;ENO1;NDUFA3;GAPDH;ATP5F1E;COX6B1;YWHAH;PKM;ATP5MG;PLAAT4;GPX1;ECHDC1;COX6A1;CHCHD2;ATP5MC2;PARK7;TOMM7;SLC25A6;NDUFB10;NDUFA13;ATP6V1G1;ATP5MC1;PRDX5;COX6C;NDUFS8;VAMP8;MRPS21;HIGD2A;NDUFA6;NDUFB5;SMDT1;UQCRH;LGALS1;MRPL51;NDUFA4;COX7C;NDUFB4;LDHB;MT2A;NDUFB2;NDUFB8;ATP5PF;BLOC1S1;NDUFS6;UQCRB;MRPL57;ATP5PO;COX5B;NDUFS5;ATP5ME;ATP5PD;MDH2;NDUFB9;MICOS10;NDUFA11;COX7B;SLC25A5;COX4I1;MRPL20;ISG20;ROMO1;UQCR11;TOMM6;NOP53;VDAC2;PNRC1;ATP5F1C;COX8A;NDUFS7;TOMM20;OSTC;ATP6V1F;DBI;COX7A2;NDUFA12;TOMM22;ATP5MF;ERP29;SSBP1;AURKAIP1;S100A10;GSTP1;UQCR10;PLIN2;NDUFC2;CITED2;NDUFA2;VDAC1;FIS1;NDUFB11;PARP1;NDUFC1;ECH1;MGST3;MRPL41;COX20;GABARAP;SLC25A3;ATP6V0B;COX14;MRPS24;DNAJC19;NME3;NDUFB7;COX17;HNRNPA1;MICOS13;NDUFA1;TOMM5;MRPL54;NDUFV2;RAB5IF;TPI1;DDIT4;ATP6V0E1;ATP5F1A;TMBIM6;ATP5F1B;LDHA;TUFM;ETFB;ATP6V0C;OCIAD2;UQCRQ;LAMTOR4;MRPS6;ATP6V1D;MAP1LC3B;HAX1;UCP2;ANXA2;ATP5IF1;HSPA8;H2AZ1;COX7A2L;BAX;VDAC3;BTG1;ATP5PB;GHITM;FAM162A;CYCS;MRPL52;VAPA;PRDX6;JUN,Colon,CD4T
1,prerank,TIS,0.27562289975434434,1.3681700471412797,0.011530398322851153,0.02182952182952183,0.04,103/360,23.40%,ALKBH7;C1QBP;MIF;S100A4;ISCU;GUK1;POLR1H;GPX4;APRT;PSMA7;TIMP1;ACTB;DUT;RPS12;COPS9;PSMB6;PSMA2;WAS;TPT1;RACK1;RPL18;POLR2J;RPS3;PARK7;H2AC20;CIB1;RPL26;HINT1;RPS27A;VAMP8;RPL36;UBA52;RAD23A;PSMA6;LDHB;PPP1CA;GSTO1;DAD1;POLR2K;COPS6;GTF2A2;EDF1;UBXN1;SOCS1;NOP53;NPM1;CRIP1;PSMA4;SF3B5;S100A10;GSTP1;EEF1D;SUMO2;TMED2;NSMCE3;POLR1D;MPC2;PARP1;PSMB1;CBX3;NME3;COX17;UBB;POLR3GL;PSMB3;BATF;ISG15;H1-2;TXNIP;DDIT4;ANP32A;SEM1;H4C3;PAXX;EIF1B;RPS27L;HMGB2;POLR2L;RBX1;UBC;SMARCE1;ZNHIT1;BCAP31;TCEA1;H2AZ2;VPS28;CD81;ENY2;SUMO1;PSMA5;BAX;BTG1;FAM162A;POLD4;RPA3;JUN;GATA3;CD74;SLC3A2;HCLS1;ARL6IP1;PSMB2;SKP1,Colon,CD4T
2,prerank,Common,0.21610923274133603,1.1170259562434506,0.12424849699398798,0.3426888426888427,0.629,310/1108,26.01%,ALKBH7;C1QBP;MIF;STUB1;IL17A;IL32;PRELID1;CORO1A;PHB1;NME2;LAMTOR5;CORO1B;PSME1;LY6E;RHOC;GPX4;ACTG1;ENO1;PSME2;PSMA7;GAPDH;TIMP1;PCBP1;MYL12A;CLIC1;ACTB;KLRB1;YBX1;YWHAH;PLAAT4;GPX1;PSMB6;PSMA2;TMSB4X;PSMB10;WAS;NACA;PSMB8;TPT1;SEC61B;PSMB9;RACK1;EEF1A1;ANP32B;EIF3L;EIF3G;CHCHD2;RPS3;RPSA;GYPC;CYBA;PARK7;RPL39;TOMM7;RPS19;ANXA5;H2AC20;CIB1;RPL26;CD40LG;RPS27A;PDIA6;ATP6V1G1;RPS3A;RPL13A;PRDX5;S100A11;BANF1;RPS27;VAMP8;YWHAB;HIGD2A;CHMP2A;IFITM2;NDUFA6;SRI;UBA52;SOD1;SMDT1;RPL30;CFL1;LGALS1;RAD23A;FAU;PSMA6;EIF3F;NDUFB4;PSMD8;PPP1CA;MT2A;CALM1;NFKBIA;FTH1;EMP3;PRDX2;HSPB1;DAD1;PPIA;FTL;CD27;SLC25A5;ISG20;SERP1;ROMO1;EIF3D;UBXN1;LAT;GPSM3;NOP53;NPM1;TMEM258;CSNK2B;TXN;SVIP;HLA-C;CRIP1;CD48;PSMA4;SF3B5;PTMA;S100A10;RAN;GSTP1;PLIN2;SUMO2;B2M;HCST;IFITM1;LAPTM5;NSMCE3;CITED2;H3-3A;VDAC1;RHOA;PA2G4;PARP1;HMGN2;GZMA;PSMB1;TUBB;CST7;GABARAP;ATP6V0B;CBX3;HLA-B;JUNB;TMEM219;NME3;TRAM1;UBB;HNRNPA1;IL2RG;PSMB3;DENR;DDT;KLF2;CALCOCO2;H3-3B;BATF;SET;RAC1;ISG15;CTCF;SPCS1;H1-2;RHOG;EPRS1;MAPRE1;TXNIP;DDIT4;ATP6V0E1;ANP32A;SEM1;ATP5F1A;PSMC5;TMBIM6;ARHGDIA;BST2;H4C3;HLA-A;PAXX;CALR;ATP6V0C;DYNLL1;RPS27L;ABHD17A;HMGB2;HNRNPA0;RBX1;YPEL3;PSMD13;SNX3;UBC;SMARCE1;ARL6IP5;PPP1R11;LSP1;CCL5;ZNHIT1;PDCD10;PPP1CC;PRDX1;BCAP31;NONO;ATP6V1D;HNRNPK;CAMLG;EVI2B;MAP1LC3B;HAX1;DNAJA2;UCP2;H2AZ2;H1-3;BNIP2;VPS28;ANXA2;ATP5IF1;SNRPD1;HSPA8;RNASET2;LGALS3;RNF7;HSP90AB1;CD81;H2AZ1;RAB8A;NUB1;ENY2;SUMO1;PSMA5;BAX;BTG1;LCP1;RNASEK;PDCD6;GHITM;BSG;SPCS3;FAM162A;MAF;LARP7;PTPN6;HLA-E;ANAPC11;CD4;POLD4;VAPA;RPA3;PRDX6;UFC1;JUN;GATA3;HLA-F;PSMC6;PSIP1;SOCS3;TMBIM4;LYAR;CD74;PSMD7;JPT1;SLC3A2;HSPE1;PSMD4;YTHDF2;HCLS1;ZFP36;CXCR6;ARL6IP1;CD2;FKBP8;PSMB2;NAA38;SKP1;DNMT1;UFM1;PAK2;CCL20;ID2;EIF4A1;SELENOS;PSAP;TIAL1;SH3GLB1;NCL;DEK;UBE2V1;RGS1;HERPUD1;RSL1D1;ANAPC16;LCK;BUB3;TMPO;VAMP2;P4HB;ITGB2;CCR6;FGFR1OP2;AIMP1;GLO1;CDC5L;XBP1;IL4I1;TLN1;UBE2J1;TIPRL;SEC62;SELENOK,Colon,CD4T
3,prerank,RS,0.18920831122281911,0.9105548023833301,0.6872294372294372,0.9056652806652806,0.991,47/235,20.12%,C1QBP;NHP2;PSME1;PSME2;PSMA7;ACTB;DUT;PSMB6;PSMA2;TMSB4X;WAS;POLR2J;H2AC20;S100A11;ELOB;PSMA6;PPP1CA;POLR2K;ROMO1;PSMA4;SSBP1;NSMCE3;H3-3A;CDK2AP2;PARP1;NOP10;PSMB1;HNRNPA1;PSMB3;H3-3B;SET;H1-2;SEM1;H4C3;CCNI;DYNLL1;RPS27L;STN1;POLR2L;RBX1;SMARCE1;CCT7;H2AZ2;H1-3;HSP90AB1;CCT8;PSMA5,Colon,CD4T
4,prerank,OIS,0.16395684823992102,0.8145788753015296,0.8837696335078534,0.903950103950104,1.0,109/344,29.88%,PFN1;MIF;STUB1;CORO1A;PHB1;LAMTOR5;ENO1;GAPDH;ARPC3;RPS6;PSMB8;GYPC;CIB1;RPS27A;PEBP1;ATP5MC1;YWHAB;UBA52;SOD1;CFL1;PPP1CA;PPIA;CD27;SERP1;LAT;CSNK2B;PSMA4;ERP29;GSTP1;LAPTM5;PPA1;GABARAP;TMEM219;UBB;PRDM1;IL2RG;DDT;RAC1;EPRS1;TPI1;DDIT4;ARHGDIA;LDHA;CALR;ATP6V0C;PABPN1;RBX1;PSMD13;LAMTOR4;SSR1;UBC;ARL6IP5;CTSC;CCL5;PDCD10;PPP1CC;PRDX1;ATP6V1D;TCEA1;ATP6AP2;EIF2S2;CD81;RGS2;AP2M1;TUBA4A;LCP1;PDCD6;ACTR3;PTPN6;JUN;CACYBP;GATA3;PSMC6;CD74;HSPE1;ZFP36;SKP1;UFM1;PAK2;DUSP1;CCL20;ID2;SATB1;SEC11A;LCK;BHLHE40;ITGB2;XBP1;HMGB1;CD37;M6PR;PPP1R15A;DNAJA1;ARF1;IL7R;ZFP36L2;IGBP1;BTG2;GPR183;SBNO1;VRK2;NCKAP1L;CTSS;PGK1;MAP3K4;NMT1;CCT6A;HSP90B1;IL2RB,Colon,CD4T
0,prerank,RS,0.6978093140400348,2.475863555850645,0.001,0.001,0.001,184/668,8.59%,EXO1;GINS4;RAD54L;NEK2;PLK1;MCM10;E2F7;H1-5;DTL;POLQ;CDC45;CDK1;BRCA2;XRCC2;RRM2;FAM111B;RAD51AP1;BLM;RECQL4;KIF14;CCNA2;AURKB;UHRF1;DSCC1;ESCO2;IQGAP3;PCLAF;ORC6;BRCA1;TK1;ZGRF1;HELLS;TYMS;CDC6;FEN1;FANCB;E2F8;RFC3;GINS2;E2F1;CDT1;CCNB1;RAD54B;ATAD5;CCNF;WDHD1;RAD51;LIG1;PARPBP;TRAIP;CDKN3;CDC7;DMC1;CHTF18;TIMELESS;MCM2;GINS1;MCM6;FIGNL1;ORC1;RFC4;H1-3;POLA2;MCM5;MCM8;MCM7;CHEK1;MTBP;POLE2;RMI2;MCM4;CCNE2;MMS22L;PRIM1;FBXO5;CCNB2;DBF4B;MCM3;PCNA;RBL1;DNA2;CDC25A;CDK2;RFC5;STOX1;POLA1;RFC2;DHFR;SASS6;CCNE1;BARD1;XRCC3;RRM1;LMNB1;DDX11;H4C3;RAD18;STIL;POLE;DONSON;EZH2;CDKN2C;FANCM;CHEK2;MAD2L2;CENPS;KANK2;DUT;H1-4;RFWD3;CGAS;FAM83D;PRIM2;ZRANB3;RAD51D;POLD1;RASSF1;SHMT1;NAP1L1;RAD51C;USP37;ACD;SLF1;RPA2;USP1;H2AX;MRE11;TOPBP1;MSH2;POLE3;RECQL;CDK4;POLD2;RPA1;TIPIN;HLTF;GEN1;PKD2;RMI1;WEE1;TOP3A;RPA3;EIF4EBP1;CENPX;SKP2;TONSL;PRKDC;H2AC20;RCC1;TFDP1;DBF4;POLD3;JADE1;RIF1;ORC3;WRAP53;DKC1;XRCC1;POT1;RAD51B;RFC1;PRIMPOL;FBXO4;SMC3;PARP1;TP53;RAD21;NUCKS1;H2BC15;ATM;HMGA1;YEATS4;DCLRE1C;FAM111A;MCMBP;E2F3;TSPYL2;H2BC9;PDS5B;H4C5;PAGR1;BCL7A;PHF10;PHIP,Colon,Crypt stem cell
1,prerank,TIS,0.5416916644914868,1.9396956366006264,0.001,0.001,0.001,256/1166,11.49%,EXO1;GINS4;RAD54L;PLK1;MCM10;E2F7;CLSPN;DTL;POLQ;CDC45;CDK1;BRCA2;CDCA5;XRCC2;RRM2;FAM111B;NEIL3;RAD51AP1;BLM;RECQL4;CCNA2;AURKB;UHRF1;PCLAF;WDR76;DDIAS;BRCA1;TOP2A;BRIP1;ZGRF1;HELLS;TYMS;TRIP13;FEN1;FANCB;FANCD2;RFC3;CIP2A;GINS2;FANCI;E2F1;RAD54B;WDHD1;RAD51;LIG1;PARPBP;TRAIP;FANCA;CDC7;DMC1;TIMELESS;MCM2;FOXM1;MCM6;FIGNL1;RFC4;GTSE1;CENPF;POLA2;MCM5;MCM8;MCM7;UBE2T;CHEK1;HMGB2;ZWINT;POLE2;RMI2;MCM4;MMS22L;PRIM1;FBXO5;ECT2;VRK1;MCM3;PCNA;DNA2;CDK2;RFC5;FANCG;POLA1;RFC2;BARD1;XRCC3;RRM1;MSH6;MDC1;NUDT1;DDX11;H4C3;RAD18;PARP2;MAP3K20;POLE;DONSON;DDB2;FANCM;CHEK2;MAD2L2;CENPS;BCL2L12;DUT;RFWD3;CGAS;ZRANB3;MASTL;RAD51D;POLD1;CTPS1;IKBIP;RAD51C;ACD;SLF1;FANCC;UNG;RPA2;USP1;H2AX;MRE11;TOPBP1;MSH2;NEDD4;POLE3;TDP1;RECQL;PVT1;CDK4;FANCE;POLD2;LDHB;NSD2;CBX5;RPA1;TIPIN;DEK;HLTF;GEN1;KPNA2;RMI1;TOP3A;RPA3;TTI1;PMS1;CENPX;SKP2;AQP1;SAC3D1;TONSL;PRKDC;PRKCG;SMC1A;HSPA4L;TELO2;TMEM109;H2AC20;ATAD3A;DBF4;INTS7;KCNE2;POLD3;STK33;NFATC2;FANCL;ATRIP;ALYREF;RIF1;DCLRE1A;RNASEH2B;WRAP53;BRME1;RAD1;CD44;HMGB1;XRCC1;POT1;RAD51B;PAXIP1;RFC1;PRIMPOL;FBXO4;SSRP1;PARP1;TP53;RAD21;PTPN14;NUCKS1;KMT5C;BAZ1B;H2BC15;ATM;PAXX;TAF9B;YEATS4;DCLRE1C;FAM111A;CBX3;MLH1;HPRT1;TSPYL2;DGCR8;H2BC9;NME4;TAF5;SETD7;TFAP4;PDS5B;VAV2;CBR3;H4C5;METTL3;BCL7A;PHF10;RHNO1;EEF1E1;NME1;AEN;KCNQ1;ATR;WRN;PALB2;ACTL6A;PHF1;UMPS;REV3L;CD81;ABCC4;RNF168;POLR2D;FAAP24;NUPR1;XRCC4;RB1;TRIM28;KAT2A;CASP2;SF3B3;PRPF19;CBX1;FTO;HPF1;CSTF3;CHCHD6;PIDD1;NOTCH1;RHBDF2;BCL2;AAAS;ING2;BCL7C;HELB;SMARCC1;H4C8;IMPDH2;SFR1;RUVBL1;PDE4B,Colon,Crypt stem cell
2,prerank,Common,0.4425933428232451,1.5909909927663555,0.001,0.001,0.001,525/3133,11.82%,TTK;EXO1;GINS4;RAD54L;NEK2;PLK1;PKMYT1;MCM10;E2F7;H1-5;NDC80;CLSPN;DTL;POLQ;CDC45;CDK1;CENPI;BUB1B;BRCA2;CDCA5;XRCC2;KIF15;CDC25C;UBE2C;RRM2;MYBL2;FAM111B;KIF2C;SKA1;NEIL3;RAD51AP1;PBK;BUB1;SGO1;H3C2;BLM;RECQL4;KIF14;CCNA2;AURKB;UHRF1;KIF4A;NUSAP1;PCLAF;CENPK;ORC6;HMMR;NUF2;KIF11;KIAA0319;WDR76;DDIAS;BRCA1;CENPU;PRC1;TOP2A;MKI67;KNL1;BRIP1;ZGRF1;HELLS;TRIP13;CDC6;CENPM;FEN1;PLK4;CENPP;FANCB;CDC20;FANCD2;TACC3;RFC3;CIP2A;GINS2;CENPE;FANCI;E2F1;MAD2L1;CCNB1;RAD54B;CCNF;BIRC5;WDHD1;STMN1;RAD51;TPX2;LIG1;KIF20B;PARPBP;TRAIP;FANCA;CDKN3;CDC7;DMC1;TIMELESS;H3C4;MCM2;RACGAP1;FOXM1;KNTC1;SLFN13;MCM6;FIGNL1;ORC1;RFC4;GTSE1;CENPF;H1-3;SPDL1;POLA2;MCM5;MCM8;SGO2;NUP210;MCM7;UBE2T;CENPH;CHEK1;HMGB2;PTTG1;ZWINT;CDCA8;CHAF1A;SMC2;POLE2;SPC24;RMI2;MCM4;CCNE2;MMS22L;FBXO5;ECT2;C5;CCNB2;VRK1;MCM3;IL17RB;PCNA;RBL1;DNA2;DNMT1;KIF18A;CDC25A;MT3;CDK2;RFC5;STOX1;CENPQ;FANCG;POLA1;RFC2;TROAP;DHFR;SMC4;INCENP;CCNE1;BARD1;XRCC3;RRM1;MSH6;LMNB1;CENPA;MDC1;NUDT1;TUBB;DDX11;H4C3;AKR1B1;RAD18;DTYMK;PARP2;STIL;SPC25;KIF23;MAP3K20;POLE;DONSON;SUV39H2;DDB2;EZH2;CDKN2C;NRP1;H2AZ1;PSIP1;DERL3;FANCM;CHEK2;MAD2L2;TMEM97;CDC25B;ZWILCH;CENPN;USP13;CENPS;CENPL;BCL2L12;TIFA;KANK2;NUP107;ITGB3BP;SAP30;H1-4;RFWD3;DSN1;CKS1B;NASP;CGAS;PRIM2;CENPO;ZRANB3;BICD1;MASTL;APOBEC3B;RAD51D;POLD1;CTPS1;ANO6;HAS2;NUP155;ARHGAP24;TMPO;PEA15;RAD51C;ULK2;SPIN4;ACD;HILPDA;SLF1;FANCC;UNG;RPA2;TGFB1I1;LYAR;USP1;SEMA4D;H2AX;MRE11;SKA2;NDC1;TOPBP1;MSH2;TGFBR3;NEDD4;POLE3;TDP1;RECQL;CDK4;FANCE;POLD2;KLHL22;NSD2;RANGAP1;CBX5;RPA1;DCBLD2;TIPIN;ARHGEF19;MDFIC;CD83;DEK;HLTF;RNF144A;GEN1;POLR3G;PKD2;KPNA2;CKS2;RMI1;WEE1;TOP3A;RPA3;TTI1;PMS1;E2F2;HACD3;AGBL4;ADCY3;CENPX;SKP2;AQP1;TONSL;PRKDC;SLC7A5;PRKCG;TNFAIP8;SIVA1;UBE2S;PTGDR;SMC1A;HSPA4L;TELO2;WFDC2;TMEM109;H2AC20;RCC1;TFDP1;ATAD3A;UCP2;DBF4;INTS7;RCC2;PRNP;CD200;ODF2;OAS3;DLC1;ROBO1;NUP93;POLD3;STK33;REG1A;NFATC2;FANCL;ATRIP;ST3GAL3;HMGN2;NUP205;RIF1;DCLRE1A;ORC3;RNASEH2B;WRAP53;ATG16L2;BTG3;GRK5;BRME1;CKAP5;PPIH;SLC25A27;NUP85;ELAPOR1;DKC1;RAD1;CASP8AP2;CD44;TMEM131L;HMGB1;RNF157;NOS2;KIF22;XRCC1;NUP35;RBBP7;LRP4;POT1;RAD51B;PAXIP1;SPATA33;SIGMAR1;RFC1;TMEM67;SLC6A6;PRIMPOL;FBXO4;KDM2B;NUP160;SUZ12;MT1A;NOLC1;EPHB2;PARP1;EGR3;DDX39A;SHMT2;AURKA;TP53;RAD21;RNF26;PTPN14;C1QTNF3;NUCKS1;TXNDC5;NREP;KMT5C;KPNB1;BAZ1B;PHLDB2;H2BC15;MYH10;ATM;HMGA1;NUP188;PAXX;NUP58;TULP3;TAF9B;YEATS4;DCLRE1C;CCDC134;FAM111A;CBX3;MLH1;RAB23;GLMN;RUBCNL;BUB3;E2F3;SNRPD1;ARRB2;ITGA1;DGCR8;H2BC9;PA2G4;UTP20;PARD6A;DAPK1;RAN;TAF5;LBR;SETD7;DLL1;TFAP4;PCSK9;PDS5B;VAV2;H4C5;METTL3;ANAPC1;BCL7A;DUSP10;TFPI;PHF10;NUP62;TWSG1;MIS12;PHIP;BNIP3;GPC3;RHNO1;XPO1;STAG1;RBBP4;EEF1E1;NME1;AEN;AHI1;ITGB8;ATR;ANXA5;WRN;PALB2;ACTL6A;NUP43;PHF1;REV3L;RARRES2;KANK1;NMB;NDE1;CD81;ST6GAL1;DHX33;MDK;SLC12A2;FZD3;RNF168;FAAP24;HSPD1;HNRNPD;GMPR;NUPR1;XRCC4;GLO1;PINX1;RB1;UBASH3B;TRIM28;PYCR1;PPT1;KAT2A;PRDX4;CASP2;SF3B3;PRPF19;CBX1;FTO;NOD1;DGKH;HPF1;RTN4RL1;CHCHD6;TNPO2;MYBBP1A;PIDD1;IGF1R;NOTCH1;SLC11A2;NUP133;MTR;SCMH1;CDK6;USP36;RHBDF2;BCL2;HDAC4;AAAS;RASA3;ING2;BCL7C;FCMR;HELB;SMARCC1;EXOSC5;ZW10;H4C8;KLF11;MUC2;SFR1;PER1;ILF3;P2RY11;RUVBL1;PDE4B;NUP153;TRAP1;FAF1;ADA;NONO;ADAM15;NUP37;PRKAR1B;ANP32B;ATP2B4;SPIDR;PPIF,Colon,Crypt stem cell
3,prerank,MS,-0.32005017436701577,-1.5308090919143447,0.001,0.001,0.001,482/1459,24.00%,CA4;CEACAM1;ABCB11;GDPD3;HMOX1;CDKN2B;EDN2;FABP1;PLAC8;CA2;HPGD;LGALS1;SMPD1;CDKN1A;GCNT2;STBD1;AKR1C2;SMPDL3A;PLA2G10;AOAH;PLA2G4F;IFNLR1;HIGD1A;AGPAT2;FABP2;SELENBP1;NR1H4;CD24;GLRX;ITPKA;ACOX1;RETSAT;MGLL;PLAAT4;CYP4F3;CYP4F12;PLCD1;GDPD1;CES2;TP53INP2;ADTRP;ACAA1;TMEM150A;MXI1;AKR1C3;HKDC1;MAPK3;AIFM2;HSPA1A;CHP1;CRAT;ENPP1;PINK1;NAAA;ACOT8;ADM;UGP2;MGST3;DGKA;CYP2B6;RBKS;CPEB4;SLC27A4;ACBD4;PLPP1;IL10RB;PRDX6;LETM1;APPL2;EPAS1;CBR1;SMPD3;ALDOB;ACSM6;ETNK1;GIPR;CASP7;LPIN3;SERINC2;ALAS1;ACOX2;SIRT6;ATP6V1D;VAMP8;ADORA2B;GDE1;HMGCS2;GPAT3;AMACR;RRAGC;DYRK2;PPARGC1A;MFSD2A;CYP2C19;S100A10;LPCAT4;P4HA2;CYP2C18;BAK1;PIP4K2C;PCK1;B4GALNT2;HK2;EFNA1;NDRG1;CYP2J2;SLC22A5;TNFSF10;PLIN2;RNF152;ACAA2;WDR81;EHHADH;PHYH;ALDOA;PYCARD;ZFYVE1;SFN;AGPAT4;MAOA;SIRT7;SLC25A20;GABARAPL1;STPG1;ROMO1;MPC1;HMGCL;SLC44A4;EGLN3;BTG1;CD68;PDK4;INPP4B;HADHB;MRPL41;IDS;SPHK2;ALDH1A1;SULT2B1;ME1;ISG20;GHITM;LDHA;MAP1LC3B;BLOC1S1;SURF1;PIGZ;UGDH;COX6A1;DGKQ;PNPLA6;CCNG2;DHDDS;TPBG;ABHD6;ATP6AP1;SCP2;PLA2G15;VDAC2;CYP4V2;NR1H2;ELOVL1;IDH3A;UGT1A8;OCIAD2;SGPL1;NDUFC1;CITED2;PPARG;NFIL3;PLIN3;NDUFA1;IRS2;SLC25A5;SLC4A4;CPT2;FDX1;PCK2;SESN2;PYGB;UQCR11;PLOD2;MTM1;SELENOS;ATP1B1;POR;CAV2;TMEM102;LAMTOR3;PLD1;ETFBKMT;IER3;GABARAPL2;DOLPP1;SH3GLB1;SLC35F6;PGAP4;ATP6V0C;PRKAB1;CYCS;SLC27A2;ABHD5;CEBPA;COX6B1;COX7A2;BMP2;ACADS;MTRF1L;TMBIM6;DDIT3;FAM162A;MRPL34;PTGR1;PSENEN;SLC44A1;MYH14;NDUFB10;ANXA2;ABHD4;NR1H3;SAR1B;TPK1;PNRC1;MIGA2;PITPNM1;COX7B;ABCD3;ABCD4;CLDN3;UQCRQ;SDHB;SCO2;CA12;COX5B;NDUFB3;ACADVL;EFR3A;NDST2;GSTA1;CHCHD10;GAS2L1;DECR1;EGLN1;AFG1L;NDUFB9;SMDT1;USP30;ACSF2;MICOS13;PGLS;ALDH3A2;SLC45A3;SDHD;ETFRF1;ENDOG;EDN1;COX8A;PPM1A;UQCR10;ATP5F1E;COX7C;ACAT1;NUDT7;UQCRB;NDUFB7;KLF6;GSTM4;KAT2B;EPHX1;ANTKMT;ETFA;SDHC;HIGD2A;PCTP;COX6C;PLB1;ATP23;SMPD2;NDUFA3;CROT;ATP5MG;PRELID3B;ATP6V0E1;SHPK;INF2;HCCS;AGL;ALKBH7;LAMTOR5;LAMP2;MPPE1;DUSP1;RAB32;ZBTB7A;NDUFA8;LAMTOR2;PPARD;RXRA;ATP5F1B;STX4;SLC44A2;ATP5PF;NDUFS2;PNPLA8;MT-CO1;ATP5F1D;UQCRFS1;NDUFA5;ATP6V1E1;ETFDH;LAMTOR1;NDUFB2;RWDD3;VDR;COX14;NDST1;PRKCD;SLC25A46;GSTZ1;SLC25A3;PIGO;IDH1;NDUFA2;RRAGA;AIFM1;UQCRC2;ACO2;PFKFB2;NDUFB1;ECHDC1;MRPL35;PIP5K1B;HADHA;MT2A;GABARAP;ATP5PB;ATP5MC3;FIS1;NDUFA13;MT-CO2;NDUFB4;BAD;DLD;USF1;ANG;ATP7A;PGM1;NDUFB8;STRADB;CHCHD5;NDUFS1;PET117;RAB5IF;VDAC1;BDH2;ERRFI1;PIP5KL1;WIPI1;SERINC1;HYCC2;SDHA;ATP5F1C;COX4I1;HSD17B11;ATP6V1G1;HSPA5;ABHD2;PGAP3;ZFP36;BECN1;ERLIN2;MAP1LC3A;PDK2;EGR1;HIPK2;NDUFB5;AGPAT1;GLUD1;NDUFS3;ASAH1;SIRT1;MTIF3;CDS1;AUH;ATP5PD;CPT1A;NDUFS7;MUL1;VAMP7;XPNPEP1;CPT1B;PRXL2B;ATP5PO;MAIP1;TEFM;IDH3G;PPP1R3B;MT-CO3;MT-ND4L;ACOX3;SERAC1;MT-ATP6;PGK1;ALAD;MT-ND3;MBOAT1;MT1E;PDHB;ATP5F1A;ATP5IF1;COA3;DOLK;PCYT1A;PIK3C2B;VPS13D;HMOX2;DBI;SLC2A1;NDUFA4;ACOT11;NDUFC2;VAPA;CAB39;BCL2L2;COX5A;MRPS33;PLPP6;DDIT4;MTCH2;IP6K2;REEP6;MTFR1L;MTRES1;PFKP;STARD10;PLPP2;LIPH;FOS;LAMTOR4;CPNE3;MT-CYB;CYB5A;MFN2;SLC35A4;PRR5;GAA;ADH1C;GPX1;NDUFV2;CLN8;COX17;MT-ND5;MDH2;FMC1;MCL1;MRPL28;PLA2G6;WSB1;CXADR;ECHS1;PLAUR;TMEM126B;ARV1;PPARA;MBOAT7;ACADSB;BAX;HMGCS1;ATP5MC2;MRPS18C;SPTSSA;PEX13;FOXO1;DHCR24;SLC25A4;IDH3B;PTS;NDUFV1;ARNT;NDUFS4;UQCRC1;ALDH1L1,Colon,Crypt stem cell
4,prerank,OIS,0.24829829249117133,0.8730717806816998,0.8466933867735471,0.894441099739113,1.0,92/829,10.93%,PLK1;CDK1;RRM2;BUB1;E2F1;CCNF;MCM2;FOXM1;MCM4;CDC25A;MT3;CDK2;DHFR;TIAM1;GPR137C;TNFAIP8L1;PDE8B;MAP3K20;EZH2;CDKN2C;NRP1;TMEM97;SLCO3A1;FAM83D;SH3GL2;TUBG1;UNG;FGF18;SLC1A4;TGFBR3;CDK4;KLHL22;RPA1;MAP3K6;DCBLD2;MDFIC;POLR3G;TTI1;E2F2;EIF4EBP1;MTHFD2;SLC7A5;TFDP1;ROBO1;CCN1;GMPS;NUP205;ELOVL5;MAP3K3;CD44;HMGB1;MTURN;SLC6A6;FBXO4;MMD;FGFR4;PDGFD;EPHB2;DDX39A;SHMT2;AURKA;TP53;ATM;TULP3;ULK4;E2F3;ARRB2;HPRT1;DUSP10;TFPI;PSMG1;PTBP2;GLIPR2;EEF1E1;SASH1;FGF9;CD81;ST6GAL1;DHX33;GGA2;PDGFC;HSPD1;PREX1;CACYBP;PRDM15;NUPR1;RB1;TUBA4A;NOD1;IGF1R;NOTCH1;CDK6,Colon,Crypt stem cell
0,prerank,RS,0.3712401820123578,1.5957446322681597,0.001,0.001,0.001,170/555,25.29%,HELLS;DNA2;RRM2;RFC3;MMS22L;BCL2;LMNB1;PCLAF;MYB;CDK6;LIG1;MCM3;KIF14;CDK4;POLA1;NAP1L1;POLD2;RCC1;BRCA1;ZRANB3;ATAD5;CCND2;NAT10;RRM1;PKD2;MNAT1;RUVBL1;PRKDC;MAGEF1;NAF1;RBL1;MYC;PARP1;EIF4EBP1;SHMT1;DKC1;MSH2;HMGA2;TP53BP1;MCM7;HELB;NOC3L;GNL3;WRN;POT1;NHP2;DPF3;ATM;REV3L;PLCB1;MCM4;TP53;ATR;APEX1;KDM1A;CHEK2;MRE11;RPTOR;EZH2;TSPYL2;STXBP4;DUT;HDAC8;PINX1;PTMS;GTPBP4;GMNN;CACNB4;ATP2B4;SMARCC1;BARD1;POLB;DBF4;JADE3;C1QBP;E2F3;RFC2;WDR18;NUCKS1;ORC5;CCT2;RAD18;PRIMPOL;MAP3K4;HNRNPD;ING5;SHQ1;ASCC3;FAN1;FAF1;MLF1;BID;ASF1A;TIPIN;RASSF1;PRMT1;DDX11;POLL;GAR1;ATRX;DPF2;RRM2B;HNRNPA1;PRIM2;ARID1B;TAF1;ZNF827;MUC1;EXD2;STIL;DHX9;MBTD1;POLK;BCL7C;LIG3;RIF1;XRCC1;ANKRD28;ZBTB1;CCND1;ECD;SET;GRWD1;POLR2D;USP10;POLH;PDS5B;CTC1;CUL4A;OBI1;POLE3;TFDP1;HNRNPC;BCL7A;TOPBP1;SLF1;CCNG1;DDB1;ABL1;WEE1;SPIDR;POLR2G;POLD1;RB1;CUL5;CUL1;TRRAP;KLHL15;CHD4;YLPM1;USP37;MDM2;GSPT1;MRNIP;INO80;EXOSC10;PCNA;RNF169;SMC5;RTEL1;HNRNPU;SHLD2;EHMT2;USP7;WDR48;RFC1;HMBOX1;EP400;CCT4;CINP,Colon,Enterocyte
1,prerank,TIS,0.27772904069440696,1.2143182237094983,0.01603206412825651,0.03072289156626506,0.093,184/1010,18.24%,PVT1;HELLS;FANCA;DNA2;RRM2;BRIP1;RFC3;CD44;PRKCG;MMS22L;BCL2;LDHB;CHCHD6;PCLAF;LIG1;MCM3;RORA;CDK4;CENPF;NFATC2;POLA1;APLF;SUPT3H;MACROD1;NME1;POLD2;MDC1;PMS1;BRCA1;PDE4B;TOP2A;ABCC4;NUPR1;RNASEH2B;ZRANB3;KCNQ1;CCND2;TRAF5;VRK1;NOTCH1;RRM1;MNAT1;ERCC8;RUVBL1;PRKDC;MAGEF1;WNK2;EYA2;MYC;UNG;PARP1;TDP1;MSH2;EEF1E1;TPD52L1;HMGA2;TP53BP1;IMPDH2;MCM7;HELB;CD81;MSH6;WRN;POT1;MACROD2;DPF3;AQP1;ATM;REV3L;MCM4;TP53;ATR;HMGB2;APEX1;KDM1A;GPX2;CHEK2;MRE11;RPTOR;GSTO2;PTPRM;TSPYL2;STXBP4;METTL3;TADA1;DUT;SMARCAD1;GSTM3;ECT2;FANCC;SMARCC1;BARD1;POLB;FTO;CSNK1E;COQ8A;DBF4;C1QBP;UMPS;NUDT1;ATAD3A;SMAD5;NME4;RFC2;HCLS1;NUCKS1;TGFB1;DDB2;NELFCD;RORC;RAD18;EIF2AK4;RPS12;USP28;SHPRH;PRIMPOL;RPS6KA6;NPM1;SMYD2;ACER2;ASCC3;FAN1;CBX5;ELP1;IFI30;GM2A;BID;GAS6;KPNA2;TENT4A;ASF1A;MAPKAPK3;TIPIN;YAP1;SSRP1;CSTF3;CYFIP2;POLR1C;POLR3C;PRMT1;DDX11;POLL;ATRX;DPF2;MGMT;DPYD;RRM2B;BAIAP2;INTS7;TTI1;TMEM161A;ARID1B;FOXP1;PRPF19;TAF1;SF3B3;MUC1;NOL8;PMS2;S100A4;EXD2;CBX1;H2AC25;DHX9;PAXIP1;MBTD1;ZBTB4;POLK;RPS27A;BCL7C;LIG3;BCAM;RPS3;RIF1;XRCC1;RPL26;APTX;ZBTB1;CCND1;CRY1;SF3A3;APRT;ITPA;POLR2D,Colon,Enterocyte
2,prerank,MS,-0.23437384135822525,-1.0,1.0,0.9,0.45,404/1361,23.22%,VLDLR;LIPC;MAOB;PLPP6;HKDC1;CYP4F2;HIGD1A;GDPD3;CEACAM1;EDN2;PLIN2;HMOX1;FABP2;ACAA1;BMF;PLAC8;AMACR;STBD1;SFN;FABP1;PRDX6;CA4;AGPAT2;ALDOB;ACOT8;AQP7;ACOX1;MXI1;AIFM2;EFNA1;CASP7;UGP2;APPL2;VDAC2;SIRT6;GLRX;SLC25A5;IL10RB;ACAA2;CYP2B6;PIM1;OCIAD2;CHP1;EGLN3;HPGD;RETSAT;ADM;VAMP8;CDKN2B;CDKN1A;CA2;MAPK3;LETM1;SLC27A4;SLC2A1;CRAT;RRAGC;S100A10;GHITM;RRAGA;CYP2S1;DHCR24;DOLPP1;NDRG1;LDHA;SMPDL3A;TMEM102;GPAT3;SLC25A20;ALAS1;RAB5IF;ADORA2B;ABHD4;DGKA;ALDOA;DYRK2;COX17;VDAC1;PLPP1;SELENOS;PLCD1;LGALS1;NR1D1;PLAAT3;SLC22A5;MGST3;PSENEN;HADHB;BLOC1S1;PLIN3;PINK1;ATP6V1D;PLAAT2;MT2A;PLOD2;ELOVL1;IFIT2;PRELID1;ATP1B1;GABARAPL2;LAMTOR3;MAP1LC3B;ITPKA;ZFP36;PIP4P1;SIRT7;PPARD;CES2;ATP6V0C;AOAH;PRELID3B;IDS;DUSP1;IFNLR1;MGLL;SMPD1;EGLN1;COX6A1;HSD17B11;PPP1R3B;CPT2;CEBPA;PCK2;ACSL5;PHYH;ENPP1;BAK1;ATF3;FLVCR1;UQCRQ;GABARAP;GDE1;TNFSF10;CYP4F12;SDHD;SERINC2;PIP4K2C;INF2;CYP4V2;VAPA;USF1;SNAP29;ADTRP;PLA2G4F;ECHS1;NAAA;P4HA2;VDR;MSMO1;UQCR11;COX7A2;ETNK1;BAX;FDX1;ATP6V0E1;GBA1;EPAS1;MIGA2;SLC27A2;PYGB;LAMTOR1;STPG1;RBKS;ATP5PF;MFSD2A;SLC25A3;ACADM;YWHAH;LAMTOR2;NDUFA1;POR;KLF10;PRKCD;SAR1B;SERINC1;BCL2L11;KLF6;MRPL41;AGPAT4;SLC44A4;RXRA;HIGD2A;SH3GLB1;SULT2B1;SPTSSA;ATP6V1E1;SCP2;KAT2B;IDI1;PIGZ;ABHD5;ROMO1;TMBIM6;GNPDA1;GPX4;EGLN2;MYH14;COX5A;ATP6AP1;UROD;COX5B;MRPL14;CYCS;PLAUR;PFKP;COX14;COX8A;CYP2C18;NDUFV2;CD68;MRPL44;VEGFA;GGT1;LAMP2;VAMP7;EGR1;ALKBH7;JUN;EIF6;MICOS10;ULK3;NFIL3;ATP6V0B;ACADVL;COX7B;NDUFA2;HSPA1A;SDC4;ABHD6;ANGPTL4;DDIT3;CLDN3;PLPP2;IFNAR1;AURKAIP1;MAIP1;IDH3A;LAMTOR5;COX6B1;SPHK2;MRPL34;SLC25A1;MPPE1;ACAT1;SURF1;EFR3A;MPC1;PRKACA;MYH9;HCCS;PITPNM1;NDUFS2;HADHA;CYB5A;NOCT;SLC35F6;FOS;CCNG2;NDUFB7;ERRFI1;GIT1;STX4;CHCHD10;TP53INP2;ATP5F1B;PRKAB2;ACSF2;MAOA;ADIPOR1;HYCC2;CAB39;PSME1;COX6C;PGLS;BTG1;STUB1;PGAM1;SMDT1;ABHD3;PIP5K1B;HMGCS2;PNPLA6;CBR1;NDUFB3;DGKD;SLC25A46;SDHB;CPT1A;BCL2L2;ANTKMT;ACADS;STMP1;PLD2;ISG20;STK24;MCL1;PPM1A;NDUFA13;DGKQ;ATP6V1G1;CYB5R3;HMGCS1;NDUFA3;SELENBP1;MT1E;CLPP;SESN2;MTIF3;ALAD;UQCR10;UQCRFS1;EDN1;ATP6V1F;MRPL28;BCL2L1;PGM1;ETFA;PGAP3;LAMTOR4;IER3;MRPS10;MBOAT7;BAD;ATP5F1D;NDUFB1;PAFAH1B1;ETFDH;MRPS11;ABCD3;CHCHD1;ACBD4;UQCRC1;ACO2;MUL1;PPARG;MRPS18C;IDH3G;ATP5MF;PIGQ;BCKDK;NDST2;GSK3A;CD24;CYP2C19;ZBTB7A;ATP5PD;MT-CO1;WDR81;NDUFB10;PET100;GAPDH;MTRF1L;PIP5K1C;USP30;EIF2AK1;NDUFA6;COA7;CXADR;ATP5ME;TALDO1;TCIRG1;PCYT1A;GIPR;GABARAPL1;NDUFB2;COX4I1;DBI;ATP6V1C1;PCK1;SLC44A2;RALA;SMPD2;ZC3H12A;RHEB;ACOX2;SCO2;MRPL49;COX7C;FIS1;NDUFC1;PLA2G10;PFKL;PTS;TMEM70;UGDH;ARNT;ATP5MC3;STRADB;DDIT4;AGPAT1;SCO1;ITPKC;BBC3;DECR2;NDUFS3;NDUFB11;PGP;HTRA2;ENDOG;ABCB11;GPD2;ATP5F1E;TNFAIP3;TPI1,Colon,Enterocyte
3,prerank,OIS,-0.1672889085967385,-0.992117728931145,0.6,0.5,0.5,225/772,24.07%,VLDLR;HKDC1;CEACAM1;MALL;SLC30A10;PRKG2;SFN;ADRA2A;MYD88;NHERF1;EMP1;PCSK1N;MAPK7;GLRX;DUSP3;PIM1;EGLN3;CDKN2B;CDKN1A;RRAS;CA2;IL2RG;CIB1;DSC2;MAPK3;SLC2A1;RRAGC;RALB;RRAGA;TMEM127;PTPRR;DHCR24;TMEM176B;LDHA;HRAS;GPAT3;ARHGDIA;MAP2K2;FUCA1;ALDOA;ABCB1;SEMA3B;GADD45A;TSPAN1;TLR3;ARL6IP5;HBEGF;RELL1;KSR1;PSENEN;PINK1;ATP6V1D;ATP6V0D1;PLOD2;TMEM176A;PRDX1;ARPC3;LAMTOR3;ZFP36;TNFRSF1A;PIP4P1;ID1;ATP6V0C;TNIP1;PRELID3B;DUSP1;SMPD1;EDN3;PFN1;TRIB1;PPP1CA;GBP1;CFL1;TNFRSF1B;GABARAP;PTPRJ;TRAF7;MEAK7;KLF4;INAVA;CTSS;ARRB1;RAC1;GADD45B;UBC;YWHAB;DUSP5;TOR1AIP2;GBA1;YKT6;ZNF622;CCL20;PPP1CB;PDGFA;LAMTOR1;GPS2;MKNK2;MARVELD3;CDKN2D;EIF4EBP2;NRAS;AP2M1;SOD1;SHC1;LAMTOR2;PRKCD;SAR1B;DUSP6;USH1C;TRAF4;ATP6V1E1;TMEM219;IDI1;PPP1CC;MAP3K11;ATP6AP1;ATP6AP2;CCDC88C;PLAUR;EPB41L3;PDCD10;PDCD4;PSMC4;VEGFA;MAPK13;JUN;NFIL3;PITX2;JUP;ANGPTL4;FGFR3;OTUB1;DDT;DDIT3;SRC;LAMTOR5;UBB;CYB5B;ERBB2;INSIG1;PRKACA;TSPAN7;ERBB3;CPE;PRR5L;DVL3;RPS6KA1;XIAP;VWA5A;ACTR3;CAB39;SPAG9;CSNK2B;STUB1;PRDM1;MAP2K3;BMAL1;ITCH;BIRC3;MAPK6;MST1R;NBR1;ACTR2;F2RL1;DGKQ;HMGCS1;PJA2;EZR;PSMB8;SESN2;MAP3K12;TSG101;EDN1;IGBP1;BTBD3;PGM1;LAMTOR4;FNIP2;CBLC;SYAP1;RIT1;PTK2B;PPARG;GSK3A;CD24;CLTC;CD9;GAPDH;PSMD13;DAXX;IRAK4;MKNK1;MPZL2;PDCD6;IRAK1;OTUD7B;KRAS;UBE2D3;TUBA4A;ZC3H12A;ARF1;RHEB;PIGR;CTNS;SC5D;PFKL;PSMC6;NPC1;DDIT4;ENDOG;TNFAIP3;TPI1;TXNRD1;SKP1;ARF5;ABCA7;P4HA1;CNKSR3;RNF152;SP1;SMCR8;ARPC5L;ACE;SQSTM1;SPRY3,Colon,Enterocyte
4,prerank,Common,0.1836954911540751,0.8099504219668883,1.0,0.971285140562249,1.0,444/2808,17.82%,HELLS;FANCA;DNA2;PTGDR;SMOC2;RRM2;BRIP1;RFC3;CD44;IGHM;ELAPOR1;PRKCG;MMS22L;MKI67;EPHB2;MDFIC;SH3BP4;STMN1;BCL2;CHCHD6;ANO1;TMEM131L;LMNB1;SLC12A2;PRC1;PCLAF;JCHAIN;CENPE;CDK6;TGFBR3;DEPTOR;LIG1;KNTC1;ARHGAP24;MCM3;BICD1;AGBL4;RORA;KIF14;CDK4;ST6GAL1;CENPF;FXN;NFATC2;PKHD1;POLA1;KIF20B;APLF;SUPT3H;MACROD1;NME1;POLD2;DCBLD2;RCC1;TXNDC5;MDC1;PMS1;BRCA1;PDE4B;EPHA4;TOP2A;KCNN4;SMC2;HMMR;PRDX4;SMAD6;CENPP;PTTG1;NUPR1;RNASEH2B;MTSS1;ZRANB3;TACC3;NUSAP1;CCND2;EXOSC5;TP53I11;TRAP1;PTPRC;TRAF5;VRK1;NOTCH1;MTR;NDC1;RRM1;PKD2;IPO5;MNAT1;PYCR1;ERCC8;ADCY3;IGHA1;DNMT1;RUVBL1;PRKDC;PRKAR2B;MAGEF1;WNK2;ITGB8;EYA2;HACD3;RBL1;GNA14;MYC;EFNA5;NFIA;UNG;PARP1;RARRES2;TDP1;UTP20;NOLC1;ST3GAL3;FYN;NOX1;DKC1;DNAJC10;MPV17L;MSH2;KNL1;EEF1E1;SGO2;HMGA2;ACTN1;KANK1;SLC7A1;CENPM;TP53BP1;MCM7;CREB3L1;ITGA1;HELB;PPIH;SNX32;ROBO1;SCMH1;ST6GALNAC3;CD81;MSH6;WRN;NUP155;POT1;MACROD2;ANAPC1;DPF3;SND1;USP36;AQP1;NECTIN1;LYAR;SLC39A8;ATM;REV3L;DAPK1;DTYMK;NIPSNAP1;TRIM59;EIF2B3;MCM4;ITGA2;NPRL3;TP53;ITGB3BP;MAP4K4;ATR;HMGB2;PLA2G4A;APEX1;KDM1A;RSL1D1;GPX2;STING1;CHEK2;NR4A3;HDAC4;NUP35;MUC2;MRE11;ANXA5;RPTOR;RPSA;NUP107;FERMT3;PSIP1;NUP93;PTPRM;GLMN;EZH2;AHI1;STXBP4;IGF1R;METTL3;GRM7;TADA1;SMARCAD1;NEK6;MAGI2;TSC22D3;BTG3;PINX1;GSTM3;ATG10;CKAP5;KCNMA1;THG1L;ECT2;PTMS;GTPBP4;PRKAR1B;FANCC;TNFAIP8;TXK;KPNA5;ATP2B4;ATG4C;TULP3;PLA2G2A;PER2;RPS6KA2;SMARCC1;HSPD1;BARD1;ADGRE5;POLB;AKNA;CHAF1A;FTO;CSNK1E;RPS3A;PRKN;PRCP;DBF4;C1QBP;NUP43;LMAN1;MAPKBP1;ADGRG1;NUP133;NUP205;NUDT1;E2F3;ATAD3A;SMAD5;RPS19;PHF20;RFC2;ACVR1C;DSN1;HCLS1;NUCKS1;ZDHHC11B;TGFB1;ARHGEF10L;ORC5;HMGN5;TGFBR1;DDB2;FOXK1;NFATC3;FKTN;LIMD1;RAD18;EIF2AK4;USP28;RNF115;CARD8;SHPRH;WFDC2;IGHA2;PRIMPOL;SESN3;RPS6KA6;HNRNPD;ING5;CFTR;DMD;IMPACT;NPM1;SKI;SMYD2;ACER2;ASCC3;SOX9;FAN1;RAB33B;CBX5;FAF1;FUT8;TNFRSF11A;NUP37;CENPN;EIF2D;ODF2;PPIF;MAGED1;SRPK2;BID;RNF157;LRBA;GAS6;SEH1L;LCN2;KPNA2;LEPR;TENT4A;SMG9;RANGAP1;PARP16;ASF1A;MAPKAPK3;TIPIN;EIF3L;MID1;YAP1;LBR;CLASP2;TAB1;RASAL2;AK4;PHF14;JPT2;SELENON;POLR3B;TWSG1;POLR3C;EIF3B;PRMT1;WDR41;PRKCA;CCDC134;NOD1;DDX11;ABL2;IPCEF1;POLL;ITGA6;YARS1;ATRX;SLC7A5;JMY;XBP1;DPF2;ILF3;MGMT;TMPO;TLE1;TMEM39A;CHID1;TOP2B;RRM2B;WDR6;FER;DDX56;NUP188;ABI2;RNF216;AGR2;NCL;EVPL;PACRG;C5AR1;ANKRD22;CADM1;TRA2B;NUP54;INTS7;SMC4;IFITM3;TTI1;DDAH1;TMEM161A;PA2G4;HNRNPA1;NOL3;PDZD8;PRIM2;ARID1B;AGO3;FOXP1;PRPF19;TAF1;PRMT5;IL1R2;SF3B3;ANAPC10;MAP3K5;MUC1;PMF1;REL;PMS2;PNPT1;PTPN22;RPL39;ZNF268;NUP85;EXD2;FERMT1;STIL;KIF23;SYNCRIP;CBX1;SLC15A4;NME2;H2AC25;DHX9;TBC1D5;PRKRA;PAXIP1;MBTD1;WDR59;QSOX1;ZBTB4;POLK;RPS27A;BCL7C;LIG3;RNASE4;RNF125;NDE1;ZMYND11;DIS3L2;KDM2B;OGT;BLNK;RPS3;RPL30;RIF1;XRCC1;RPL26;UBE2G2;SRPK1;DLL4;APTX;ANAPC7;PUM1;PHF7;ZBTB1;PIK3R2;NFE2L3;VGLL4;CCND1;BRAF;GDF15;POM121C,Colon,Enterocyte
0,prerank,OIS,0.36343437412978097,1.6377192430842529,0.001,0.001,0.001,184/539,21.92%,BIRC3;THBS1;ERN1;PTPN1;TNFAIP3;GFPT2;EZR;MAP3K8;PLAUR;MYC;NAMPT;PTGS2;PIGR;NFIL3;TFRC;ICAM1;MFHAS1;G0S2;DUSP16;CD74;FNIP2;PRKCA;PLCB1;ETF1;ELOVL5;CDKN1A;NRP1;UBR1;IRF8;CTSS;TRIB1;GBP1;CYLD;HDAC9;DUSP1;RAPGEF2;RIPK1;LDLR;MAP3K5;HGF;RPS6KA3;CD44;XBP1;SDCBP;CDK6;RGS16;SLC1A5;EMP1;BRAF;SESN1;UBE2D1;PIK3R3;PPP1R15A;GADD45A;DDIT3;ERO1A;ZFP36;MAPKAPK2;PHLPP1;GBE1;EIF2AK2;KLF4;IL15RA;PELI2;SIK3;IL6ST;ANKH;WARS1;HIPK3;BTG2;STAT2;SQSTM1;TES;DNAJA1;MAP2K1;ADIPOR2;GUCY1A1;TGFB1;CLEC16A;PTPRJ;ATP6V0D1;ZFP36L2;NPC1;AGO3;PTPN11;MKNK1;IDI1;PPA1;PITPNB;GNA14;JUN;STK3;HMGCS1;WAC;EPHA7;TP53;HSPA9;RALB;MAT2A;IGF1R;MKNK2;YWHAG;FZD7;ADAM17;SPAG9;IQGAP1;FOXO1;CUL3;GADD45B;ROBO1;PDCD4;RB1;PPARG;ITGAV;MAPK8;GLA;ACSL3;TNIP1;PAK1;GTF2H1;GAREM1;CCN1;BMPER;SH3RF1;EGFR;ZFP36L1;ACTR3;LPAR1;RABGAP1L;CFH;PTGER4;PRDM1;PSMD12;SIRT1;ARMH4;USP9X;SHOC2;CSNK1A1;MAPK6;ETS1;USP32;MAP4K4;YWHAZ;UBE2D3;FGF7;SDF2L1;INSR;TAOK3;NLK;IFRD1;USP4;PAK2;FBXW7;KSR1;LGMN;ARHGDIA;USP12;FNIP1;SLC2A3;HSPD1;ATP2A2;P4HA1;FGFR1;MAP2K4;SMAD2;UFM1;PELI1;STK38;EIF4E;AKAP12;ID2;ADAMDEC1;SHC1;TBK1;STING1;ATP6V1A;ACKR3;TAOK1;STRN;DLG1;ADD3;USP7;NF1;FGF13,Colon,Fibroblast
1,prerank,Common,0.3218897155511629,1.512356438776279,0.001,0.001,0.001,460/1811,20.78%,NABP1;GCH1;MX1;BIRC3;CXCL2;FOSL1;NR4A3;IGHA2;THBS1;RIGI;CD83;CXCL1;ERN1;PTPN1;TNFAIP3;PRKCG;TNFAIP6;NCOA7;MAP3K8;TRIM69;IL32;NUP98;NR4A2;PLAUR;BATF2;MYC;NAMPT;PTGS2;PPP1R15B;NFKB1;PDE4B;CPEB4;RCC1;JCHAIN;NFKBIZ;SOD2;TFRC;ICAM1;MFHAS1;CD74;UAP1;MX2;KDM6B;ZC3HAV1;FNIP2;IRF1;NFKBIA;PRKCA;TAP1;NFATC2;BACH1;RELB;CDKN1A;NFE2L3;NRP1;TNFRSF10B;ARHGAP26;CCL2;IRF8;PML;CTSS;SUPT5H;TRIB1;GBP1;CYLD;PPARD;HDAC9;PIM3;RAPGEF2;SAV1;TRAF3IP2;ISG20;REL;CRY1;ATF6;ARIH1;DNAJB1;HELB;RBBP6;RIPK1;LDLR;SBNO2;GTF2B;NDRG1;TGFBR1;HLA-E;IER3;IER5;ATF3;MAP3K5;ATXN7;HGF;IFI16;RPS6KA3;TNFSF10;CCL8;CD44;XBP1;OSMR;PSEN1;NDEL1;EGR1;NOLC1;KLF6;CDK6;WNK1;EIF2AK3;CLIP1;MCTP1;STAT1;RGS16;TRIM38;MCL1;HLA-DPA1;PCSK5;SOCS3;CCNT1;ZNFX1;ARHGAP24;BRAF;NT5C2;SESN1;ARL6IP1;TXNDC5;UBE2D1;SLFN11;TRIM22;AKIRIN1;SULF1;NECTIN2;MRNIP;CD55;BAG3;PIK3R3;PPP1R15A;PMF1;TOM1;GADD45A;SMG1;DDIT3;YME1L1;ERO1A;ZFP36;KLF9;MAPKAPK2;PARP8;PLEKHM2;USP36;EIF2AK2;LPCAT3;PSME4;PABPC1;KLF4;PTGFR;JPT1;ABCA1;GNAI3;OTUD4;TANK;YES1;SUSD6;HAPSTR1;SIK2;CLOCK;RAB5A;IL15RA;MAN1A1;DTX3L;PELI2;RNF169;IFNGR2;IL6ST;CCL13;WARS1;IFNAR2;SP100;HIPK3;BTG2;STAT2;TRAF3;SQSTM1;DNAJB4;LATS2;TMEM41B;VCAM1;TOB1;EIF3A;TES;OSER1;DNAJA1;CASP4;DTX4;NFE2L2;MAP2K1;KIF2A;CREB1;DAB2;TCIM;ADIPOR2;TGFB1;TUBB4B;DDX3X;CLEC16A;PTPRJ;ATP6V0D1;LRRC8A;KCMF1;ZFP36L2;STAT3;MAN2A1;ADM;AP1G1;PLSCR1;NPC1;PARP14;GCLM;KLF10;MARCKS;KPNA4;RUVBL2;AGO3;PTPN11;NFATC3;ARF4;CADM1;SAMHD1;GNA14;MRTFA;JUN;USP6NL;BTG1;PPP1R10;YTHDF3;TMEM117;PPARA;TOP1;ANXA1;LMNA;WAC;HEXIM1;VMP1;CCL11;PPP2CA;STK38L;STK24;NFAT5;HDAC4;NLRC5;UBR5;TP53;HSPA9;MBP;CITED2;RALB;DIPK2A;UBE2E2;IGF1R;NUP58;ABCF1;ATP6V1C1;HAS2;PRKCE;ARL8B;KRT18;BIRC2;YWHAG;SERPINE2;USP25;FZD7;H2AZ1;RAB7A;ADAM17;GSPT1;SYNCRIP;DNAJB9;VPS13A;UBE2J1;SLC12A2;ADAMTS1;FOXO1;FOXO3;CUL3;FOS;SNX14;BECN1;ROBO1;YAP1;SLC3A2;PDCD4;RB1;LARGE1;PPARG;AMD1;ITGAV;HSPA8;IL7;GBP4;IL4R;RAB8A;MAPK8;BCL6;SMCHD1;TNIP1;SLC16A2;PPP4R2;JUNB;PAK1;GTF2H1;ANXA2;HIGD1A;EPC2;RFTN1;PSPC1;RELA;ABL2;KDM4B;SH3RF1;SDC4;STAM;EGFR;PLIN2;AHR;PPP2R5C;ZFP36L1;TRIP12;HERPUD1;APOBEC3C;ARID2;CCND1;SLC38A2;DYRK1A;KIF1B;PLK3;BTG3;RB1CC1;PGF;LPAR1;SIN3A;SERINC5;HIF1A;DNAJB6;TJP1;CUL4A;CFH;MGAT1;PTGER4;RTN3;QRICH1;USP15;DGKD;FAF1;TAF9;UBR4;SFPQ;ERCC5;FER;PSMD12;SIRT1;EPAS1;ARMH4;SLC20A2;ATG3;USP9X;PPP3CA;CSNK1A1;YBX3;RHBDD1;ECPAS;SKI;CHMP4B;CAST;ETS1;G3BP1;MAP4K4;CCDC47;LOXL2;CALM1;PIP4K2A;SREBF2;RTN4;YWHAZ;PRNP;PLA2G6;TDP2;KAT6A;FGF7;PARP1;FOXK2;ERBIN;RANBP2;FOXN3;DNM1L;ITGA5;INSR;TAOK3;CEBPB;MALT1;BCL3;CCNH;CTNNB1;DDX5;NUP153;NLK;EDEM2;LGALS3;GGCX;RHOB;CEBPD;APOL1;KPNA1;BMPR2;PAK2;MAD2L2;TAF2;TBC1D12;DLL1;HSPB8;NUP88;H2AC6;FBXW7;CYBA;NIPBL;ACVRL1;MT2A;PTPRK;HUWE1;CHORDC1;LGMN;GNAQ;ARHGDIA;HNRNPU;CRK;FNIP1;HSPD1;NT5C3A;ATP2A2;SMC4;FBH1;DHRSX;MAP2K4;SRSF2;UFM1;ADAR;EIF4A1;PELI1;FYN;STX12;STK38;STT3B;SFRP1;EGLN1;RASAL2;EIF4E;RNF10;VEZF1;ID2;PAM;SHC1;WWP2;SNX5,Colon,Fibroblast
2,prerank,TIS,0.2845454660373784,1.297686329468855,0.007700770077007701,0.015194269589754722,0.041,132/598,19.29%,NABP1;BIRC3;THBS1;PRKCG;MYC;PDE4B;TFRC;CD74;FNIP2;TAP1;NFATC2;BACH1;CDKN1A;PML;SUPT5H;PITPNC1;CRY1;HELB;RBBP6;RIPK1;GTF2B;NDRG1;IER3;IER5;KIF13B;ATF3;ATXN7;BAIAP2;IFI16;CD44;SDCBP;PSEN1;WNK1;RGS16;MCL1;SESN1;ARL6IP1;POLR2A;SLFN11;MRNIP;PPP1R15A;GADD45A;SMG1;DDIT3;MAPKAPK2;PSME4;KLF4;ELL;OTUD4;TANK;SUSD6;CLOCK;DTX3L;RNF169;SP100;BTG2;ZMAT3;RRAD;TOB1;DNTTIP2;TGFB1;PVT1;GCLM;RUVBL2;SAMHD1;JUN;BTG1;PPP1R10;TOP1;LMNA;DPYD;WAC;HEXIM1;NFAT5;UBR5;TP53;TSPYL2;UBE2E2;MKNK2;PRKCE;BIRC2;ADAM17;FOXO1;FOXO3;FOS;YAP1;SLC3A2;RB1;MAPK8;BCL6;STOM;SMCHD1;PPP4R2;PAK1;GTF2H1;EPC2;KDM4B;EGFR;AHR;INO80D;ZFP36L1;TRIP12;ARID2;CCND1;DYRK1A;PLK3;RALA;CUL4A;TAF9;SFPQ;SLC35D1;ERCC5;SIRT1;USP9X;RHBDD1;TDP2;PARP1;FOXN3;TAOK3;BCL3;CCNH;CTNNB1;DDX5;RHOB;MAD2L2;SAT1;TAF2;H2AC6;FBXW7;NIPBL;PTPRK;HUWE1,Colon,Fibroblast
3,prerank,RS,0.281923462401748,1.2288273892756056,0.06485849056603774,0.03852832645973518,0.126,102/340,25.27%,NABP1;ANKRD28;MYC;RCC1;POLG2;PLCB1;CDKN1A;CCL2;PML;BAZ1A;HELB;RBBP6;CDK6;POLR2A;SLFN11;USP37;MRNIP;SMG1;KLF4;RNF169;SP100;LATS2;TCIM;CCNG2;DDX3X;HNRNPC;RUVBL2;SAMHD1;PPP1R10;TOP1;ANXA1;WAC;PPP2CA;TP53;TSPYL2;UBE2E2;ADAM17;TCP1;GSPT1;ADAMTS1;CUL3;RB1;MCMBP;BCL6;SMCHD1;PPP4R2;EPC2;EGFR;INO80D;ARID2;CCND1;PLK3;CUL4A;FAF1;SFPQ;ERCC5;ID4;PPP3CA;PAF1;MLF1;PARP1;CCNH;CTNNB1;MAD2L2;H2AC6;FBXW7;NIPBL;ACVRL1;NAP1L1;HNRNPU;KMT2E;FBH1;ELOC;PELI1;DCP2;POLR2B;ZNF655;EIF4E;ID2;RDX;NOC3L;DLG1;EIF4G1;USP7;RBMS1;WAPL;INO80;SMC5;SMARCA5;CUL1;REV3L;LATS1;UBE2N;PDS5A;SPIDR;HSP90AA1;H3-3B;ZRANB3;AMBRA1;ANKRD17;RPS6KB1;MORF4L2,Colon,Fibroblast
4,prerank,MS,0.21700663535499376,1.0026000423498023,0.4759916492693111,0.47189060125895377,0.907,191/852,22.07%,NR4A3;THBS1;TNFAIP3;GFPT2;PLAUR;MYC;PFKFB3;MAFF;PTGS2;NFIL3;CPEB4;TIPARP;SOD2;TFRC;G0S2;CD74;ERRFI1;PRKCA;ELOVL5;CDKN1A;ABHD5;PML;PITPNC1;TDO2;PPARD;DUSP1;ISG20;LDLR;NDRG1;IER3;ATF3;MAP3K5;HGF;IFI16;TNFSF10;XBP1;PSEN1;EGR1;KLF6;GRB10;EIF2AK3;MCL1;UGDH;CHKA;SESN1;PNPLA8;PIK3R3;PPP1R15A;SMG1;DDIT3;YME1L1;CP;ERO1A;ZFP36;JMJD6;CS;CYCS;GBE1;EIF2AK2;PID1;LPCAT3;CERS4;LPIN1;CYRIB;HYCC1;STAT2;SQSTM1;TES;NFE2L2;ETNK1;GPCPD1;ADIPOR2;CCNG2;TGFB1;CLEC16A;ADM;PLSCR1;KLF10;IDI1;PTGR1;JUN;PLD1;HMGCS1;BTG1;PPARA;LMNA;ACOX1;GLUL;STK24;HDAC4;TP53;HSPA9;CITED2;FOSL2;MAT2A;ATP6V1C1;PNRC1;YWHAG;H2AZ1;ADAM17;VPS13A;FOXO1;FOXO3;CERT1;FOS;SLC25A33;OSBPL8;BECN1;LARGE1;PPARG;HSPA8;NCOA1;MAPK8;ACSL3;AGPAT4;OSBP;PAK1;ANXA2;HIGD1A;CCN1;SDC4;EGFR;PLIN2;CHP1;ZFP36L1;RALA;NCOA3;RB1CC1;PGF;SERINC5;HIF1A;OGDH;DGKD;UBR4;SIRT1;HK1;EPAS1;ATG3;CSNK1A1;SAMD8;ETS1;KLF7;LOXL2;PIP4K2A;SREBF2;YWHAZ;CASP7;PLA2G6;PARP1;FOXK2;DNM1L;ABHD12;AMPD3;INSR;MTFR1;NUS1;MRPL30;BMPR2;PAK2;MPC1;MT2A;LPIN2;HUWE1;DLST;SGMS1;FNIP1;SLC2A3;HSPD1;P4HA1;DHRSX;KDM3A;MRPL9;GFPT1;SFRP1;EGLN1;EXT1;AKAP12;PAM;PER2;GPX1;STING1;ALAS1;ACKR3;EIF4G1;NEDD4L;NF1;MRPL14;ACSL4;SLC25A5;EIF2S1;VDAC1,Colon,Fibroblast
0,prerank,OIS,0.32583590549277636,1.5082543800373087,0.001,0.015180265654648957,0.01,43/171,15.54%,APOE;AKAP12;ENO1;CFL1;CALR;PLAT;ITGAV;HIPK2;ACTR3;LAPTM5;ID2;LAT;PFN1;TAB2;SDCCAG8;ATP2A2;AP2M1;PJA2;FNIP1;RPS6KA3;MAP3K1;CSNK1A1;DOCK2;TGFB1;SPRED1;ARHGEF6;RPS6;MAP3K2;RABGAP1L;CD81;MIF;RAP1A;MAP4K4;BHLHE40;SLCO3A1;PPP1CB;RB1;YWHAB;VEGFA;DDIT4;ITPR2;CCT6A;FBXW7,Colon,Mast cell
1,prerank,MS,-0.27069256329988084,-1.3216655496360772,0.02178649237472767,0.02959830866807611,0.07119741100323625,60/243,17.07%,ATF3;MT-CYB;NDUFC1;SLC25A3;FOS;BTG1;SQSTM1;PNRC1;MT-ND3;HPGD;MT-ND2;ATP5IF1;LPIN2;HAX1;MT-ND4L;H2AZ1;YME1L1;ATP5ME;RBKS;ATP6V0E1;MT-CO2;LAMTOR4;COX7A2;NDUFA11;MT-CO1;MT-ND4;NDUFAF3;GPX1;KLF6;ALKBH7;PLAUR;MRPL52;MT-ATP6;FOXO3;MT-ND5;NDUFC2;NDUFB10;SLC8A3;RAB32;FOXK2;NDUFB8;MT-CO3;STMP1;GABARAP;MT-ND1;ATP6V1G1;HIGD2A;MT-ATP8;GSTP1;DUSP1;ATP5MF;BNIP3L;HSPA5;HP1BP3;COX4I1;JUN;ATP5MC2;COX7B;FIS1;COX17,Colon,Mast cell
2,prerank,Common,0.24381129905136903,1.2617406249765093,0.015384615384615385,0.11688804554079696,0.14,109/505,18.12%,APOE;CD38;TSC22D1;HLA-A;IGHA1;PLPP1;PSMD1;ENO1;LGALS1;TAX1BP1;NOP53;CFL1;CALR;PLAT;ITGAV;BIRC6;DAPK1;HIPK2;LAPTM5;SPIDR;EIF4G2;ID2;TMSB4X;EIF3D;MARCHF7;RUNX3;PTK2;LAT;JCHAIN;ACTG1;TPSAB1;VAV1;LCP2;EPC1;KRT1;TAB2;KPNA4;HNRNPA1;FYN;SET;CRIP1;UBXN1;VDAC1;CD82;ATP2A2;PPP2CA;ST3GAL3;USP15;USP47;PJA2;FAF1;FNIP1;RPS6KA3;CSNK1A1;EEF1A1;TNFAIP8;TGFB1;RBBP8;MARCHF6;EIF4A1;CYBA;SPRED1;PPP2R5C;XRCC6;MACF1;RSF1;HLA-E;BCLAF1;VTI1A;HNRNPA0;SSB;CD81;AHNAK;MIF;MAP4K4;EIF3F;NUCKS1;RPSA;MRTFA;SRSF2;RB1;EXOC4;YWHAB;SMCHD1;VEGFA;CDC37;SEM1;PPARD;ATF4;PUM2;DDIT4;ITPR2;ATP6V0A2;FBXW7;RPS19;AKT3;STAT3;PRKCE;YBX1;HLA-B;NASP;RGS1;IFITM2;MATR3;HNRNPD;CDC73;RAB7A;ANP32A;EIF4A2,Colon,Mast cell
3,prerank,RS,0.26748594628523503,1.1385961295467002,0.23251417769376181,0.2342820999367489,0.344,26/98,21.74%,BAZ1A;SPIDR;ID2;TCP1;TMSB4X;PDS5A;EPC1;HNRNPA1;SET;PPP2CA;FAF1;RBBP8;XRCC6;NUCKS1;RB1;SMCHD1;SEM1;CCT6A;FBXW7;HNRNPD;CDC73;BCL2;POLD4;ACTB;PLCG2;NSMCE1,Colon,Mast cell
4,prerank,TIS,0.21865518200176076,1.0030094828876555,0.4359464627151052,0.44174573055028465,0.671,31/166,16.10%,CD38;TSC22D1;ABCC4;NOP53;HIPK2;SPIDR;MARCHF7;VAV1;EPC1;CRIP1;UBXN1;CD82;USP47;TGFB1;RBBP8;SPRED1;XRCC6;BCLAF1;CD81;MIF;NUCKS1;DPYD;RB1;SMCHD1;CTSD;APRT;SEM1;ATF4;DDIT4;FBXW7;PRKCE,Colon,Mast cell
0,prerank,OIS,0.25382431621914664,1.1251261592284945,0.17148760330578514,0.5115423901940755,0.439,141/657,20.96%,PTPRC;PTPN22;TNFAIP3;ETS1;RPS6KA2;AGO4;ST6GAL1;CD74;ROBO1;PRKCD;SESN1;SDCCAG8;ANO1;TSPAN7;SYTL2;OTUD5;PTPN1;SC5D;CD44;GGA2;TSC1;TAB3;NIN;UNG;RABGAP1L;MADD;GBE1;PTK2B;PTPRJ;ERN1;GADD45B;MAP3K4;OGT;BCAR3;CCDC88C;TMEM127;DHFR;PTPN3;ATG10;MDFIC;GCLC;EGLN3;MDM4;MKNK1;LGMN;EPB41L3;ITPR2;GAREM1;PRKN;SP1;PRR5L;INSR;DUSP16;SLC1A5;TBK1;AVL9;MAP2K1;DEPTOR;GSK3B;MFHAS1;NF1;PLA2G12A;MAP3K1;HK2;STK40;FOXO1;MTMR10;NPNT;UBE2D1;MAP3K9;MAPKAPK5;DCBLD2;WARS1;NFYC;VRK2;RB1;TSPAN1;F2RL1;JUN;WWC1;TNRC6C;PRKACA;ZFP36;ELOVL6;ADAM17;CDK6;PLAUR;PTBP2;ZFP36L1;GNGT1;CROT;EEF1E1;IRAK1;SHOC2;STK4;PPP5C;NPC1;PELI1;EZH2;PSMG1;MIOS;SZT2;RAPGEF2;FNIP2;CDKN2C;TPD52L1;NMT1;PPP1CB;GCNT2;PDE8A;TMEM176B;LYN;DEPDC5;TNFRSF1A;XIAP;MAP4K4;PPP2R1B;GLRX;TBC1D7;MAT2A;HRAS;GMPS;SH2D3A;SEC13;WAC;EMP1;KLHDC10;PPARG;NPRL2;ITGB1BP1;IL6ST;MAPK9;UBE3A;ITGAV;MLST8;BRAF;PHLPP1;PINK1;RPN1;RYK;PLCG2,Colon,Transit amplifying cell
1,prerank,Common,0.2469560750646295,1.1158576190678562,0.051,0.28804902962206336,0.488,534/2446,20.72%,PTPRC;IGHA2;JCHAIN;IGHA1;PTPN22;PRKCH;DERL3;TNFAIP3;TXNDC5;ISG20;ETS1;IL32;RORA;TMEM131L;WDR76;FAM168A;HLA-DRB1;IFITM2;CFD;TRIM13;RPS6KA2;ITGA1;SEC14L1;RNF125;NFATC2;INPP5F;AGO4;SMOC2;PIP4K2A;ARHGAP24;SOCS3;DDX11;MUC2;TNFAIP8;ST6GAL1;SLF1;ULK1;CCPG1;CD74;NUP210;FBXL4;JMY;ZG16B;KNTC1;ATP2A3;MGAT5;ROBO1;PABPC4;XPA;MNAT1;SMG9;PRIM2;PRKCD;SESN1;AGBL4;SLC12A6;WRNIP1;ANO1;PTPN1;FZR1;KDM2B;SENP7;H4C4;NUP58;H2BC7;MACROD2;NAGK;CD44;DAPK1;TSC1;MMS22L;DELE1;FAM111B;VPS13D;HSPA1B;DOT1L;ATP2B4;POLH;FANCB;SNAP23;N4BP1;TERF2IP;TAB3;PPP3CA;DNA2;CAMTA2;RNF216;ARID4A;DLC1;HMCES;CLSPN;ARG2;ATF5;SOD3;MCM3;AMFR;STAT5B;FBXO5;POLE;PLXNB1;UNG;UAP1;MTARC1;HERPUD1;PTK2B;KLF2;DNMT1;SMAD7;DIPK2A;H3C4;PTPRJ;GCLM;ERN1;MSL2;STAM;NEK4;OGT;RAD9A;SS18;CIRBP;NSMCE1;RMI1;CISD2;ELF4;MYO18A;DGCR8;STX12;LYST;BACH1;C6orf89;TRAF5;PPP2R5C;SP100;CBX4;MAP3K14;OPTN;RAD51B;RELB;GPR35;MSH6;NFX1;MXD1;PPARGC1A;CREB3L2;HERPUD2;MRNIP;HELLS;TMEM127;DHFR;H4C8;H2BC5;RETREG1;POLD2;DGKH;DAP;ARFGEF1;PLPP1;EPG5;H3C2;TIMELESS;ATG10;MCM8;H1-3;MGAT1;MDFIC;BCL7A;PSIP1;GCLC;KCNMA1;RMI2;FBXO3;EGLN3;MDM4;MIS12;HSPA1A;SUPT3H;TCIRG1;LGMN;TXNRD2;RANBP2;TLE1;NR4A2;QRICH1;FBXO31;SHLD1;EIF2AK3;NFATC3;ST6GALNAC3;POLE2;HLA-F;PKMYT1;ITPR2;CASP8AP2;CREB3L1;KDM4B;CENPP;ITGB5;CRIP1;KAT7;EXOC7;PRKN;DYRK2;DSN1;WDHD1;RFC1;MCL1;HLA-E;TANK;MCM6;TRAF3IP2;INPP5K;CEBPD;MSH3;SP1;PRR5L;POLK;INSR;LYAR;PTRH2;H3C8;DPF3;KLHL15;PLAA;JAK2;ANKLE2;TMEM117;PHF10;PLK3;WDFY3;MTMR8;BCL2;TBK1;MAP2K1;SUPT5H;PPARD;UBE4A;TMEM129;SMARCAL1;CTCF;DEPTOR;IL10RB;MFSD8;APPL2;ERAP1;SLC20A2;VTA1;HDAC4;CCNH;MGAT4A;SLC38A2;GSK3B;FANCL;HLTF;NRBP1;PLSCR1;RHBDD1;MFHAS1;H2BC9;ABHD17A;HDGFL2;SPIDR;CITED2;SLC35A4;IL17RB;PPIE;ADCY6;UBXN2A;VKORC1;NEK7;MARK2;REST;NF1;MRTFA;RAD18;ENPP3;BAD;HK2;FOXO1;JMJD1C;EHMT2;FTO;FHL2;PBLD;UBE2D1;BRCA1;PPP1R10;PDK2;RNF186;SHLD2;MAPKAPK5;PRCP;RMC1;PAFAH2;NIPSNAP2;AREL1;DCBLD2;EPS15;WARS1;UBE2E1;INIP;OSBPL7;PNKP;MAPRE1;CREBBP;RNF103;RNF139;NSMCE2;SRF;TNFRSF21;NABP1;OXR1;SUPT7L;VRK2;RB1;STIL;TAF12;NFKBIZ;BNIP3L;NUP153;LYPLAL1;F2RL1;JUN;ZBTB7B;H2AC6;ERLEC1;DNAJB12;FAM76B;H1-2;WWC1;TNRC6C;SYTL4;ANXA5;IRF1;PRKACA;ZDHHC20;NUP43;PRKG1;CORO1B;NEURL1;BAP1;ITPK1;SNX30;ZFP36;ADAM17;CDK6;TERF1;PLAUR;NHEJ1;NASP;POLDIP2;GRAMD4;NPAS2;TOPBP1;SERINC5;ZFP36L1;SPCS3;DAPK2;BLNK;ZC3HAV1;KDM6B;JUNB;BECN1;ING3;CENPU;SLC30A9;RECQL;EEF1E1;MBTD1;DNAJC16;EP400;PCNA;DLG3;AVEN;UBE2J2;PSME4;XPC;GTF2H3;BTG1;IRAK1;MAN1A1;AKNA;ALKBH5;FUT8;PLIN3;TNPO2;PLK4;DDX3X;CXCL2;WRN;PCK1;EPB41;TP53BP1;IFNGR2;UIMC1;ATG4D;AZI2;LIMD1;MAN1A2;CAMLG;CIAPIN1;PPP5C;TAP2;OOEP;NPC1;PELI1;RAE1;REL;BABAM2;RBCK1;EZH2;ANAPC4;UCK2;SLC38A1;EXOSC5;MIOS;PHC3;CAPN1;LIG3;EYA3;RBBP8;RFC4;TRA2B;SZT2;RAPGEF2;FNIP2;FANCI;POLA1;ATAD3A;CDKN2C;FOXN3;SGMS2;FAF1;SNX14;B2M;RBL1;TSC22D4;TMPRSS2;SEMA5A;CENPO;ST3GAL3;NOP53;REV3L;FOSL1;EIF2B3;LYN;MARCHF6;ERCC6;FAAP20;PARP14;DEPDC5;POLR3C;TNFRSF1A;UBL7;ZBTB7C;DTX3L;XIAP;BRCA2;PAFAH1B1;MAP4K4;PPP2R1B;ABI2;EPB41L4B;GLRX;DDB2;EHMT1;DTL;TBC1D7;CELF1;HRAS;PEX14;ATG13;IRS2;SMCHD1;NMT2;NUP42;CLMN;SEC13;FOXO3;WAC;LGALS8;ASS1;FAM111A;DHRSX;MVB12B;BCL2L1;ARNT;CPEB4;LRP1;IL18;EIF3L;KLHDC10;PDPK1;RAD1;NUP160;PPARG;DNM1L;RARRES2;DHX15;PARP4;NPRL2;ITGB1BP1;IL6ST;CASP8;MAPK9;ANKHD1;ILRUN;H1-5;DCAF11;DDX60L;SKP2;H2AC20;VPS16;CLASP1;SLC39A8;P2RX4;ATP6V0E1;ITGAV;MLST8;AHI1;MBTPS1;SPDYA;BRAF;MCM5;SMARCD2;EPC2;PINK1;XRCC4;MORF4L1;SCMH1;UBE2J1;BAG1;TAPBP;SEC22B;POGZ,Colon,Transit amplifying cell
2,prerank,MS,-0.1883453663644402,-1.0335411993400838,0.3333333333333333,0.2761904761904762,0.29292929292929293,329/1162,24.61%,SLC37A4;SAP30;GFM2;MAIP1;CCNB1;ADSL;PGM2;ASCL2;PEX13;PSMD10;TIMM22;TIGAR;MPV17L;DGKZ;NOTCH1;AURKA;PDHB;PICK1;DHTKD1;SDHAF3;CRAT;NTHL1;VEGFA;NOA1;ATG2B;PMAIP1;ABHD16A;DECR2;MRPL49;MFN2;LIPG;SLC30A5;NUS1;FAAH;PRELID3B;ENDOG;MRPL9;SMIM20;MRPS10;RXRA;CYP2J2;ADTRP;EPHX1;PEMT;COA8;SIRT5;STRADB;MRPS18B;STX4;TIMM10B;DNAJA3;PISD;STK26;FDFT1;OCRL;IMPACT;VDAC2;DLAT;NR4A3;SIRT7;ACSF2;MRPL43;KLF10;PIGC;MRPL32;UQCC2;CDK1;MRPS28;MRPL15;MRPL12;MRPL22;VAPB;ACSL3;MRPL24;PEX2;COX16;ATAD3B;MRPL44;AIFM2;KLHL24;PKM;AASDH;MCAT;NDUFAF3;NDUFA9;MRPL13;SERINC2;MRPL57;MAPK1;TMEM126A;BCS1L;CYP2C18;ILVBL;GDE1;MRPL19;RRAGA;TOMM40;HMGCS1;MT3;TMEM242;HADH;UQCC3;PCK2;CBR1;THG1L;GRHPR;MT2A;TIMM13;DAP3;EGLN2;GSK3A;HTRA2;MECR;CHCHD1;PIK3R4;ACAT2;IDE;PGD;NME1;ATF2;TKT;MTFR1;MICU1;JMJD8;TIMM21;IDH3B;BID;ATP5IF1;EDN1;PHB2;HACD3;MRPL37;CD24;MT1E;MXI1;FABP1;RCC1L;FOXK2;MRPS17;TIPARP;MRPL42;HADHA;PSEN1;IMMT;ECI2;GHITM;GOT2;PHKA2;MRPS18C;LAMTOR5;HNRNPA1;PIK3CA;PIK3C2A;ECSIT;ODC1;MRPL16;ACADVL;TMEM14A;PTGES3;SDHB;LETM1;CDS1;SLC25A11;BAK1;NDUFAF5;FBP1;COX11;LPCAT4;GLUL;DNAJC19;ACOT11;NDUFS1;ACAA2;TMEM70;SLC22A5;ALDH1A1;NUAK2;EPM2AIP1;UQCRFS1;PTGES2;RPE;SSBP1;CHEK2;WIPI1;MRPS16;DMAC1;STARD7;ERO1A;EIF2AK2;PYCARD;LYRM7;FIG4;NDUFA5;LONP2;MRPL18;SERINC1;OSBP;TOMM22;HSPD1;TIMM8A;PLA2G2A;EP300;TPI1;CLPP;NDUFB8;PTCD3;HP1BP3;SLC25A1;HUWE1;CLDN3;CWH43;LAMTOR4;METAP1;MTFR2;MTCH1;ATP5MF;TMX2;MBOAT1;SAMM50;SMPD3;EPAS1;GRPEL1;PGP;MRPL38;COX7A2L;LARS1;PAK1;PRKAG1;NDUFB3;CYB561;H6PD;MRPS18A;PRKAB1;HIGD2A;THBS1;BDH2;COA6;VPS35;NDUFS5;ENO1;NDUFAF8;MRPS9;SLC25A5;HACD2;TSFM;TM9SF4;PGAP4;IDH2;PDHA1;SLC44A2;PIKFYVE;SIAH2;ERAL1;NR1H4;NDUFB4;YWHAG;MRPS25;PHYH;MRPL36;ARV1;SMS;NDUFS8;GABPB1;PRMT1;CYC1;SLC25A3;MRPL27;HSP90AA1;TPK1;PGM1;PIK3R2;PLPP2;H2AZ1;ATG3;NDUFAF2;MRPL33;COX19;ASAH1;VDAC3;SCO1;NDUFS2;TIMM17A;ATP5MC1;HIGD1A;DLD;HSPH1;ATP6V1D;NFE2L2;PAK4;PFKFB2;COX6B1;ECHS1;MRPL30;NCOR1;ISCA1;FAR1;MIX23;PAK2;COX4I1;MTRF1L;MRPL47;IVD;AIFM1;MRPL14;HSPA9;ACAA1;NDUFA7;UQCR10;FAM162A;OXA1L;MRPL2;IDH3G;EIF6;ATP5MC2;NDUFA11;MICOS13;PGLS;ATP6V0C;ABHD3;SMDT1;TFRC;MRPS24;CPNE1;SAR1A;VDAC1;FOS;ATP5F1A;HOXB9;SREBF2,Colon,Transit amplifying cell
3,prerank,TIS,0.23279190641648376,1.0331562784526607,0.3813387423935091,0.4774940415389854,0.829,206/901,20.72%,PITPNC1;RORA;WDR76;FAM168A;NFATC2;AGO4;DDX11;SLF1;CD74;XPA;MNAT1;PRKCD;SESN1;WRNIP1;DPYD;FZR1;H4C4;H2BC7;MACROD2;SNAPC5;CD44;MMS22L;FAM111B;DOT1L;POLH;FANCB;N4BP1;TERF2IP;DNA2;HMCES;CLSPN;MCM3;FBXO5;POLE;UNG;GCLM;MSL2;NEK4;TP53I13;RAD9A;NSMCE1;RMI1;BCAR3;DGCR8;SUPT4H1;BACH1;TRAF5;SP100;RAD51B;MSH6;NFX1;MXD1;MRNIP;HELLS;H4C8;PMM1;H2BC5;POLD2;TIMELESS;MCM8;BCL7A;RMI2;MDM4;PLXNB2;SUPT3H;FBXO31;SHLD1;TGFBR2;POLE2;KDM4B;CRIP1;MXD4;KAT7;DYRK2;WDHD1;RFC1;MCL1;TANK;MCM6;MSH3;SP1;POLK;DPF3;KLHL15;UPP1;PHF10;PLK3;BCL2;SUPT5H;SMARCAL1;SLC35D1;XRRA1;CCNH;FANCL;HLTF;NRBP1;RHBDD1;TYMS;H2BC9;HDGFL2;SPIDR;PPIE;ADCY6;VKORC1;RAD18;KCNQ1;FOXO1;FTO;BRCA1;PPP1R10;SHLD2;CES3;INIP;PNKP;CREBBP;NSMCE2;DCTN4;NABP1;SUPT7L;VRK2;RB1;TAF12;JUN;H2AC6;H1-2;POLR2A;ZDHHC20;BAP1;RNF19B;ADAM17;TERF1;NHEJ1;UPF3B;POLDIP2;NPAS2;TOPBP1;ZFP36L1;ING3;SLC30A9;RECQL;EEF1E1;MBTD1;EP400;PCNA;PSME4;XPC;GTF2H3;BTG1;IRAK1;ALKBH5;WRN;TP53BP1;UIMC1;PPP5C;OOEP;PELI1;RAE1;BABAM2;LIG3;EYA3;RBBP8;RFC4;FNIP2;FANCI;POLA1;ATAD3A;FOXN3;TPD52L1;NOP53;REV3L;BLCAP;LYN;ERCC6;FAAP20;POLR3C;KIF13B;DTX3L;XIAP;BRCA2;DDB2;DTL;NCBP2;INO80D;HRAS;SMCHD1;FOXO3;WAC;FAM111A;BCL2L1;ARNT;RAD1;POLR3GL;IP6K2;PARP4;RAB40C;CTSD;SKP2;H2AC20;MLST8;SPDYA;MCM5;SMARCD2;EPC2;XRCC4;MORF4L1;POGZ,Colon,Transit amplifying cell
4,prerank,RS,0.23445832286732327,1.0254394431698544,0.4014830508474576,0.38774259448416754,0.864,138/556,20.72%,USP37;DDX11;SLF1;ANKRD28;MNAT1;PRIM2;WRNIP1;H4C4;H2BC7;MMS22L;FAM111B;DOT1L;ATP2B4;POLH;FANCB;TERF2IP;PPP3CA;DNA2;E2F8;MCM3;FBXO5;POLE;MAP3K4;NSMCE1;RMI1;SP100;CRLF3;RAD51B;PKD1;MRNIP;HELLS;DHFR;H4C8;H2BC5;POLD2;TIMELESS;MCM8;H1-3;BCL7A;RMI2;FBXO31;SHLD1;POLE2;RASSF1;KAT7;WDHD1;RFC1;MCM6;POLK;DPF3;KLHL15;SMG6;PHF10;PLK3;BCL2;SMARCAL1;APPL2;CCNH;HLTF;TYMS;H2BC9;HDGFL2;SPIDR;NAP1L1;JADE3;NEK7;GINS1;CCNG2;RAD18;ATAD5;EHMT2;BRCA1;PPP1R10;SHLD2;MAPKAPK5;INIP;PNKP;CREBBP;NSMCE2;METTL4;NABP1;RB1;STIL;H2AC6;H1-2;POLR2A;ADAM17;CDK6;TERF1;NHEJ1;POLDIP2;TOPBP1;TCF3;ING3;RECQL;MBTD1;EP400;PCNA;HDAC8;DDX3X;WRN;TP53BP1;OOEP;PELI1;EZH2;CPSF3;POLRMT;LIG3;RBBP8;RFC4;POLA1;CDKN2C;KMT2E;FAF1;GRWD1;RBL1;EXOSC10;REV3L;ERCC6;FAAP20;BRCA2;DTL;INO80D;SMCHD1;SENP2;ESCO1;WAC;FAM111A;H1-5;SKP2;H2AC20;SPDYA;MCM5;SMARCD2;EPC2;MORF4L1;ZNF827;POGZ,Colon,Transit amplifying cell
0,prerank,RS,0.26558549820865657,1.2425082094236681,0.04712041884816754,0.11972065181243764,0.066,82/292,22.74%,ITGB1;PLCG2;CDK6;CENPX;APPL2;SPIDR;RPA2;CGAS;DGKZ;EZH2;CTDSP1;RBBP6;POLR2I;DPF3;RBBP8;RRM2B;POLH;EPC2;POLR2G;POLR2C;STN1;NSMCE1;H1-4;H2AZ2;HDAC8;CABIN1;RBMS1;XRN1;PSMA4;H4C3;CTNNB1;JADE2;MAP3K4;EIF4G1;PTPN6;CCT6A;CDK2AP2;BCL6;ACTB;H1-3;ABL1;CACUL1;PARP1;GIGYF2;SMARCC1;CCND2;TINF2;SPDYA;APC;SMC3;RPTOR;UBE2A;SMARCA2;HMGA1;RECQL;MAPK1;H1-2;WAPL;CUL4A;RCHY1;POLR2A;NAP1L1;AMBRA1;RPA3;TMEM14B;HNRNPD;SET;HNRNPA2B1;POLR2E;PSME2;ING3;HMBOX1;PPP4R2;CUL3;PSMA2;POLR2L;SFPQ;PSMB1;MBTD1;RFC1;PSMB4;SMARCE1,Colon,gdT
1,prerank,Common,0.21666804449148283,1.1373504740504334,0.04791344667697063,0.25440638510143,0.26,246/1362,16.65%,GZMK;TYROBP;FCER1G;GNLY;HSPA6;ITGB1;ANP32B;STMN1;CCR9;NFKBIA;CD83;HMGN2;KRT8;JUN;TXK;PLCG2;CDK6;FABP1;GALNT1;CENPX;DDB2;ADARB1;SNX14;DDX60L;APPL2;TUBB;HIPK2;SPIDR;ERCC6L2;NF2;RPA2;CGAS;YES1;DEK;HSPB1;MT2A;ANAPC10;CREB1;STX12;GSTP1;DGKZ;ATP2A2;EZH2;POM121C;CD244;RBBP6;NLK;KIF20B;POLR2I;VRK1;ADGRG1;MALT1;MIEN1;TGFBR3;DHRSX;CDIP1;SPG11;PAM;DPF3;GZMA;STRN;LGALS3;CREBZF;BANF1;PHB2;RBBP8;RRM2B;EWSR1;POLH;LCP2;SIVA1;VTA1;ZFP36L1;APOBEC3C;EPC2;TFDP2;SS18;NUP88;AHI1;TXNIP;SUZ12;NSMCE1;IL18R1;YTHDC1;SEC14L1;UBE2E1;PRDX3;EGR1;PPP1CC;H1-4;H2AZ2;KLRB1;CABIN1;ARL8B;CBX6;SH3GLB1;CBX3;STMP1;PSMA4;SNX4;MAN1A2;MIF;DCAF11;H4C3;CTNNB1;BNIP3L;USP33;NHERF1;RNASEH2C;HMGB2;PYHIN1;AP1G1;EIF4G1;CKAP5;NDRG1;PLSCR1;KPNA3;SMAD4;PLIN2;MDM4;TLE3;RAB3GAP1;CAT;MGAT1;DUSP10;FIBP;CASP3;PTPN6;PHF14;LSP1;MAP2K4;DNMT1;TMEM117;RTCB;CORO1A;IGBP1;TRIM14;IRF2;FOXO3;RHBDD2;ATG16L1;IPCEF1;NUP153;PSMC3;CITED2;NCR1;SMC1A;YBX1;ATP6V1E1;PCBP1;GTF2H5;MACF1;FOXK2;RTN4;PIP4K2A;LMAN1;PRF1;BSG;TSC22D4;LAMP1;BCL6;DDT;MTOR;HSPA1A;NLRP1;RNF167;ACTB;HIKESHI;TLN1;NONO;PRDX5;H1-3;NAA38;PEX14;HLA-F;ABL1;ERBIN;LCP1;NUP214;NDUFS2;COPS5;FKBP8;PHC3;PARP1;GBP2;GIGYF2;SMARCC1;SMC4;CCND2;ACTG1;ZDHHC20;NCBP3;TINF2;SPDYA;APC;PSMB8;RPTOR;KIR2DL4;GPS2;TOPORS;SHISA5;UBE2A;HMGB1;BCL2L11;SMARCA2;PPTC7;HMGA1;HSPA4;RECQL;ATP5F1A;CCNK;QARS1;PXK;GLO1;GLMN;TDG;TRAF3IP3;ROCK1;ATG4B;RHEB;TAP2;MAPK1;PRR5L;BAZ1B;ATG3;LBR;TPR;SHPRH;EXOC7;HAX1;CD160;RAN;CCNT2;DYNC1LI2;ENO1;RAD23B;H1-2;STK26;ILF3;CHMP1A;UBE2V2;NKG7;CLIC1;NCL;CUL4A;KLHDC10,Colon,gdT
2,prerank,TIS,0.21358957839503787,1.0509810208901953,0.2823920265780731,0.47832834497284116,0.558,118/473,22.74%,ZBTB16;JUN;CENPX;DDB2;HIPK2;SPIDR;ERCC6L2;RPA2;CGAS;DEK;MKNK2;GSTP1;RBBP6;POLR2I;VRK1;CDIP1;DPF3;RBBP8;RRM2B;POLH;RALA;ZFP36L1;EPC2;POLR2G;POLR2C;TXNIP;NSMCE1;KIF13B;GTF2A2;DEF6;H2AZ2;CBX3;PSMA4;ISY1;MIF;H4C3;CTNNB1;RNASEH2C;HMGB2;PYHIN1;PVT1;NDRG1;MDM4;FOXO3;SMC1A;GTF2H5;BCL6;MTOR;SUPT4H1;NLRP1;ACTB;ABL1;COPS5;PARP1;SMARCC1;CCND2;GTF2F1;ZDHHC20;TINF2;SPDYA;APC;RPTOR;COPS4;TOPORS;UBE2A;HMGB1;BCL2L11;SMARCA2;IKBIP;RECQL;CCNK;TDG;ITPA;BAZ1B;SHPRH;RAD23B;H1-2;UBE2V2;CUL4A;CYFIP2;DCXR;MBD4;RCHY1;MSH3;POLR2A;PSME4;MPC2;RPA3;IP6K2;CDC5L;TAP1;POLR2E;MGMT;UBE2L6;BIRC3;COPS8;ING3;TADA3;HPRT1;CRADD;RBBP5;IFI16;PPP4R2;PSMA2;SF3A3;POLR2L;SFPQ;PSMB1;BTG2;VRK3;TIPRL;MBTD1;RFC1;ATF4;RNF111;PSMB4;UFL1;SMARCE1,Colon,gdT
3,prerank,OIS,0.2042460099095687,0.9946163971866488,0.4688026981450253,0.5936148985700033,0.741,69/398,15.58%,FCER1G;JUN;PLCG2;CDK6;GADD45B;ADD3;FASLG;HIPK2;LAT2;MKNK2;GSTP1;ATP2A2;DUSP22;EZH2;PDGFD;NLK;TGFBR3;SHOC2;STRN;MAP4K3;PHB2;PIGR;ZFP36L1;TFDP2;ATF1;PPP1CC;PSMA4;MIF;PREX1;NHERF1;PRKAG1;MAP3K4;UBE3A;PFN1;SMAD4;MAP3K3;MDM4;DUSP10;PTPN6;MAP2K4;CORO1A;IGBP1;CCT6A;ATP6V1E1;BHLHE40;DDT;MTOR;EBP;RNF167;LCP1;COPS5;ACSL3;CCND2;PSMB8;RPTOR;GPS2;HMGB1;HSPA4;QARS1;AP2M1;ROCK1;RHEB;MAPK1;PEBP1;PRR5L;STIP1;ACTR3;GLIPR2;CCSER2,Colon,gdT
4,prerank,MS,0.1814495151660818,0.9104922830743932,0.8141891891891891,0.8071167276355171,0.903,114/573,19.99%,GZMK;JUN;FABP1;COX5A;APPL2;HIPK2;PCCA;MT2A;SMS;GSTP1;DGKZ;PLB1;DHRSX;TTC7A;PAM;FDX1;ATP5PD;PHB2;NCOA3;RALA;ZFP36L1;AUH;ABHD12;NDUFAB1;PRDX3;EGR1;ADH5;SH3GLB1;STMP1;MIF;MRPL42;MRPL18;BNIP3L;MRPS7;PRKAG1;EIF4G1;NDRG1;PLSCR1;MRPL22;SMAD4;PLIN2;MDM4;STARD7;PISD;HK1;POR;NNT;TIMM8B;MRPL43;FOXO3;UQCRC1;CITED2;ATP6V1E1;HACL1;OSBPL8;GPD2;FOXK2;PIP4K2A;BHLHE40;TALDO1;COX20;NDUFS8;ECHS1;MTOR;HSPA1A;RALBP1;MRPL1;TMEM126A;RNF167;INPP4A;PRDX5;NDUFA9;EFR3A;NDUFS2;ACSL3;PARP1;MDH1;RPTOR;BCL2L11;EIF6;LPIN1;ATP5F1A;HYCC1;MPC1;NDUFA3;RHEB;MAPK1;ATG3;HAX1;ENO1;MRPL52;NDUFV2;STK26;VDAC3;LPIN2;HADHA;PKM;SUCLG2;SDHD;CHKA;ECH1;PANK2;PRDX6;LGALS1;MIGA1;P4HB;IP6K2;MRPL51;SAMM50;NDUFB6;COX7A2L;LAMTOR2;IRS2;UBE2L6,Colon,gdT
0,prerank,OIS,0.4526323133097414,1.6462448059104824,0.001,0.001,0.001,178/833,13.00%,INHBA;PLAT;BMPER;PTGS2;ALDH1A2;TGFBR3;EGLN3;SCN1B;CTSC;MPZL2;BMP2;ERO1A;ALDH1A3;EPB41L3;PRR5;G0S2;TFPI;PLVAP;ANGPTL4;SIRPA;IL33;TMEM100;PLA2G5;FGF18;NPNT;TMEM176A;PDGFA;GUCY1A1;CPE;TRIB1;PAK4;MAFB;TMEM176B;CMKLR1;THBS1;RGS16;GPER1;ZC3H12A;IGFBP5;TGFB2;IRAK2;CFH;GNA14;PLOD2;FN1;AK4;LAPTM5;TNFAIP3;FGF23;PDGFD;EPHA2;E2F3;VWA5A;RELL1;DUSP4;FGFR3;PELI2;P2RY6;NFIL3;DUSP5;CCN2;MFHAS1;EDN1;ST6GAL1;CA2;DUSP10;MRAS;GCNT2;FGF7;CCND2;F2R;AKAP13;MYC;ACKR3;GLIPR2;ADGRA2;RGS2;CNKSR3;PGM1;ITGA2;CD44;BTG2;NAMPT;INSIG1;MTHFD2;ZFP36L2;PPARG;P4HA1;MKNK2;MLLT11;IGFBP3;TFDP1;IL6ST;ADRA2C;RPS6;PDCD4;JUN;LDHA;CDKN1A;AKAP12;BIRC3;PEBP1;EVI5;SHC1;PELI1;HSPD1;NDRG4;DUSP19;PTPRR;FNIP2;PLA2G2A;ARL6IP5;MAP3K8;TRAF4;FOXO1;EPM2A;IL6;SPRED3;MAPKBP1;THEM4;ZFP36;FGF2;GOLPH3;MID1;DHFR;PRKCA;VHL;GADD45B;MALL;CFB;NIBAN1;PIK3CG;GSK3A;CCSER2;HBEGF;SESN3;PIM1;SLC6A6;PPP1R15A;MAT2A;GADD45G;KLF4;SQLE;PTPN11;RPS27A;ETV1;AGT;CCDC88A;KLHDC10;SORD;PDGFRB;CSNK1A1;GADD45A;MTURN;EPHA4;TULP3;TRAF7;TNFRSF1A;FKTN;EEF1E1;APOA1;SLC1A5;DHX33;ATP2A2;EMP1;ITGAV;SPRY4;MAP3K13;CTSS;SH3BP4;RPS6KA5;STC1;GAPDH;SPHK1;NAP1L2;PSMG1;IGFBP6;SIRT1,Heart_Cell,Endothelial cell
1,prerank,Common,0.31771163977652195,1.1685041880125127,0.001,0.10656393836301781,0.181,523/2980,16.24%,INHBA;PLAT;SULF1;MMRN1;C7;ACKR1;PTGS2;HSPB8;SELP;ALDH1A2;TGFBR3;MEIS2;PCDH7;MMP2;COL3A1;GATA4;EGLN3;SCN1B;COLEC11;MGST1;CCL14;PTGIS;TIMP1;NR4A2;MYOF;STK38L;BMP2;ERO1A;FEZ1;CLU;SELE;VCAM1;PRR5;GATA6;TFPI;CYSLTR1;METRNL;DNASE1L3;SLC7A1;ANGPTL4;SIRPA;IL33;LRG1;PLA2G5;CEBPB;PDGFA;NR2F2;PRRG4;CSF3;HSPA2;RARRES2;CD14;KCNJ2;CYP1B1;CRHBP;SNAI1;NFATC1;IER3;TRIB1;VAMP8;FOSL1;PAK4;MAFB;IRF6;CMKLR1;THBS1;P3H2;FBLN5;RGS16;GPER1;MET;IL1R1;KANK1;ZC3H12A;IGFBP5;TGFB2;IRAK2;CTSK;HRH1;CFH;C2CD4B;CAMK2N1;GNA14;PLOD2;PCSK5;IRS2;ODC1;TESC;FN1;ATF3;AK4;LAPTM5;PPP1R14B;TNFAIP3;ACTN1;EGR3;MAGI2;EPHA2;E2F3;AFAP1L2;FOS;DAP;OCLN;MPP1;FHL2;LEPR;MAF;PELI2;SERPINE2;ITGB4;CD84;NFKBIZ;DEPP1;THG1L;TPBG;CD68;SGMS2;NFATC2;UBE2E2;ITPR1;ADAMTS1;CCN2;MFHAS1;BAG3;SMAD6;HSPA6;EDN1;SOD3;SLC25A23;ST6GAL1;POLN;TSKU;SERPINE1;EGR1;SSTR1;DUSP10;BCL6;ABL2;PRCP;RASA3;SAP30;FGF7;CCND2;CENPL;MYLK;F2R;GMPR;HILPDA;TWSG1;SPATA2;MYC;RPS3;RPSA;CH25H;ACKR3;EEF1A1;CXCL16;PPIF;HELLS;ENTPD1;IER5;ITGA2;UBE2S;TPT1;HSPH1;CD44;CALHM2;DNAJB1;MXD1;CALCRL;DNAJA4;PIP4K2A;PRNP;NPAS2;KLHL15;HIF1A;TIFA;BTG2;NAMPT;FZD5;BCL7C;YBX3;NCOA7;FOXP1;INSIG1;NOP53;ZFP36L2;C1QTNF1;CYGB;TRAF3;UBXN2B;AVEN;PPARG;HFE;CD200;NMB;ERMP1;SOCS3;DIPK2A;PABPC1;CXCL8;TGFB3;SNX18;IGFBP3;ICAM4;TFDP1;RCC1;SOD2;RACK1;KDM6B;IL6ST;SAV1;RPS3A;PDCD4;PTPRE;NABP1;RPL39;NUAK1;JUN;PNMA1;RPL30;POLB;LYST;GSTM3;RBBP8;SERPINB9;NIPSNAP1;ITGA5;CDKN1A;BIRC3;AKNA;USP27X;SHC1;CENPS;PELI1;BCL2L11;DNAJB4;TMEM67;CBX4;PPP1R15B;LY75;HSPD1;NPM1;PDK4;WEE1;FAM168A;NDRG4;MMP14;TNFRSF12A;HMGB3;TRIM8;FNIP2;TNFAIP8;PLA2G2A;ARL6IP5;CD55;VGLL4;ST6GALNAC4;VEGFC;NFKB1;RPL13A;PTMS;MAP3K8;RHOB;CDC14B;HNRNPA1;KLHL3;FOXO1;EPM2A;ZNRF1;SET;JUNB;PKD2;IL6;FUT8;SMAD7;STMN1;MAPKBP1;TLE3;MAN1C1;MCU;HMOX2;JMY;TAF10;ZFP36;EIF3L;FGF2;ATP2A3;BCL2L2;GOLPH3;MID1;DHFR;HSP90AA1;PRKCA;LACC1;CADM1;VHL;FAM8A1;ABRAXAS1;TRAF3IP1;REL;CFB;NIBAN1;NEK6;SMAD3;PIK3CG;GSK3A;ANXA4;BMI1;PDZD8;LRRC8D;USP13;HBEGF;FSTL1;SESN3;CREB3L2;PIM1;CD83;SLC6A6;C19orf12;PPP1R15A;MAGEF1;EIF3F;DYRK2;ING2;USP51;CEBPD;VEGFB;KLF4;SQLE;SCARB1;PTPN11;SOCS2;FAM162A;LYPLA1;SPIRE1;RPL26;MUC1;INSIG2;PIM2;RPS27A;AGT;PTPN14;KLHDC10;AGBL5;ACVR1B;MAN1A2;SBNO2;GPX8;FBXO5;BMPR2;AKR1B1;CDKN3;HNRNPD;ZNF503;CSNK1A1;GADD45A;YY1;AMD1;DMD;LIX1L;NOLC1;BTRC;CSRP1;KCMF1;EPHA4;HSPA1A;TULP3;KPNB1;ECRG4;THBD;TNFRSF1A;RBBP6;FKTN;B9D2;FXN;PRDX4;ZNF777;EEF1E1;APOA1;YAP1;METAP1;DHX33;ATP2A2;CENPH;ITGAV;SOX4;ALKBH7;BACH1;PRKAR1B;NINJ1;MAP3K13;ADO;SIK2;NET1;DLG5;SMURF2;QSOX1;CDKN2AIP;APLN;LRP6;LMNB1;CTSS;UCK2;MVB12B;PLPP1;VPS41;TCF7L2;SH3BP4;RPS6KA5;CBX1;GAPDH;BNIP3;SPHK1;POLE4;BRD4;CCN3;APEX2;IGFBP6;SIRT1;TDP1;NACC2;MARK4;WRNIP1;DNAJC4;CKS2;MERTK;G3BP1;NACA;RPS27;PPP1R10;CDKN2C;MED1;UBP1;ACVR1;HSPA8;PTEN;KDM2A;LARP1;NDRG1;DSTYK;DCN;GPR137B;YBX1;CHMP4C;YWHAB;NTRK2;CCDC117;BNIP3L;SKI;HMGN2;CLPB;TFDP2;MAN1A1;STAT5A;CAAP1;MDFIC;KLRG1;TOB2;SLC15A4;TLE1;POLD3;AHI1;MAP2K6;GSPT1;ANP32B;TP53INP2;TERF2;TARBP2;MTR;EXOC8;URI1;HSPA1B;PDK1;LRRK2;TFRC;HMGA1;HHEX;NDC1;KLHL20;PIK3C2A;PPTC7;CITED2;YWHAG;HSPB1;PDE12;HNRNPA0;NFE2L2;SLC25A5;SEH1L;DCLRE1B;PPARA;TAB3;TICAM1;CCNT1;TBC1D12;SPRY2;RCC2;HELB;ADRB2;DONSON;POLD2;LDLR;NME1;PABPC4;TES;PCBP2;DKC1;IRAK1;MAP2K2;UAP1;TOPORS;ZBTB7A;TP53BP1;PPIA;NPRL3;LATS2;SMARCAD1;TTLL12;RBMS3;TRIM44;MARK2;DDIT3,Heart_Cell,Endothelial cell
2,prerank,MS,0.29662434085199235,1.0830843614504555,0.16,0.30051364151824433,0.579,227/1408,15.82%,PTGS1;LTC4S;SRPX;PTGS2;POSTN;AKR1C1;MMP2;EGLN3;PTGIS;BMP2;ERO1A;CLU;BGN;HS3ST1;PRR5;G0S2;GATA6;AKR1C2;ANGPTL4;PLA2G5;LOX;SCD5;TMEM45A;CYP1B1;IER3;VAMP8;PAK4;PLD1;THBS1;GPER1;ZC3H12A;TGFB2;ECHDC2;S100A4;TGM2;PLOD2;IRS2;ODC1;ATF3;AK4;ENPP1;TNFAIP3;PTGDS;FOS;LPCAT4;CP;LEPR;TIPARP;NFIL3;THG1L;TPBG;CD68;STC2;SGMS2;ITPR1;CCN2;HACD1;ELOVL7;EDN1;TPD52;CA2;SERPINE1;EGR1;GCNT2;SAP30;SYNJ2;PRDM16;ERRFI1;HILPDA;MYC;ACKR3;PPIF;PGM1;HSPH1;PIP4K2A;HIF1A;CYB561;ABHD5;INMT;NOP53;PPARG;HFE;P4HA1;MRPS6;SLC25A33;TGFB3;CHCHD10;TTC7A;MLLT11;IGFBP3;SOD2;ENO2;MAFF;JUN;GLUL;LDHA;SLC25A6;CDKN1A;AKAP12;BCL2L11;GDAP1;HSPD1;AGPAT1;HACD4;ALDH6A1;PDK4;PLA2G2A;VEGFC;PIGZ;PDIA5;HNRNPA1;CCNG2;MTX3;FOXO1;EPM2A;PCBD1;IL6;MCU;HMOX2;JMY;THEM4;ZFP36;BCL2L2;GOLPH3;HSP90AA1;PRKCA;HIBCH;VHL;HSD17B12;SMAD3;PIK3CG;GSK3A;SESN3;DLAT;PIM1;PCTP;SLC6A6;PPP1R15A;PGD;MT-ND5;DYRK2;CYP2U1;MAT2A;AGPAT5;BCKDHB;VEGFB;SCARB1;SLC25A51;FAM162A;SPIRE1;MAOB;UQCRH;BMPR2;AKR1B1;ENPP2;LDHB;CSNK1A1;ABHD4;PGM2;EPHA4;HSPA1A;RAB29;APOOL;TULP3;TKT;PLPP3;ECI1;FXN;APOA1;METAP1;PNRC1;ALKBH7;PLA1A;ADO;MAOA;KDELR3;PLPP1;TMEM70;VPS41;SGMS1;NOA1;STC1;GAPDH;BNIP3;CPOX;MIEF1;OAT;SIRT1;OSBPL10;CS;RTL10;HSPA8;MBOAT2;LARP1;NDRG1;DCN;RALBP1;NEDD4L;STARD10;TOMM20;BNIP3L;MT-ND6;ACSL4;BHLHE40;GNPDA1;TP53INP2;MT-ATP8;PDK1;LRRK2;TFRC;PIK3C2A;SLC25A12;MRPL3;CITED2;YWHAG;NFE2L2;SLC25A5;SEH1L;ACP6;PPARA;STPG1;LPIN2;COA7;ATP1B1;LDLR;NME1;TES,Heart_Cell,Endothelial cell
3,prerank,TIS,0.2434846943798878,0.8931183486438197,0.868,1.0,1.0,211/1068,21.66%,PERP;AKR1C1;MMP2;GATA4;TIMP1;BMP2;CLU;GATA6;PDGFA;CYP1B1;CRHBP;SNAI1;IER3;VAMP8;RRAD;THBS1;RGS16;ZC3H12A;S100A4;ATF3;EPHA2;VWA5A;FOS;ITGB4;ABCC4;NFATC2;UBE2E2;POLN;BCL6;ALDH2;CCND2;F2R;MYC;RPS3;ACKR3;SAT1;HELLS;IER5;TPT1;CD44;MXD1;NPAS2;RPS12;KLHL15;BTG2;BCL7C;FOXP1;NOP53;FZD1;SOCS1;MKNK2;RACK1;PTPRE;NABP1;JUN;POLB;GSTM3;RBBP8;CDKN1A;BIRC3;CENPS;PELI1;BCL2L11;SERTAD3;PROCR;NPM1;FAM168A;FNIP2;RHOB;CDC14B;TRAF4;FOXO1;TAF10;NPR2;BCL2L2;ABRAXAS1;CDA;RPL18;HBEGF;PPP1R15A;MAGEF1;DYRK2;CYP2U1;ING2;AK1;USP51;KLF4;FAM162A;SPIRE1;RPL26;MUC1;DCUN1D3;RPS27A;PTPN14;ACVR1B;FBXO5;LDHB;GADD45A;YY1;DNTTIP2;ABHD4;ALYREF;RBBP6;EEF1E1;YAP1;SOX4;ALKBH7;BACH1;NINJ1;NET1;CDKN2AIP;EEF1D;CBX1;NT5C;IMPDH2;SPHK1;POLE4;APEX2;SIRT1;TDP1;RPL36;NACC2;POLR1D;WRNIP1;TSPYL5;PPP1R10;KDM2A;APAF1;NDRG1;TP53I13;CCDC117;POLD3;MAP2K6;TERF2;TARBP2;URI1;TFRC;TGFBR2;DCLRE1B;HELB;DONSON;POLD2;NME1;IRAK1;TOPORS;ZBTB7A;TP53BP1;SMARCAD1;DDIT3;UPP1;GTF2F1;NUCKS1;MPND;LMNA;TOB1;ERCC6;AHR;HIC1;CTSF;AP5S1;TLK2;ZBTB38;ERCC6L2;BAIAP2;FPGS;USP28;HDGFL2;CTPS1;GSTA4;RFC5;MSL2;TCN2;CDC7;FOXO3;BRCA2;CIB1;SLC35D1;TM7SF3;FBXO45;GRB2;TP53;GTF2H3;AK3;ERCC4;MCM6;RHNO1;PPP4R2;TAF5L;PMAIP1;PNP;PHF13;INO80D;UBA52;TPD52L1;USP9X;CDK4;VCPIP1;LIG1;CSRNP2;CSNK2A2;BTG1;UBQLN4;TK2;APEX1;CLOCK;USP3;MACROD1;C1orf115;TGFB1;NBN;RNF138,Heart_Cell,Endothelial cell
4,prerank,RS,0.22463331676756473,0.8183481135315356,0.9187562688064193,0.967180308184911,1.0,134/587,24.32%,INHBA;ID4;DDR2;E2F3;UBE2E2;ADAMTS1;POLN;RHOU;SERPINE1;BCL6;CCND2;CDC34;MYC;HELLS;CCNI;KLHL15;BCL7C;TOP1MT;TFDP1;RCC1;NABP1;POLB;RBBP8;CDKN1A;POLG2;CENPS;PELI1;WEE1;PTMS;NAF1;HNRNPA1;CCNG2;SET;PKD2;TAF10;NAP1L1;DHFR;HSP90AA1;JADE3;JADE1;MAGEF1;USP51;KLF4;MEPCE;MUC1;DCUN1D3;PIM2;ACVR1B;FBXO5;CDKN3;HNRNPD;MLF1;YY1;CACUL1;RBBP6;LMNB1;CCNJ;POLE4;TENT4B;WRNIP1;PPP1R10;CDKN2C;CDK2AP1;GNL3L;ACVR1;PTEN;KHDRBS1;POLD3;GSPT1;TERF2;HMGA1;CCT2;TWNK;DCLRE1B;WIZ;HELB;DONSON;POLD2;DKC1;TP53BP1;LATS2;BRPF3;NUCKS1;ERCC6;AP5S1;ZBTB38;HDGFL2;RBMS1;ANKRD28;RFC5;HMBOX1;CCT4;CDC7;BRCA2;MN1;HSP90AB1;RPS6KB1;TP53;ERCC4;MCM6;RHNO1;PPP4R2;SHQ1;CCL2;INO80D;PAF1;CDK4;LIG1;GAR1;UBQLN4;APEX1;EIF4EBP1;NBN;RNF138;PURA;GNL3;NHP2;BARD1;NAT10;LSM11;CHD4;EID3;ZPR1;USP10;HNRNPU;CDKN2B;HNRNPC;TCP1;RNASEH1;GINS3;CGAS;CCT6A;SKP2;APC,Heart_Cell,Endothelial cell
0,prerank,OIS,0.3880075748941725,1.4578470605049392,0.001,0.001,0.001,205/768,18.61%,VEGFA;IL6;PNP;KLF4;DYRK3;ACKR3;MFHAS1;HBEGF;ZC3H12A;NFIL3;PLA2G2A;DUSP5;NPNT;CX3CL1;THBS1;GDF15;BTG2;RGS2;PLCB1;TUBA4A;HAND2;INHBA;CDKN1A;SH3BP4;NTRK3;DUSP26;PREX1;PDGFC;GADD45G;AVPI1;ID2;GPNMB;AKAP12;ID1;ERF;MAFB;FGFR1;MKNK2;C9orf72;LIF;TNFAIP3;CCL19;GADD45B;PPP1R15A;GADD45A;CD74;DDIT4;VLDLR;ST6GAL1;TSPAN13;GLA;ICAM1;SESN3;SH3RF3;CDADC1;NTRK2;AK4;CCL21;NAMPT;PRKAA2;PYCARD;SIK3;FOXO1;FZD7;GLRX;NIBAN1;ZFP36;PECAM1;MAPK8IP1;LDLR;ENG;PDGFA;RIPK1;PDK1;UBR1;STARD4;JUN;MLLT11;LBH;TNFAIP8L3;IGF2;SLC7A5;SATB1;MAPK9;BHLHE40;CFH;IDI1;USP12;ETS2;IGFBP5;PPP1CB;MAT2A;DNAJA1;BMP2;MRAS;MTURN;PIK3R3;ZFP36L1;PTPN11;CTSH;RAP2A;CDK6;PAK1;RELL1;MAP3K20;CTNS;ADRA2A;DUSP3;MYC;CAB39L;PRKAR2A;IGF1R;ZDHHC9;RGS16;PRKACB;IFRD1;CBL;TFDP2;ITGAV;PRKACA;TRIB1;FGF7;CCN1;SC5D;ANGPTL4;MAP3K5;SYNJ2BP;MAPKAPK2;PINK1;SPHK1;SESN2;DUSP1;ROCK1;TXNRD1;BMP4;FGF13;DSTYK;PLAUR;EGLN3;RIPK2;HMGCS1;IQGAP1;MAP3K2;PDCD4;ERN1;ROCK2;YWHAZ;SLC1A5;TFRC;PRXL2C;JUP;SIRT1;SHC1;RRAS;TMEM176A;VHL;SORD;SP1;ANGPT1;RPS6KB1;TNRC6C;SYAP1;GSK3A;PGM1;MAPK10;HIPK3;CSNK1A1;PHLPP1;PTPN3;EIF4EBP2;PAK4;MAPKBP1;SMCR8;MAP3K3;KRAS;ZFP36L2;SLCO3A1;IL33;MAPKAPK3;DEPDC5;HRAS;CDKN2D;MAP3K8;USP9X;WAC;TMEM176B;GFPT2;LARP1;ATP2A2;PITPNB;GPR155;FBXW7;CAV2;MAP2K2;HIPK2;VWA5A;G6PD;SMAD4;TAOK1;RABGAP1L;TMEM127;GNA12;DAG1;RANBP9;UNG,Heart_Cell,Mural cell
1,prerank,Common,0.3083763055863713,1.1758627031966904,0.001,0.0825330132052821,0.146,606/2782,20.17%,NR4A3;PRC1;CASP9;VEGFA;CDKN1C;IL6;CH25H;KCNMA1;KLF4;MN1;DYRK3;UAP1;TMEM131L;CHMP4C;NR4A2;PLK2;GPC3;ACKR3;MFHAS1;METRNL;HBEGF;ZC3H12A;PLA2G2A;RYR2;KLF2;PTGIS;RBM24;WFDC2;CX3CL1;THBS1;ADARB1;CRLF1;ZBTB7C;IER3;GDF15;BTG2;MYOZ1;IL6R;CD34;HAND2;CLU;DMTN;INHBA;CDKN1A;SH3BP4;RAB3A;IRS2;TNC;SMAD7;HSPA6;PCDH7;EGR1;ENPP4;JMY;DGKG;IER5;DNAJA4;NFKBIZ;CBX4;MXD1;VPS37B;ID2;CXCL2;GPNMB;FCGR2A;BAG3;HSPH1;ID1;KLHL15;ERF;ATF3;MAFB;TP53INP2;REL;POLB;OGN;C9orf72;PDK4;CCN3;MT1G;CNN1;TRIM72;ARG2;HSPA2;HIPK1;BCL2;LIF;CDC14B;TNFAIP3;CCL19;IGHMBP2;PPP1R15A;NMB;DPYSL3;GADD45A;WTIP;MYH10;RANBP2;CRY2;FNDC4;DNAJB9;IRF1;SPEG;CD74;DDIT4;VLDLR;ATOH8;SCARA3;UBE2S;ST6GAL1;THBD;CHMP1B;TENT5B;TAF5L;WEE1;HSPB8;ICAM1;SAP30;FBLN5;TRIM7;SESN3;KDM6B;SH3RF3;ADAMTS1;NTRK2;TLE3;SOCS3;NFATC1;AK4;RHOB;ARHGEF10L;CRYAB;TOB1;CCL8;DNAJB1;ITPK1;CCL21;NOL3;SLC7A2;PTPN14;MYLK;CCNH;EIF4A3;NAMPT;PDE4B;PRKAA2;CYSLTR1;ST3GAL1;ADM;CD82;PYCARD;ODC1;USP36;FOXO1;CPEB2;YBX3;SLC38A1;FYCO1;FZD7;GATA6;BRSK2;MT1A;PPP1R15B;GLRX;ATP2B4;KCNJ2;FCMR;LDOC1;GMPR;NIBAN1;ZFP36;HSPA1A;HSPA1B;NABP1;GABARAPL1;ZC3HAV1;CKS2;CSRP1;AGAP3;ENTPD1;PRKAR1B;LDLR;MYOCD;PDGFA;GTF2B;RIPK1;PDK1;FOS;FOXN3;RASA3;AR;ADCY9;JUN;EPB41;STK24;PRLR;SLC7A5;HLA-DRB1;SLC25A23;MAPK9;KLF9;CFH;NET1;AVEN;JUNB;HSPB7;SAV1;ETS2;IGFBP5;GATA4;TWSG1;DNAJA1;BMP2;PVR;GBP2;PPP2R5A;SRF;ADAM15;VGLL4;FOXK2;OXSR1;MT1M;GPX3;HNRNPU;PIK3R3;TOB2;ZFP36L1;KLF6;PTPN11;LATS2;CFD;SMARCD3;MCL1;CTBP2;DLG3;HSPG2;VCAM1;F8;NDRG1;DNAJB4;CDK6;PAK1;TLK2;LGR4;CLIP1;IL4R;MAP3K20;SDC4;PIK3C2A;MT1X;TADA2B;FABP3;TPM1;STXBP1;TIFA;ACTN1;CCNY;ADRA2A;DEPP1;PABPC4;ST6GALNAC4;TAF10;SOCS2;USP38;MTRNR2L1;SOD3;MYC;HLA-E;WDR45B;CEBPD;PRKAR2A;MEIS2;KRT18;IGF1R;ZDHHC9;RGS16;PURA;PLAAT4;PRKACB;PLXNB1;CBL;MT1F;HSP90AA1;PARD6A;WNK1;TFDP2;CHORDC1;ITGAV;BMPR2;CD55;FRZB;KAT2B;PTPRM;RNF169;AKT3;OTULIN;WWC2;SLC25A4;PAFAH1B2;PRKACA;GNAS;AHNAK;TRIB1;MACF1;ECRG4;FGF7;PELI3;ALPK1;KANK1;TRIM38;PLPP1;ADCY1;ING1;FOXC2;RRM1;CREB3L2;EXOC8;EEF1A1;SMARCC1;NLRP1;YAP1;STX2;PKD2;ANGPTL4;MAP3K5;SYNJ2BP;USP13;DDX6;ZNF503;EMD;MAPKAPK2;NPLOC4;PINK1;PPARD;KMT5A;MGST2;SKI;YTHDF3;MTRNR2L8;TCF7L2;KIF1B;ITIH4;SPHK1;MCAM;SESN2;TPT1;USP25;SNAI1;KANK2;ROCK1;DIPK2A;FLNA;NINJ1;SOD2;TXNRD1;YES1;BMP4;DSTYK;PRNP;POM121;PLAUR;EGLN3;PDK3;CPEB4;RIPK2;ZBTB4;MON1B;WWC3;NECTIN1;PPARA;CEBPB;ASS1;HELB;DYNLL2;PPP1R14B;SERPINB9;PPP4R3A;PDCD4;RAB33B;YME1L1;ERN1;RAP2B;ROCK2;BRD4;YWHAZ;ABCB10;CSDE1;CLOCK;KRT8;FAM168A;ITGB5;DNAJB5;HEXIM1;TFRC;VEGFB;SIRT1;RBPMS;PPP2CB;MYL9;CPT1A;SHC1;GGCX;N4BP1;RBBP6;CABIN1;SMARCD2;VHL;ZFAND1;NFIA;PBRM1;TSKU;SIAH2;CRIP1;PPP1R10;HDGFL2;ARIH1;HILPDA;CGAS;OPTN;ABHD17A;NUP58;SET;TLN1;NDEL1;SP1;FBXO45;ANGPT1;BCL2L2;CLASP2;RNASE1;RAB3GAP2;MTR;JAK2;RPS6KB1;TNRC6C;CLASP1;KPNA4;MMS22L;MARK4;INPP5F;TRAF5;ANAPC15;TSC22D1;NFKB1;TRIM26;PLEC;MED1;UBXN2B;DGKD;GSK3A;KDM4A;DYRK1A;ALKBH5;ATG7;MAPK10;ZCCHC3;HIPK3;DDX3X;MT1E;PHLDB2;CSNK1A1;HDAC4;FZD3;PGF;PAK4;MAPKBP1;NEDD4;S1PR3;TNFRSF12A;DYRK2;RAB23;VEZF1;SMCR8;WFS1;NUP98;MAN1A2;CCNT1;SUV39H2;SPIRE1;AMD1;PIAS1;PER2;PDPK1;ZFP36L2;URI1;HSPB6;IL33;CREB3;MAPKAPK3;FBXO44;DEPDC5;RNF10;TSC22D3;KAT6A;HRAS;LGALS8;CDKN2D;BECN1;ATP6V0E2;SIVA1;MAP3K8;USP9X;WDR76;FOXO4;YBX1;BNIP3L;WAC;ANP32B;AKAP1;DUOX1;TJP1;PLEKHF1;KIF5B;CCL2;LARP1;ATP2A2;PTMA;GALNT1;ABL2;SELENOK;DCLRE1B;NFE2L2;GNAQ;FBXL4;SMCHD1;GPR155;C19orf12;FBXW7;FAM120A;BTRC;NEK7;CAV2;MAP2K2;HIPK2;TP53INP1;MSH3;HNRNPD;G6PD;FER;SMAD4;MYOF;TAOK1;ZBTB38;STAT5B;DYNC1LI2;VPS13A;BOD1L1;PRKG1;TMEM127;TIMM23;BACH1;MEIS1;GNA12;DAG1;EIF3A;SLFN11;GBP4;PLA2R1;UNG;YY1;NFIB;SLC25A14;LMNA;UBE2V1;SNX7;BTG1;HSPB1;ZBTB7A;MBTD1;PDGFB;DGKH;FLYWCH1;BFAR;PDK2;RNF41;XBP1;ERO1A;TRAF3IP1;RRM2B;ARHGAP35;VCL;PUM1;MALT1;STK38L;PTTG1;RNF7;RBBP8;DNAJC18;NOTCH2;BCL7C;PJA2;VAPB;NACC2;HSPD1;EIF4E3;FSTL1;RNF115;MAP2K6;FTL;MAPKAP1;TOMM7;PHF10;MAN2A1;E2F3;TAF1;EPG5,Heart_Cell,Mural cell
2,prerank,MS,0.2885058848571836,1.0936134574992835,0.115,0.23642790449513137,0.499,232/1359,17.44%,TIPARP;NR4A3;VEGFA;CDKN1C;IL6;KCNMA1;MN1;GPC3;ACKR3;ZC3H12A;NFIL3;PLA2G2A;RYR2;PTGIS;THBS1;IER3;PRDM16;CCN5;CXXC5;TGM2;CLU;CDKN1A;PIGA;ATP1B1;FOSL2;IRS2;MAFF;EGR1;JMY;DGKG;PGAM2;AKAP12;HSPH1;ATF3;TP53INP2;PDK4;PGAP1;BCL2;SORBS1;TNFAIP3;PPP1R15A;WTIP;CD74;PPP1R3C;DDIT4;VLDLR;MRAP2;DTNA;CYCS;SRPX;KCNB1;SAP30;SESN3;S100A4;AK4;HACD1;NOL3;APOOL;SERAC1;PRKAA2;ADM;EFNA1;PYCARD;ODC1;PRKAG2;FOXO1;CPEB2;CES2;SDC3;GATA6;OCIAD2;GLRX;STARD10;ZFP36;HSPA1A;HACD4;GABARAPL1;PFKFB3;MAOA;MAOB;LDLR;MYOCD;PNRC1;PDK1;FOS;AKR1C1;JUN;MLLT11;STK24;TNFAIP8L3;IGF2;BHLHE40;IDI1;PGM2;OSBP;MAT2A;BMP2;SRF;FOXK2;PLPP3;PIK3R3;ZFP36L1;KLF6;MCL1;NDRG1;ABHD2;TMEM70;PAK1;AGTPBP1;SDC4;INMT;PIK3C2A;FABP3;PIP5K1C;MYC;CAB39L;WDR45B;IDE;ACP6;PLAAT4;HSP90AA1;GPC1;BMPR2;KAT2B;NDUFA4;AKT3;SLC25A4;PAFAH1B2;PRKACA;CCN1;CES1;PLPP1;MXI1;FADS3;MT-ND6;ANGPTL4;MAP3K5;PITPNM1;PINK1;PPARD;KMT5A;SESN2;TPST2;DUSP1;NDST1;KANK2;GLUL;SOD2;AKR1C2;LPIN2;MTRF1L;PLAUR;EGLN3;PDK3;CPEB4;IDH2;PIP5K1B;ECI2;HMGCS1;PPARA;CAVIN1;ABHD5;YME1L1;GPCPD1;ROCK2;YWHAZ;KHK;OTUD3;IDS;EXT1;TFRC;PRXL2C;VEGFB;SIRT1;PYGB;MT-CO1;MT-ATP8;CPT1A;VHL;PCBD1;LCLAT1;SIAH2;RAB29;MT-ND1;HILPDA;CSRP2;PHYH;BCL2L2;HSDL2;ECI1;PPP1R3B;RPS6KB1;PYGL;STARD7;BCKDHB;COX20;MT-ND5;DGKD;GSK3A;ALKBH5;ATG7;FAM107A;PGM1;MT1E;CSNK1A1;HDAC4;PGF;PAK4;JMJD6;OAT;DYRK2;TTC19;CDS2;SUV39H2;SPIRE1;PER2;SLC27A3;SYNJ2;DEPDC5;SDC2;MT-CYB;BECN1;BNIP3L;PYGM;GFPT2;LARP1;COX18;PITPNC1;MT-ND4;ALDH3A2;NFE2L2;IRS1,Heart_Cell,Mural cell
3,prerank,TIS,0.2479482846402633,0.9394085535493485,0.742,0.9481292517006802,0.995,168/987,19.12%,RRAD;CASP9;PNP;KLF4;PLK2;ACKR3;HBEGF;ZC3H12A;RBM24;THBS1;IER3;BTG2;CLU;CDKN1A;IER5;MXD1;VPS37B;DCUN1D3;KLHL15;ATF3;RNF19B;MKNK2;POLB;HIPK1;BCL2;LIF;CDC14B;IGHMBP2;PPP1R15A;GADD45A;CRY2;CD74;DDIT4;TAF5L;SOCS1;S100A4;RHOB;CRYAB;TOB1;PTPN14;CCNH;PDE4B;CD82;PYCARD;CYFIP2;FOXO1;CES2;GATA6;NABP1;PDGFA;GTF2B;RIPK1;FOS;FOXN3;AKR1C1;SAT1;JUN;NET1;AK1;TSPYL2;GATA4;BMP2;MFAP4;DNTTIP2;ZFP36L1;SMARCD3;MCL1;NDRG1;GUK1;PAK1;TLK2;MAP3K20;TADA2B;TAF10;MYC;FZD1;RGS16;WNK1;KAT2B;PTPRM;RNF169;SLC19A2;RRM1;SMARCC1;NLRP1;YAP1;MAPKAPK2;NPLOC4;KMT5A;SPHK1;POLR2A;SESN2;TPT1;SNAI1;NINJ1;FGF13;POM121;ZBTB4;NME4;HELB;PPP4R3A;RAP2B;CLOCK;FAM168A;HEXIM1;TFRC;SIRT1;DCTN4;ZBTB16;N4BP1;RBBP6;SMARCD2;GM2A;PBRM1;CRIP1;PPP1R10;HDGFL2;CGAS;SP1;FBXO45;TAF13;BCL2L2;MMS22L;ALDH2;TRAF5;TSC22D1;KDM4A;DYRK1A;ALKBH5;NEDD4;CMBL;DYRK2;SLC35D1;SPIRE1;PIAS1;URI1;MAPKAPK3;HRAS;CDKN2D;USP9X;WDR76;WAC;ALYREF;PITPNC1;DCLRE1B;SMCHD1;FBXW7;HIPK2;BCAM;MSH3;VWA5A;MXD4;TAOK1;ZBTB38;BOD1L1;BACH1;CCP110;SLFN11;PLA2R1;UNG;YY1;LMNA;UBE2V1;BTG1;ZBTB7A;MBTD1;TPMT;FLYWCH1,Heart_Cell,Mural cell
4,prerank,RS,0.21340426809753443,0.7975527900012023,0.9468937875751503,0.9805922368947579,1.0,90/543,20.87%,KLF4;MN1;ID4;PLK2;PLCB1;KCNA5;INHBA;CDKN1A;ID2;GPNMB;DCUN1D3;KLHL15;USP37;POLB;BCL2;NAF1;CTDSPL;WEE1;ADAMTS1;CCNH;ATP2B4;NABP1;MEPCE;CDK2AP2;MLF1;JADE1;CCNI;TSPYL2;HNRNPU;LATS2;SMARCD3;CDK6;FHL1;TAF10;MYC;PURA;HSP90AA1;RNF169;DDR2;RRM1;SMARCC1;PKD2;KMT5A;POLR2A;KANK2;HELB;PAF1;RBBP6;CABIN1;SMARCD2;PBRM1;PPP1R10;HDGFL2;CGAS;SET;TENT4B;RPS6KB1;MMS22L;FAM107A;DDX3X;PIAS1;CDKN2D;CACUL1;WAC;CCL2;DCLRE1B;SMCHD1;FBXW7;NEK7;HNRNPD;ZBTB38;BOD1L1;NAP1L1;SLFN11;PLA2R1;YY1;YLPM1;MBTD1;CHRAC1;RRM2B;RBBP8;BCL7C;PHF10;E2F3;TAF1;CDC73;ELOC;ZPR1;ANKRD17;USP7,Heart_Cell,Mural cell
0,prerank,OIS,0.3641767812839605,1.109935505286164,0.177,0.5593118623724745,0.492,102/570,16.19%,TNNT2;FGF12;NPPA;ERBB4;NIBAN1;SLCO3A1;FBLN1;NRXN1;ID1;TNFRSF19;PRRX1;UBA52;SPARCL1;PDGFRB;FN1;LPAR1;UBB;PLA2G5;GAPDH;ENG;EZR;PECAM1;TPI1;GSTP1;GFPT2;PLA2G2A;IGF1R;PRDX1;HSPA5;TNIK;HDAC9;CTSC;RPS27A;CFL1;ALDH1A2;CPE;SOD1;THBS1;SPRY1;CALR;BTG2;PFN1;AKAP13;LAMTOR5;NEK10;RPS6;ATP2A2;SH3RF2;PLCG2;ETV1;SPRED1;TIAM1;RABGAP1L;ID2;EPHA4;CD81;CD44;PELI1;APP;ITGAV;PSMD13;TFPI;ADAM9;SASH1;SH2B3;MYDGF;FGF7;PDGFD;ETS1;ANKH;IL15RA;XBP1;ARF1;EDEM1;MBIP;ARMH4;MEF2C;CBR4;CNKSR3;APOE;IGFBP5;CFH;NGF;DHFR;SPRY2;ZFP36L1;RPN1;SC5D;ZFP36L2;PJA2;EGLN3;CD36;SESN1;ADD3;GADD45A;NAIP;CCND2;CCN1;CDK6;CANX;HSPA4;PPIA,Heart_Nuclei,Adipocyte
1,prerank,RS,-0.17038896151544497,-1.0356637983451975,0.001,0.001,0.001,101/371,24.75%,POLN;AKT1;TEP1;TNKS1BP1;HLTF;RNF126;PRIMPOL;MRE11;INTS3;ASCC2;ANKRD28;KMT5A;PKD1;TFDP1;SHMT1;DKC1;SMG5;APEX1;PRMT2;TAF1;RAD50;POLD2;BCL7C;STOX1;BCL2;TERF1;PBRM1;NVL;PDS5A;SMARCB1;BRCA1;SMARCA5;MNAT1;ARID1A;BOD1L1;INO80E;POLG2;POLD3;MGME1;SMARCC1;MAPKAPK5;RAD17;ZRANB3;PSMA1;CCT2;EIF4EBP1;ORC5;MCM9;RFC1;SPIDR;LATS1;RPTOR;EP400;TRRAP;ATRX;SMARCC2;TP63;POGZ;DOT1L;SMARCA2;PHF10;ZSWIM7;AMBRA1;PPP6C;KDM1A;CSNK2A1;PML;WDR33;TEFM;UBE2E2;PPP4R2;RCC1;ACVR1;FBXO7;NSMCE4A;NSMCE2;MDM2;DHX9;UPF1;BRD8;CUL2;BRD9;GTPBP4;CUL5;EXOSC10;MBTD1;MAPK1;ORC2;UCHL5;PTEN;MAP2K7;SSBP1;HIRA;CHD4;MME;RBL2;PRKDC;PPP3CA;ZNF655;STXBP4;CDC73,Heart_Nuclei,Adipocyte
2,prerank,Common,0.3257332266587479,0.9986574745875385,0.507,1.0,0.939,319/1912,16.69%,RYR2;ANKRD1;FHL2;MB;SLC25A4;TPM1;CDH13;ERBB4;MLIP;SERPINE2;CRYAB;NIBAN1;A2M;MYL12A;TIMP1;B2M;IGFBP7;PTGIS;FBLN1;DPF3;CST3;HLA-B;ID1;PCDH7;ACTG1;IER3;HLA-C;HLA-A;CCL2;UBA52;CYP1B1;CD59;HLA-E;FN1;MYL9;DPYSL3;PRKG1;LRFN5;PACRG;IFITM3;LPAR1;UBB;CHCHD2;PDE4B;TMSB4X;BSG;PLA2G5;FAU;TSC22D1;GAPDH;COL4A3;MGAT5;ANO5;ABCC9;TUBB;SULF1;FBLN5;VWF;TMEM67;USP28;PDK4;DST;FTL;ACTB;DGKH;GSTP1;TXN;PLA2G2A;DYNC1I1;TPT1;HSPB7;IGF1R;PRDX1;CFD;IL4R;HSPA5;GRK5;PTX3;TNIK;DCN;HDAC9;RPS27A;CFL1;PAM;MBP;ALDH1A2;RPL30;CD55;DAD1;RPS3A;RPS27;TOMM7;SOD1;THBS1;PXN;SCN7A;SELENOP;PROS1;S100A10;PPARGC1A;CALR;PCBP1;MYH9;EEF1A1;RPS19;NOX4;SFRP1;BTG2;MT1M;CLU;NCOA4;SERPINE1;C3;S100A11;LAMTOR5;MT1E;PRNP;PLEC;F5;TMEFF2;RBM47;SAA1;ATP2A2;NDRG1;CTSL;RASAL2;SH3RF2;FTH1;TAPBP;LGALS1;TNFRSF12A;RELB;LARGE1;PLCG2;FYCO1;SERPING1;GSN;PSAP;CEBPD;FLNA;PRKAR1A;TRIM55;ST6GALNAC3;IL1R1;CALM1;PTMA;MFN2;SPRED1;FBXO3;SGMS2;HMOX1;HSPA8;MT2A;RPL13A;ID2;MT1X;TWSG1;NACA;CUL4B;EPHA4;MT1A;VCL;SOD2;CD81;GATA4;NDUFB4;NMB;CD44;PELI1;APP;SLC12A6;LGALS8;ITGAV;DDAH1;ADM;PSMD13;NR2F2;ZNFX1;GABARAPL1;TFPI;ADAM9;HSPB1;ACAA2;AXL;SH2B3;REL;PARP9;HES1;FYN;GHITM;CD47;EYA1;LAMP1;VSIR;ILK;MEIS1;LRP4;AGBL5;ADCY9;CDKN1C;MYDGF;FGF7;RPSA;ALKBH5;AHR;GCLM;WIPI1;SELENOS;MYOF;NFKBIZ;SLC12A2;ABI2;KDM6B;ETS1;DYNLT1;IFI16;TMEM59;RPS27L;SAMHD1;RARRES1;NFKBIA;SDC4;AKT3;IL15RA;XBP1;PSMA7;STAT1;CD38;ZBTB38;TRIM8;RPS3;KLF6;MAP1LC3B;EDEM1;KLF9;UAP1;MGST2;GATA6;MAGED1;YWHAQ;HELQ;DPF2;ARMH4;MEF2C;NFKB1;HSPB8;FSTL1;HNRNPA0;APOE;IGFBP5;WRNIP1;JUNB;NABP1;UBA5;VEZF1;CFH;NGF;DHFR;LMAN1;CDK16;YBX1;WDR81;SEC61B;SPRY2;ZFP36L1;RNF115;TMBIM6;SET;EPAS1;ZFP36L2;BTG1;LAMP2;PJA2;EGLN3;NCK2;TUBB4B;CD36;FUNDC2;HMGN2;TXNDC12;GGT7;ITGA5;SPCS3;SESN1;SPARC;LOXL2;TAF7;GADD45A;ATP2B1;HSP90AB1;CNOT7;DERL1;PARP1;NAIP;PIP4K2A;FAM162A;CCND2;SMARCE1;TWIST1;CDK6;CTBP2;CANX;AUP1;HDAC5;HSPA4;UBASH3B;PPIA;PTTG1IP;ENY2;PLPP1;NEK7;COL3A1;LGALS3;SOCS3;EPG5;PDIA6;DNAJC10;UBE2N;ING3,Heart_Nuclei,Adipocyte
3,prerank,MS,0.31395817708646623,0.9554987369778143,0.696,0.9055144362205775,0.986,179/909,17.85%,RYR2;TECRL;SLC25A4;ERBB4;INPP4B;UQCRB;PTGIS;IER3;NDUFA4;COX7A1;CYP1B1;CHCHD2;PLA2G5;UQCRQ;NDUFA1;GAPDH;COX17;COX7C;COX7B;TPI1;PDK4;UQCR10;DGKH;GSTP1;GFPT2;ABHD2;PLA2G2A;COX5B;HSPA5;COX7A2;DCN;ATP5PF;COX6B1;PAM;DTNA;COX4I1;PIP5K1B;TOMM7;ATP5F1D;THBS1;COX6C;S100A10;IDS;PPARGC1A;MYH9;ATP5PD;SFRP1;NDUFB5;ATP5F1E;CLU;SERPINE1;LAMTOR5;MT1E;PNRC1;CYCS;NDUFS5;MT-CO1;ISCU;NDRG1;LGALS1;MT-ATP6;LARGE1;MT-ND2;TGM2;ATP5MC3;NDUFB7;MT-ND4;NDUFAB1;MFN2;SGMS2;HMOX1;HSPA8;MT2A;NDUFB1;EPHA4;SOD2;MT-CO3;MT-CYB;NDUFB4;APP;PGAM1;UQCRC1;DDAH1;ADM;GABARAPL1;ACAA2;UGDH;NDUFA5;PTDSS1;ALAS1;GHITM;MRPL41;ATP5MG;AGTPBP1;MT-CO2;CDKN1C;NDUFB2;PTGES2;ALKBH5;KDSR;LCLAT1;RBPJ;PGAP1;WIPI1;NOCT;SELENOS;FIS1;DBI;ATP5F1B;ETS1;IFI16;SLC25A3;RPE;SDC4;AKT3;NDUFB9;XBP1;POLR2F;ATP5MC2;HADHB;SERINC1;MT-ND6;KLF6;MAP1LC3B;PRDM16;KLF7;MT-ND1;GATA6;NDUFS6;COX5A;CBR4;NDUFS8;WDR81;SLC25A51;ZFP36L1;TMBIM6;EPAS1;BTG1;LAMP2;CES1;EGLN3;PIGF;CD36;CYC1;MT-ND5;COX7A2L;TUFM;SESN1;KLHL24;PITPNC1;OXA1L;LOXL2;AURKAIP1;PLD1;CPNE3;PARP1;PIP4K2A;FAM162A;CCN1;TWIST1;MRPS34;MDH2;PLPP1;MXI1;MT-ND3;ISCA1;CHCHD10;LEPR;PDIA5;PHB2;ZFP36;MTCH1;NDUFS7;HACD1;MDH1;IFNAR1;MT-ATP8;ATP6V1G1;LMNA,Heart_Nuclei,Adipocyte
4,prerank,TIS,0.24912027104083392,0.7571762046932722,0.978,0.9837967593518704,1.0,88/632,16.88%,ANKRD1;CDH13;CRYAB;TIMP1;DPF3;IER3;TM4SF1;UBA52;CYP1B1;UBB;PDE4B;TSC22D1;COX17;USP28;ACTB;GSTP1;RPL36;TPT1;RPS12;RPS27A;EIF1B;RPL18;DAD1;THBS1;S100A10;BTG2;CLU;ISCU;NDRG1;SPRED1;HMOX1;CUL4B;CD81;GATA4;CD44;PELI1;STOM;APP;GTF2A2;POLR1C;PARP9;EYA1;PLXNB2;ALKBH5;TMED2;AHR;ZMAT3;GCLM;ABCC4;IFI16;RPS27L;SAMHD1;ABCC5;PSMA7;POLR2F;CD38;ZBTB38;RPS3;HINT1;GATA6;TGFBR2;HELQ;DPF2;MEF2C;WRNIP1;POLR2L;NABP1;DGUOK;KCNQ1;ZFP36L1;BTG1;DCXR;SESN1;PITPNC1;TAF7;GADD45A;EDF1;PARP1;FAM162A;CCND2;SMARCE1;TWIST1;PTTG1IP;ENY2;UBE2N;ING3;RACK1;UACA,Heart_Nuclei,Adipocyte
0,prerank,MS,-0.37065371431992816,-1.8827285032341494,0.001,0.001,0.001,372/1279,20.94%,SLC8A3;BMPR1B;LGALS1;SLC44A5;MRPL55;DGKB;AKR1B1;SFRP1;NDUFB7;LAMTOR4;COA3;HSD17B10;GDE1;MT-ND4L;GADD45GIP1;MRPL52;MRPL40;UGDH;UQCR10;MT-ND6;SNCA;MT-CO2;RRAGA;MT-ND3;STOML2;LEPR;S100A10;MRPL11;MT-ND2;HCCS;ROMO1;MLST8;NDUFB11;MRPL41;MRPL44;PRELID1;BCKDK;COX5B;ALKBH7;LAMTOR1;FITM1;COX6A2;PLPP5;MN1;AKAP12;COX7C;NDUFB10;GPX4;SELENBP1;FAAH;MRPL57;RAB5IF;NDUFS7;PCBD1;MRPL24;ATP5F1E;MT-ND5;ALDH9A1;PITPNC1;FIS1;CYB561;PRMT1;TOMM7;NDUFA4;GSTP1;MOAP1;NDUFA3;RNF167;NDUFS5;MRPL51;ENDOG;GPAM;NDUFB3;ATP5F1D;COX6C;SMPD1;HYOU1;GHITM;NDUFB2;EIF4G1;PRDX5;MTFR1L;GCK;MT-ND4;CHCHD7;CPOX;LPCAT4;MT-ND1;XIST;ATP5PD;ENPP1;COX6B1;MAP1LC3A;PSME1;UQCR11;MRPL28;NUDT8;UQCRB;MRPL4;ECHS1;PIN1;CDKN1A;POLR2F;CHCHD2;PHB2;ATP6V0B;BCS1L;ARV1;ATP5PF;MRPS33;NPRL2;MT-ATP6;BAD;NDUFS3;UROD;MRPS12;MT-CO3;CDS1;TRABD;RIPOR1;MDH2;GPC1;GABARAPL2;CYC1;NDUFA1;MT-CYB;SMDT1;SLC25A6;LAMTOR3;SIRT6;ETFB;LAMTOR5;MT1E;GAS6;TPI1;MRPS34;NDUFS8;LAMTOR2;SDC2;GABARAP;ILVBL;GAPDH;THBS1;MRPL54;NDUFAF3;MRPS26;CAVIN1;C2orf69;TFEB;ECH1;GGCT;AGPAT2;PFKL;TECR;BCKDHA;COX7A1;IDH3G;NDUFA6;HPGDS;DPM3;GSTM4;IDH3B;NDUFB1;NR1D1;MYBBP1A;COX4I1;USF1;NDUFAF8;ATP5MC1;PGAM2;HSPA8;DMAC1;TALDO1;STUB1;MRPL23;HSD17B7;CHCHD1;HAX1;PRELID3B;BAX;COX7B;AURKAIP1;CHCHD5;VDAC3;DBI;PTDSS1;MRPL14;SNAP29;VDAC1;BID;CXXC5;PMPCA;PLIN3;MT-CO1;DPM2;RALA;COX7A2;EFR3B;DNAJC30;HSP90AA1;EPAS1;NDUFC1;ALAS1;ATP5MC3;NDUFB4;ANTKMT;PML;HNRNPA1;MRPL48;F3;PER2;INPP5K;ODC1;PGAP3;ANKZF1;SQSTM1;MICOS13;MRPL17;PAK4;ABCA3;ATP5ME;MRPL32;PDK2;DNAJC19;RALBP1;UQCRQ;COA6;VEGFB;AXIN1;PRKAB1;MRPL20;MAPT;MRPL16;COX5A;ATP6AP1;MRPL34;TBC1D7;SLC27A5;APOO;EGFR;NDUFAB1;ERP29;LMNA;USP19;PINK1;RRAGC;TIMM50;DGKA;PRDX3;ATP5IF1;ATP5F1B;CPT1A;ATP6V1G1;ACAA1;LETM1;TUFM;ATXN3;NDUFB6;PRKCD;ABCD3;NDUFA2;NDUFB9;MRPL37;MRPL42;EIF2AK1;WIPI2;PITPNM2;MRPS7;MCU;MRPS18C;MRPS14;BMPR2;GAS2L1;PNPLA6;BPHL;CBR1;MTLN;TIMM29;PTGES2;TOMM40;NOCT;ADCK1;ACADVL;PIP4P1;ATPAF1;MRPL46;MVK;NDUFA8;ATP5MC2;STK11;ACSS1;ECI1;ACAT1;AKT2;SURF1;AADAT;MGST3;COA5;SGMS2;TMBIM6;PYGM;ULK3;ENO3;SERAC1;MLXIPL;PARK7;CYCS;PPP1R3E;RBPJ;MRPL10;UQCC2;NME3;SLC6A6;PGK1;ADIPOR1;MRPL3;TRIM63;MRPL15;ADH5;PDHA1;MRPL36;CHCHD10;ABHD5;PKM;IP6K2;ABHD8;NDUFA12;CASP6;ZBTB7A;CAMK2A;MIOS;MTRR;SLC25A11;OTUD3;SERINC5;NDUFS2;ALKBH5;TIPARP;MRPL39;VAC14;EIF2S1;ATP5MG;SAP30;TIMM13;PRDX6;SLC25A3;PHKG2;SELENOI;MRPL50;UQCRFS1;TIMM8B;STAT2;APOOL;PPIF;HSP90B1;TRAP1;PCCB;ATP5F1A;IFNAR1;KDSR;TSC2;LDHB;OSBPL10;NFE2L2;FOXK1;DEGS1;EXT1;PLAAT3;ALDH3A2;NDUFV2;PTGES3;ATAD3A,Heart_Nuclei,Atrial Cardiomyocyte
1,prerank,TIS,-0.3097997164383061,-1.5406144344951613,0.001,0.001,0.001,207/948,17.09%,RPL36;TNNI1;SOX4;UBA52;CIB1;RNASEH2C;POLR2I;CTSF;RPS27A;UBB;MRPL40;COPS9;POLD4;BCAP31;RNF19B;HMGB2;BCAM;S100A10;HTATSF1;MLST8;UBXN1;ALKBH7;ACTL6A;MAPK12;C1QBP;RPL18;POLR2L;ZNHIT1;GPX4;PITPNC1;CIP2A;APRT;PRMT1;GSTP1;MOAP1;ENDOG;SMPD1;VPS28;NELFE;KLHL15;RUVBL2;ELOF1;HPF1;CDKN1A;RPS12;POLR2F;PSMB6;RPS3;RMI2;TPT1;GUK1;DCXR;PAXX;DNTTIP2;EDF1;HINT1;TSPYL5;COPS7A;PPP1CA;ELOA;TELO2;ACVR1B;CCP110;TAF4;SIRT6;SPIRE2;GAS6;POLR2E;RPA2;THBS1;CEBPG;KAT2A;UPP2;SUMO3;RFC2;MXD4;SKP1;PDGFA;BAG6;GSTM4;FANCA;USP11;AK1;SLC29A1;POLDIP2;HYAL1;GMPR2;AP5S1;ACER2;RACK1;BRAT1;POLR2K;PLK2;HDAC3;BAX;HELB;TINF2;IRF3;GPS1;CMBL;GSTO1;IMPDH2;BID;PSMA7;TFIP11;EEF1D;CCND1;POLN;NT5C;KMT5C;MCRS1;RFC3;FNIP2;TAF1C;PDE4B;IKBIP;RALA;NELFCD;NUDT16L1;TEX264;USP1;NPM1;PELI1;PML;MTA1;CCND3;CHD1L;FPGS;OTUD4;GTF2A2;NOC2L;BRSK1;GTF2H5;ZNF668;ABCA3;SF3B3;BCL7B;TMED2;ASTE1;TRADD;ABRAXAS1;PPP4C;PRKAB1;SUMO2;MAPT;UBA1;MRGBP;DAD1;POLG;EGFR;AAAS;LMNA;ACTR8;DGKA;TRIM28;ANP32A;COPS6;MCM3;BCHE;FANCM;EI24;TAX1BP3;CBX5;ACAA1;ATXN3;PRKCD;CDK5RAP3;DUT;NRBP1;MUTYH;TDP2;SAMHD1;SMUG1;SGF29;CDK7;PRPF19;POLR3C;KCNQ1;INTS7;BPHL;CBR1;VRK1;RAD23A;ADRA1A;HINFP;PSMB3;PVT1;PPID;CCNG1;DMAP1;STK11;GNL1;ADCY6;SURF1;PSMB4;HIPK1;TAF9B;PARK7;RRAD;OTUB1;ITPA;MAPKAPK3;UBE2V2;NME3;UPF1;BCLAF1;HELQ,Heart_Nuclei,Atrial Cardiomyocyte
2,prerank,RS,-0.2958415664496728,-1.3987296386101316,0.001,0.001,0.001,107/515,18.81%,NHP2;ELOB;POLR2I;RCC1;POLD4;HTATSF1;ROMO1;ACTL6A;C1QBP;NOP10;MN1;POLR2L;PSME2;EIF4EBP1;CCT5;TCP1;DKC1;PRMT1;ENDOG;EIF4G1;KLHL15;PSME1;RUVBL2;CDKN1A;POLR2F;PSMB6;RMI2;PLCB1;CCT7;MAP3K11;PPP1CA;PSME3;ACVR1B;SIRT6;POLR2E;RPA2;RFC2;SKP1;POLDIP2;DHFR;AP5S1;PLRG1;PPP3CA;GAR1;POLR2K;CHTF8;PLK2;CDK2AP2;HELB;TINF2;SET;LSM10;BID;PSMA7;TFIP11;CCND1;POLN;MCRS1;RFC3;USP1;CCT2;HSP90AA1;PELI1;PML;CCND3;HNRNPA1;BCL7B;ASTE1;CDK10;PPP4C;MRGBP;POLG;EGFR;CCT6A;ACTR8;CCT3;MCM3;FANCM;CARM1;DUT;SAMHD1;CCT8;USP37;CDK7;HINFP;PSMB3;CCNG1;DMAP1;DDRGK1;CTDSPL;PSMB4;DCP2;ELOC;DDX3X;CCT4;UPF1;HELQ;CCNJL;MTBP;MCM4;NAP1L1;CTDSP2;PRIM2;CAMK2A;DPF2;FAAP20;RNF126,Heart_Nuclei,Atrial Cardiomyocyte
3,prerank,Common,-0.2631751464710629,-1.3794073569559986,0.001,0.001,0.001,671/2653,22.85%,SLC8A3;HLA-C;BMPR1B;LGALS1;B2M;SOX4;BMP5;UBA52;CST3;ADAMTS8;DGKB;EMP3;PARP14;AKR1B1;SFRP1;PRDX1;FAU;MOV10;CIB1;RNASEH2C;AGT;TNFRSF21;RPL39;ARHGDIA;POLR2I;RCC1;RPS27A;NAPRT;SNRPD1;UBB;OSR1;RPS19;IGBP1;POLD4;BCAP31;HMGB2;SNCA;RRAGA;RPL13A;STOML2;SOD3;LEPR;S100A10;PSMC5;MPP1;LGALS3BP;RNF125;HTATSF1;ANAPC11;GRK2;ROMO1;LAMP1;MLST8;HLA-A;PRELID1;UBXN1;ALKBH7;ACTL6A;ACP2;MAPK12;C1QBP;RAB33B;GPX3;HCFC1;RELN;PTMA;IL20RA;CYBC1;MN1;RAN;SCN1B;CALR;EEF1A1;RPL30;PSME2;TGFB1I1;ZNHIT1;GPX4;FTH1;EIF3G;GDI1;UBASH3B;CIP2A;DKC1;AUP1;TMPO;PRMT1;RPSA;TOMM7;GSTP1;SELENOK;SOD1;MOAP1;RNF167;SMC4;SIVA1;ENDOG;SMPD1;FTL;C1QTNF1;HYOU1;MANF;GHITM;YPEL3;RHOC;BNIPL;MAZ;EIF4G1;SIGIRR;PRDX5;KRT8;VPS28;PCBP1;KLHL15;RAB1B;MAP1LC3A;PSME1;RUVBL2;CHMP2A;ELOF1;TRIM7;HPF1;PIN1;CDKN1A;NAA38;PSMB6;CHCHD2;SLC16A2;PHB2;RPS3;ATP6V0B;RMI2;TPT1;RPS3A;NPRL2;DNAJB2;MARCKS;RETREG3;BAD;PAXX;PQBP1;LRCH4;DNMT1;MIEN1;SELENOP;RIPOR1;GABARAPL2;TCAP;ATRAID;PPP1CA;ST6GALNAC3;TELO2;PSME3;PEA15;ACVR1B;SMDT1;TAF4;SIRT6;PTPA;CREB3L1;SPIRE2;MAP3K8;LAMTOR5;MVB12A;CRLF1;ATP6V0D1;TUBB;MT1E;GAS6;DERL1;ABHD17A;CD274;CLGN;RSL1D1;RPA2;ZDHHC18;GABARAP;HSPA1B;GAPDH;THBS1;GABBR1;CEBPG;KAT2A;DDX60;NOD1;TFEB;RFC2;SKP1;NUP43;PSMD2;DNAJC4;PDGFA;GCH1;BAG6;CUEDC2;NDUFA6;HPN;CERS2;WWP2;FANCA;RNF5;CLCF1;EIF2B4;CHMP5;FKBP8;ADAM11;CREB3;GNAS;NR1D1;TPCN2;TMBIM1;ATG16L1;POLDIP2;HYAL1;DHFR;MYBBP1A;BTG3;USF1;TUSC2;CAPN2;DDX39A;AP5S1;PPP3CA;HSPA8;DDT;ACER2;HDAC9;CAPNS1;TMEM129;PA2G4;RACK1;STUB1;TXNDC12;BRAT1;SLC30A1;KNG1;HAX1;TXN;PLK2;LGALS3;HDAC3;BAX;SRI;HLA-F;HELB;TINF2;FEM1A;GRN;DNAJB9;IRF3;MAN1C1;ARHGEF2;SNAP29;SET;VDAC1;MFSD2B;EXOSC4;BID;SPCS1;PSMA7;TFIP11;CTBP1;ANGPT1;CTH;TMX1;NUP37;CCND1;POLN;OSMR;KMT5C;PLIN3;RFC3;VKORC1L1;ADGRE5;AP4M1;LGMN;FNIP2;TBX3;NONO;PDE4B;EIF2B5;SLC26A6;YWHAB;METRNL;NUDT16L1;TEX264;RAC1;TP53I11;APIP;USP1;PEX5;NPM1;DYNLL2;NDRG4;TRAPPC4;TOR1B;UBQLN2;HSP90AA1;PELI1;STAT1;EPAS1;TAPBP;VTI1B;DFFA;HSPB6;NDUFB4;PML;MTA1;TNFRSF1A;CHD1L;KIF22;P3H2;HNRNPA1;MED25;F3;OTUD4;WFS1;PER2;INPP5K;USF2;ODC1;IL15;NFKB1;NOC2L;BRSK1;PRKAR1B;GTF2H5;ANKZF1;SCOC;SQSTM1;ZNF668;CENPT;ARFIP2;LRRC14;PAK4;SF3B3;MAP2K2;PDK2;BCL7B;DSG2;NAMPT;RELA;MTMR8;PRDX4;ASTE1;CISD2;BCL10;TRADD;CDK10;VEGFB;ABRAXAS1;PPP4C;AXIN1;RBCK1;SUMO2;MAPT;UBA1;CTSL;ARL6IP5;MYDGF;MRGBP;YWHAQ;BSG;TBC1D7;IFT20;NKX2-5;DAD1;PSAP;POLG;EGFR;NUP107;IFIT3;RNF7;AAAS;LMNA;USP19;PINK1;KIF20B;RRAGC;ZBTB17;ACTR8;VPS11;DGKA;TRIM28;ANP32A;TIRAP;YBX1;SBNO2;MCM3;UFC1;PRDX3;FANCM;HMGN5;EI24;ATP5IF1;PPP1CC;CPT1A;SPDL1;BANF1;CHUK;CBX5;ATP6V1G1;LETM1;PSMD3;FGFR2;ATXN3;PRKCD;SNX14;DHX16;CDK5RAP3;NUP205;DSN1;NRBP1;WDR6;STX12;MUTYH;EMC6;TDP2;EIF2AK1;WIPI2;BAG1;DDAH2;AGO1;PPT1;SAMHD1;TESC;SMUG1;TWSG1;SGF29;RHOA;MCU;ATOX1;EIF3B;CDK7;PRPF19;ATP6V0A2;BMPR2;POLR3C;CD151;PSMD4;INTS7;GAS2L1;NOLC1;NRBF2;EIF4G2;VRK1;PPIA;PSMC3;RAD23A;ADRA1A;PIP4P1;SPSB3;HINFP;TET1;PSMB3;CHMP1A;NCL;CHAF1A;CD55;MVK;ANAPC4;PPID;DMAP1;TAC4;STK11;DDRGK1;ATF6B;RNF121;CEBPB;GNL1;DYNC1LI2;ADCY6;LYAR;RANGAP1;MAGED1;CDK16;AKT2;PSMC6;PSMB4;SGMS2;DDX3X;MR1;FAM3A;TMBIM6;MFHAS1;HIPK1;ULK3;HNRNPK;UBXN6;TAF9B;TRIM26;SPEG;ATP6V0E2;NUP35;ZBTB7C;RASA3;NFKBIA;PARK7;OTUB1;MAPKAPK3;QSOX1;UBE2V2;WDFY1;NME3;UPF1;BCLAF1;HELQ;SLC6A6;GNA14;PGK1;ATG4D;TST;ZNFX1;TRIM63;EIF4A2;MB;NDC1;CFL1;EIF3L;FBXO44;MCM4;PELI2;SNX3;ST3GAL4;FGFR1OP2;RHBDD1;PABPC1;PVR;PLEC;PRIM2;PPP1R14B;ABHD8;CASP6;ZBTB7A;CAMK2A;NUP93;OS9;SYT7;DPF2;MIOS;EDEM2;ZDHHC5;EIF4A1;SCAP;TXNRD2;MAP4K4;RARRES2;NUP188;FAM76B;CNOT7;FAAP20;RNF126;SLC12A6;ANAPC16;SERINC5;TLE3;PRNP;NDUFS2;PRKCZ;DNAJB14;SSB;ALKBH5;RAD1;EXOC1;MGAT4B;CCM2;EIF2S1;ZDHHC9;SAP30;PRDX6;SIRPA;EIF3D;SYVN1;ADAR;TGFBR1;HAND2;VPS26B;CASP8AP2;DPYSL3;STAT2;PTBP1;PCBP2;PPIF;HSP90B1;PDS5B;TRAP1;ATP5F1A;TAF6L;IFNAR1;TBK1;RPS27;NFATC1;DCAF12;METTL14;NUP160;VCPKMT;TSC2;TEC;TLN1;EXTL3;IKBKB;NFE2L2;PSMC2;FOXK1;GMEB1;USP9X;SUMO1;TRIM35;ATAD3A;TECPR1;MSH6;ARHGAP26;TOP3A;ITFG2;UBE4A;RNF8;RNF185;DHX36;CTCF;RAD21;TMCO1;UBE2I;TMUB1;PCBP4;NUDT2;DAGLB;ESR1;CHID1;STAU1;NECTIN2;RAB2A;SBNO1;CREG1;F10;CUL4B;A2M;GTF2B;METTL3;FGF7;UBA6;LYPLA1;NOL3;CBX4;BUB3;OGG1;ING4;CHMP7;RPS6KA6;EFHD1;FUT8;ARHGAP24;ASB11;PAK6;ZDHHC1;KPNA2;POLM;MSRA;FZR1;WWC1;PTPRU;CBX6;SEC62;TMEM258;PRIMPOL;APOL2;SMARCA4;TAOK2;HACD3;APEX1;ATRX;XRCC5,Heart_Nuclei,Atrial Cardiomyocyte
4,prerank,OIS,-0.25410344594654194,-1.2503610490120043,0.0056179775280898875,0.006557377049180328,0.013126491646778043,150/745,17.69%,UBA52;PRDX1;MOV10;CIB1;LAMTOR4;PITX2;AGT;NRXN1;ARHGDIA;RPS27A;UBB;IGBP1;PFN1;TUBG1;RRAGA;CACYBP;GRK2;MLST8;LAMTOR1;MAPK12;RELN;AKAP12;SCN1B;CALR;TMEM176A;EIF4EBP1;SPARCL1;PRMT1;GSTP1;SOD1;RNF167;PPA1;ENDOG;ARF1;ITGBL1;SMPD1;FKBP2;SEMA3B;MAP3K6;PEBP1;ARPC5L;PIN1;CDKN1A;RPS6;AP2M1;PHB2;NPRL2;PLCB1;PIH1D1;ENG;MAP3K11;PPP1CA;PSME3;LAMTOR3;MAP3K8;LAMTOR5;ATP6V0D1;GAS6;TPI1;LAMTOR2;GABARAP;TUBA4A;GAPDH;THBS1;NOD1;SKP1;PDGFA;PFKL;DHFR;YKT6;NUFIP1;DDX39A;ATP5MC1;DDT;HDAC9;RPS6KB2;STUB1;PRELID3B;HDAC3;DUSP26;GPS1;HMBS;ANGPT1;CTH;LGMN;FNIP2;TMEM176B;YWHAB;RAC1;APIP;NDRG4;GLA;PELI1;EIF2S2;TNFRSF1A;F3;IL15;SQSTM1;PAK4;MAP2K2;ETF1;NAMPT;AXIN1;ARL6IP5;MYDGF;ATP6AP1;TBC1D7;DUSP22;EGFR;CCT6A;ERP29;PINK1;RRAGC;TIRAP;GAREM1;PHLPP1;PPP1CC;FGFR2;ATXN3;PRKCD;STYX;CDK5RAP3;NUP205;AGO1;KRAS;EIF4EBP2;EBP;PPIA;PRRX1;TOMM40;ADRA1A;PIP4P1;SEMA3A;CCNG1;STK11;AKT2;PSMC6;MFHAS1;TM7SF2;OTUB1;MAPKAPK3;BTBD3;SKAP2;SLC6A6;GNA14;PGK1;FUCA1;CFL1;MCM4;PELI2,Heart_Nuclei,Atrial Cardiomyocyte
0,prerank,MS,0.23912327752396945,1.251746887988903,0.014778325123152709,0.014606741573033709,0.013,92/381,16.52%,GBE1;CPEB4;HSP90AA1;HADHA;UQCRC2;FOXO3;SAMD8;DHRSX;NDUFA10;PIM1;AOAH;AGL;DAP3;TFRC;CBR4;SLC25A3;CHPT1;TPST2;PIGU;ABHD2;HADHB;ACSF3;GPD2;PDHX;ACSL5;EIF2AK1;EIF2AK3;PPM1A;GAPDH;DNM1L;MBOAT1;APP;PGS1;SDHA;WDR59;PNPT1;ATG14;TAMM41;BCKDHB;MRPS5;JMY;MRPL3;MT-ND4;ENOX2;HK1;FDFT1;HSD17B4;PFKP;SESN1;HSP90B1;SYNJ2;S100A4;SEC22B;UBR4;XBP1;PIK3R5;MT-ATP6;BMPR2;VPS13D;ACACA;UQCC1;MCU;CMC1;IFNAR1;ETFA;UVRAG;LONP2;SQSTM1;SPTLC1;DECR1;WRN;VCP;PANK2;PTGES3;NDUFS1;LPGAT1;MT-ND3;MT-CYB;FOXO1;MT-CO3;MT-ND4L;TSC1;RB1CC1;MT-ND1;PAM;DDHD1;PTDSS1;MRPS28;EFR3A;P4HA1;MT-ND2;MTMR3,Heart_Nuclei,CD4T
1,prerank,OIS,-0.2372082311591613,-1.1102061636735026,0.2042079207920792,0.7309002433090024,0.5090361445783133,78/352,20.12%,SESN3;PHLPP1;SMAD2;GRB2;RASSF2;PELI2;ATG10;RAF1;GPAT3;HSPA4;USP12;MDM2;TNFAIP3;RYK;MAP4K3;SATB1;NUP205;OPRM1;GPR155;HIPK2;AGO4;ULK4;PDE8A;IGF1R;RPS6KA2;PTPN2;SLAMF1;NCK1;ELOVL6;PTPN22;NEK10;MAP3K4;MAPK14;IKBKB;MTOR;STK3;EDEM1;MINK1;FAS;ERN1;MAP3K5;MAPK8IP3;DUSP16;CSNK1A1;PRKCA;BIRC3;CCDC88A;UFM1;SKP1;PRKN;MAP2K4;GOLPH3;RIPK1;LCK;ZFP36L1;PLCG2;PSMD14;ARHGEF6;PRKAA1;USP7;TIAM1;RPS6;PITPNB;MAP2K1;YWHAE;IQGAP1;IL27RA;SEC11A;SLC2A3;PTBP2;ROCK2;CAB39;NCOR1;IRAK4;RPS6KA5;RAB1A;LARP1;CAMK4,Heart_Nuclei,CD4T
2,prerank,RS,-0.23086098181636044,-1.0535615492166797,0.33550065019505854,0.6335766423357664,0.7118473895582329,78/250,29.42%,ZRANB3;NBN;DBF4;REV1;RBL1;CABIN1;MDM2;PDS5B;PPP1R10;RAD17;RFWD3;TP53BP1;HDAC8;ORC2;MAP3K4;CSNK2A1;PSMA5;PHIP;PSMA1;PPP6C;MMS22L;DHX36;RAD50;INO80D;CUL2;RASSF1;SKP1;ORC3;TOPBP1;RBMS1;TNKS;PPP4R2;HMBOX1;PLCG2;PSMD14;TAF1;ANKRD28;ASCC1;RNF138;EPC2;NUCKS1;USP7;HNRNPU;TSPYL2;RAD51B;PARN;POGZ;PURA;RBBP6;NABP1;MCMBP;WAC;DGKZ;METTL4;FAF1;TNKS2;GIGYF2;CDKN1B;SMC5;RBX1;PRIM2;BAZ1A;SMG1;ACTR2;HNRNPA1;SHLD2;SMARCA4;MORF4L1;LATS1;CCND2;SSBP1;PDS5A;NSMCE2;CHD4;PSMB7;DLG1;RPA1;ATP2B4,Heart_Nuclei,CD4T
3,prerank,TIS,-0.19661963315054065,-0.9225125329267261,0.7171717171717171,0.9673965936739659,0.9698795180722891,62/369,16.66%,ZRANB3;NBN;DBF4;GTF2B;GRB2;REV1;MDM2;ATF4;PDS5B;HIPK2;PPP1R10;RAD17;AGO4;RFWD3;DDB2;TP53BP1;TDP1;MSL2;RHBDD1;MAPK14;CSNK2A1;PSMA5;ELP1;MTOR;FAS;PSMA1;UBA6;UFL1;APAF1;MMS22L;DHX36;RAD50;INO80D;BIRC3;RORA;BAZ1B;SKP1;TOPBP1;ZBTB40;SMARCAD1;SMC1A;URI1;NPLOC4;USP47;RIPK1;LCK;PVT1;ZFP36L1;TRAF5;PPP4R2;PSMD14;TAF1;ASCC1;RNF138;XRCC4;EPC2;USP22;PRKAA1;NUCKS1;USP7;BATF;PMS1,Heart_Nuclei,CD4T
4,prerank,Common,-0.17257078802634856,-0.8671127348369129,0.9364406779661016,0.8671532846715329,0.9959839357429718,223/1184,20.09%,SESN3;ZRANB3;NBN;SLC12A2;STX17;NFATC1;RNASET2;DBF4;ZNRF1;GTF2B;GRB2;SBNO2;REV1;PELI2;ATG10;RTN3;RBL1;RAF1;AREL1;NUP50;DDX60;CABIN1;HERC5;SIN3A;NSL1;RASGRF2;PDPK1;DNAJC3;NFKBIZ;HSPA4;KPNA6;KLF9;POM121C;MDM2;CD4;TNFAIP3;CCR6;CENPP;SEC14L1;CREB1;DROSHA;NUP205;OPRM1;ATF4;RETREG1;PDK3;PDS5B;GPR155;HIPK2;PPP1R10;RAD17;ADCY9;AGO4;RFWD3;RUBCN;DDB2;JAK2;IGF1R;RPS6KA2;DNMT1;TP53BP1;SMURF1;PTPN2;SLAMF1;TDP1;YTHDF2;NCK1;ORC2;PTPN22;IPCEF1;MSL2;AVEN;RHBDD1;SP140;MAPK14;RHOA;CSNK2A1;IKBKB;PSMA5;EGLN1;HMOX2;TMEM131L;SSB;PHIP;MTOR;SMC4;NAA35;FBXO3;PKN2;NUB1;MFSD8;EDEM1;MINK1;VPS41;TTC1;FAS;PA2G4;EPG5;PSMA1;ERN1;PPP6C;WDR45B;CCNT1;UBA6;MAP3K5;ACVR2A;UFL1;MAPK8IP3;NLRC5;MARK2;CSNK1A1;SENP7;PRKCA;MMS22L;DHX36;RAD50;EED;ATF6;PXN;JMJD1C;ATG13;GNAI3;KPNA5;BIRC3;ERAP1;NONO;UBASH3B;SLC12A6;UFM1;CALCOCO2;IL4R;RORA;BAZ1B;SKP1;PRKN;ADGRE5;DNAJC2;VPS39;ORC3;TOPBP1;SPCS3;ZBTB40;MAP2K4;GOLPH3;SMARCAD1;SMC1A;RAB3GAP2;MGAT4A;FCMR;URI1;SMAD3;NPLOC4;USP47;METAP1;CD55;RIPK1;DDX6;LCK;ZFP36L1;SERINC5;TRAF5;MX2;PPP4R2;PLCG2;PSMD14;PTGER2;TAF1;TRAM1;JAML;ASCC1;RPL39;RNF138;DYNC1LI2;XRCC4;EPC2;USP22;PRKAA1;NDE1;NUCKS1;USP7;ATP2C1;OPTN;SLC25A24;BATF;PMS1;HNRNPU;MAP2K1;CD6;EIF4G2;ANAPC4;FGFR1OP2;YWHAE;VPS4B;IL27RA;CTCF;RAD51B;USP15;STAT3;NUP214;DNAJC7;SIK2;ROCK2;ZC3HAV1;CAB39;POGZ;GNAQ;SUSD6;AHR;HMGN2;NDEL1;IRAK4;PURA;CREB3L2;RPS6KA5;RBBP6;TRA2B;MTM1;RAB1A;BIRC6;LARP1;SH3GLB1;CD226;RPS3A,Heart_Nuclei,CD4T
0,prerank,MS,0.5811712984965489,1.566844392433295,0.001,0.001,0.001,441/1186,20.66%,TECRL;SLC25A4;RYR2;CHCHD10;MYOCD;COX6A2;AQP7;ERBB4;CAVIN3;COX7A1;COX7B;UQCRB;PIP5K1B;NDUFA4;MDH1;DCN;PRKAA2;COX5A;ATP5MC3;PLIN5;NDUFA1;ASAH1;THBS1;LDHB;COX7C;PRKAG2;DTNA;UQCRQ;UQCR10;NDUFA6;COX5B;GPAT3;COX4I1;NDUFB10;ATP5MG;COX6B1;UQCRH;LGALS1;MRPL41;BGN;COX6C;CYCS;UQCR11;NDUFAB1;PID1;NDUFS5;ATP5IF1;ATP5F1D;ATP5F1B;ATP5PF;ETFB;MPC1;ATP5F1E;ATP5ME;NDUFB11;ATP5PD;ATP5F1A;ATP5MC1;DBI;NDUFB7;UQCRC1;UQCRFS1;PGM1;PYGB;GAPDH;NDUFB2;BCL2;SLC25A11;COX7A2;PRDX5;NDUFB3;TIMM8B;MRPL15;NDUFA13;SLC4A4;NDUFS7;SLC25A3;NDUFA3;CYC1;ALKBH7;ATP1B1;NDUFA8;ATP6V1F;CHPT1;MGST3;NDUFB4;IDH2;MRPL51;ECH1;NDUFB1;TOMM7;TPI1;ISCU;SDC4;ATP5PB;GSTP1;MRPL36;ACSL1;MT-ND2;HADH;GLUL;MT-CO2;UQCC2;INPP4B;MDH2;NDUFB5;GPX4;MT-CO1;MT-ND1;MT-ND4;MICOS13;MT-CO3;LPL;TIMM13;ROMO1;MT-ND4L;FAM162A;MTLN;NDUFC1;MT-ATP6;ATP5MC2;GABARAP;SLC25A5;MRPS12;TGFBI;MT-ND3;GHITM;ACO2;HSPA8;MICOS10;SLC25A6;PDHA1;FIS1;MFN2;NDUFA11;CHCHD2;DDIT3;LAMTOR5;MT-ATP8;VEGFB;MRPS23;NDUFS8;AURKAIP1;MRPL54;HSPA1A;MT-CYB;HSPA5;BNIP3;COX6A1;MT-ND5;NDUFA2;NDUFS3;GADD45GIP1;PDP1;S100A10;NDUFAF3;ECHS1;PRELID1;VDAC1;NDUFB6;NDUFS6;APOO;ECHDC2;CPEB4;MRPL35;MT1E;PDK4;PRDX6;MRPL27;GLRX;MT-ND6;ME1;RRAGA;LAMTOR4;PARK7;ACAA2;GABARAPL2;MAOB;PDHB;CAVIN1;NDUFA5;YWHAH;NUPR1;MRPL50;NDUFB9;ATP6V1G1;VDAC2;IDH3A;CCN2;DMAC1;AGPAT2;PMVK;CHCHD1;NOP53;VAT1;ADH5;SMDT1;STOML2;MRPL17;MAP3K5;PRDX3;KANK2;AQP3;PLA2G2A;MRPS7;MRPL21;COX17;ECI1;HADHB;LAMTOR2;CAV2;STARD7;ABHD2;PSME1;MT2A;ATP5F1C;HSP90AA1;DGKG;PHB2;LDHA;PKM;ATP6AP1;PRDM16;SDHA;PRXL2C;FH;MAP1LC3A;CAV1;TIMM21;PPP1R3B;MRPL52;PRELID3B;MRPL57;PIN1;ATP6V0B;COL5A1;PGAM1;SUCLG1;TKT;MAT2A;AKR1B1;AFG3L2;TECR;MRPS15;MRPS26;TMBIM6;PINK1;ERP29;IDS;LARGE1;IDH3G;PGD;MRPL28;GFPT2;DPM3;AQP1;SLC27A1;CXXC5;MRPS34;TMEM70;MRPL18;STUB1;HSP90B1;PIK3R1;TOMM20;TALDO1;HNRNPA1;ISCA1;GDE1;BAD;AGL;NNT;MRPS6;PTDSS1;GAA;TGFB3;SURF1;P4HA2;GALK1;RAB5IF;MRPL4;GAS6;NIPSNAP2;MRPL47;LMNA;ENO1;FADS2;CPNE3;NFIL3;CDKN1C;GOT2;COX20;MIEF1;TIMM50;DLAT;CYB5A;CLPP;OCIAD2;DEGS1;SDC2;MRPS25;HSDL2;PGLS;TUFM;MRPL14;HADHA;P4HB;NDUFAF4;FAM107A;PRMT1;MRPL55;CCN1;MRPL33;MRPL37;TMEM126A;IDH3B;LAMTOR1;CLU;MRPS21;MRPS30;VDAC3;UQCRC2;ACADVL;UROD;NDUFV3;GRPEL1;ATF4;MRPL2;MAP1LC3B;MTFR1;TIMM17A;PRKACA;CES2;CYB5R3;NDUFV2;IFI6;ELOVL1;NDUFA12;DPM2;MRPL20;DNAJC19;CSRP2;SCP2;MRPS14;OSTC;MRPL43;UBE2L6;ETFDH;ATP6V0E1;LAMTOR3;RAB32;GYG1;PGK1;ANXA2;AKT1;IGFBP3;CLUH;PGP;RNF167;SLC25A20;MRPS16;MRPS18B;GPI;MRPL24;ATP6V1E1;GGCT;GRHPR;APEX1;EPHX1;HAX1;PPP1R15A;SGMS2;NDUFV1;CD74;POLR2F;AIFM1;HYOU1;CBR3;WIPI1;PEX2;BLOC1S2;PTGES2;OGDH;SDHB;MRPL22;PLAAT3;NDUFAF8;MRPS18A;CHP1;MRPS10;STMP1;SERINC1;TMEM11;MRPL13;CRLS1;SDHAF2;AIG1;COX18;ATG3;SIRT5;NDUFS2;NDUFA10;OXA1L;COX11;ACSS1;NDUFA9;EPM2A;PAM;KLHL24;ACAA1;EIF4G1;GATA6;YWHAG;SOD2;AK4;PNRC1;OAT;PRKAB2;CBR4;TMEM223;SELENBP1;IDI1;MRPL9;GAS2L1;MTCH1;ALDH9A1;HTRA2;VEGFD;NDUFS4;DECR1;SLC25A12;MYC;PLD1;COA5;EHHADH;NDUFAF5;TFRC;BLVRA;SORBS1;ACAT1;RGCC,Heart_Nuclei,Endothelial cell
1,prerank,OIS,0.4031299182437623,1.0856401999045,0.141,0.31699999999999995,0.469,210/741,23.61%,TNNT2;AGT;APOD;FGF12;ERBB4;NPPA;SH3RF2;TNIK;PRKAA2;ATP2A2;THBS1;PDGFRB;GPAT3;PEBP1;GOT1;FGF1;MRAS;CCND2;ATP5MC1;PGM1;GAPDH;ARL6IP5;UBA52;PRDX1;NIBAN1;UBB;GAREM1;RPS27A;SOD1;CD44;DDT;TPI1;GSTP1;NRXN1;IGFBP6;GABARAP;RPS6;CFL1;DDIT3;LAMTOR5;TUBA4A;NDRG4;PFN1;HSPA5;CPE;CD81;NEK10;MAP3K20;UBC;GLRX;IGFBP5;ME1;RRAGA;LAMTOR4;LBH;NUPR1;SKP1;GNG11;CCN2;PSMB5;DHFR;PLAU;FKBP2;PDGFC;DUSP3;MAP3K5;DAG1;AP2M1;PLA2G2A;SPRY2;PPP1CA;CALR;PPIA;LAMTOR2;CAV2;CSNK2B;PHB2;ARPC5L;NOTCH2;SDF2L1;LDHA;ATP6AP1;FGL2;PRXL2C;CAV1;HAND2;HDAC9;RGS16;PRELID3B;STK39;PIN1;PSMA4;HSPE1;MAT2A;PINK1;ERP29;YWHAB;GPR137B;GFPT2;CDK4;STUB1;HSP90B1;GUCY1A1;RRAS;CIB1;NGF;HRAS;GAS6;ENO1;ARHGDIA;FADS2;F2R;DYRK3;NFIL3;HSF1;PSMC4;YKT6;UBE2D1;MAPKAPK2;CANX;SIRPA;MTHFD2;PRMT1;CCN1;LAMTOR1;PSMB8;RBX1;EZR;PRKACA;TMEM127;MMD;CTSS;MAPK10;HMGB1;DAXX;ARF1;EIF4EBP2;PRKACB;PSMC2;LAMTOR3;PGK1;MALL;AKT1;NRAS;IGFBP3;AKAP13;RNF167;ETV1;GPI;ATP6V1E1;PPP1R15A;CD74;SERPINH1;ERBB2;GADD45A;TXNRD1;MKNK2;ATP6AP2;JUP;GADD45B;EPM2A;CACYBP;YWHAG;NFKBIB;AK4;CBR4;IDI1;FN1;CCNG1;RPN1;SLC1A5;CTSH;RAC1;PPP1CC;PDAP1;MYC;TFRC;PTPRJ;PNP;MAP2K3;GSK3A;ERF;GPR155;DVL3;RABGAP1L;FGF18;COPS5;DCBLD2;RNF152;DNAJA1;HSPD1;JUN;ECSIT;PPP5C;MYDGF;LGMN;MAPK3;TRAF7;PPA1;MPZL2;RHEB;SNF8;RPS6KB2;TMEM219;SESN1;ATP6V0D1;HSPA9;ANO1;VEGFA;CD36,Heart_Nuclei,Endothelial cell
2,prerank,Common,0.382394071369974,1.0394890298987485,0.198,0.494,0.772,679/2610,24.21%,SLC25A4;RYR2;MLIP;HSPB7;TCAP;ANKRD1;FHL2;CCND1;MYOCD;AGT;APOD;MB;DMD;CRYAB;ADCY5;ERBB4;SH3RF2;MYL9;SEMA5A;ZDHHC11B;EFNA5;TNIK;ARHGEF10L;CFD;DCN;PRKAA2;ATP2A2;ABCC9;THBS1;AGBL4;NDUFA6;DAPK2;TPM1;MYL12A;DPF3;LGALS1;CST3;GPX3;ATP5IF1;FGF1;FTH1;ATP5F1A;CCND2;ACTB;LGALS3BP;GAPDH;ARHGAP10;ARL6IP5;BCL2;PRDX5;HSPB1;UBA52;SLC38A1;ANAPC11;SLC4A4;CADM1;CEBPB;FTL;ALKBH7;DYNLL2;PRDX1;NIBAN1;MGAT4C;UBB;USP28;RPS27A;RPL13A;PACRG;BSG;LRP1;ACTG1;RPS3A;GMPR;FAU;NDUFB4;PROX1;SF3B5;RPS27;RPS19;SOD1;CD44;TPT1;PSMB6;TOMM7;DDT;POLR2I;SDC4;GSTP1;S100A11;RPS3;RPL39;TNFRSF12A;SELENOK;PPP1R14B;GPX4;BANF1;LPL;NACA;ROMO1;EEF1A1;FAM162A;IGFBP6;GABARAP;SLC25A5;GHITM;TMSB4X;FLNA;RPL26;HSPA8;CFL1;EMP3;MT1X;SELENOP;MFN2;CHCHD2;MTRNR2L8;RPL30;DDIT3;LAMTOR5;RNF5;HSP90AB1;NDRG4;RAN;VEGFB;IFITM2;PSMC3;TUBB4B;HSPA1A;HSPA5;TUBB;BNIP3;PTMS;BAG1;IFITM3;C1QBP;CLIC1;CD81;ATRAID;FSTL1;S100A10;PRELID1;MAP3K20;VDAC1;PCBP1;SMYD2;MIEN1;DYNLL1;GGT7;DNAJB9;AKAP1;PTMA;ISG15;CPEB4;RPSA;UBC;MT1E;PDK4;PRDX6;GLRX;PRNP;ADCY6;RNASE1;IGFBP5;FBLN5;ZNHIT1;TMEM258;RRAGA;RACK1;PARK7;DDAH2;ACAA2;GABARAPL2;DNAJB1;HSPB8;MT1A;RHOC;FKBP8;DAD1;UBXN6;PSMD8;YWHAH;TOB2;NUPR1;PSMC5;ATP6V1G1;SKP1;IFI27;YBX1;CALM1;RNF7;GRN;CCN2;PSMB5;LY6E;DHFR;RAMP2;PLAU;DNAJA4;NOP53;ELOF1;SMDT1;PSAP;C19orf12;ATOX1;STOML2;EMC6;HNRNPA0;MAP3K5;PRDX3;PEA15;KANK2;DAG1;PSMB4;CHMP2A;AQP3;PLA2G2A;SPRY2;GTF2H5;FUNDC2;PPP1CA;IGFBP7;CALR;CREG1;PPIA;WFS1;CAV2;HSPA1B;CSNK2B;KRT18;PSME1;SPARC;MT2A;CAPNS1;IER5;HSP90AA1;DGKG;CTSL;BST2;PHB2;TAF10;NOTCH2;TUSC2;PSMB1;CYBA;CSRP1;NPM1;MAGED1;SCOC;POLD2;USP13;MAP1LC3A;NCOA4;FIBP;CAV1;HAND2;HDAC9;SIVA1;PPP2R1A;BCAP31;RGS16;IL6R;CREB3;STK39;SLC7A2;PIN1;ATP6V0B;SERPING1;ADCY3;COL5A1;NUCKS1;IL32;PSMA4;PSMB3;HEXIM1;HMGB2;CTSA;GSN;EIF3G;PRKAR1A;TMEM109;HSPE1;LGALS3;AKR1B1;TXN;ITGB1;TMBIM6;PINK1;SERPINE2;LARGE1;YWHAB;TMEM67;GPR137B;MEIS1;PSMA7;B2M;TMEM115;CDK4;EIF4A3;TXNIP;AQP1;RHOB;TAF7;PRDX4;SPCS1;MANF;EFEMP2;STUB1;HSP90B1;RAB1B;CXCL12;PIK3R1;MT1M;SEC61B;HNRNPA1;CLMN;CIB1;TRIM69;CORO1B;BAD;DST;TIMP1;NGF;HRAS;HLA-DPA1;LAMP1;GAA;AVPR2;SOX4;TGFB3;RHOG;RNASEK;VTI1B;ANXA5;GAS6;NIPSNAP2;TADA3;MARCKS;FAM3A;LMNA;ENO1;ARHGDIA;MSX1;F2R;DYRK3;MGAT4B;CD151;TGFB1I1;CDKN1C;AHNAK;SET;CDC26;TRADD;TMEM120A;MAPRE1;HSF1;DDRGK1;PSMC4;HIC1;TLN1;TEX264;HLA-B;VAMP2;PSME2;ITPK1;UBE2D1;SNRPD1;TINF2;HLA-A;MAPKAPK2;HLA-C;CENPX;HDGFL2;RAB8A;BCL6;EIF4E2;PA2G4;CANX;EIF3F;SIRPA;SNX3;RARRES1;PTHLH;CDK16;UFC1;BAG3;TRIM28;C15orf39;FEM1B;P4HB;NDUFAF4;PRMT1;TMEM59;EIF4G2;VPS28;IFIT1;MAZ;THBD;KANK1;SELENON;ARHGAP24;MACROD2;EMD;SRI;CHMP5;CLU;TPCN1;PSMB8;ADRM1;CAT;PSMB2;HMGN2;SUMO2;SLC20A2;DNAJA2;RBX1;ZNF830;CHMP2B;PQBP1;ATF4;RNASEH2C;ACVRL1;MCAM;MAP1LC3B;SYT11;PRKACA;TMEM127;RSL1D1;EI24;IFI6;CTSS;MAPK10;HMGB1;DAXX;ANXA1;PLEC;PPTC7;PRKACB;DTYMK;PPP1R11;PSMC2;BAP1;UBE2L6;PSMD2;NCL;TAF5L;ETFDH;ATP6V0E1;RPS27L;EIF4A1;FCN3;PGK1;DYNC1I1;PSMD6;ANXA2;TNFRSF4;UBE2V1;UBXN1;AKT1;RNF103;IGFBP3;PDIA6;SSB;VAMP3;CEBPD;MACROD1;SNX18;RNF167;CD82;CHMP3;ATP6V1E1;MGME1;APEX1;HAX1;CIAPIN1;PPP1R15A;NUDC;SGMS2;CDC14B;CD74;AIFM1;FAAP20;HYAL2;HYOU1;SEC62;MAP1S;VEZF1;SERPINH1;PTPA;WIPI1;PEX2;ERBB2;UBE2A;CAPN1;GADD45A;TXNRD1;PTPRS;PRKG1;GRINA;BCL7B;PSMC1;FYCO1;NFE2L3;STMP1;SPCS3;GSS;HLA-DRB1;IFIT3;PABPC4;CSDE1;IFIT5;HNRNPK;ENPP4;ATG3;TRAPPC4;RNF139;NDUFS2;CISD2;PLD3;USP1;POLD4;EPM2A;CUEDC2;SMARCE1;PAM;ST3GAL4;EIF4G1;GATA6;YWHAG;DAPK3;SLC15A3;SOD2;AK4;PTTG1IP;FURIN;AUP1;DKC1;RCSD1;DYNLT1;GAS2L1;FN1;LYAR;JKAMP;CHMP7;HTRA2;SGTA;VEGFD;PPP2CA;SLC15A4;GOLGA2;UBQLN2;RAC1;PPP1CC;EIF3L;HCFC1;GRAMD4;MYC;CBX6;ADGRE5;SMARCB1;CAMLG;RAD23A;TFRC;LGR4;PTPRJ;RGCC;EXD2;OSER1;MR1;LRCH4;MON1B;MAP2K3;GSK3A;ERF;DEPP1;KPNA2;GPR155;TRIM8;PSMD7;RRP8;MMRN2;PURA;PFKP;KLF11;PEX10;KIF5B;SLU7;PPIE;SMARCD2;ALKBH5;ZPR1;DERL2;GGCX;SKA2;BTG1;ZDHHC16;NRBF2;AIMP1;COPS5;NAGK;KEAP1;ATP6V1B2;SLC4A2;JPT1;PPT1;ANP32B;PHLDB2;BMI1;PSMD3;VCL;DCBLD2;RNF152;TWSG1;DNAJA1;PHF7;MORF4L1;CHD4;VPS4A;HSPD1;USF2;JUN;MPG;NQO1;ECSIT;APBB1;PPP5C;ZBTB4;EXTL3;HLA-E;RAP2B;AKR1C3;MYDGF;LGMN;DAB2;MAPK3;DFFA;NONO;VPS35;HMOX2;BAG5;GNAS;TRAF3IP1;KLF10;RHOA;RHEB;SNF8;TMEM219;SESN1;PLIN2;TMEM117;ATP6V0D1;HSPA9;UBXN2B;ANO1;PARP1;RMI1;PSMD4;GBP4;VEGFA;CD36;RNFT1;TMEFF2;GGT5;MTA1;MEIS2;ATXN7L3;TNIP2;MMP14;BCL6B;TBC1D14;KAT8;PSMA6;RAD50;BTG2;NEK11;SEM1;YWHAQ;RPA3;AKIRIN1;ATF3,Heart_Nuclei,Endothelial cell
3,prerank,TIS,0.34174485707021196,0.9257929753124405,0.825,1.0,1.0,163/892,17.98%,ANKRD1;CCND1;CRYAB;THBS1;LDHB;DPF3;EIF1B;CCND2;ACTB;BCL2;COPS9;POLR2L;UBA52;RPS12;AK1;ALKBH7;UBB;USP28;RPS27A;RPL36;SF3B5;CD44;RPL18;TPT1;PSMB6;ISCU;POLR2I;GSTP1;RPS3;GPX4;FAM162A;RPL26;ABCC5;DDIT3;MPC2;C1QBP;CD81;S100A10;MAP3K20;POLR2J;SMYD2;ISG15;UBC;ADCY6;ZNHIT1;POLR2K;RACK1;PARK7;POLR2G;DAD1;EEF1D;NUPR1;SLC19A2;SKP1;PSMB5;SUMO3;APRT;NOP53;ELOF1;TAX1BP3;SUPT4H1;PSMB4;HINT1;GTF2H5;PPP1CA;COX17;EDF1;IMPDH2;IER5;TAF10;PSMB1;NPM1;POLD2;NT5C;POLR3GL;BCAP31;RGS16;NUCKS1;PSMA4;PSMB3;HEXIM1;HMGB2;TMEM109;GSTO1;PSMA7;CDK4;TXNIP;AQP1;RHOB;TAF7;CXCL12;CIB1;COPS7A;TIMP1;HRAS;SOX4;SURF1;GAS6;TADA3;USP11;LMNA;MSX1;F2R;TRADD;TMED2;HSF1;HIC1;TEX264;TINF2;MAPKAPK2;MCRS1;CENPX;HDGFL2;BCL6;NELFE;TRIM28;FEM1B;PRMT1;VPS28;MACROD2;CLU;ADRM1;PSMB2;SUMO2;RBX1;SNAPC5;ZNF830;ATF4;RNASEH2C;COQ8A;CES2;TM4SF1;POLR2E;EI24;HMGB1;BAP1;SLC29A1;UBE2L6;TAF5L;RPS27L;UBE2V1;UBXN1;SSRP1;MACROD1;CD82;GUK1;BCAM;MGME1;APEX1;EPHX1;PPP1R15A;CDC14B;CD74;POLR2F;JAG2;FAAP20;HYAL2;CBR3;UBE2A;GADD45A;POLR2C;BCL7B;MKNK2,Heart_Nuclei,Endothelial cell
4,prerank,RS,0.2882021577660147,0.7720557000042924,0.974,0.9926,1.0,123/495,26.57%,CCND1;FHL1;DPF3;CCND2;ACTB;BCL2;POLR2L;ELOB;PSMB6;POLR2I;S100A11;ROMO1;TMSB4X;HSP90AB1;NOP10;PTMS;C1QBP;POLR2J;DYNLL1;CDK2AP2;NHP2;POLR2K;POLR2G;SKP1;PSMB5;DHFR;CCT7;KANK2;PSMB4;PPP1CA;PSME1;HSP90AA1;TAF10;PSMB1;POLD2;NUCKS1;PSMA4;PSMB3;ITGB1;PSMA7;CDK4;HNRNPA1;SET;DDRGK1;PSME2;TINF2;MCRS1;DDR2;CENPX;HDGFL2;BCL6;FAM107A;PRMT1;PSMB2;RBX1;ACVRL1;POLR2E;DAXX;ANXA1;CCT5;RPS27L;CCT8;TCP1;AKT1;MGME1;APEX1;ELOC;POLR2F;FAAP20;UBE2A;POLR2C;BCL7B;USP1;POLD4;SMARCE1;EIF4G1;DKC1;GAR1;CCNG1;PPP2CA;NAP1L1;MYC;WIZ;SMARCB1;RGCC;EXD2;CARM1;PURA;POLR2D;KLF11;SMARCD2;CDC34;ZPR1;RNASEH1;MORF4L1;CHD4;APBB1;MAPK3;SMC3;CINP;PARP1;RMI1;PSMA6;RAD50;SEM1;RPA3;ERCC5;MORF4L2;DUT;MEAF6;CCT4;CDKN1A;CDK9;ZNF655;PSMA1;JADE1;CCT3;DMAP1;INIP;POLE4;RUVBL2;MCM3;UPF1,Heart_Nuclei,Endothelial cell
0,prerank,MS,0.5082998888385107,1.6482295988477806,0.001,0.001,0.001,397/1522,15.39%,TECRL;FABP3;RYR2;COX6A2;SLC25A4;MYOCD;CHCHD10;DTNA;GCNT2;COX7A1;CD36;PRKAA2;AQP7;UQCRB;PPP1R3C;PPARGC1A;NDUFA4;POSTN;PIK3R3;LPL;PLIN5;HACD1;COX7B;COX8A;COX5A;COX4I1;COX5B;MDH1;ACOT11;UQCR10;NDUFB3;COX7C;MRPL41;ETFB;NDUFA1;ATP5MC3;ATP5PF;COX6B1;UQCR11;ATP5IF1;ADGRF5;NUDT8;IDH2;PIP5K1B;COX14;ERBB4;GAPDH;ATP5MG;ATP1B1;EPHA4;COX17;ATP5F1E;SORBS1;NDUFB7;CITED2;ALKBH7;UQCRQ;CAV2;ENDOG;ATP5PO;LGALS1;NDUFB11;CXADR;ECHDC3;NDUFA6;NDUFA13;GPAM;SDC4;ATP6V1F;NDUFS5;COX6C;ATP5F1D;ASAH1;AQP1;NDUFB10;G0S2;MAOB;UQCRH;NDUFA3;SLC25A11;NDUFC2;CPEB4;UQCRC1;ATP5F1B;ATP5MF;PTGDS;ATP5F1A;CYCS;APOC1;LDHB;ATP5MC1;CAV1;MICOS10;ATP5PD;NDUFB2;ARL2;BGN;DBI;PRDX5;BLOC1S1;NDUFS7;COX6A1;HSPA1A;NDUFAB1;GADD45GIP1;ATP5ME;MIF;HIP1R;SLC27A6;NDUFA8;ECH1;NDUFA11;CA2;DGKG;INPP4B;PFKFB2;TOMM7;HIGD1B;MRPL51;GABARAP;FIS1;NDUFB4;CD74;GPAT3;NDUFB5;TOMM6;MGST3;CAVIN3;COX4I2;NDUFAF3;NDUFC1;NDUFA7;NDUFA12;MPC1;SLC25A3;TOMM22;PET100;TGM2;TIMM13;TIMM8B;AGPAT2;ECHS1;GPAT2;HIGD1A;FITM2;ROMO1;MRPL23;MRPL12;PYCARD;ATP6V0C;TIMM10;MICOS13;S100A4;NDUFB9;NDUFS6;PCBD1;MRPL35;MRPL54;RGCC;PPP1R3B;TPI1;NDUFS8;CYC1;NDUFB8;COX7A2;MRPL15;GHITM;NDUFB1;SLC25A5;PFKM;ATP5PB;PRDM16;SDHAF1;MRPL36;NTHL1;MRPL40;KCNMA1;NEDD4L;PDK2;MOAP1;ISCU;TES;PSME1;CCN2;HADH;GABARAPL2;MYH14;MDH2;STOML2;COA8;PLAAT4;SMDT1;HCCS;MRPL28;NOP53;UQCC2;GPR155;PIK3R2;S100A10;MRPL34;MRPL57;HSPA8;PYGB;PIK3R5;CHCHD4;HSPA5;UQCC3;TOMM5;COA3;AURKAIP1;MRPL33;MT-ND1;GPX4;VAMP8;LAMTOR5;SHMT2;NDUFS3;INMT;SLC25A6;PLA2G15;MRPS18A;CXXC5;UQCRFS1;KDELR3;TRIAP1;EFNA1;RRAGA;GSTP1;APOO;TGFBI;TNFSF10;GPC1;HACD4;IGFBP3;MFN2;FAM162A;BAD;LPCAT4;CHCHD5;MT-ATP8;HYOU1;PDHA1;ATP6V0B;MT-ATP6;IFI6;ELOVL1;DECR2;NR4A3;SLC35A4;SNCA;NUDT7;MTLN;PRELID1;SURF1;TP53INP2;MRPL52;DPM3;MRPL27;MT-ND2;PRMT6;YWHAH;LAMTOR2;CLU;ANTKMT;SMPD1;ILVBL;SLC44A5;HSP90AA1;SERPINE1;NDUFA2;CHCHD2;CES1;CLN8;MRPS18B;SPTSSA;PINK1;ATP5MC2;BCKDHA;ADO;HSD17B10;GAS2L1;PRDX3;NSDHL;EGLN2;IER3;B3GALT6;PGF;FASN;MT-ND3;COX16;LARGE1;DGKB;PMVK;RRAGD;MYH9;PLSCR3;PHB2;CAVIN1;ABHD2;TECR;MRPS12;MT-CO2;OSBPL10;ACO2;PARP1;MRPL17;CES2;MT-ND4L;MT1E;MRPS2;PGAM1;VDAC2;LTC4S;GLYATL2;CBR1;ATP5F1C;MRPS34;IDH3G;SLC37A4;SCD;MRPL49;P4HA2;AKR1C3;LAMTOR4;DMAC1;NUPR1;AGTPBP1;TMEM70;MT-ND4;MT-CO3;PGP;ABHD4;RAB5IF;TPST2;GGT5;ATP6V1G1;MT-CO1;PDK4;FUNDC1;MT-ND5;PGM1;MRPS23;FAM107A;AGPAT1;NOL3;MRPL10;PRELID3B;CHCHD1;RWDD3;ECI1;ACP6;PLAAT3;MRPL21;ETNK2;MLST8;DPP4;DYRK2;SRD5A3;ATF4;MT-CYB;ABCA3;LIPH;MRPS33;SIRT5;ABCA2;BHLHE40;RETSAT;GOT2;ACAA2;HSP90B1;CYB5R3;PDP1;RAB29;STARD7;PLOD1;BAK1;UROD;TMEM223;PFKFB4;CTHRC1;LOXL2;GSTM4;HADHB;DDIT3;SLC25A20;ELOVL2;IDS;MTX1;PIGP;PTGS1;CD68;VDAC1;NDUFA5;KLF6;JMJD8;ALAS1;DHCR24,Heart_Nuclei,Fibroblast
1,prerank,OIS,0.4171884997343111,1.3482543304320538,0.004,0.011,0.021,179/949,14.66%,SDF2L1;F2RL1;TNNT2;FGF12;SH3RF2;WNK2;NPPA;NDRG4;GCNT2;CD36;PRKAA2;ADRA1A;RASGRP3;HDAC9;PIK3R3;ADRB1;GADD45G;ADGRL4;ERBB4;GAPDH;EPHA4;AGT;GOT1;TUBA4A;CAV2;ENDOG;FLT1;G0S2;PDE8B;UBB;ATP5MC1;CAV1;MAPK4;F2R;PTPRC;RGS16;CDKN2D;MIF;UBA52;SOD1;CA2;SH2D3C;LBH;RPS27A;GABARAP;ATP2A2;HBEGF;CD74;GPAT3;PRDX1;SERPINA3;CCL19;DDT;HSPE1;NRXN1;CMKLR1;PTGER4;CD81;PYCARD;CSNK2B;ATP6V0C;ST6GAL1;AKT1S1;PFN1;TPI1;F13A1;CFL1;RRAS;GNG11;APOE;HRAS;SHANK3;MAPK8IP1;DUSP3;DUSP7;TES;CCN2;GDF15;RPS6;TEK;SLA;MAPKAPK3;PTPN22;CIB1;GPR155;PEBP1;PIK3R2;PDGFC;UBC;CNKSR3;EMILIN1;PIK3R5;FGF1;HSPA5;PECAM1;CALR;FN1;LAMTOR5;SHMT2;HSF1;CHI3L1;CD9;RRAGA;NIBAN1;GSTP1;SATB1;PREX1;MRAS;IGFBP3;EPHA7;ARF5;PPP1CA;ERBB3;LAMTOR2;CAV3;SMPD1;DAG1;FGL2;PINK1;SERPINH1;RGS2;FGFR4;MYDGF;ETV1;RRAGD;ITGA2;PHB2;PLCG2;ARL6IP5;ETS2;IL15;DYRK3;INSIG1;TMEM100;EPHA2;ARPC5L;CSF2RA;MAPK7;TUBG1;CTSH;NEK10;BMP4;PRKCZ;SLC37A4;SCD;ARHGDIA;PEG3;LAMTOR4;NUPR1;STARD4;DUSP6;PSMB8;AP2M1;HTR2A;PGM1;STIP1;PRELID3B;MMD;CDKN2C;PDGFA;PPIA;PSAT1;SHC1;DAB2IP;MLST8;TRIB1;SCG5;P2RY1;BHLHE40;TMEM219;HSP90B1;SYTL2;DNAJA1;CYP51A1;PSMB5;FKBP2;ERF;APOD;MEF2C,Heart_Nuclei,Fibroblast
2,prerank,Common,0.3730954069217047,1.2117799576976231,0.001,0.057999999999999996,0.152,615/3344,16.68%,TCAP;APLNR;CCL11;COMP;F2RL1;ANKRD1;HSPB7;FABP3;RYR2;MB;SLC25A4;SH3RF2;CRYAB;WNK2;MLIP;NDRG4;MYOCD;DPF3;FHL2;ATP1A2;TPM1;ANO5;DAPK2;CD36;PRKAA2;ADRA1A;ADCY5;CDH13;SPEG;STK33;PPARGC1A;HDAC9;MCAM;MYL12A;PIK3R3;LPL;TPO;RNASE1;HLA-DRB1;HSPB1;VWF;ACOT11;PCDH7;CNN1;MYL9;IFI27;ATP5IF1;ERBB4;GAPDH;EPHA4;AGT;THBS4;CITED2;RETREG1;ALKBH7;CAV2;ENDOG;GMPR;LGALS1;KCNMB2;NDUFA6;KCNK13;CRIP1;SDC4;HSPB8;CCND1;FLT1;STAB1;AQP1;GAP43;POLR2I;ST6GALNAC3;SELE;RNF144B;CPEB4;ATP5F1A;UBB;CAV1;PRDX5;RPL39;F2R;PTPRC;FAU;HSPA1A;NUDT1;IER5;CCN4;RGS16;ITGA6;PACRG;CDKN2D;BSG;PRDX2;CCN3;MIF;UBA52;F5;ZDHHC12;SF3B5;TUBB4B;DMD;VKORC1;CD14;TPT1;SOD1;DGKG;NME2;MSRB1;TOMM7;RPS27A;GABARAP;ATP2A2;HBEGF;NDUFB4;CD74;PRDX1;NMB;SERPINA3;CRHBP;MET;HYAL2;MYLK;SSTR2;RPL26;NUAK1;CCL19;PSMB6;RHOC;DDT;LY6E;RPS27;CALM1;ACTB;PTPRE;TOB1;SMYD2;RNASEK;EPB41L4B;HSPE1;FADD;RPL13A;CMKLR1;CCL2;RPS3;SEMA5A;MTRNR2L8;HIGD1A;TNC;PTGER4;ROMO1;EXOSC4;BANF1;CD81;ANAPC11;PPP1R13L;PYCARD;CSNK2B;ATP6V0C;ST6GAL1;AKAP1;NINJ1;PPP1R14B;SFRP4;HLA-B;CHMP2A;CST3;PSMB10;B2M;USP28;RGCC;F13A1;CLIC1;TMEM109;RNF5;ISG15;CFL1;TNFRSF12A;HSPA1B;SELENOK;IL32;TRIL;RPS19;GHITM;APOE;BST2;S100A11;MMRN2;HRAS;SLC25A5;TIMP1;TBX5;PCBP1;RPL30;EMP3;KPNA7;TXNDC5;NTHL1;KCNMA1;TUBB;ING1;SLC11A1;LGALS3BP;FRZB;PDK2;SYT7;MOAP1;TES;PSME1;PRRG4;CCN2;GDF15;HLA-C;GABARAPL2;BATF;STOML2;PTPA;COA8;PLAAT4;CD109;TEK;SMIM30;PSMB4;CREB3;EEF1A1;SMDT1;SOD3;IFITM3;ATRAID;NOP53;RAMP2;IFITM2;MAPKAPK3;KNL1;MERTK;PTPN22;CIB1;GPR155;SPARC;PIK3R2;DCLRE1A;LZTS1;S100A10;PSMC3;UBC;ESPL1;MCM5;CADM1;HSPA8;EMILIN1;ZNHIT1;CAPNS1;CD59;HLA-DPA1;ADRM1;HSP90AB1;HSPB6;PIK3R5;EYA1;GPR68;DYNLL1;ACTG1;FGF1;PTTG1IP;RTN4RL1;ORMDL3;HSPA5;POLD4;HSPA2;NGFR;CALR;RPS3A;ARL6IP1;GPX4;SIGIRR;VAMP8;BRF2;FN1;AGBL4;LAMTOR5;SHMT2;CORO1B;MGST2;PSMA2;VAMP2;FTH1;HSF1;SAA1;CHI3L1;TMSB4X;CD9;MGAT4B;TRIAP1;RHOG;RRAGA;NIBAN1;GSTP1;F11R;MTRNR2L1;TNFSF10;CHMP4A;IGFBP3;ATOX1;MFN2;RACK1;FAM162A;BAD;TGFB1I1;PPP1CA;RCSD1;MANF;HYOU1;APOL1;ATP6V0B;ERBB3;DYNLL2;UBE2S;TADA2B;IFI6;KPNA2;SCOC;NR4A3;DNAJC4;PIGBOS1;CRLF1;SLC35A4;SNCA;TRIM21;ANAPC15;DAD1;CKS1B;TST;APEX2;PRELID1;PCNA;TP53INP2;GBP4;SLC28A2;RNF26;RAN;PELI3;PRDX4;DNAJB5;TMEM258;PRMT6;YWHAH;TBX2;COLEC11;CLU;PSMC5;SMPD1;CETN2;MGAT4A;EIF3G;PTMS;HSP90AA1;FAP;SERPINE1;DAG1;CHCHD2;FANCF;PINK1;ACVRL1;ADO;SERPINH1;TXNIP;NACA;RSAD2;TEX264;FOXC2;GAS2L1;PRDX3;EGLN2;IER3;USP13;PGF;BAG1;MYDGF;SPC24;CD151;UBXN6;UNC5B;LARGE1;DGKB;SLC7A2;PRKAR2B;CAMK2N1;RRAGD;MGAT4C;TMBIM4;MYH9;A2M;ITGA2;PHB2;PLCG2;CHMP3;ARL6IP5;ADAM15;SOX4;HCLS1;MGAT2;NDC80;ZDHHC4;PSMB1;RHBDF2;MAP1S;MARCKS;TRIM69;ETS2;DNAJA4;DNAJB4;HLA-A;IL15;VTI1B;DYRK3;ATG9A;INSIG1;YOD1;VPS18;OOEP;ECRG4;TAF10;EPHA2;MAGEF1;DTX4;FURIN;PARP1;NUSAP1;PHF23;MAPK7;PBLD;RPSA;ZNF365;SIVA1;CYBA;MT1E;BCAP31;SCARF1;RAB1B;PTMA;DDX60L;BMP4;UBL7;PYCR2;TMEM250;GPX8;PRKCZ;NFATC2;PSMD8;IFIT3;DNAJB9;BABAM1;ARHGDIA;EFEMP2;RAB7B;FTL;KIF22;DNAJB1;GPX7;PPP2CA;GRN;AKR1C3;MDK;NUPR1;RNF125;ACP2;RNASE4;GRAMD4;UFC1;SMOC2;RCN3;DUSP6;KIF4A;FIBP;BAG3;GTF2H4;ATG101;PSMB8;ICOSLG;PC;C15orf39;CTSK;GGT5;ATP6V1G1;PDK4;FUNDC1;HIC1;PNMA1;NOL3;RWDD3;CDKN2C;NUP62;PDGFA;PPIA;SCN7A;CD4;ZNF385A;CDK16;PCBP4;LGALS3;SPCS1;SHC1;EGR3;DAB2IP;MLST8;SYT11;DPP4;TRIM45;DYRK2;PPP1R11;TRIB1;ATF4;TMEM115;P3H3;TMEM219;ACAA2;HSP90B1;ENTPD1;PSMA7;FICD;EIF4G2;JPT2;COL18A1;DMAP1;SLC38A1;DNAJA1;DDAH2;B4GALT7;TXN;PSMB5;ZCCHC3;PLOD1;IFNAR2;BAK1;ERF;TRIM7;ADCY6;ANXA3;C1QBP;APOD;MEF2C;PRNP;RHOB;EI24;UBXN1;FLNA;EPB41;LOXL2;MIEN1;KLF2;DCTPP1;GPATCH3;DDIT3;NABP2;TMEM127;ABHD17A;KLRG1;TTC4;CD68;PSMB3;VDAC1;SERPINE2;KLF6;DDRGK1;MYO18A;TRIB3;INPP5D;ACTN1;AHNAK;VPS28;TAFA5;SGMS2;ITGB5;TSC22D1;GTF2H5;AP5S1;TMEM120A;PSME2;SEC61B;VPS16;ZBTB7B;HERPUD1;EMC6;EYA4;TAF6;STUB1;RAB37;SPCS3;TGFB2;PIM3;TAP1;COL3A1;SERINC3;CSRP1;SOX9;HPF1;RAB8A;EFHD1;HDGFL2;PSAP;SYNJ2BP;FZD7;ANO1;PLAU;HYAL1;TMEM59;CPB2;PRMT1;SPDL1;ADGRE5;STX4;SELENON;CDKN3;USP51;MAP2K3;EVI2B,Heart_Nuclei,Fibroblast
3,prerank,TIS,0.30940801341480006,0.996252096042398,0.505,0.63,0.921,214/1159,18.33%,ANKRD1;RRAD;CRYAB;WNK2;DPF3;ADRA1A;CDH13;STK33;PERP;COX17;ALKBH7;ENDOG;CRIP1;CCND1;AQP1;POLR2I;BCAM;UBB;LDHB;F2R;NUDT1;IER5;RGS16;CDKN2D;MIF;UBA52;RPL36;SF3B5;VKORC1;RPS12;TPT1;POLR2L;RPS27A;HBEGF;RPL18;CD74;COPS9;CRHBP;HYAL2;RPL26;PSMB6;ACTB;PTPRE;TOB1;SMYD2;RPS3;EIF1B;CD81;PYCARD;NINJ1;S100A4;MPC2;USP28;RPP21;TMEM109;CTSD;ISG15;HRAS;TIMP1;NTHL1;MRPL40;MOAP1;ISCU;TAX1BP3;BATF;PSMB4;NOP53;MAPKAPK3;SAC3D1;CIB1;TP53I13;CDA;DCLRE1A;S100A10;UBC;MCM5;ZNHIT1;ALYREF;ADRM1;EYA1;PTTG1IP;POLD4;ARL6IP1;GPX4;VAMP8;BRF2;PSMA2;HSF1;TRIAP1;GSTP1;CANT1;RACK1;FAM162A;PPP1CA;POLR3GL;TM4SF1;TADA2B;KPNA2;DAD1;APEX2;PCNA;SURF1;SLC28A2;PRMT6;SERTAD3;SUPT4H1;CLU;SUMO3;SMPD1;TFPT;POLR2J;CETN2;FANCF;APRT;TXNIP;TEX264;IER3;SOX4;HCLS1;PSMB1;RHBDF2;GSTO1;OOEP;TAF10;EPHA2;POLR2G;MAGEF1;PARP1;ZNF365;CES2;BCAP31;CBR1;NFATC2;CYFIP2;BABAM1;NUPR1;ABHD4;GTF2H4;UPP1;KCNQ1;HTR2A;HIC1;COQ8A;PDGFA;ZNF385A;FZD1;PCBP4;MLST8;DYRK2;ATF4;TSPYL5;ABCA3;ABCA2;RETSAT;PSMA7;DMAP1;PSMB5;BAK1;EDF1;ADCY6;C1QBP;MEF2C;RHOB;GM2A;EI24;UBXN1;GSTM4;DDIT3;EEF1D;NABP2;PSMB3;SLC7A11;TRIB3;VPS28;DCXR;TSC22D1;GTF2H5;AP5S1;TCN2;EYA4;TAF6;TAP1;IMPDH2;HPF1;HDGFL2;SSRP1;NME4;HINT1;HYAL1;PRMT1;USP51;PHLDA3;MC1R;POLR2K;CDKN2AIP;OSGIN1;MCRS1;XAB2;PSMA4;HMGB2;FUCA1;IKBKE;NELFB;BAX;CTSF;PLXNB2;PSMB2;KDM4D;ERCC5;GUK1;MCM4;STK11;ZBTB38;GEN1,Heart_Nuclei,Fibroblast
4,prerank,RS,0.15999082008283308,0.5160474792407808,0.999,0.9998,1.0,101/628,20.59%,DPF3;ENDOG;CCND1;POLR2I;CDKN2D;NOP10;ELOB;POLR2L;MLF1;PSMB6;ACTB;CCL2;ROMO1;RGCC;SUSD2;S100A11;CDK2AP2;PSME1;LSM10;PSMB4;CDK2AP1;MCM5;HSP90AB1;DYNLL1;POLD4;PSMA2;MEPCE;TMSB4X;TRIAP1;CHRAC1;PPP1CA;PCNA;TBX2;TFPT;POLR2J;PTMS;HSP90AA1;SERPINE1;FHL1;ACVRL1;PLCG2;CCNJL;PSMB1;NHP2;OOEP;TAF10;POLR2G;MAGEF1;PARP1;ZNF365;PPP2CA;GLI1;TEN1;FAM107A;CDKN2C;PSMA7;GRWD1;DMAP1;PSMB5;PIF1;C1QBP;NABP2;PAGR1;PSMB3;DDRGK1;AP5S1;PSME2;WDR18;HDGFL2;PRMT1;CDKN3;USP51;POLR2K;GINS3;MCRS1;PSMA4;PAF1;ITGB1;KLF11;PSMB2;SET;KDM4D;ERCC5;MCM4;CDK6;ZBTB38;GEN1;ACTR8;POLRMT;ZNF655;POLE3;NUCKS1;SMARCE1;RFC2;HNRNPA1;RBX1;CHD4;USP1;MAD2L2;GPNMB;INO80B,Heart_Nuclei,Fibroblast
0,prerank,MS,0.3285442620293505,1.2881460684233002,0.008032128514056224,0.09335474804256173,0.09,225/996,18.59%,PTPRG;COX5B;MDH1;ATP5F1D;HPGD;NUPR1;PLPP1;ATP5IF1;COX4I1;COX6B1;RGCC;COX5A;LGALS1;GABARAPL1;ATP5F1B;NDUFC1;PIK3R3;RORA;ACSM3;ATP5MG;ATP5ME;ISCU;NDUFB2;NDUFS8;GAPDH;CYB5R3;MT2A;SLC27A3;DBI;TPI1;HSPH1;FAM162A;COX7A2;HSPA1A;PIGA;CYC1;CHEK2;TGFB2;PDK4;NDUFB6;UQCRC1;GSTP1;PDP1;SLC2A5;HSPD1;S100A10;NDUFA12;ADM;PDE2A;ATF3;HK2;UQCRH;IDH3A;GIT1;FBP1;MRPS25;GOT2;EPAS1;PRKCH;OAT;PLIN2;ENO4;CITED2;CEACAM1;NDUFB1;NDUFB8;VEGFA;LPCAT1;SMPDL3A;LDHA;ECI1;VDR;ATP5F1E;NDUFA5;PFKFB2;LAMTOR5;NDUFS6;CHCHD2;SDHD;ERO1A;MRPS22;BHLHE40;AIG1;HMOX2;YWHAH;MRPL57;PIGH;UQCRFS1;SOD2;HSP90AA1;NDUFB9;UQCC2;PYGL;TES;SUCLG1;BTG1;IDH2;PRDX6;PGM1;NFIL3;ATP5MC2;ATP5F1A;S100A4;SLC25A3;MTRES1;GABARAP;ALDH1L2;KAT5;ANTKMT;ACSL1;PER2;STUB1;PPP1R3B;PLCB2;PIK3CG;SAP30;SLC25A6;MRPL16;BRCA1;SDC3;ERP29;KLF10;ATP5PB;PGM2;ACOT11;HSPA5;GHITM;SESN2;COX17;MIOS;MPC1;LCLAT1;PIM1;PGAM1;HSPA8;SLC2A3;PARK7;IMPACT;TIPARP;HACD2;PRKAB1;AURKAIP1;HSP90B1;PPARD;JUN;SUCLA2;PTDSS2;PICK1;COX20;P2RX7;ERLIN1;LAMTOR2;GPI;PIK3C2G;CHPT1;EIF2AK3;SDHAF3;VDAC1;MALSU1;PDK1;PARP1;HSD17B12;LARGE1;GLRX;MGST3;GRPEL1;SELENOS;PLA2G4C;MRPL18;AKT1;TMBIM6;PYCARD;PGD;TUFM;ACO2;NDRG1;HK3;PGS1;MRPL1;THEM4;TBC1D7;WDR59;EPHX1;CHCHD6;DTNA;AGL;REST;NDUFS3;SDHB;MT-ND2;PGK1;ATP6V0B;SIRT5;PYGB;STARD7;PRELID1;FDX1;GPX4;STRADA;HSPA9;FADS1;PIP5K1A;PIGG;IDH3B;ABHD5;PAM;MT-ND4L;PLD1;LRRK2;ALDH9A1;MCL1;MTIF2;SLC25A33;MAP1LC3B;SMS;HMOX1;MBOAT1;HAX1;SLC25A5;PFKL;ECHDC2;CYP1B1;SDHA;AGPAT4;ATPAF1,Heart_Nuclei,Macrophage
1,prerank,Common,0.2598121534417667,1.0242860653488097,0.382,0.9952820718731178,0.873,403/2448,16.24%,PRKG1;IGFBP7;DMD;AGBL4;TPM1;NFIB;HSPB1;DPYSL3;DLC1;RBMS3;TIMP1;ZBTB7C;NUPR1;ADCY2;FCGR1A;TJP1;PLPP1;MYL12A;ATP5IF1;KIF15;RGCC;CFD;MACROD2;LGALS1;GABARAPL1;CHAF1A;FERMT2;DTL;MCM6;GNA14;BRIP1;PIK3R3;BSG;RORA;KIF22;TCF7L2;MID1;GAPDH;GSN;IFITM3;MT2A;TUBB4B;NET1;HSPA1B;SERPING1;FBXL2;HSPH1;TLE1;IFITM2;C5AR2;CD300A;FAM162A;CLEC7A;WDR76;HSPA1A;PAQR3;FAU;ST6GALNAC3;CHEK2;TGFB2;ATOH8;PDK4;CBX6;GSTP1;POLE2;HSPD1;EYA2;TNS2;PTPN22;CAMLG;S100A10;CD300E;RPL30;CCND1;RARRES1;KPNA2;ADM;DBF4;CDC14B;SLC39A8;PDE2A;HELLS;PARPBP;ATF3;PRNP;NUF2;ING3;RAD51AP1;CLEC12A;MIS12;IL1R2;CFTR;ZBTB49;EIF4A3;HK2;TUBB;FCGR3A;GIT1;IFT20;RGS1;POLR3F;EPAS1;PRKCH;PLIN2;GPNMB;TGFBR3;CD59;UBA52;HSP90AB1;CITED2;PRDX1;CD151;TPT1;IL1RAP;RPL13A;CD81;RPS27A;CEACAM1;PVR;BUB1B;VEGFA;SMPDL3A;CDC7;MAP1S;ZWILCH;RPS3;TFPI;LYZ;OVOL2;VDR;CCL18;MKI67;ATF5;NDC1;RHOG;LAMTOR5;HMGB2;LIG1;CHCHD2;SPDYA;CST3;MARCO;RPS27;ERO1A;CENPX;ACTG1;CALCRL;DST;VPS18;FKBP8;IPCEF1;TRPV4;SNX7;HMOX2;TXN;RACGAP1;ARL6IP5;YWHAH;S100A8;SMYD2;PHC2;TNIK;SOD2;DPF3;SMAD7;HSP90AA1;RAD51C;BTG3;OSER1;AXL;NIBAN2;RPS3A;TES;KLF4;BTG1;GNB1L;FLT1;SLC11A1;PRDX6;CDK9;HMGN5;FLNA;ATP5F1A;XRCC1;ACVRL1;ACTB;YPEL3;YES1;TERF2IP;RNASEK;CDK16;MCM8;GABARAP;NFAM1;REXO4;SKP1;TNFRSF11A;KAT5;TRIM28;CTPS1;PER2;RFC3;MYD88;RHOB;STUB1;RPA2;EEF1A1;E2F4;ABI3;SIVA1;PIK3CG;ERCC1;NOLC1;TAOK2;STIL;MCC;ACVR1B;SAP30;RAB1B;TDP1;CENPK;ATP2B4;BRCA1;KNL1;POLE;SMARCD1;CCL8;SLC12A2;PLEKHA1;HNRNPA0;PABPC4;WDHD1;KLF10;SPSB3;ERCC6;FANCA;CHID1;TICAM1;TMIGD3;AHCTF1;GEN1;LRP6;SAV1;VCL;IL16;MLKL;LY86;ACOT11;HSPA5;GHITM;CRY2;PSMD7;SESN2;OMG;NUCKS1;MACROD1;AVEN;MUTYH;S100A9;MIOS;HUS1;ANXA1;PIM1;IRF8;MAPK7;HLA-DPA1;USP13;HSPA8;CD14;TXNIP;HSPA6;CXCL2;HPSE;PARK7;RPSA;IMPACT;SKI;LTB4R;RNASE6;NACA;KIF11;HSP90B1;CHEK1;BANF1;TLR1;SLC7A5;NFKBIA;MSH2;RIPK2;PPARD;CIP2A;NAMPT;MCM3;MBTPS2;JUN;UBC;CENPE;PICK1;MEFV;APTX;IFI35;STXBP1;P2RX7;DTX3L;NUB1;ERLIN1;SMC1A;RFC2;EIF2AK3;ADARB1;CORO1A;PSMB9;VDAC1;PTK2B;LYAR;CARD9;PDK1;PARP1;BAG4;SLAMF8;JUNB;PSMB2;KCNK13;CENPF;NUSAP1;GGCX;RPA3;PRKAR2B;LARGE1;PTMA;ACP2;ENPP4;GLRX;CEP63;ETS2;XPA;LGALS8;FBXO7;SELENOS;VPS37B;PLA2G4C;PSMB4;CD58;CCL4;AKT1;SYVN1;CD83;MASTL;PSMD8;MSR1;ZNF16;C1QA;CEBPD;TMBIM6;PYCARD;CSRP1;WRNIP1;DUOX1;NDRG1;ID2;CCL2;PROS1;IL27RA;SHISA5;METRNL;GTSE1;HLA-DRB1;TNRC6C;TBC1D7;TERF1;NSMCE4A;SLC4A2;SETD7;VTI1B;TOP2A;EI24;WDR59;CHCHD6;RING1;CALM1;NEIL1;UBXN1;RASAL2;CTSL;CLMN;MX1;PURA;BICD1;QSOX1;VPS4A;TIMELESS;REST;CDC25B;KLF11;ITGB3BP;USP28;NFKBIZ;LILRA2;CAPNS1;PDE12;MCM5;PGK1;ATP6V0B,Heart_Nuclei,Macrophage
2,prerank,RS,0.2549555711785575,0.9871569742759803,0.5131313131313131,0.8900488523054273,0.936,130/479,25.26%,RGCC;DTL;MCM6;POLR2L;CHEK2;POLE2;CCND1;DBF4;HELLS;PARPBP;ING3;RAD51AP1;GINS1;CTDSPL;GPNMB;HSP90AB1;CDC7;LIG1;SPDYA;CENPX;DPF3;HSP90AA1;CCT7;RAD51C;KLF4;CDK9;XRCC1;ACVRL1;ACTB;GMNN;TERF2IP;ELOC;MCM8;SKP1;KAT5;RFC3;RPA2;ERCC1;STIL;ACVR1B;ATP2B4;BRCA1;POLE;SMARCD1;WDHD1;ERCC6;PRIM1;GEN1;NUCKS1;HUS1;ANXA1;TCF3;CHEK1;MSH2;MCM3;POLR2A;RFC2;PARP1;PSMB2;NOP10;RPA3;FBXO7;NAP1L1;PSMB4;AKT1;PHF8;DUT;WRNIP1;ID2;CCL2;TERF1;NSMCE4A;PURA;TIMELESS;KLF11;MCM5;SFPQ;JADE1;BCL7B;RCHY1;SASS6;XRCC6;CCNH;SMARCA5;POLQ;CCT2;CTDSP1;NAT10;FAN1;S100A11;PLCG2;LMNB1;BRD9;CPSF3;CDK6;HLTF;CTDSP2;ZBTB38;RBL1;SLF1;ZGRF1;RHOU;DHFR;BLM;TAF10;SETMAR;ERCC5;MTBP;ITGB1;CHD4;MMS22L;EXOSC10;KDM1A;DNA2;SHQ1;PLK3;APEX1;DCLRE1C;SLFN11;INO80E;BRD8;USP1;SPRTN;MNAT1;AIF1;RAD50;TMSB4X;RCC1;DHX9;PKD1,Heart_Nuclei,Macrophage
3,prerank,TIS,0.25058351567664056,0.9766839691220536,0.5621242484969939,0.7119554306364184,0.946,202/830,23.60%,TIMP1;NUPR1;MACROD2;EIF1B;DTL;MCM6;BRIP1;RORA;ISCU;NET1;POLR2L;FAM162A;WDR76;CHEK2;GSTP1;POLE2;EYA2;S100A10;CCND1;KPNA2;SUMO3;DBF4;CDC14B;PDE2A;HELLS;PARPBP;ATF3;ING3;RAD51AP1;FBP1;UBA52;TPT1;CD81;RPS27A;CDC7;RPS3;VDR;RPS12;HMGB2;LIG1;IFI30;SPDYA;SLC19A2;CENPX;ZBTB16;SMYD2;DPF3;RAD51C;POLR1C;KLF4;BTG1;GNB1L;CDK9;S100A4;XRCC1;ACTB;TERF2IP;MCM8;REXO4;SKP1;UPP1;KAT5;TRIM28;CTPS1;RFC3;RHOB;RPA2;ERCC1;TAOK2;ACVR1B;TDP1;BRCA1;POLE;SMARCD1;WDHD1;ERCC6;PRIM1;UMPS;FANCA;GEN1;CRY2;SESN2;NUCKS1;MACROD1;MUTYH;COX17;HUS1;TXNIP;SULT1B1;PARK7;RPL36;PRKAB1;CHEK1;MSH2;CIP2A;MCM3;POLR2A;JUN;UBC;APTX;ABCC3;DTX3L;SMC1A;RFC2;ZMAT3;PARP1;PSMB2;CENPF;RPA3;COQ8A;CEP63;XPA;VPS37B;PSMB4;MASTL;DUT;PYCARD;WRNIP1;NDRG1;ITPA;PVT1;TPMT;GTSE1;TERF1;NSMCE4A;SETD7;TOP2A;EI24;EPHX1;CHCHD6;NEIL1;UBXN1;FMO4;RNMT;TIMELESS;USP28;MCM5;GPX4;SFPQ;RACK1;GTF2A2;MXD1;MCL1;IKBKG;BCL7B;TMED2;NUDT21;ECT2;HMOX1;RCHY1;XRCC6;CYP1B1;CCNH;PNP;HMGB1;SMARCA5;POLQ;STOM;TEX264;OPN3;HMCES;FAN1;BRD9;AHR;HIPK2;NPM1;HLTF;RINT1;CXCL12;EDF1;TRADD;ZBTB38;PDE4B;SF3A3;SPRED1;SLF1;CD44;ZGRF1;APP;ACAA1;TTI1;CSNK1E;BLM;TAF10;RPL18;SETMAR;ERCC5;HINT1;WNK1;CHD4;DNTTIP2;TGFBR2;ATF4;MMS22L;KDM1A;FTO;DNA2;GUK1;PLK3;TPRKB;APEX1;DCLRE1C,Heart_Nuclei,Macrophage
4,prerank,OIS,0.2468306254482717,0.9562006566318211,0.6148445336008024,0.6374222043766312,0.97,106/678,15.12%,NUPR1;ADCY2;SPP1;FERMT2;GNA14;PIK3R3;MID1;GAPDH;ETV1;FKBP2;TPI1;PEBP1;CD300A;CLEC7A;PAQR3;TGFB2;GSTP1;HSPD1;PTPN22;SEMA6A;EMP1;CALCR;HK2;RPS6;GPNMB;TGFBR3;UBA52;PRDX1;IL1RAP;CD81;RPS27A;CEACAM1;GPR137C;VEGFA;LDHA;TFPI;LAMTOR5;IFI30;MARCO;ERO1A;BHLHE40;ARL6IP5;TNIK;TES;KLF4;FLT1;CDADC1;PGM1;GAREM1;RPS6KA4;NFIL3;CTSH;TRAF7;GABARAP;SKP1;TNFRSF11A;MYD88;STUB1;P2RY1;PFN1;PIK3CG;TAOK2;HMGCR;ENG;ERP29;HSPA5;SESN2;MIOS;NEK10;PIM1;IRF8;MAPK7;SLC2A3;HSP90B1;NUFIP1;SLC7A5;RIPK2;NAMPT;EIF2S2;JUN;UBC;P2RX7;LAMTOR2;GPI;SASH1;CACYBP;CORO1A;PTK2B;CARD9;PDK1;GLRX;MMD;ETS2;PPP1CB;AKT1;MAP3K6;PHLPP1;PYCARD;ANKH;ID2;IL27RA;THEM4;TNRC6C;AP2M1;TBC1D7;WDR59,Heart_Nuclei,Macrophage
0,prerank,MS,0.2803788533729016,1.3076893519353328,0.017297297297297298,0.12823347335839044,0.104,172/647,22.59%,DCN;HSPA1A;SMIM20;ATF3;HSPH1;UQCRB;LGALS1;ATP5PB;LPL;COX4I1;JUN;COX5A;GBE1;HSP90AA1;UQCRH;ATP5F1A;S100A4;NDUFA13;LARGE1;ATP5F1E;ACO2;SUCLG1;DBI;GABARAP;INPP4B;EIF2S1;RGCC;BCL2A1;RORA;CD36;RRAGD;ATP1B1;PNPLA6;TPI1;ATP5MG;GAPDH;SCARB1;EPAS1;GNPAT;IDS;PDGFB;STARD7;GPI;ATP6V1D;SLC25A6;VCP;NDUFS6;ATG2B;BLOC1S2;TSC2;PPP1R15A;SMPD4;FOLR2;HP1BP3;LPCAT3;HNRNPA1;OSBPL8;ATP5F1B;RPS6KB1;SEH1L;ACADVL;CYB5R3;PIK3CA;GPX4;NDUFB1;MAP1LC3B;ETFDH;FES;SLC25A3;PANK2;LMNA;LARP1;HSPD1;ATP6V1G1;ACACA;RAP1GDS1;SLC25A17;RIPOR1;SLC25A12;LDHA;PI4KB;HSPA8;GSTP1;ITPR1;STX4;PTGES3;TTC19;HK2;PLIN2;PDK4;GPAT4;IP6K1;HMOX1;GPAT3;SH3GLB1;PRKN;MTM1;IDH1;SYNJ2;ADIPOR2;PTPRG;MYH9;PPP1R2;GDAP1;ATP6V1E1;SLC25A33;UBR4;TCIRG1;PIKFYVE;TTC7A;GFM2;PIGL;NEDD4L;UQCC1;HSDL2;INSR;CERS5;SDHD;TKT;DTNA;S100A10;PDHX;SQSTM1;HADHA;ABHD2;DEGS1;PNPT1;ERLIN1;MGST3;EIF4G1;EIF2AK3;ACLY;ATG3;ECHDC1;ANXA2;RRAGC;PYGL;NDUFS1;BCL2;VPS13A;PYGB;P2RX7;TMBIM6;OGDH;DGKZ;NPRL3;LRPPRC;RHEB;PLA2G15;WDR59;PDK1;VHL;LPGAT1;CD68;MAPK1;PAFAH1B2;HSPA9;SMAD4;MXI1;TALDO1;PLPP3;DGKG;SERINC1;CPNE1;DPM1;MRPS27;DDHD1;HK3;PKM;ELOVL5;GPR155;PAM,Heart_Nuclei,Mono+mac
1,prerank,Common,0.24966598340700707,1.2055430048753533,0.012121212121212121,0.19013928808313063,0.273,402/1786,21.10%,MB;DCN;TPM1;DMD;ZBTB7C;PRKG1;HSPA1A;HSPB1;SCIN;ATF3;HSPH1;HSPE1;LGALS1;HSPA1B;TRIB1;LPL;PTMS;RPS27A;RAN;RHOB;JUN;MACROD2;RPL39;MYL12A;CFD;CD109;HSP90AA1;ARL6IP1;DYNLL1;PRDX1;ATP5F1A;GSN;NFATC2;A2M;LARGE1;ORC3;PSMA7;UBC;GABARAP;EIF2S1;FAU;BCAP31;RGCC;RPL13A;RPL30;BCL2A1;CAT;ITGB1BP1;RORA;NCL;HSP90AB1;CD36;RNF170;RPS19;SCAP;ZFP36L2;TUBB;RRAGD;RFC3;PDCD4;FLNA;ESR1;GAPDH;SCARB1;LGALS3;TLE1;CLIC1;EPAS1;DAG1;S100A11;CD59;NIBAN1;UBA52;GLMN;PDGFB;ITGB2;MAP2K3;ABCB10;CALR;RBMS3;PLEK;DNAJA1;SEM1;PPP1R15B;MGST1;SET;TRAF5;RPS3A;ATP6V1D;NUP155;DGCR8;PPIA;FERMT2;IPO5;CD9;IFITM3;RPSA;VCP;TXNRD1;ATP6V0A2;ACTB;VPS33A;ATG2B;TSC2;PPP1CC;PPP1R15A;CCL2;HMGB1;FOLR2;TAF7;TNFRSF11A;HP1BP3;ERCC6;ANAPC5;GTF2B;DCBLD2;PSMA5;MCC;LPCAT3;TICAM1;HMGN2;HNRNPA1;CFL1;NUP107;ZMPSTE24;NABP1;DNAJC16;RACK1;PPP6C;RPS6KB1;TPT1;SEH1L;RPL26;ACTG1;ITGB3BP;ZMYND11;MTF2;PIK3CA;GPX4;ATP6V0D1;TMEM41B;DSTYK;MAP1LC3B;NUP62;ETFDH;TUBB4B;CDK6;FES;GBP2;THBD;FURIN;SIN3A;KPNA5;DAD1;LMNA;LGALS9;RNASEK;LARP1;HSPD1;ANAPC1;LILRB5;NUB1;MYOF;EMP3;APLF;ZBTB38;LCP1;ATP6V1G1;NACA;ABRAXAS2;CEBPD;GEN1;ITGB5;CALCRL;SNX5;TERF2;TICAM2;CCL18;SUMO2;RFWD3;CD83;PTGER4;DDX60L;MTR;RSL1D1;RIPOR1;LYZ;PRKAR2A;TMCO1;TSC22D1;HSPA8;GSTP1;CD84;PRKCI;VPS29;PPTC7;DNAJC2;ITPR1;ATP2B4;STX4;GMEB1;CREBZF;VCPIP1;UBP1;ARMH4;HK2;CALM1;PLIN2;IGF1R;EEF1A1;PDK4;GNA15;HDAC9;TBRG1;RINT1;HMOX1;MLKL;OTULIN;NMT2;TMBIM1;SH3GLB1;CHD4;TRAF6;PRKN;SMC4;TNRC6C;YBX1;USP6NL;NCK2;PLEKHA1;PLCG2;B2M;ANAPC4;ITGAM;MAPKAPK5;KANK1;AIF1;SNX30;UBE2I;MTM1;FEM1B;CGAS;ANXA1;IRF1;ADIPOR2;RPS3;ORC5;LARP7;TRIM4;ERLEC1;RPS27;RBM5;DR1;ADARB1;RCC2;MYH9;KDM1A;ZBTB4;CHORDC1;SP1;ATP6V1E1;CSNK1E;NUP153;UBR4;TCIRG1;PIKFYVE;DTX3L;SOCS6;CREG1;CSDE1;HERPUD2;NF2;PEA15;SCMH1;BRCC3;PARP9;FLT1;ARHGDIA;LAMP1;VAMP3;TAX1BP1;TP53BP1;ADGRE5;BOD1L1;VEZF1;ZNRF1;ITGA5;INSR;CCR1;NOTCH2;SMC1A;CASK;RAB2B;DAB2;RANBP2;S100A10;STAT5A;RHBDD1;SLC3A2;RTCB;MNAT1;MPEG1;TIMP1;SQSTM1;NFX1;MAPKAPK2;NEK11;AMD1;RAB11FIP2;ILK;SON;PNPT1;ERLIN1;TOPORS;FCER1G;OPTN;CRADD;POLA1;EIF4G1;TRIM26;EIF2AK3;NRBP1;BTG2;KDM4B;FAM76B;RNF168;ATG3;CHID1;ANXA2;RRAGC;RAD50;RAC1;PCBP1;NUP85;BCL2;AXL;CDK7;RAD23B;RNF138;VPS13A;VPS36;CCDC47;FYN;PSIP1;TAPBP;ID2;SPART;MAPK8IP3;RNF4;MAFB;CAPNS1;P2RX7;PRKACB;CHUK;NPM1;TMBIM6;TXN;KAT8;YBX3;PDPK1;ANXA4;RASA1;KIF5B;INTS7;RPS27L;FUS;TFDP1;TERF1;DGKZ;NPRL3;ARHGAP10;WDR48;RHEB;NUP214;ALPK1;USP33;C1QA;ENY2;GPR137B;VAV2;G3BP1;WDR59;PDK1;VHL;YWHAQ;AIMP1;ALKBH1;UBXN2A;IFFO1;WDR6;CEBPB;FBXO7;UBASH3B;CD68;MAPK1;RPGR;SMARCE1;SH3RF1;PAFAH1B2;HSPA9;SMAD4;ORC4,Heart_Nuclei,Mono+mac
2,prerank,RS,0.22122230683267463,0.9748448743812608,0.4956843403205919,0.901687670425234,0.93,77/311,23.07%,PTMS;HSP90AA1;DYNLL1;ORC3;PSMA7;CCT2;RGCC;HSP90AB1;RFC3;S100A11;SEM1;SET;VCP;ACTB;CCL2;ERCC6;PSMA5;HNRNPA1;NAP1L1;NABP1;PPP6C;RPS6KB1;CCT6A;CDK6;ZBTB38;GEN1;TERF2;RFWD3;ELOC;ATP2B4;CPSF3;PTGES3;CCT4;TBRG1;CHD4;PLCG2;MAPKAPK5;AIF1;CGAS;ANXA1;ORC5;KDM1A;TP53BP1;BOD1L1;SHQ1;MNAT1;CCT5;RDX;POLA1;EIF4G1;RAD50;BCL2;CDK7;RNF138;TCP1;ID2;KHDRBS1;RPS27L;FUS;TFDP1;TERF1;DGKZ;WDR48;CRLF3;TENT4B;FBXO7;MAPK1;SMARCE1;ORC4;CDC73;MRE11;BCAT1;ZFYVE26;SMARCA4;SMARCA5;ASCC3;UBN1,Heart_Nuclei,Mono+mac
3,prerank,OIS,0.2081197073238322,0.9515212696023803,0.5866666666666667,0.7633208047755914,0.956,84/538,14.09%,HSPE1;TRIB1;RPS27A;TMEM176B;NEK10;JUN;GBE1;PRDX1;LTA4H;CTSC;SPP1;UBC;GABARAP;FGFR1;ITGB1BP1;CD36;ZFP36L2;RRAGD;TPI1;PDCD4;GAPDH;RPS6;DAG1;NIBAN1;UBA52;PDGFB;ITGB2;MAP2K3;CALR;P2RY1;DNAJA1;GPI;ATP6V1D;PPIA;FERMT2;CD9;TXNRD1;TSC2;PPP1CC;PPP1R15A;HMGB1;TNFRSF11A;DCBLD2;PFN1;CFL1;RPS6KB1;SEH1L;ZMYND11;PIK3CA;ATP6V0D1;DSTYK;IFI30;CCT6A;CDK6;LGALS9;LARP1;HSPD1;CTNS;SEC11A;LCP1;ACACA;PTGER4;PRKAR2A;LDHA;GSTP1;TOR1AIP2;ARMH4;HK2;IGF1R;HDAC9;GPAT3;TRAF6;PRKN;TNRC6C;PLCG2;MAPKAPK5;IDH1;DUSP3;ADIPOR2;RASGRP3;MTMR10;SP1;ATP6V1E1;PIKFYVE,Heart_Nuclei,Mono+mac
4,prerank,TIS,0.18180566713174418,0.8367937721353894,0.8940914158305463,0.9049303559584346,0.997,103/519,20.58%,ATF3;RPS27A;RHOB;JUN;MACROD2;ARL6IP1;S100A4;NFATC2;CTSD;PSMA7;UBC;EIF2S1;BCAP31;BCL2A1;RPS12;RORA;RFC3;RPL18;UBA52;SEM1;TRAF5;DGCR8;VCP;SMOX;ACTB;RPL36;PPP1R15A;HMGB1;TAF7;ERCC6;GTF2B;DNTTIP2;PSMA5;NABP1;RACK1;HINT1;TPT1;RPL26;GPX4;IFI30;DAD1;LMNA;APLF;ZBTB38;GEN1;TERF2;SUMO2;RFWD3;TSC22D1;GSTP1;VCPIP1;RINT1;HMOX1;CHD4;UBE2I;FEM1B;CGAS;RPS3;KDM1A;ZBTB4;SP1;CSNK1E;DTX3L;BRCC3;PARP9;TP53BP1;BOD1L1;SMC1A;S100A10;RHBDD1;ABCC3;SLC3A2;MNAT1;TIMP1;NFX1;MAPKAPK2;NEK11;TOPORS;CRADD;POLA1;NRBP1;BTG2;KDM4B;RNF168;RAD50;BCL2;CDK7;RAD23B;RNF138;TCEA1;RNF4;NPM1;BCAR3;INTS7;RPS27L;FUS;TERF1;WDR48;ENY2;VAV2;ALKBH1;IFFO1;PLXNB2,Heart_Nuclei,Mono+mac
0,prerank,OIS,-0.23364263869597746,-1.108573988216331,0.12121212121212122,0.2796992481203007,0.17598343685300208,92/305,21.99%,EREG;PLCB1;PPARG;PELI2;CSF2RA;DUSP6;TNFRSF1B;KSR1;LTA4H;ARRB2;CD36;SLC6A6;PRKCB;LYN;CTSS;PLAUR;PECAM1;STK38;HIPK2;IKZF1;PTPRJ;USP4;SLCO3A1;NIBAN1;MAP3K3;MAP3K5;ARRB1;IFI30;NBR1;RPS6KA3;NOTCH2;PIK3R5;NCOR1;LRRK2;ADIPOR2;MDM2;INSR;ITGB2;MAPK8IP3;P2RX7;LCP1;AGO4;FOXO1;CBL;PRKCA;ADAM17;RASSF2;MAP4K4;NCKAP1L;CUL1;RGS2;MAPK1;ZFP36L2;PTPRC;MAP3K20;CYLD;CDK6;EP300;OGT;ARHGEF6;PAK1;RAC1;WAC;IRAK3;TAOK1;TGFB1;ADD3;PIK3CB;ATXN3;CUL3;KRAS;GLIPR2;MDM4;STK4;CCM2;SIK3;CD74;TAOK3;SIRPA;MAP3K1;IL10RA;RABGAP1L;PAK2;PTK2B;NMT1;PREX1;PITPNB;CDK12;MAP4K3;PER1;SH2B3;MAPK8,Heart_Nuclei,Monocyte
1,prerank,MS,-0.21369337579470776,-1.024090880830793,0.3669064748201439,0.3684210526315789,0.4451345755693582,65/291,17.03%,PPARG;PID1;AOAH;AMPD3;ITPR1;CD36;SLC6A6;ZBTB7A;PLAUR;TBXAS1;HIPK2;MT-CO2;S100A4;MAP3K5;MT-CO3;MT-CO1;MT-ND1;PITPNC1;SREBF2;PIK3R5;NCOR1;VPS35;LRRK2;PGS1;DGKD;ADIPOR2;MDM2;INSR;P2RX7;MT-CYB;FOSL2;FOXO1;PIK3CD;MTCH1;BTG1;NCOA1;PRKCA;ADAM17;HK1;SDC2;NPEPPS;RALA;HADHB;MTMR3;GPCPD1;MAPK1;IRS2;HIF1A;SERINC5;EP300;ASAH1;EXT1;OGT;OSBPL8;PAK1;TGFB1;MT-ND2;LPCAT2;PKM;PSEN1;PIK3CB;RB1CC1;ATXN3;SAMD8;PANK2,Heart_Nuclei,Monocyte
2,prerank,TIS,0.23359165679018828,0.9384800940905097,0.6175771971496437,1.0,0.952,34/249,13.71%,FGF13;PTPRM;SLCO2B1;LMNA;UACA;NSD2;POLA1;TOPBP1;DEK;SPIRE1;NUCKS1;THBS1;PDE4B;WWP1;CYP1B1;HERC2;MNAT1;CSNK2A1;EIF2AK4;RAD51B;PARG;HMGB1;SPRED1;N4BP1;PRKDC;SESN1;RNASEH2B;PSMD14;SMARCA2;ZFP36L1;FNIP2;USP10;FANCL;ELL,Heart_Nuclei,Monocyte
3,prerank,Common,0.1962953963153809,0.8406794443817512,0.9387755102040817,1.0,0.993,189/917,20.62%,LILRB5;CENPP;TMEM117;NRP1;LGMN;F13A1;COLEC12;ESR1;LYVE1;DST;MT2A;RNASE1;PTPRM;SELENOP;LMNA;NFIA;UACA;SIGLEC1;RASAL2;KCNMA1;C1QA;PRKN;MARCO;NSD2;ITGB5;MVB12B;RPS6KA2;PDK4;MAF;POLA1;NCOA7;TOPBP1;DEK;SPIRE1;SNCA;PTK2;NUCKS1;TEC;WWC2;NUP107;CMKLR1;CKAP5;THBS1;PDE4B;VSIG4;AHI1;GPR155;WWP1;CYP1B1;APPL2;MERTK;ATG10;USP36;NFKBIA;S100A8;TGFBR1;HERC2;SH3RF1;GRK5;ANXA1;PIK3R1;MNAT1;CSNK2A1;WDFY3;RUBCNL;PTPN22;EIF2AK4;PAM;CTSL;CD14;FAF1;IL6ST;ZMYND11;LAMP1;RAD51B;PARG;FPR3;GPR137B;SKI;CTCF;PRIM2;ATP6V1H;NUP58;HMGB1;SCMH1;TBC1D12;NLK;YWHAG;SPRED1;MTM1;EXOC4;TNIK;PIK3C2A;N4BP1;PRKDC;FUT8;SESN1;ZFP36;XPO1;RNASEH2B;SNX6;ST6GAL1;MGAT5;PSMD14;SMARCA2;ZFP36L1;MDFIC;EPS15;IL1R2;JUNB;ATG4C;PHF14;DNMT1;MAFB;MAP3K8;MAN1A1;FNIP2;HP1BP3;KIF1B;USP10;RAPGEF2;FANCL;SLC25A24;FCGR2A;TBC1D14;SMURF2;RHEB;ALPK1;MLKL;MPP1;ARHGEF10L;XRCC4;TRIM14;VGLL4;ABCA1;LRBA;RAB39A;GALNT1;MAP2K4;SHLD2;MTR;CR1;IL18;BCL2;PLD3;AKT3;IL1RAP;TRA2B;FER;NUP160;CEBPB;NSMCE2;SBNO2;MSR1;SLC11A2;CD4;ATF6;PRKCH;NUMA1;GPR183;STAB1;VAV3;RNF115;ATE1;HSP90B1;SNX3;ZBTB1;PSMD1;FBXL4;MGMT;IFI16;SH3RF3;TPT1;DIS3L2;MTREX;KPNB1;PDCD4;UBE2B;PRKAR2A;ATP6V1C1;FTL;MGAT4A;SIK2;UBQLN1;RPTOR;ANXA4;TNFRSF11A;PTPN11;RANBP2,Heart_Nuclei,Monocyte
4,prerank,RS,0.18267147454182167,0.699845740134048,0.9757653061224489,0.9907727797001153,1.0,50/152,28.79%,POLA1;TOPBP1;NUCKS1;APPL2;RBMS1;ANXA1;MNAT1;CSNK2A1;BCAT1;FAF1;RAD51B;PRIM2;PRKDC;PSMD14;SMARCA2;USP10;MAP3K4;SHLD2;BCL2;NSMCE2;DLG1;TNKS;ZBTB1;UBE2B;RPTOR;PELI1;ASCC3;RDX;XRCC5;E2F3;MCM9;MBTD1;PBRM1;PDS5B;WDR33;NVL;YLPM1;SLF2;AMBRA1;HNRNPD;FUS;HMBOX1;PDS5A;DCP2;TMSB4X;USP37;ARID2;CDC73;KHDRBS1;DHX9,Heart_Nuclei,Monocyte
0,prerank,MS,0.6247063407393043,1.6075518416697399,0.001,0.001,0.001,432/1207,19.50%,CAVIN3;PRDX5;GADD45GIP1;UQCR10;NDUFB11;ECH1;TOMM7;RRAGA;TIMM13;GABARAPL2;MRPL41;NDUFA8;DBI;COX7A1;NDUFA3;UQCRB;GAPDH;LGALS1;COX4I1;ATP5F1E;TECRL;COX7C;COX6B1;NDUFA1;COX7B;ALKBH7;COX6C;NDUFS5;ATP5MC3;ETFB;ATP5PF;SLC25A4;COX5B;NDUFB3;NDUFB7;NDUFB10;NDUFA4;HSPA8;COX5A;NDUFAB1;UQCRQ;ATP5PD;ATP5F1B;MRPL51;ATP5IF1;COX6A1;ATP6V1F;HSPA5;ROMO1;MDH1;TIMM10;S100A4;ATP5F1A;GSTP1;NDUFB2;SLC25A3;COX7A2;NDUFC1;HSD17B10;MDH2;AQP1;GHITM;NDUFB4;HSPA1A;ATP5F1D;ATP5MC1;ATP5ME;UQCR11;CHCHD10;MT-ND4;MT-ND2;NDUFA6;MT-ATP6;TPI1;ATP5MG;S100A10;MT-ND3;MT-CO2;YWHAH;NDUFAF3;MT-CO3;MT-ND1;SLC25A11;FIS1;CYCS;LDHB;PRDX6;MT-ND4L;SLC25A5;MMP2;ISCU;ECHS1;MRPL36;MT-CYB;MT-CO1;NDUFS6;NOP53;MT-ND6;MT-ND5;LAMTOR5;MRPS12;MRPL15;PRELID1;MRPL54;GABARAP;GPX4;ATP1B1;NDUFA2;MTLN;ATP5PB;MT-ATP8;NDUFS7;ATP5MC2;LAMTOR2;NDUFB9;PSME1;TIMM8B;GLUL;SLC25A6;RYR2;MIF;AURKAIP1;IFI6;CDKN1C;CCN2;PLA2G2A;UQCRH;AGPAT2;NDUFS3;CHCHD2;MID1IP1;CYC1;UQCRFS1;MPC1;NDUFB5;PARK7;UQCC2;BGN;NDUFA13;COX17;MRPL34;SRPX;UQCRC1;ATP6AP1;PRKAA2;MT2A;PPARGC1A;MICOS13;LDHA;MRPL28;BAD;NDUFA12;ENO1;STOML2;NUPR1;AKR1C3;DMAC1;CYB5A;MT1E;UQCC3;PFKM;DCN;SMDT1;NDUFS8;PKM;MRPL52;NDUFB1;JUN;VDAC2;MRPS23;CHST2;LAMTOR4;MICOS10;ATP6V1G1;CBR1;PDHA1;PRDX3;IDH2;MRPS18A;TALDO1;NDUFA11;TKT;ATP6V0C;PHB2;HSP90AA1;PRMT1;EGR1;CAVIN1;NDUFB6;MTX1;PGAM1;MGST3;CHCHD1;MRPL33;SLC35A4;COX4I2;MRPL50;PPIF;MRPL57;PMVK;ATP6V0B;PTDSS1;HSP90B1;LMNA;DPM3;APOO;ANXA2;MRPL22;GPC1;NDUFA5;AOC3;TMBIM6;PLAAT3;FH;VDAC1;JMJD8;GRPEL1;CYB5R3;PDHB;TUFM;BNIP3;BCKDK;KLF10;CLPP;DEGS1;ATP5F1C;ODC1;ERP29;ASAH1;NDRG1;MRPL2;AVPR1A;PIGP;HADH;TMEM11;PIN1;RAB5IF;ACADS;HNRNPA1;P4HB;ALAS1;NR1D1;MRPS33;MUL1;AKR1B1;TECR;NDUFB8;EPHX1;SNAI2;DUSP1;ELOVL1;LAMTOR1;PYGB;HADHB;MRPL21;MRPL43;MRPL24;MYC;G6PD;MRPS18B;NDUFV2;CAV1;MRPS34;TOMM20;SDHA;STUB1;UROD;MRPL55;SRF;IDH3G;PLIN2;TIMM29;PARP1;PIM1;GPER1;MRPL27;XBP1;MRPL46;PHYH;CLUH;PTGIS;SLC25A1;MRPS7;MRPL20;STARD7;ACADVL;CHPT1;DYRK2;CDKN1A;SURF1;CSRP2;PGF;ACOT11;ACSL1;ALDH9A1;ECI1;CCN1;MRPL44;MRPL35;MRPL47;SUCLG1;MCL1;MRPS15;MRPL18;NCAPH2;RRAGC;GAS6;VEGFA;GABARAPL1;TMEM126A;BMP2;ATP6V1E1;AKR1C1;ATP6V0E1;AGPAT1;OSTC;EIF4G1;MAOB;CAV2;MRPL14;PRKAG2;GRHPR;MRPL37;MAP1LC3B;PGK1;IER3;MRPS30;BHLHE40;TSFM;ADH5;BAX;SHMT2;MTFR1L;MAPK3;IDH3B;GOT2;FOSL2;GSTM4;SLC22A5;NOL3;SLC4A4;MRPL9;MRPL58;GSK3A;SSBP1;NR4A3;PGLS;IDH3A;ACSM3;ATF4;DDIT4;PRXL2C;ECHDC3;PLIN3;COA5;ECI2;COX7A2L;POLR2F;ZFP36;GAA;PPP1R15A;PLAUR;HAX1;RNF167;GYG1;PFKL;SQSTM1;HACD1;GPAT2;APEX1;FAM162A;FOS;COA6;THBS1;ACO2;GIT1;ZFP36L1;NFIL3;ANGPTL4;MRPS26;HTRA2;DNAJC19;DLAT;SELENOS;PLPPR2;SOD2;CPNE3;MRPL32;TGM2;GGT5;TGFBI;PNRC1;SIRT5;SDHC;TIMM50;TMEM14A;ACOT2;LAMP2;STX4;SDHB;CES2;RAB32;SAMM50;ACAA1;PPP1R3B;AKT1;CDKN1B;H6PD;MYBBP1A;ADIPOR1;IDI1;ALDH1A1;GAS2L1;COX11;ISCA1;IRS2;BTG1;OAT;ME1;MBOAT7;ERLIN2;HSPD1;MRPS21;P4HA2;TBL2;FDX1;PINK1;ERBB4;BCS1L;MRPL4;LPL;NR1H2,Heart_Nuclei,Mural cell
1,prerank,OIS,0.5119519302419786,1.3087236049165347,0.001,0.001,0.001,201/716,19.92%,UBB;APOD;RRAGA;DDT;TNNT2;FGF12;FKBP2;GAPDH;UBC;PRDX1;SOD1;RPS27A;IGFBP6;UBA52;HSPA5;CD81;PEBP1;GSTP1;ATP5MC1;RPS6;TPI1;PPP1CA;PFN1;CFL1;DHFR;CALR;NPPA;APOE;LAMTOR5;ARL6IP5;GABARAP;LAMTOR2;PSMB5;GNG11;MIF;AGT;CCN2;PLA2G2A;PSMB8;ICAM1;ATP6AP1;RRAS;GOT1;PRKAA2;CIB1;LDHA;AP2M1;ENO1;NUPR1;PECAM1;ATP6AP2;SKP1;JUN;NEK10;LAMTOR4;PSMA4;ARF5;PPIA;ATP6V0C;PHB2;GADD45A;BTG2;PRMT1;MRAS;PDGFD;TMEM176B;SDCBP;NRXN1;HSP90B1;CSNK2B;SERPINH1;DNAJA1;WNK2;ARHGDIA;ERP29;ARF1;YWHAB;ADRB1;ARPC5L;PIN1;GPS1;TUBG1;ADRA2A;EMILIN1;GYPC;MYDGF;ZFP36L2;DUSP1;CNKSR3;HSF1;LAMTOR1;RRP9;CD9;DUSP3;IGFBP5;MYC;PPA1;EIF4EBP1;G6PD;CAV1;STUB1;HRAS;PIM1;GPER1;XBP1;HSPE1;FGF7;F2R;CDKN1A;FBLN1;CCN1;STIP1;TXNRD1;RPN1;GPS2;RAC1;RRAGC;GAS6;VEGFA;RBX1;BMP2;ATP6V1E1;GNA14;ID1;DAXX;ATP6V0D1;RGS16;CAV2;PDAP1;TMEM219;YRDC;TMEM127;TNFRSF19;PGK1;BHLHE40;ATP2A2;IRAK1;F10;SHMT2;CACYBP;MAPK3;PSMC4;SPARCL1;TNFRSF1A;ERBB2;GSK3A;CDK4;PLA2G12A;DDIT4;PRXL2C;ZFP36;DACT1;UBE2D1;PSMD13;CANX;PPP1R15A;PLAUR;LPAR1;RNF167;PFKL;SQSTM1;ARPC3;QDPR;MECOM;THBS1;MKNK2;ZFP36L1;NFIL3;E2F3;ANGPTL4;CTSC;PHGDH;SPRY1;SSR1;DAG1;MAPK4;EMP1;EPB41L3;IL15;ID2;MAP3K6;PLCG2;CPE;AKT1;YKT6;CDKN1B;IDI1;OTUB1;PSMC2;ME1;HSPD1;PINK1;ERBB4;EIF2S2;PSME3;HMGB1;ADRA2B;IDH1;TNFAIP3;MAP2K2;FN1,Heart_Nuclei,Mural cell
2,prerank,Common,0.4984287033450802,1.2813229133429411,0.001,0.001,0.001,752/2623,23.21%,UBB;TCAP;PRDX5;APOD;TOMM7;RRAGA;DDT;ANAPC11;BST2;GABARAPL2;ANKRD1;HNRNPA0;IFI27;GRN;LY6E;TMEM258;HSPB6;SELENOK;GAPDH;LGALS1;UBC;BANF1;CRYAB;PRDX1;MB;CST3;S100A11;FAU;FTH1;ALKBH7;TUBB4B;SOD1;MYL12A;RPS27A;FTL;SLC25A4;IGFBP6;BSG;UBA52;RPS3;RNF5;HSPA8;IFITM3;MLIP;RPS19;RPL13A;IFITM2;SF3B5;ACTB;B2M;ATP5IF1;TIMP1;HSPB7;HSPA5;RPL30;ROMO1;CD81;MARCKS;TPT1;CLIC1;ATP5F1A;HSP90AB1;PSMB6;GSTP1;HSPB1;RPS27;SOD3;EMP3;LGALS3BP;TUBB;AQP1;GHITM;NDUFB4;EFNA5;HSPA1A;PCBP1;TMEM109;EEF1A1;CRIP1;RETREG1;NDUFA6;PPP1CA;ATRAID;RAN;S100A10;CFL1;DHFR;YWHAH;POLR2I;HLA-A;PRDX6;GPX3;C3;LGALS3;HLA-B;SLC25A5;HYAL2;MMP2;PSMC5;CYBA;CALR;TMSB4X;PSAP;NOP53;CFD;FHL2;RARRES2;RPL39;SELENOP;MT1X;APOE;DAPK2;LAMTOR5;RPS3A;ARL6IP5;MTRNR2L8;CHMP2A;PRELID1;GABARAP;DPF3;GPX4;VWF;DAD1;PSMB1;ISG15;GSN;EIF3G;YBX1;RHOC;TXN;HLA-C;PSME1;RACK1;PRNP;PSMB5;RYR2;CALM1;MIF;BCAP31;C1QBP;AGT;NPM1;RPSA;IFI6;BAG1;PSMB4;CDKN1C;CCN2;TMEM115;PLA2G2A;PSMD8;SERPINE2;DNAJB9;HSPB8;CHCHD2;ACTG1;PTMA;ZNHIT1;ADRM1;PSMB8;MGST1;PARK7;ICAM1;SPCS1;DNAJB1;DYNLL1;MT1A;PSMC3;PRKAA2;MT2A;SERPING1;CIB1;CD151;CADM1;GSTM3;PPARGC1A;PSMB3;PSMA7;MAGEF1;BAD;ENO1;PDLIM1;IL32;HLA-E;STOML2;NUPR1;AKR1C3;ANXA1;NACA;MT1E;MANF;DCN;IER5;RPL26;PRDX4;DYNLL2;SMDT1;EMC6;FUNDC2;SKP1;ANXA5;PPP1R14B;CTSA;PTPRE;QSOX1;HMGB2;JUN;CHST2;ATP6V1G1;PSMA4;TEX264;PRDX3;TMEM59;BAG3;PACRG;MGAT1;PPIA;CEBPB;MYL9;ST6GALNAC3;ATP6V0C;PHB2;HSP90AA1;GADD45A;BTG2;PRMT1;EGR1;PNMA1;TNFRSF12A;CXCL2;SOCS3;FURIN;C15orf39;SLC35A4;CORO1B;TRIM28;PPIF;CAPNS1;PTMS;CCL2;ATP6V0B;RHOG;HSP90B1;CYGB;LMNA;PA2G4;TOR1A;FSTL1;CSNK2B;ANXA2;SERPINH1;CHMP5;HIC1;DNAJA1;FKBP8;AOC3;FBLN5;WNK2;TMBIM6;ATOX1;VDAC1;LAMP1;BNIP3;PTN;KLF10;SCOC;CREB3;TUSC2;EIF3F;EFEMP2;RNF7;RCN3;TOB1;ARHGDIA;ODC1;CREG1;DEPP1;CEBPD;TPM1;EIF4A3;NDRG1;DDAH2;ATG101;HSPA1B;YWHAB;CTSL;PDIA6;PIN1;HNRNPA1;P4HB;NR1D1;RNASEK;ADRA2A;EMILIN1;MUL1;COLEC11;AKR1B1;MT1M;TXNIP;GYPC;MYDGF;ZFP36L2;UBXN6;FRZB;KLF2;PSME2;SNAI2;IGFBP7;CHID1;NFKBIA;TGFB1I1;HSF1;NUDT16L1;PEA15;CD9;PPP1R13L;EIF4G2;SIGMAR1;PIM3;CBX6;NCOA4;KPNA2;EIF4A1;ACP2;POLE3;IGFBP5;MYC;HTATSF1;ZNF830;G6PD;RAB8A;CAV1;SPARC;TSPAN18;VPS28;MIEN1;STUB1;SLC38A1;CSRP1;SRF;SEC61B;HRAS;PPT1;PSMB9;PPP2R1A;JUNB;PTTG1IP;PLIN2;TRAPPC4;UBQLN2;TAF7;PARP1;MAPRE1;CHMP2B;PIM1;ELOF1;MMP14;GPER1;CXCL12;CCND1;DDRGK1;VAMP3;ACVRL1;PSMB2;XBP1;DNAJA2;PQBP1;TAP1;SET;SIVA1;GTF2H5;PSMD6;NCL;CD55;HSPE1;CNN1;PTGIS;RELA;HNRNPK;FLNA;RHOB;VSIR;UFC1;ZNF385A;FGF7;DYRK2;NGFR;F2R;CDKN1A;SOX4;FBLN1;PGF;ACOT11;PSMA1;SLC3A2;EI24;NUDC;USP13;MGAT4B;AGBL4;FEZ1;TXNRD1;VAMP2;BAG5;MCL1;TLN1;MAZ;ZCCHC3;RAB1B;NQO1;SSTR2;CUEDC2;GPS2;CAT;ST3GAL1;BCL7B;ABHD17A;RAC1;BST1;RRAGC;ZPR1;PPP4C;GAS6;VEGFA;GABARAPL1;HSPG2;RBX1;RNASEH2C;BMP2;ATP6V1E1;MBP;SRI;GNA14;ITGA5;ATP6V0E1;ID1;DAXX;TAF6;PPP1R15B;ATP6V0D1;RGS16;PSMD2;IFI35;PLEC;P3H3;MCM3;XAB2;EIF4G1;PRCP;CAV2;SNX3;PRPF19;GRINA;TRADD;TMEM219;MAP1LC3B;TMEM127;MCTP1;PGK1;IFNGR1;IER3;DNAJB2;KEAP1;TINF2;LRRC8A;UAP1;ATP2A2;BAX;IRAK1;SMYD2;DYNLT1;F10;SHISA5;SHMT2;SPCS3;TMBIM1;VTI1B;MAPK3;PSMC4;RSL1D1;FEM1A;SLC22A5;CDC26;TNFRSF1A;NOL3;SLC4A4;ERBB2;PSMD3;GSK3A;POLE4;CDK4;UBXN1;NR4A3;SDE2;POLD4;CAMK2N1;NAPRT;TSC22D1;TMUB1;CSF1;ATF4;DDIT4;CALHM2;TOB2;JPT2;NOLC1;HCFC1;NFKBIL1;LGR4;PLIN3;DDX60L;ZFP36;UBE2D1;SYT11;PSMD13;CANX;FAAP20;GAA;PPP1R15A;SNRPD1;PLAUR;CDK16;LPAR1;RHOA;MACROD1;HAX1;RNF167;LYAR;ITGB1;SQSTM1;PRMT5;MMRN2;APEX1;SVIP;CERS2;FAM162A;FOS;THBS1;COL3A1;DERL1;GIT1;ZFP36L1;HERPUD1;E2F3;ANGPTL4;BMI1;RAD23A;TP53I11;POLD2;HTRA2;UBE2A;DPYSL3;SELENOS;GLRX2;PPP1R11;S1PR3;DAG1;SOD2;CYBC1;SUMO2;RNF139;USP28;MVB12A;GGT5;CD59;TMEM129;SMAD7;IL15;XRCC1;ID2;HEXIM1;HMGN2;UPF1;PSMC1;PLCG2;TMEM14A;APOL2;BTG3;EIF3D;LAMP2;TMEM67;STX4;BCL3;GSDMD;MX1;MAF;LRP1;AKT1;NABP1;CDKN1B;MYBBP1A;F8;GPSM1;RBCK1;GAS2L1;BAP1;HES1;OTUB1;SSB;MEAF6;IRS2;BCL10;PSMC2;BTG1;LMAN1;MCAM;XRCC6;SEC62;RPS27L;BAG6;NUCKS1;YPEL3;TCIM;DMAP1;AHNAK;CDC37;PSMB7;CHMP1A;ERLIN2;HSPD1;UBA1;APOL3;CCDC117;TBL2;FAIM;PINK1;ERBB4;GNAS;CFLAR;LPL;AKAP1;NR1H2;DR1;PSME3;SGTA;VCP;MPG;CBX5;HMGB1;USP19;MORF4L1;CHMP4B;SIGIRR;TNFAIP3;MAP2K2;CAMLG;FN1;NRBF2;CHMP3;IFIT2;AMD1;CPEB4;DKC1;DERL2;TPBG;JPT1;FAM8A1;TAF9B;RHEB;USP1;FEM1B;TRIM8;PSMA6;EYA4;TAF10;DNAJC4;ATP6V1B2;CHMP7;YWHAG;MAN1B1;ATXN7L3;GRK2;IRF1;CENPX;ZBTB7A;TADA3;MAP2K3;A2M;CDH13;SNX18;PSMD4;UBE2I;YJU2;PPTC7;SCRIB;C7;DEK;AUP1;TNIP2;RUVBL2;HSPH1;SERINC3;KDM6B;PSMA5;PTBP1;PPIE;LGMN;MFN2;ADCY4;APP;MGST2;POLR3D;SMARCD1;AGTR1;UFD1;SLC4A2;AR;GNL1;YWHAQ;PROS1;EIF2S1;TRAM1;RNF220;ABCC1;PRKAR1A;IFIT5;TAPBP;SLU7;AIMP1;ANXA7;ABCF1;AKIRIN2;RHBDD2;CFH;AEN;LRRC14;CTNNBIP1;RAB23;PRKAR1B;CAPN1;DDIT3;NECTIN2;STMP1;LGALS8;RBBP7;HMOX2;CD40;PCBP4;ERLEC1;ETS2;PSMD7;DTYMK;CEBPG;ATAD3A;TMBIM4;TSC22D3;CISD2;RECQL;SNF8;NDUFAF4;YBX3;BATF3,Heart_Nuclei,Mural cell
3,prerank,TIS,0.47400352211243457,1.214777359933406,0.001,0.001,0.001,249/914,22.10%,UBB;ANKRD1;UBC;CRYAB;ALKBH7;RPS27A;RPL36;UBA52;RPS3;POLR2L;RPL18;SF3B5;ACTB;TIMP1;CD81;S100A4;TPT1;RPS12;PSMB6;GSTP1;COPS9;AQP1;TMEM109;CRIP1;PPP1CA;TM4SF1;S100A10;POLR2I;LDHB;HYAL2;MMP2;ISCU;MPC2;NOP53;RRAD;DPF3;GPX4;DAD1;PSMB1;ISG15;RACK1;PSMB5;SUPT4H1;MIF;BCAP31;C1QBP;NPM1;PSMB4;EIF1B;ZNHIT1;ADRM1;GSTO1;PARK7;COX17;IMPDH2;APRT;CIB1;GSTM3;SUMO3;PSMB3;ALDH2;PSMA7;MAGEF1;NUPR1;POLR2J;IER5;RPL26;CTSD;SKP1;DCXR;PTPRE;EEF1D;POLR2G;HMGB2;JUN;CBR1;PSMA4;UPP1;TEX264;HINT1;SEMA3C;GADD45A;BTG2;PRMT1;NME4;TRIM28;SDCBP;LMNA;POLR2E;HIC1;WNK2;POLR2K;EDF1;TOB1;TMED2;NDRG1;GPS1;TXNIP;EPHX1;SNAI2;HSF1;COQ8A;NUDT16L1;CTSF;KPNA2;POLE3;MYC;HTATSF1;ZNF830;VPS28;HRAS;PTTG1IP;TAF7;PARP1;ELOF1;CXCL12;CCND1;PSMB2;TAP1;GTF2H5;RHOB;ZNF385A;DYRK2;F2R;CDKN1A;SURF1;SOX4;STOM;SSRP1;PSMA1;SLC3A2;EI24;CANT1;MCL1;NQO1;GUK1;BCL7B;PPP4C;GAS6;RBX1;RNASEH2C;BMP2;AKR1C1;TAF6;RGS16;MCM3;XAB2;PRPF19;TRADD;IER3;GTF2F1;TINF2;BAX;IRAK1;SMYD2;NELFE;MCRS1;MAPK3;SAT1;GSTM4;AK1;POLE4;CDK4;UBXN1;SDE2;POLD4;TSC22D1;ATF4;DDIT4;POLR2F;FAAP20;PPP1R15A;MACROD1;GMPR2;SNAPC5;APEX1;FAM162A;FOS;COPS7A;THBS1;MKNK2;ZFP36L1;RAD23A;POLD2;HTRA2;UBE2A;SRP68;SUMO2;TPRKB;USP28;XRCC1;HEXIM1;UPF1;GTF2A2;CES2;BCL3;ACAA1;NABP1;CDKN1B;BAP1;OTUB1;MEAF6;BTG1;XRCC6;RPS27L;BAG6;NUCKS1;DMAP1;PSMB7;UBA1;COPS6;CCDC117;POLR2C;SEC61A1;VCP;MPG;BCAM;CBX5;HMGB1;MORF4L1;PROCR;TAF9B;USP1;FEM1B;PSMA6;EYA4;TAF10;ATXN7L3;CENPX;ZBTB7A;TADA3;CDH13;UBE2I;YJU2;DNTTIP2;DEK;ABCC4;RUVBL2;RBM22;PSMA5;PPIE;APP;SMARCD1;UFD1;PRKAB1;GNL1;MXD4;EIF2S1;ABCC1,Heart_Nuclei,Mural cell
4,prerank,RS,0.3932418158612325,1.00179187820014,0.492,0.4972,0.923,115/513,21.67%,S100A11;ELOB;NOP10;POLR2L;ACTB;ROMO1;HSP90AB1;PSMB6;PPP1CA;DHFR;POLR2I;TMSB4X;DPF3;PSMB1;PSME1;PSMB5;C1QBP;PSMB4;NHP2;DYNLL1;PSMB3;PSMA7;MAGEF1;ANXA1;POLR2J;SKP1;CDK2AP2;POLR2G;CCT7;PSMA4;HSP90AA1;PRMT1;PTMS;CCL2;POLR2E;POLR2K;WDR18;HNRNPA1;SUSD2;PSME2;POLE3;MYC;HTATSF1;EIF4EBP1;PARP1;CCT5;CCND1;DDRGK1;ACVRL1;PSMB2;SET;CDKN1A;PSMA1;CHRAC1;BCL7B;ZPR1;PPP4C;RBX1;DAXX;MCM3;EIF4G1;TINF2;FHL1;CCT8;MCRS1;ELOC;MAPK3;POLE4;SSBP1;CDK4;SDE2;POLD4;WIZ;CCT3;POLR2F;DACT1;FAAP20;CDC34;ITGB1;APEX1;E2F3;POLD2;UBE2A;TCP1;XRCC1;ID2;UPF1;PLCG2;AKT1;NABP1;CDKN1B;CHTF8;CCT2;MEAF6;XRCC6;RPS27L;NUCKS1;TCIM;DMAP1;PSMB7;GAR1;POLR2C;PSME3;VCP;MORF4L1;DKC1;USP1;PSMA6;TAF10;CENPX;CCT6A;RUVBL2;PSMA5;POLRMT;SMARCD1,Heart_Nuclei,Mural cell
0,prerank,MS,0.28579275428517203,1.2136156032618828,0.07043756670224119,0.3436170212765957,0.274,115/388,26.22%,S100A4;HSP90B1;GBE1;MT2A;CHST2;COX7C;GAPDH;HSP90AA1;HSPH1;ATP5MC2;HSPD1;BAX;ENO1;CD74;HSPA8;HNRNPA1;SSBP1;ATP5F1E;COX4I1;PLAC8;SLC25A3;HSPA9;SDHA;WIPI1;BCKDHB;CERS5;TES;NDUFB9;VCP;JMY;NOP53;PITPNM2;AKR1C3;PKM;EIF2AK3;RALBP1;SYNJ2;MCL1;ATP5MG;PIM1;TMBIM6;PNPLA8;MIOS;SQSTM1;GFPT1;SNW1;DDIT4;SPTLC2;SUCLA2;XBP1;MYO19;MT-CO2;SLC25A46;BHLHE40;HDLBP;MT-ATP6;ANXA2;LPIN1;SLC25A12;CBR4;TAMM41;RAB29;PTCD3;SH3GLB1;NNT;CHCHD3;MT-CO1;ACSF3;MT-ND2;OGDH;SIRT2;FAR1;S100A10;MT-ND4L;PI4KA;PNRC1;MT-CYB;MAP3K1;NR3C1;MT-CO3;MTM1;CPEB4;NDUFV1;MT-ND4;GLUD1;NDUFS1;CLEC16A;LIMD1;ACACA;VPS41;PAFAH1B1;MT-ND3;SLC2A3;MTX2;P4HB;MT-ND6;OSBPL5;DGKE;KDM3A;ACSL4;SELENOI;KLHL24;NFE2L2;CPT1A;TGFB1;HP1BP3;COP1;ZFP36L1;NDUFS4;MT-ATP8;NCOR1;SAMD8;SLC44A2;IDI1;HK1,Heart_Nuclei,NK
1,prerank,OIS,0.2827710317722072,1.1943159131209065,0.10267379679144385,0.2154255319148936,0.328,75/354,18.86%,UBB;HSP90B1;GBE1;PFN1;UBC;GAPDH;ATP2A2;HSPD1;ENO1;CD74;UBA52;RPS6;CFL1;KRAS;NOD1;RPS27A;PPIA;ARPC5L;IL2RG;YWHAB;SERP1;LAPTM5;HSPA9;EIF2S2;FCRL3;ITGB1BP1;CORO1A;MADD;CD81;RAC1;TES;KLHDC10;FCER1G;RASGRP1;SH2B3;PIM1;ITGB2;SDCBP;MIOS;SQSTM1;ARRB2;CDK12;DDIT4;SSR1;PTGER4;MAP2K4;XBP1;CCND2;TNFRSF1A;TOR1AIP2;USP12;BHLHE40;CDK6;TNFRSF1B;TCEA1;TGFBR3;CBR4;RAF1;LBH;MAP3K7;LCP1;MAP3K4;UBE2W;ARPC3;PPP5C;CD37;PRKD2;CBL;ARF1;SLCO3A1;PRR5L;GLIPR2;ACTR2;MAP4K4;IKBKB,Heart_Nuclei,NK
2,prerank,Common,0.26295506711937744,1.1511367585998202,0.05025125628140704,0.22943262411347518,0.462,240/1192,18.75%,HSP90AB1;UBB;CX3CR1;HSP90B1;GZMB;FLNA;MT2A;FCGR3A;FTH1;ACTB;CHST2;MYL12A;NKG7;UBC;GAPDH;CLIC1;HSP90AA1;HCST;FTL;RACK1;HSPH1;PRF1;TPT1;HLA-C;PDIA6;ATP2A2;SET;HSPD1;BAX;ENO1;CD74;UBA52;HSPA8;RPL39;EEF1A1;HNRNPA1;ACTG1;RPS19;GNLY;YBX1;CFL1;ITGA5;KLF2;NACA;IFITM2;TMSB4X;TUBB;CST7;NOD1;RPS27A;PPIA;B2M;RPL26;PTMA;RPL30;HLA-B;IL2RG;YWHAB;RPS3A;KLRG1;TDG;ADGRG1;SERP1;HLA-A;LAPTM5;HSPA9;LBR;RPSA;RPS3;RBCK1;CYBA;FCRL3;TYROBP;CYREN;RPL13A;ITGB1BP1;LYPLAL1;WIPI1;CORO1A;SPN;PSMA7;HLA-E;NUP50;NCL;CD81;PSMB9;RAC1;GZMA;NPM1;TRA2B;CD55;EIF4A1;TMCO1;TES;CALM1;GPSM3;DCLRE1C;VCP;PHLDB2;IL32;JMY;ABHD17A;NOP53;KLHDC10;TMPO;SMARCE1;AKR1C3;UBN1;FCER1G;EIF2AK3;RASGRP1;MCL1;PA2G4;FAU;TRIM4;NUCKS1;VCL;NCBP1;SH2B3;PIM1;EIF3D;TMBIM6;EIF2B3;METRNL;RAD21;FBH1;DYNC1H1;ITGB2;HDAC1;MIOS;PSAP;SQSTM1;HMGN2;NUMA1;PSMA1;SNW1;ARRB2;RCC2;RTN4;DNAJC3;DDIT4;PXN;SPTLC2;HELB;DNAJB6;POM121;PTGER4;PCBP1;SLC15A4;ABCF1;MAP2K4;BUB3;XBP1;SPCS3;XRCC6;CCND2;SUMO2;EMP3;CHORDC1;KPNA3;TNFRSF1A;PTGER2;SMC1A;CCL4;TRPM2;AKIRIN2;CDK6;TNFRSF1B;MORF4L1;HNRNPK;ANXA2;TAP1;USP22;EIF3L;TLN1;ADAR;MFSD8;CD58;TGFBR3;EIF3A;RAF1;VPS4B;RPS27;YY1;PCBP2;DNMT1;SF3B3;FANCC;ARHGAP10;TERF2IP;UBE2V1;EWSR1;MAP3K7;HELQ;OPTN;HLA-F;LCP1;TAF7;TSC22D4;UFL1;SH3GLB1;RAB5A;SMARCA5;TAPBP;MIA3;UBE2W;DROSHA;GSPT1;SERINC3;CD38;PPP5C;SRPK1;MITD1;YWHAQ;TRIM13;RIOK3;MBTPS1;CDC5L;CCNT1;SEC62;SNX4;MTDH;ANXA4;PPP4R2;DEK;CBL;MALT1;PRR5L;ERMP1;SIRT2;BNIP2;VPS29;LAMP1;ACTR2;VPS26A;USP36;MAP4K4;XRCC5;PAXX;S100A10,Heart_Nuclei,NK
3,prerank,TIS,0.2084143257956883,0.8778460780401789,0.7944621938232161,1.0,0.995,67/371,18.75%,UBB;S100A4;ACTB;UBC;RPL36;RACK1;RPS12;TPT1;BAX;CD74;UBA52;RPS27A;RPL26;TDG;EEF1D;RPS3;CYREN;PSMA7;CD81;NPM1;CTSD;DCLRE1C;VCP;NOP53;SMARCE1;MCL1;NUCKS1;RPL18;RAD21;FBH1;SDCBP;PSMA1;SNW1;DDIT4;HELB;POM121;UPP1;XRCC6;CCND2;SUMO2;SMC1A;TNFRSF1B;MORF4L1;TCEA1;TAP1;USP22;YY1;SF3B3;FANCC;TERF2IP;UBE2V1;MAP3K7;HELQ;TAF7;UFL1;POLR2A;SMARCA5;CD38;PPP5C;CDC5L;PPP4R2;DEK;SAT1;ACTR2;XRCC5;PAXX;S100A10,Heart_Nuclei,NK
4,prerank,RS,0.20474179672384626,0.8277417926717935,0.8445190156599552,0.8931914893617021,0.999,59/241,25.81%,HSP90AB1;ACTB;HSP90AA1;SET;HNRNPA1;TMSB4X;SSBP1;PSMA7;MCMBP;DCLRE1C;VCP;SMARCE1;UBN1;NUCKS1;RAD21;FBH1;PSMA1;HELB;XRCC6;CCND2;CDK6;MORF4L1;NVL;YY1;NAP1L1;TERF2IP;HELQ;POLR2A;SMARCA5;MAP3K4;GSPT1;PPP4R2;ACTR2;XRCC5;SHLD1;DDX3X;ESCO1;RPA1;CHD4;CTDSP1;KAT7;EIF4E;BLM;SENP2;CCNI;NPAT;ZRANB3;EZH2;PARN;CRLF3;PDS5B;INO80;SKP1;PRKCQ;JADE1;RECQL;MSH2;SFPQ;KHDRBS1,Heart_Nuclei,NK
0,prerank,OIS,0.39183229528882,1.3683965093692212,0.007675438596491228,0.03273745423217747,0.037,57/324,12.45%,FGF12;CFH;PLA2G2A;EGFR;PDGFD;MECOM;PLA2G5;ROBO1;CCN1;NPPA;APOD;ATP2A2;PDGFRB;TFPI;CD36;FN1;GHR;ITPR2;GADD45B;TGFBR3;MAP3K20;CCDC88A;ENG;PRRX1;MAPK10;FGFR1;ID2;RPS27A;MID1;NAMPT;SLCO3A1;TXNRD1;RPS6;NGF;IGFBP5;SPRY1;STK39;NRP1;GAPDH;PLCG2;SASH1;ANKH;ZFP36L2;GBE1;STK38;RABGAP1L;PPP1CB;PPARG;RPS6KA2;IRAK3;EMP1;DNMBP;ZFP36L1;P4HA1;HSPA5;MAT2A;PRKAA1,Heart_Nuclei,Neural cell
1,prerank,MS,0.31829708650801336,1.124881694330152,0.16790648246546228,0.3433125134611243,0.515,87/401,18.42%,RYR2;PID1;PLA2G2A;EGFR;PTGIS;PLA2G5;DCN;ACSM3;CCN1;PAM;PRKAG2;CD36;UGP2;RORA;CPEB4;PTPRG;ITPR2;PLD1;EPAS1;ENOX2;INPP4B;MYH9;SLC25A3;PLPP3;PKM;MPC1;NNT;MTFR1;ECHDC1;LPL;PRDX6;ECHDC2;ACSL1;MGST3;GAPDH;ACSL4;VPS13A;GBE1;MT-CO1;PPARG;FOXK1;PGAP1;SLC25A12;MT-ND5;SDC2;ZFP36L1;MTCH1;PLSCR1;PITPNC1;P4HA1;HSPA5;MAT2A;PRKAA1;SRPX;SDHA;DAP3;PDHX;CBR4;MT-CYB;SELENOS;MT-CO3;SQSTM1;MT-ND3;MT-ND4;HADHA;OGT;HSDL2;HSP90B1;KANK2;GLUL;MT-ATP6;IDE;PRKN;ATP6V1H;P4HB;HSPD1;HSPA9;OGDH;AFG3L2;LPIN1;MTX2;ACADM;DNM1L;HADHB;ETFDH;HIF1A;SH3GLB1,Heart_Nuclei,Neural cell
2,prerank,Common,0.24440526922793204,0.886073534381584,0.8976930792377131,1.0,0.994,189/1054,19.52%,RYR2;CFH;PLA2G2A;EGFR;C7;MLIP;MEIS2;PTGIS;MGST1;PLA2G5;DCN;SVEP1;ROBO1;CFD;PRKG1;TPM1;PAM;IL1R1;APOD;ATP2A2;ARHGAP10;TFPI;MAN1A1;EFNA5;GRK5;ANO6;CD36;PTPRK;SEMA5A;RORA;FN1;ACTN1;CPEB4;ARHGAP26;ITPR2;TGFBR3;MAP3K20;TIMP1;LRP1;CDH13;NFKBIZ;EPAS1;DPYSL3;MAPK10;ID2;RPS27A;STK38L;MID1;NAMPT;YBX3;COL3A1;MYL9;MYH9;TXNRD1;RPL13A;NGF;FBLN5;REV3L;IGFBP5;ST3GAL1;MGAT5;MCC;TPT1;GSN;STK39;ABCC1;LPL;PRDX6;CFLAR;RPS19;DYNC1I1;NFIA;ACTB;NRP1;DMD;EEF1A1;RPSA;GAPDH;PLCG2;PHLDB2;VPS13A;HSPB1;USP25;NFIB;RBMS3;ZFP36L2;NOX4;MYH10;TMSB4X;MACF1;STK38;JUNB;PTPRM;LRFN5;PPARG;FOXK1;AHI1;OSMR;RPS6KA2;IRAK3;PRKAR1A;ZFP36L1;IFITM2;PLSCR1;UBE2E2;CCL2;HSPA5;CEBPD;WNK1;PRKAA1;MAGED1;ST3GAL4;FTL;PSME4;VPS36;PARP4;FBH1;DNM2;IFNGR1;RACK1;UBE2G2;SELENOS;SQSTM1;FOXP1;STRN;JAK2;ACTG1;NACA;OGT;HSP90B1;KANK2;SLC25A24;TCF7L2;PPP2R5C;ABI2;RAD51B;PRKN;SLC20A2;EWSR1;SERP1;UACA;NCOA7;EPB41;ATP6V1H;MACROD2;P4HB;CTSL;KANK1;MT1X;MORF4L1;RPS6KA3;HSPD1;SLF2;HSPA9;HLA-E;SMARCA2;SPART;SCFD1;ILRUN;CALR;PIAS1;DDX5;EYA2;ARHGAP35;TNRC6A;DNM1L;JAK1;EIF3A;ETFDH;TRIM56;HIF1A;ATP2C1;SH3GLB1;RPL30;RTN4;NUP214;RHBDD1;CSDE1;SUPT20H;SCMH1;PCSK5;SMARCA4;MAP4K4;FOS;YAP1;TMEM259;USP15;RNF115;ASCC3,Heart_Nuclei,Neural cell
3,prerank,RS,-0.14980600971359959,-0.6161164357949438,1.0,1.0,1.0,33/200,21.82%,GINS3;RGCC;POLR2F;BCL2;SAMHD1;RDX;CTDSPL;ANKRD28;TCIM;ZMYND8;FBXO7;TERF1;PDS5B;PLCB1;PSMB7;ANXA1;AMBRA1;MAPK1;PRMT2;NBN;PBRM1;ZBTB38;PKD2;ASCC1;POGZ;TSPYL2;ORC5;POLK;USP37;MAP3K4;PPP4R2;MCMBP;GSPT1,Heart_Nuclei,Neural cell
4,prerank,TIS,0.14533830391876262,0.5042042254769992,1.0,1.0,1.0,79/309,28.08%,EGFR;PTPRK;RORA;MAP3K20;TIMP1;RPS12;CDH13;RPS27A;REV3L;TPT1;ABCC1;ACTB;STK38;PTPRM;RPL18;ZFP36L1;PITPNC1;UBE2E2;WNK1;PRKAA1;PSME4;PARP4;FBH1;RACK1;FOXP1;RAD51B;UACA;MACROD2;MORF4L1;SLF2;SMARCA2;PIAS1;DDX5;EYA2;RHBDD1;SUPT20H;ABCC5;SMARCA4;FOS;YAP1;ASCC3;CCND3;EEF1D;EYA3;BCL6;UVRAG;COMMD1;SPRED2;REV1;POLA1;DCTN4;EP400;UBR5;TANK;SETX;ZBTB16;ZBTB1;NFAT5;SESN1;PSMA1;ATR;USP3;TSG101;COP1;RNF111;CRYAB;TAOK3;SMCHD1;CD81;PSMA7;WRN;AQR;UBC;UIMC1;EPC2;SMARCC1;VCP;PSMA3;ZRANB3,Heart_Nuclei,Neural cell
0,prerank,Common,0.23086072490062673,1.0298631639329154,0.31,1.0,0.681,373/1909,18.11%,CD200;IGHD;YBX3;IL4R;FCER2;ADARB1;BTLA;CST3;MTSS1;SLAMF1;PLEKHA1;SLC39A8;PTPRK;SELL;LARGE1;DGKD;ITGB2;INSIG1;NCK2;IRS2;MACROD2;ST6GALNAC3;ICOSLG;FAM111B;FOXP1;IL6ST;WWC3;ATP6V0A1;VAV3;LST1;RETREG1;H1-5;SPART;PTPRE;LYST;IGHM;BIRC3;SLC15A2;SMAD3;BCL6;FOXO1;FOS;CD69;RFTN1;BTN2A2;HMCES;GYPC;RAD9A;LGALS9;CHMP1B;BID;MAP3K8;IFNGR1;MAN1A1;VPS37B;SIAH2;C9orf72;EZH2;ITPR1;RNASE6;NT5C3A;CD86;HLA-DRB1;EIF2AK3;BCL7A;NAMPT;APOBEC3C;CALCOCO2;PDK1;CIITA;GSTP1;FOXN3;ISG20;BTG1;TNRC6C;NSMCE1;RCSD1;CALR;ARHGAP26;DIPK2A;HLA-DPA1;TNFAIP3;APPL1;PARP14;ZFP36L1;GCH1;NFATC3;NOTCH1;SMC4;NFKBIZ;SLAMF6;DPF3;EGR3;JAK3;STMN1;CDK6;NUDT1;SESN1;PRCP;RRM1;GRK5;LBR;NCOA4;HSPA5;HIF1A;NEIL1;MYH9;ST3GAL1;STAM;UBE2E2;SETD7;GPX1;LAPTM5;SLC12A6;MCM7;NFKB1;VRK1;SLC38A1;MANF;MACF1;IRF2;AGO4;CASP3;MYBL2;PRAP1;WAS;BARD1;MSH6;RPA3;RIOK3;MSH2;KDM4B;HDAC4;PRKCA;RASGRP1;DEFA5;H2AC6;IFNAR1;CBL;EIF2S1;PXK;TXNDC5;IFITM2;PIM3;MXD1;FERMT3;MDM4;MAD1L1;ETS1;LPCAT3;TNFSF10;FBXO3;CD83;TADA3;NCKAP1L;PHF10;HDAC1;SMARCA2;CENPP;PRKCE;H1-3;H3-3A;H1-2;ERP44;BTK;PIK3R1;EGLN2;RB1;HELLS;MALT1;KAT7;BLM;SPRED2;SLC12A2;APIP;GLRX;VCPIP1;CD74;NFKBIA;CBX4;SP100;CASP9;SNX5;SLF1;SMC2;SENP7;UBAC2;TRIM38;PLSCR1;PER1;PLEKHM2;ARNT;CASP2;SEC62;FABP6;JUNB;PSMA4;PSME2;MAP3K20;NAA38;BIRC2;SPTLC2;MEF2C;OS9;DHFR;RUBCNL;ZDHHC3;MYDGF;ATG3;VAMP8;STX4;USP36;CD55;TOP2B;AOAH;NOP53;IRF4;PCNA;STAT2;MACROH2A1;SDE2;NUAK2;NUP88;APP;NPC1;RPGR;CPEB4;NLRP1;MAZ;STK26;PPP1R15B;RPS6KA3;EIF4A3;CHD4;SQLE;MYC;DDIT4;STAP1;APEX1;ADIPOR2;STX12;ACTB;RFC3;IFT88;TOB2;HHEX;SP1;HDAC9;PPARD;APOA4;SETX;NUP133;OSER1;CD47;ACAA2;RPS19;ATP2A2;TRIM56;SMC1A;ABCA1;GPR132;NME1;NUP42;SMC6;MAP3K5;NBR1;NONO;ATG10;C19orf12;JAK2;UFD1;GRK2;EP400;ENO1;RBBP8;FIBP;SLC38A2;TLE1;KATNA1;CKS2;ASCC2;TOPBP1;NOLC1;HMOX2;RAC1;OOEP;IRF8;PTPN11;TNFRSF14;PDLIM1;RNF144B;KPNA3;TRIM28;CBX5;QARS1;LILRB1;RPS6KA1;PDE4B;MITD1;RACK1;PSMB4;ST6GAL1;DDX60L;NDEL1;ANP32A;SNX3;MSL2;CHMP7;SAV1;HAPSTR1;PARP1;DNAJA2;IL2RG;ODF2;DDRGK1;CANX;LY6E;MOGS;TES;MCM3;HSP90B1;LMNB1;MLH1;EIF3B;FTH1;SEC22B;CD84;ZC3HAV1;GSDMD;PARP8;USF2;BECN1;DNAJB9;PDIA6;ANAPC10;LY75;SNX6;EIF2B1;ATG101;CEBPB;USP22;PSMA6;KAT2B;SELENOP;PIK3AP1;SMURF2;POLD4;NHERF1;RASA1;SET;PSME1;TMEM117;VEZF1;USP7;BRCC3;EPM2A;CCNK;SREBF2;SHISA5;SIRT1;ATP6V1C1;PTPRC;MAPK1;BAG1;DDX60;TP53;FANCD2;CR2;DNMT1;STAT3;UBE2G2;HMGB1;MAPK14,Ileum,B cell
1,prerank,OIS,0.24637433799792413,1.0157745283030712,0.40279937791601866,0.7831395348837209,0.738,102/532,15.15%,BTLA;SLAMF1;ABCB1;ITGB2;INSIG1;TSPAN13;IL6ST;VAV3;BIRC3;FOXO1;SLC2A3;GYPC;SLCO3A1;LGALS9;MAP3K8;MTMR10;PNP;C9orf72;EZH2;ADD3;MAP4K3;SC5D;NAMPT;PDK1;GCNT2;GSTP1;TNRC6C;PFKL;CALR;TNFAIP3;ZFP36L1;NOTCH1;LTA4H;LAT2;CDK6;SESN1;PRKD2;HSPA5;SDF2L1;GALNT3;LAPTM5;AGO4;IDI1;SLA;GOT1;PRKCA;RASGRP1;CBL;MDM4;ETS1;NCKAP1L;HMGCS1;PPA1;UBR1;ELOVL5;RB1;SPRED2;APIP;GLRX;CD74;CCDC88A;PER1;PIH1D1;PSMA4;MAP3K20;MEF2C;DHFR;USP4;MYDGF;STAT2;APP;NPC1;RPS6KA3;SQLE;MYC;DDIT4;GADD45B;ADIPOR2;SP1;HDAC9;CYP51A1;MAP3K3;PFN1;ATP2A2;RASGRP3;MAP3K5;NBR1;ATG10;GRK2;ENO1;AVL9;RAC1;USP12;IRF8;PTPN11;TNFRSF14;QARS1;RPS6KA1;AIDA;LAMTOR3;MKNK2;ST6GAL1,Ileum,B cell
2,prerank,TIS,0.21657019989127244,0.9083778086306409,0.7900302114803626,1.0,0.961,137/678,18.42%,PTPRK;ABCB1;MACROD2;DPYD;FAM111B;FOXP1;VAV3;ABAT;PTPRE;BIRC3;BCL6;FOXO1;FOS;HMCES;RAD9A;BID;PNP;VPS37B;NT5C3A;BCL7A;MME;GSTP1;FOXN3;BTG1;NSMCE1;RALA;ZFP36L1;NOTCH1;IMPDH2;CCND3;DPF3;NUDT1;SESN1;RRM1;NEIL1;UBE2E2;SETD7;MCM7;VRK1;AGO4;PRAP1;WAS;BARD1;MSH6;RPA3;MSH2;KDM4B;H2AC6;EIF2S1;MXD1;MDM4;TADA3;NCKAP1L;PHF10;SMARCA2;PRKCE;H1-2;ACAA1;RB1;HELLS;KAT7;BLM;SPRED2;VCPIP1;CD74;MXD4;SP100;CASP9;SLF1;DEF6;ARNT;CASP2;PSMA4;MAP3K20;BIRC2;MEF2C;VAMP8;NOP53;PCNA;MACROH2A1;SDE2;APP;NLRP1;CHD4;MYC;DDIT4;APEX1;ACTB;RFC3;SP1;SETX;SMC1A;NME1;SMC6;POLR2C;UFD1;EP400;RBBP8;SOCS1;ASCC2;TOPBP1;OOEP;POLR2G;SUMO3;TRIM28;CBX5;PDE4B;IRAG2;RACK1;MKNK2;PSMB4;EEF1D;ANP32A;MSL2;PARP1;GM2A;MCM3;MLH1;HINT1;USP22;PSMA6;KAT2B;POLD4;POLR2E;USP7;BRCC3;CCNK;SIRT1;TP53;FANCD2;HMGB1;MAPK14;SMARCA4;VKORC1;APRT;LYN;INO80,Ileum,B cell
3,prerank,MS,-0.19812205657940563,-0.903851019354379,0.9461279461279462,0.8846153846153846,0.9303482587064676,124/849,14.05%,PTPRG;LGALS1;DGKG;HIPK2;S100A4;FAAH2;CBFA2T3;CD24;OSBPL10;RORA;PCCA;PLAAT4;LRRK2;IVD;FOXO3;ANTKMT;BCL2;INPP4A;ACSL1;SESN3;BMPR2;RGCC;ANXA2;IDS;DEPDC5;NDUFAF6;ITPR2;PLPP1;AKT3;ALOX5;KLF6;PAM;VHL;PCYT1A;NAAA;IDE;ABHD6;PPP1R15A;AIG1;TFRC;NEDD4L;RIPOR1;SLC38A9;PIGL;UBR4;PIP4K2A;HSPH1;SQSTM1;OGDH;AUH;ATG14;ZBTB20;AGK;NDUFAF4;MRPS6;MTRFR;ISCU;VAPB;LPCAT1;ADAM17;MRPL40;ALKBH7;PTCD3;NDUFAF8;PIP4P1;SDHAF2;NDUFS8;PRKAG1;SLC25A13;PTGES3;GPX4;MRPL22;GPAT4;CMC1;PPP1R2;MGST3;TRABD;CYB5R3;EPM2AIP1;RAB5IF;ADA;GRPEL1;PGP;LDHB;ASAH1;ARL2;EIF2AK2;ATP1B1;LPIN1;ATP6V0C;HACD3;PIGF;ATP6V0B;DMAC1;ACADM;KDM3A;NR1H2;MRPL48;PLIN3;ACAT1;CERS4;XIST;UQCRFS1;PRKN;DHDDS;ATXN3;TBXAS1;PIK3CB;PIK3C3;ACAD9;DGKA;LARP1;MRPL9;MDM2;COA5;STX17;GDAP1;IP6K2;PISD;CD1D;RICTOR;PYCARD;SMIM20;CDS2,Ileum,B cell
4,prerank,RS,0.21226279854150124,0.8530365330653242,0.8686708860759493,0.9357558139534884,0.99,105/410,23.70%,FAM111B;H1-5;BCL6;CCNG2;BTN2A2;BID;EZH2;BCL7A;MME;NSMCE1;APPL1;CCND3;DPF3;CDK6;RRM1;RBMS1;UBE2E2;MCM7;WAS;BARD1;RPA3;MSH2;H2AC6;PHF10;SMARCA2;H1-3;H3-3A;H1-2;RB1;HELLS;KAT7;BLM;ATAD5;SP100;SLF1;HMBOX1;PSMA4;PSME2;DHFR;PCNA;SDE2;CHRAC1;NAF1;CHD4;NOC3L;MYC;APEX1;CDK2AP2;ACTB;RFC3;LSM10;GPR132;SMC6;NHP2;POLR2C;EP400;RBBP8;ASCC2;TOPBP1;OOEP;POLR2G;PSMB4;USP37;PARP1;DDRGK1;NOP10;MCM3;LMNB1;PSMA6;POLD4;POLR2E;SET;PSME1;USP7;MAPK1;TP53;SMARCA4;GNL3L;INO80;POLH;GNL3;HNRNPD;RRM2B;RBBP6;ROMO1;PAGR1;XRCC6;PELI1;HNRNPU;SMARCE1;POLR2B;PNKP;KIN;CCT2;ZC3H12D;CCT7;TMSB4X;ZRANB3;TINF2;MGME1;DCP2;SHLD1;CUL2;FAAP20;MRE11,Ileum,B cell
0,prerank,MS,-0.23183680658655076,-1.3042020965365526,0.001,0.001,0.001,420/1299,24.99%,TULP3;NUDT7;MECR;APOA1;GCNT2;BCKDHA;SLC25A12;DPP4;ASCL2;EFNA1;PTGR2;NDUFAF4;MT-ND6;APOA4;RRAGB;DNAJA3;CYP2S1;RBKS;RWDD3;PDP1;FITM2;PHYH;NDUFAF7;AIG1;GDE1;SPHK2;CLUH;HKDC1;SEH1L;KIF12;MRPL46;FABP1;EDN2;MAOA;AGTPBP1;TMEM11;MRPL45;PIGM;LPIN3;ACACA;PANK2;OXSM;AMACR;ACSM3;MRPS2;MYBBP1A;ELOVL1;PIGH;MTRES1;IDH3G;TIMM10B;SYNJ1;ADSL;TMEM186;TFRC;TRIAP1;ACAD9;MIX23;THBS1;ADTRP;AFG1L;MRPL30;DECR2;MRPL39;NPRL3;EDN1;CLN3;PNLIPRP2;PDK4;MRPL35;LIAS;GRHPR;ACAT1;EPAS1;EPM2AIP1;CYP2B6;CHCHD7;GFM2;PGS1;MRPL1;NOA1;MT-ATP6;ANKZF1;MALSU1;SMPDL3A;NDUFAF5;TIMM21;PCYT2;SUPV3L1;HAX1;ULK3;MRPL23;NR1H4;RETSAT;UQCC1;MRPL17;NFIL3;MLYCD;SDHD;PDHX;TBL2;TIMM9;MRPS30;PRR5;SCO2;BCS1L;BAK1;TMEM223;SLC25A11;MT-ATP8;MRPL24;PGAP1;MRPL47;MT-CO3;SGPL1;PTGES2;COX15;PRKAB2;MT1E;ATG14;SZT2;BDH2;PLA2G4A;GYG1;PTDSS1;HSD17B11;NDUFC1;CASP6;MFSD2A;PTGR1;MT-CYB;PRKAB1;ADH1C;CPEB2;ACAA2;MT-ND4L;GRPEL1;ITPKA;ATG3;STRADB;MT-ND5;GPD2;MT-CO2;ABHD12;PISD;ULK2;ROMO1;RAB5IF;REEP6;FDX1;CHCHD6;MRPL11;ADPGK;NDUFAB1;FASN;COX16;LAMTOR4;PPARGC1A;NDUFA3;MT-CO1;CLN8;CRYZ;GPD1;MCAT;TOMM22;MRPL12;NDUFB6;DDIT3;SPTSSA;MT-ND3;PLOD2;MAIP1;TMX2;YWHAG;NDUFS2;TIMM22;SUCLG1;MRAP2;HIBCH;GABPB1;IDH1;LONP2;AUH;PCK1;ECH1;MTFP1;NDUFB10;ATP5F1A;MRPS7;TEFM;LARS1;MTCH2;MRPS9;FUNDC1;UQCRC2;ALDH9A1;CHCHD10;NDRG1;TRAP1;SHPK;ACAD11;PRKACA;UQCC2;NDUFS3;CYB5A;MT-ND1;POLR2F;RRP8;COX8A;ALDOA;ETFA;HILPDA;MRPL22;G0S2;ATP5PO;CCAR2;CEBPA;VAMP7;IDH3A;TOMM40;ERRFI1;ATG2B;TKT;DNAJC19;MTRF1;APOC3;NR1H3;PIK3R3;LIPG;GPAT3;CEPT1;COX10;NDUFA1;ILVBL;UQCRFS1;SIAH2;MRPL58;MLXIPL;ATP5PD;COX6A1;ATP5F1B;GALK1;ALDH1A1;MRPL57;GADD45GIP1;GYS1;COX20;PKM;VAC14;BECN1;ACAA1;MICOS13;PRDX6;PHKG2;HPGD;PID1;UQCR10;ATP5MG;PFKL;CLPP;NDUFB2;SLC25A6;MT-ND4;ECSIT;MRPL51;STOX1;MRPL15;TPI1;ACP6;AKR1C3;SUCLG2;THG1L;MRPS18C;SCO1;ATP13A2;TMEM126A;SCD;DBI;ATP5IF1;MRPS15;IDH3B;COA5;FH;PLPP2;SCD5;UQCRH;NDUFB8;HCCS;ATP5ME;ECI1;AURKAIP1;NDUFB1;WDR45;CLDN3;NCAPH2;MT2A;MRPS25;SLC27A2;PRDX5;MT-ND2;ATP5F1C;HADH;DELE1;DAP3;IP6K2;COA3;NDUFS8;PDHA1;NDUFS7;HSD17B10;NDUFS6;COX7A2L;SMDT1;MRPL48;PIP5K1B;MTRF1L;MIEF1;MRPL27;COA6;H6PD;ALDH3A2;MRPS26;MFN2;CEP89;NDUFS5;AFG3L2;UROS;HTRA2;PLSCR1;IMPACT;MTX2;ATG2A;ATP6V1D;MRPL20;RCC1L;METAP1;MRPL44;SDHAF1;MRPL40;ACO2;CYCS;INF2;MRPL16;NDUFV2;GSTM4;ATAD3A;MICOS10;EHHADH;PHB1;MPC1;BAX;NFE2L2;DLST;ACADM;MRPL18;MOAP1;CBR1;ERAL1;CHCHD3;PRXL2B;NDUFV1;MTCH1;NDUFA10;ACOT9;PHB2;RPTOR;PIGU;TMEM14A;OSBPL10;NDUFA9;TUFM;COX5B;MGST3;PET100;PGM2;CYP2J2;ACOT8;PTPMT1;THEM4;SERINC2;DPM1;PRELID1;ERP29;MRPL21;PLIN3;SSBP1;SDHB;ATP5F1E;TTC5;NDUFA2;OXA1L;CHPT1;COX4I1;COX5A;ECHS1;MRPL50;UBE2L6;GPC4;MRPL41;MRPS33;NDUFAF2;SERINC5;ATAD3B;UQCR11;ATP5MC1;IDH2;CDS2;VDR;MRPL28;FDFT1;MRPS22;PHKA2;GFM1;ATP5F1D;MRPL4;CXADR;PGAM1;ATP5MF;APOO;PAFAH1B2,Ileum,Crypt stem cell
1,prerank,Common,0.2932956844383962,1.2934754756340234,0.001,0.032480714575720666,0.038,595/2714,20.00%,LYZ;IGHA1;DEFA6;DEFA5;CCL24;PRSS2;REG3A;CCL20;KCNMA1;PLA2G2A;MUC2;AGBL4;NEURL1;BIRC3;CD74;MYOF;IFI27;ATP2A3;ITPR2;BLM;AZGP1;GSN;TNFAIP3;HLA-DRB1;CDKN1C;IL4R;DNAJC10;FABP6;MX2;BRCA2;H3C8;NR4A3;CXCL2;TNFAIP8;WFDC2;ENPP4;ANKRD22;PLEC;FGFR2;CDC45;TNFSF15;MXD1;CREB3L1;RELB;DDX60L;NECTIN1;HSPB1;LCN2;PRKAR1A;SLC39A8;DONSON;F3;CLSPN;RUBCN;SLC25A27;CIP2A;EFNA5;IL17RB;ZG16B;PTPRJ;PLAUR;PIP4K2A;ATG9A;UCP2;CDKN1A;ARHGAP24;JAK2;MASTL;PROX1;PLAA;RPS6KA2;MYBL2;CCL15;ANXA5;H3C2;FANCB;WIPI1;TOP3A;H4C8;CHRNA7;DNAJB9;PTPN22;C2;UNC93B1;PRIMPOL;CCDC134;PARP6;SYVN1;CAMTA2;PAQR3;FOXA2;MDK;RACGAP1;NFKBIA;GCLM;KLHL22;PML;PARP3;NOS2;ING3;H2BC4;SDC4;CCNF;MGLL;SIRT7;IL32;SUPT5H;SOCS3;EIF2AK4;RAP2B;TCIM;RANBP2;ATG101;IL6ST;KCNK6;TSC22D4;ST6GAL1;OAS1;H1-3;SYTL4;IL7;AKNA;SRF;SLC25A23;POLG;SPDYA;PLA2G10;HEXIM1;MAP3K8;POLK;PRKCH;EIF2B4;HIPK2;CDK9;STK26;TSC2;TMEM131L;TECPR1;BTG3;PTPN14;RAD51D;POLR3A;PIM3;CTNNBIP1;NOTCH2;VRK2;NLRC5;SAMHD1;RRM2;SHLD1;CARD8;ANG;IFITM2;TTK;ATG4C;MAPK8IP3;TXNDC5;RAD51AP1;DDX11;EIF2AK3;ZGRF1;RCN3;MIA3;ATP2B4;CDC25C;ITGB4;MOV10;CYBC1;HK2;GNA14;RNASE4;CBX4;SUZ12;AHNAK;TRIM14;BCL3;STIL;CEACAM5;NR4A2;SBNO2;PRCP;ARFIP2;HLA-E;SRC;KIF11;TNFRSF11A;DDIT4;TYK2;CENPA;TOPORS;USP36;ATM;RUBCNL;DST;FANK1;CD68;EPS15;TIMELESS;ZC3HAV1;ANXA3;PXN;FANCI;CDC6;SLC31A1;POLQ;JPT2;H2AC25;NPRL2;CXCL16;NUP188;QSOX1;TGFBR1;TRAF2;TOM1;ZFP36L1;GINS2;NQO1;AARS2;PPP1R15B;RAD1;ADRA2A;HERPUD1;ERLEC1;MPND;GABARAPL1;PAXIP1;STK11;CENPI;CHD4;TRIM59;DYRK2;TP53INP2;DICER1;P2RX4;PIK3C3;SP100;DHFR;TINF2;RAB1B;BNIP3L;TOB2;SMAD5;BBC3;CENPU;ERN2;ZBTB7C;TMTC3;PLEKHM1;ARID1A;EDEM1;PLK3;MAN1A2;ARG2;TDP1;C19orf12;NPC1;SMAD3;MCL1;H1-5;KIF2C;KLF4;IFT20;BMP4;SUSD6;TXK;VAMP3;MARCHF5;PLXNB1;EZH2;NINJ1;VPS13D;TRAF3IP1;MAP2K1;LMAN1;ATP7B;CCPG1;TRAM1;STAT5B;EIF2AK1;PSAP;MICA;ERCC6;MACROD2;CPEB4;IRS2;SEC16A;CTH;ERLIN2;TMEM39A;GTSE1;DTX3L;ITGB8;CYLD;WAC;IFNGR2;NFX1;NUDT15;NFKB1;FHL2;LYN;XIAP;SREBF2;UAP1;KAT2B;BARD1;VKORC1;RFWD3;RECQL;TOPBP1;YARS1;LYST;CLU;ACTN1;MKRN2;MGAT5;MAD1L1;HLA-F;CDK1;IER3;HLA-B;HUWE1;RNF139;TROAP;MACF1;ZMYND11;BRAF;RAD52;INSR;DDB2;TRAF5;CENPP;ERN1;PSMC2;CTBP1;BTRC;AK4;JMY;PTPN6;UBR4;ATXN7L3;TSC22D3;METTL1;BCL2;PHF10;MORC2;USP30;TAP1;PRKACB;HELB;AVEN;RIPK2;NUF2;LDLR;SPCS3;SMARCA2;GOLPH3;DTL;SULT2B1;MFSD8;TPX2;CDC23;HAPSTR1;NAGK;TAPBP;TRIM44;MAP1LC3B;RAB5A;CSNK1E;PALB2;TRIP12;RNF115;RHOB;UNG;UBE2D1;BMI1;ST6GALNAC3;SRSF6;IRF1;ZDHHC4;UBQLN1;RFFL;PRRG1;TRIM8;ADIPOR2;TM7SF3;FAM111B;DPP9;ODC1;BAP1;TERF2;IFNAR2;ZRANB3;HLTF;HLA-A;ADAM15;EPHA2;OPTN;TP53;CENPN;STMN1;POLR3C;ZBTB7B;BIRC5;SFN;ABL1;MTOR;ORC6;MYO6;NDC80;TRIM26;TRAF3;MAPKAPK5;CAPN3;WNK2;GABARAPL2;TRADD;LPL;RNASE1;UBE2E1;PGAM5;HELLS;DNM2;NPLOC4;PMAIP1;ANO6;PIAS4;OXSR1;PDK3;TSC1;MDM2;ROBO1;ZDHHC16;NECTIN2;MAP7;TRAFD1;ELMOD2;CCND1;VEZF1;KAT6A;MBTD1;ST3GAL3;SAV1;PARP14;MPG;NCBP1;UVSSA;CDCA8;C6orf89;TRPV1;SMYD2;C9orf72;STXBP3;PTPA;BAD;TNFRSF10B;CTNNB1;RAB11FIP2;HERPUD2;MIOS;PSEN1;MTMR14;IRF3;STK39;FZD7;HLA-C;EGLN3;NUCKS1;POLR3B;ZNRF1;PSMD1;PRKN;MEP1A;EXOC4;POT1;VCPIP1;PAXX;KIF15;HIPK1;FOXP1;STAT3;NIBAN2;RUVBL1;MST1R;GOLGA2;TELO2;CDC37;TNIP1;APOBEC3B;HGS;SEC22B;VPS37B;SRPK2;INSIG1;UBE2J1;EHMT2;BTG2;PIP4K2B;UBA5;YEATS4;KIF20B;PLK1;RMI2;DHRSX;TRIM28;FBXL4;PTTG1IP;ULK1;ERCC6L2;UBXN4;USF2;SHLD2;NUP160;FTO;PARPBP;PBK;GNAI3;IL17RA;CCNB2;JAK1;RHOG;RFC4;DEK;ATF2;SPC25;AKT1;AHR;TNRC6C;SLC30A9;ADGRE5;DGKQ;MAPK1;NEK7;RNF103;MCM3;PSMD11;STRN;SLC38A2;UBA1;SELENOK;TRIM25;FAF1;CETN2;KAT5;SMIM30;WDR45B;RNASEH2C;HIKESHI;SPRTN;CCNH;CAMKK2;IFNAR1;ARHGAP26;CD81;FEN1;GNL1;MSH6;RPA2;SIRT3;MAP3K5;FGFR1OP2;ATF3;NIPBL;NUP210;TADA3;CDCA5;APTX;CYREN;BRIP1;TMEM259;PACS2;NDE1;HSPA1B;ERAP1;TBC1D20;SS18;B2M;PEX13;SIK2;GEN1;FOXK1;PTPRE;MITD1;CDKN1B;SGTA;TJP1;ADAM17;SQSTM1;CD59;MCM10;EIF4G2;PAK4;POLA2;LPAR5;PIK3CB;MAGEF1,Ileum,Crypt stem cell
2,prerank,RS,0.26717229602912784,1.1411347594310899,0.16770833333333332,0.19366626065773446,0.356,197/590,28.35%,BLM;BRCA2;CDC45;DONSON;TFPT;CDKN1A;FANCB;TOP3A;H4C8;PRIMPOL;MLF1;PML;PARP3;ING3;STN1;H2BC4;CCNF;PHF8;TCIM;H1-3;POLG;SPDYA;POLK;CDK9;RAD51D;SAMHD1;RRM2;SHLD1;RAD51AP1;DDX11;ZGRF1;E2F8;ATP2B4;TYMS;STIL;SRC;ATM;TIMELESS;CDC6;POLQ;GINS2;RHOU;CHD4;SP100;DHFR;TINF2;ARID1A;PLK3;H1-5;KLF4;EZH2;ERCC6;WAC;BARD1;SASS6;RFWD3;RECQL;TOPBP1;CDK1;CTDSP2;RAD52;OBI1;TK1;CCND3;PTPN6;BCL2;PHF10;HELB;POLR2C;SMARCA2;DTL;JADE3;MAP3K11;NVL;NAP1L1;PALB2;POLR2A;FAM111B;TERF2;ZRANB3;HLTF;TP53;ABL1;ORC6;MAPKAPK5;TEP1;IQGAP3;HELLS;RBL2;PIAS4;MDM2;CCND1;GNL3L;MBTD1;HMBOX1;YLPM1;ESCO2;CTNNB1;NUCKS1;CCNG2;POT1;RUVBL1;GAR1;EHMT2;YEATS4;PLK1;RMI2;SHLD2;PARPBP;CCNB2;RFC4;DLG1;AKT1;MAPK1;NEK7;MCM3;FAF1;KAT5;SPRTN;CCNH;FEN1;RPA2;NIPBL;ANKRD28;GEN1;CDKN1B;ADAM17;MCM10;POLA2;MAGEF1;MCRS1;ID2;POLG2;MORF4L1;FAAP20;APPL2;PSME3;DBF4;MRNIP;RAD50;DUT;POLE;RRM1;POLD1;DDX3X;FBXO31;USP7;NFRKB;SHQ1;DYNLL1;USP1;POLE3;UPF1;PURA;RAD51;RFC3;KMT5A;PCLAF;EPC2;TAF10;CUL5;E2F3;USP37;NPAT;INIP;ZNF655;MAPK3;BAZ1A;CDK10;ACVR1;CDT1;SMG1;PPP2CA;TM4SF5;SMCHD1;CARM1;KIF14;RMI1;POLR2B;GSPT1;INTS3;PARP10;REV3L;ASCC1;BRD7;PRIM2;MCM7;CDKN3;SMARCC1;ACTR2;TENT4B;UCHL5;RFC2;NOC3L;BRCA1;CAMSAP3;RAD17,Ileum,Crypt stem cell
3,prerank,OIS,0.24213776508484436,1.0410521550120482,0.3671399594320487,0.45256462308837464,0.817,166/741,20.94%,CCL20;PLA2G2A;BIRC3;CD74;ITPR2;PDGFD;TNFAIP3;FGFR2;F3;PTPRJ;PLAUR;CDKN1A;RPS6KA2;DHCR24;CHRNA7;PTPN22;PAQR3;PDE8B;KLHL22;CCNF;SYTL2;SATB1;IL6ST;ST6GAL1;MAP3K8;HIPK2;TSC2;CCDC88C;SPRY3;NOTCH2;VRK2;RRM2;TSPAN13;MAPK8IP3;SDCCAG8;MOV10;HK2;GNA14;ZNF675;SRC;TNFRSF11A;DDIT4;ATM;NPRL2;TRAF2;ZFP36L1;ADRA2A;STK11;TGFA;DHFR;ACSL3;EDEM1;NRAS;NPC1;AKT1S1;KLF4;BMP4;EZH2;MAP2K1;SDF2L1;CTH;MMD;CDADC1;CYLD;WAC;LYN;XIAP;RRP9;CPE;STK4;CDK1;ZMYND11;BRAF;INSR;PSPH;ERN1;PSMC2;AK4;PTPN6;SH2D3A;PRKACB;RIPK2;SRD5A1;LDLR;SC5D;GOLPH3;MAP3K11;DVL3;UNG;UBE2D1;RFFL;ADIPOR2;UBR2;EPHA2;TP53;MAP3K9;STARD4;SFN;MTOR;MAPKAPK5;WNK2;JUP;AVPI1;DUSP5;ATP6AP2;ACE;TSC1;MDM2;ROBO1;MAP7;ACLY;MKNK2;C9orf72;RABGAP1L;MIOS;TM7SF2;TRAF7;STK39;FZD7;GBE1;EGLN3;AMMECR1;PRKN;MST1R;RRAS;TNIP1;HGS;INSIG1;BTG2;PLK1;ABCF2;DLG1;AKT1;TNRC6C;DGKQ;MAPK1;CRKL;STRN;PNP;STK40;CAMKK2;CD81;MAP3K5;USO1;RDH11;CDKN1B;ADAM17;SQSTM1;PAK4;PIK3CB;HIPK3;TSPAN1;PIP4P1;FNIP2;TUBA4A;ID2;SESN2;MTHFD2;PRKCA;NAMPT;CEACAM1;PSME3;LARP1;RPN1;ROCK2;SORD,Ileum,Crypt stem cell
4,prerank,TIS,0.23477335911423297,1.0205171811714266,0.4056795131845842,0.4114900527811612,0.87,254/1013,23.34%,BIRC3;CD74;BLM;BRCA2;CDC45;MXD1;DONSON;CLSPN;CIP2A;TFPT;CDKN1A;MASTL;FANCB;TOP3A;H4C8;PRIMPOL;GCLM;PML;PARP3;ING3;H2BC4;SIRT7;SUPT5H;EIF2AK4;RAP2B;POLG;SPDYA;CYFIP2;HEXIM1;POLK;HIPK2;CDK9;PTPN14;RAD51D;VRK2;SAMHD1;RRM2;SHLD1;RAD51AP1;ALYREF;DDX11;ZGRF1;ITGB4;ELP1;TYMS;BCL3;DDIT4;TOPORS;ATM;TIMELESS;FANCI;POLQ;H2AC25;TRAF2;ZFP36L1;GINS2;NQO1;RAD1;SERTAD3;MPND;PAXIP1;STK11;CHD4;DYRK2;SP100;TGFA;TINF2;SMAD5;BBC3;ARID1A;PLK3;FPGS;TDP1;MCL1;KLF4;SUSD6;NINJ1;MICA;ERCC6;MACROD2;GTSE1;DTX3L;WAC;NFX1;NUDT15;LYN;XIAP;KAT2B;CANT1;BARD1;VKORC1;RFWD3;RECQL;TOPBP1;CLU;CDK1;IER3;HUWE1;RAD52;DDB2;TRAF5;CCND3;ATXN7L3;BCL2;PHF10;MORC2;TAP1;HELB;POLR2C;SMARCA2;DTL;CSNK1E;PALB2;TRIP12;RHOB;UNG;SRSF6;POLR2A;TM7SF3;FAM111B;BAP1;TERF2;ZRANB3;HLTF;EPHA2;TP53;POLR3C;SFN;ABL1;MTOR;MYO6;WNK2;TRADD;HELLS;NPLOC4;PMAIP1;RALGDS;PIAS4;BCAM;MDM2;ZDHHC16;TRAFD1;CCND1;WRAP73;MBTD1;MPG;UVSSA;MKNK2;SMYD2;CTNNB1;PSEN1;IRF3;NUCKS1;CBR3;PITPNC1;POT1;VCPIP1;PAXX;HIPK1;FOXP1;RUVBL1;TELO2;VPS37B;SNAPC5;BTG2;YEATS4;PLK1;RMI2;TRIM28;PTTG1IP;ERCC6L2;SHLD2;FTO;PARPBP;RFC4;SEC61A1;DEK;ATF2;AHR;SLC30A9;MCM3;UBA1;PNP;TRIM25;CETN2;KAT5;RNASEH2C;SPRTN;CCNH;CD81;FEN1;GNL1;MSH6;RPA2;ATF3;NIPBL;TADA3;CDCA5;APTX;MXD4;CYREN;BRIP1;GEN1;PTPRE;CDKN1B;ADAM17;MCM10;POLA2;MAGEF1;MCRS1;SLC35D1;FNIP2;ITPA;SESN2;PARP9;MORF4L1;ABCC4;FAAP20;ALKBH5;GTF2H4;DBF4;MRNIP;RAD50;DUT;POLE;RRM1;POLD1;FBXO31;ABCC6;USP7;NFRKB;USP1;RNMT;ZWINT;POLE3;PRKCD;COPS2;REXO4;DPYD;UPF1;JUN;RNF168;RORA;FZR1;APLF;RAD51;CLOCK;RFC3;KMT5A;RNF4;MAPKAPK2;PCLAF;UACA;EPC2,Ileum,Crypt stem cell
0,prerank,MS,0.47082785736647664,1.5658940994557422,0.001,0.001,0.001,412/1317,21.06%,PLAAT2;APOA1;APOC3;APOA4;CYP3A4;G6PC1;CYP2C18;CYP2C9;ALDOB;MAOB;DPP4;FMO1;CYP2C19;PIK3C2G;CYP2B6;HKDC1;KHK;AQP7;NR1H4;SLC2A5;EDN2;PLB1;GPD1;FABP1;GCNT2;EDN1;APOC2;AQP1;PNLIPRP2;FBP1;ANGPTL4;NR3C1;GLRX;GSTA1;PLIN2;CD74;OAT;DGKA;ABHD6;CES2;FLVCR1;CYP4F2;CBR1;GGT1;BMP2;LPGAT1;ACSL5;PCK1;SLC37A4;PCK2;CD68;GPX4;PID1;PTGR1;RBKS;ACAD11;REEP6;CYB5A;GRB10;RNF152;MAOA;ABCD1;SFN;PLA2G4C;AGPAT2;ACAA1;SLC6A6;LDHA;CYP2J2;NOCT;KLF10;BDH2;AKR1C3;MLXIPL;FABP2;CRYZ;GALK1;IFIT2;GSTM4;CEBPA;ALDOC;RAB32;BPHL;GNPDA1;IFNLR1;LPCAT3;ACOX1;ADH1C;SUCLG1;DGKZ;PFKP;HYCC1;ACADS;SESN2;ACOX2;PIM1;HADH;PCYT2;SAMD8;PLOD2;RETSAT;NR1D1;CRAT;DMAC2;SLC25A5;ACAA2;HSD17B11;PDK3;PFKFB2;CHKA;ACO2;PDK4;AIG1;ECI2;CEACAM1;SULT2B1;MFSD2A;PLAAT3;PLPP2;OSBPL10;THBS1;SELENOI;EPAS1;NQO2;SMAD3;PITPNM1;CDKN2B;VDR;ACSF2;SMPDL3A;PNPLA6;PRR5;IRS2;SLC22A5;ACADM;SHPK;PYCARD;ABCD4;MYH14;RXRA;PLAAT4;PLOD1;CYP4V2;MXI1;KLF6;CHP1;PTPRG;PRELID1;SDHA;ERRFI1;OGDH;ABHD12;FDX1;ITPKC;POR;SLC27A4;MGST3;LYRM7;PPARA;ITPKA;VEGFA;EIF6;BCL2L1;HADHB;BTG1;PIP5K1A;HCCS;TMBIM6;CYP4F12;CDKN1A;MT-ATP6;PLIN3;PKM;BAX;STBD1;TNFAIP3;PRELID3B;SESN3;MFN2;ABHD5;ECHS1;MT-CO1;PPARGC1A;PITPNM2;PGD;TPK1;ALDH3A2;GHITM;COX11;MT-ND2;CXADR;CYB5R3;PTGR2;ATP5PF;VDAC1;SLC25A20;ENDOG;NFIL3;FLCN;EFNA1;EPHX1;PFKFB3;MT-ND4L;SLC25A3;HPGD;SMPD1;CYP2S1;ZFP36;SGMS2;ATP1B1;GABARAPL1;VDAC2;VAMP7;DUSP1;MT-ND3;TPI1;MT-ND1;MT-CO2;CHCHD10;GPX1;ALKBH7;TTC7A;VNN1;S100A10;CPT1A;MT-CO3;TNFSF10;PLAUR;AIFM1;MTCH2;IDS;UQCRQ;UROS;NAAA;ABCD3;PEX13;AGPAT1;RHEB;MT-CYB;TES;ATF3;VPS35;PMAIP1;ABHD3;ISCA1;THEM4;ATP6V1F;STRADB;ATP5F1D;CD24;DBI;HADHA;COX14;PHYH;PRKAB2;AGPAT3;TIGAR;VAMP8;MRPL14;MTFR1L;OCIAD2;MIGA2;TIMM10;MAIP1;SLC27A2;PMVK;ARL2;SELENBP1;APEX1;NFE2L2;SREBF1;PPP1R15A;MCL1;GSK3A;DECR1;PLAC8;SCO2;RRAGC;ACADVL;DAGLB;COX6A1;BLOC1S1;SLC4A4;MT-ATP8;MT-ND5;ADTRP;SLC25A1;UQCRC2;ISG20;PSEN1;CITED2;POLR2F;GAPDH;ENO1;STPG1;SDHB;P4HA2;HMOX2;RAB5IF;MRPL28;COX7C;SLC25A51;ETFB;SOD2;HSPA8;ALAS1;ATP6V0E1;COX6C;MT-ND4;ULK3;ROMO1;CROT;CPEB4;ATP5IF1;SPHK2;MAFF;MRPS18C;SGPL1;ACOX3;SAR1B;AQP3;CLN8;ATP5MC3;TECR;CHPT1;SUCLA2;PRDX5;DEGS1;FH;MBOAT7;PPARD;PI4K2A;PCYT1A;MIGA1;PAFAH1B1;MTRF1L;UGP2;CYC1;BCL2L11;NDUFB5;UQCR11;LETM1;COA8;ACOT11;AFG3L2;PIGA;PGM1;COX4I1;PGAM1;LAMP2;PGK1;HACL1;RRAGA;PRKAG2;KDSR;ATG2A;EFR3A;HMGCS1;KAT2B;ELOVL1;MRPL34;STOML2;TUFM;GRPEL1;GAS6;ELOVL7;MRPL55;FOSL2;UQCRB;EGR1;MTLN;ETFRF1;ATP6V1D;HIP1R;ZFYVE1;SDHD;TP53INP2;P4HB;ATP5PO;FIS1;EXT1;NDUFS2;EGLN3;MRPL35;CLUH;ATP5MG;NDUFS7;GPD2;ZFP36L1;ACAT1;PTGES2;NDUFA2;VAPA;DERA;TTC19;LPIN3;RNF167;LETMD1;MIEF1;ANXA2;MRPS25;ABHD16A;ALAD;ACSS1;STUB1;KLHL24;RB1CC1;NDRG1;GPAT3;ECSIT;UQCRC1;CASP6,Ileum,Goblet cell
1,prerank,OIS,0.3929717420414811,1.304385206117942,0.001,0.0024019215372297837,0.006,147/733,14.78%,APOA1;SLC30A10;PTPRR;PRKG2;EMP1;HKDC1;ACE;NR1H4;DUSP5;GCNT2;EDN1;EDN3;BIRC3;ANGPTL4;MALL;GLRX;LGMN;CD74;CTSH;GBP1;BMP2;SLC37A4;TNIK;HBEGF;ABCB1;PEBP1;RNF152;NHERF1;SFN;SLC6A6;LDHA;TNFRSF1A;EPB41L3;IL2RG;SEMA3B;PELI2;MAPKBP1;CFB;NPC1;WWC1;SESN2;LPAR1;PIM1;PLOD2;PRDX1;DSC2;GADD45B;TRIB1;CEACAM1;EPHA2;GSDME;THBS1;CCL20;RPS6KA1;VAV3;CDKN2B;PSMC4;NAMPT;ROBO1;PRR5;PYCARD;TOR1AIP2;GADD45A;DUSP6;CCSER2;NPNT;MBIP;SOD1;TRAF4;MTMR10;STK40;ZDHHC9;DUSP16;FUCA1;KSR1;CBLC;RRAS;PPA1;VEGFA;PPP1CC;CDKN1A;AVPI1;RALB;TNFAIP3;PRELID3B;SESN3;TMEM176A;PRKCZ;DDT;ADD3;RELL1;PTPN22;PDGFC;ENDOG;NFIL3;FLCN;FZD7;ARRB1;SMPD1;SEMA6A;ZFP36;EIF4EBP2;PELI1;DUSP1;TLR3;IRAK1;TPI1;SPAG9;SH3RF2;EZR;TFDP2;CTSC;MAP2K2;PLAUR;CCNG1;ID1;BMAL1;RHEB;TES;STK3;MARVELD3;TNFRSF11A;PTK2B;THEM4;SRD5A1;CD24;ERF;SASH1;PNP;CTH;RPS6KA5;PPP1R15A;GSK3A;TNIP1;GLA;RRAGC;DEPTOR;PDGFA;GOT1;NRP1;MAP3K11;ETS2;UBC;F2RL1;GAPDH;TXNRD1;ENO1,Ileum,Goblet cell
2,prerank,TIS,0.3282572865301314,1.088045975419305,0.171,0.21163597544702428,0.54,132/964,13.90%,CYP3A4;PRAP1;CYP2C18;AADAC;CYP2C9;MME;SULT2A1;CIDEB;SULT1A2;CYP2C19;SLC28A2;CYP2B6;ABCC2;STOM;AQP1;UGT2A3;FBP1;BIRC3;GSTA1;CD74;DGKA;CES2;CYP4F2;CBR1;BMP2;GSTA2;SLCO2B1;UGT2B17;VKORC1;GPX4;TCN2;CDA;VAV2;SULT1B1;OSGIN1;C1orf115;HBEGF;ABCB1;CRIP1;SFN;ACAA1;CYP2J2;SULT1A1;NABP1;CRYZ;STK33;TONSL;GSTM4;CYP3A5;CEBPA;CTSD;BPHL;SEMA3C;OGG1;CDIP1;SESN2;RETSAT;SLC3A2;TPMT;EPHA2;GSDME;THBS1;ING2;RALGDS;NUDT9;RBBP8;VAV3;CDKN2B;VDR;ISG15;ELL;CD82;TDP2;PYCARD;RXRA;NR1I2;GADD45A;CMBL;EPS8L2;UPP1;GSTM3;TRAF4;SERPINB5;NINJ1;FUCA1;EIF1B;NAT2;BCL2L1;BTG1;CYP4F12;INO80C;CDKN1A;BAX;HINT1;USP43;CRY1;ENDOG;CDC14B;EPHX1;SMPD1;CYP2S1;PELI1;IRAK1;PTTG1IP;ALKBH7;S100A10;CRY2;PHF1;CCNG1;STXBP4;ATF3;PERP;PMAIP1;SOX4;FMO4;SOCS1;DPF3;BCL3;TIGAR;VAMP8;ACTB;ST14;PNP;CTNNB1;GMPR2;APEX1;PPP1R15A;SERTAD3;MCL1;BCL7B;NEDD4;HMCES,Ileum,Goblet cell
3,prerank,RS,-0.1947970301583531,-1.0197352708771112,0.3333333333333333,0.25,0.25,196/526,35.37%,PCLAF;LMNB1;RBL1;RRM2;EIF4EBP1;ATAD5;MCM3;CCNJL;BRCA1;H1-3;TP53;MCM7;MAGEF1;DBF4;POLE3;DUT;FAN1;MSH2;JADE3;NAP1L1;INTS3;H4C3;FAAP20;POLR2G;ATR;CTC1;PRIMPOL;OOEP;XRCC1;CPSF3;BRPF3;CENPX;CDK2AP1;NHP2;NUCKS1;RPA3;TP53BP1;KMT5A;SHQ1;PCNA;MUC1;SLF2;PLCB1;GNL3;OBI1;FAM111A;PRKDC;DKC1;ASF1A;POLI;TEP1;RMI1;PRMT1;RAD18;TFPT;HMGA2;KAT7;BARD1;STIL;DCLRE1C;RAD17;SAMHD1;MCM9;TOPBP1;ORC5;PARP1;MAPKAPK5;CCND2;CABIN1;WRN;LATS1;FBXO4;MRE11;CCT2;DPF2;KDM1A;POLA1;MMS22L;ZRANB3;SPIDR;DCP2;ATM;SMARCA2;RAD21;SSBP1;RIF1;TINF2;PHIP;RPA2;CDK6;RRM1;H2AC20;ORC4;EGFR;PSMD14;UBQLN4;GEN1;HLTF;H2BC5;HTATSF1;PRIM2;AMBRA1;NBN;PKD2;EXD2;WDR33;POLB;TFDP1;CDK4;MYB;RCC1;TSPYL2;PSMB2;RCHY1;C1QBP;PDS5B;BID;EHMT2;GAR1;MRNIP;CCND3;H2AX;MEAF6;POLG;PNKP;ACTR8;NSMCE1;EXOSC10;POLR2B;NSMCE4A;ZBTB1;RECQL5;CCT7;ANKRD28;ACVR1;CCND1;H1-4;HNRNPD;H1-0;WRNIP1;POLG2;HNRNPA1;SRC;CUL2;FAF1;RFC1;ZMYND8;METTL4;SMARCAL1;RAD50;MAP3K4;DMAP1;CDC73;RBX1;SMARCD2;HMBOX1;BOD1L1;ARID1A;GTPBP4;ATRX;USP1;CRLF3;RFWD3;BCL2;KAT5;SMC6;PARN;RB1;YLPM1;HDAC8;FUS;RBL2;USP10;GMNN;ECD;EP400;INO80E;PLA2R1;GSPT1;ZFYVE26;PARP10;RNASEH1;TAF1;TOP3A;AKT1;DLG1;NPAT;MBTD1;CUL4B;CUL4A;CUL5;RNF169;CACUL1;VPS72;PDS5A;PHF8,Ileum,Goblet cell
4,prerank,Common,0.27231345780471455,0.9098158473066424,0.952,0.8404723779023219,1.0,419/2672,15.80%,APOA1;ACE2;ENPP3;APOA4;TMIGD1;SLC30A10;SLC6A19;PRAP1;HLA-DRB1;CREB3L3;SLC6A4;FABP6;CIDEB;DPP4;MAF;SLC28A2;MPP1;CIITA;NR1H4;FABP1;EDN1;AQP1;IL6R;AQP11;SELENOP;IL32;BIRC3;ANGPTL4;GLRX;LGMN;PLIN2;CD74;DGKA;SCAMP5;CYP4F2;GBP1;GGT1;BMP2;TNFRSF12A;PCK1;VKORC1;PCK2;CD68;GPX4;REG1B;TNIK;TKFC;PC;FTL;CCL25;VAV2;EPPK1;HBEGF;RETREG1;PRSS3;RNF152;FTH1;NHERF1;NCK2;ABCD1;CRIP1;MEP1A;LRP1;IL18;SFN;PLA2G4C;MGAT3;NR5A2;MYLK;PCSK5;SLC6A6;SMURF2;TNFRSF1A;TRPV3;LY75;TMEM120A;CTSA;TLDC2;KLF10;NABP1;MGAT4B;AKR1C3;GRIA4;SNX7;IFIT3;STK33;IL2RG;TONSL;CFTR;DLC1;PELI2;IFIT2;DAB2;CEBPA;ARG2;MAPKBP1;CFB;LRRC19;PARP8;NPC1;IFNLR1;WWC1;OGG1;LPCAT3;CDIP1;ANO6;DGKZ;PFKP;SESN2;LPAR1;C19orf12;PIM1;NCOA4;ATP2B1;PLOD2;PRDX1;DNASE1;NR1D1;PBLD;SLC3A2;TMEM45B;MTARC2;GPR15LG;SLC25A5;DSC2;IFNGR1;ACAA2;TSKU;IGHA1;PDK3;PDK4;CPTP;TRIB1;CEACAM1;EPHA2;SULT2B1;MFSD2A;GSDME;TICAM1;THBS1;CCL20;ING2;IL22RA1;PHF7;CERS2;EPAS1;RBBP8;RPS6KA1;SMAD3;CST3;HRH1;VAV3;ATOX1;CDKN2B;VDR;CEBPD;ISG15;HES1;TRIM15;PSMC4;SLC30A1;NAMPT;ROBO1;CD82;SMPDL3A;PARP6;RHOC;PSME2;TDP2;PRR5;JPT1;IRS2;SLC22A5;SHPK;PYCARD;LGALS3BP;CCL14;GADD45A;DUSP6;RIGI;PLAAT4;TNFRSF10B;CD55;PLOD1;MSRA;RHOG;GLO1;KLF6;SOD1;GSTM3;NFKBIA;PRELID1;ATG4D;FIBP;NINJ1;ALDH3B1;ITPK1;ZDHHC9;TMPRSS2;SLC25A23;LRRC8D;RIOK3;ERBIN;CAT;PPARA;VEGFA;SCIN;PPP1CC;SAV1;KNL1;BCL2L1;BTG1;SRI;PRDX2;ZBTB7B;TMBIM6;DCAF11;CDKN1A;GCH1;KIF2A;PLIN3;GBP2;RALB;BAX;DDAH2;STBD1;SEMA5A;TNFAIP3;CALM1;SESN3;MFN2;PRKCZ;VSIR;ASS1;PRRG4;PPARGC1A;SLC20A2;OSER1;DDT;NMT2;RAB8A;MDK;PTPN22;ADCY9;GHITM;DAPK2;METRNL;USP43;CRY1;LAMP1;RTN4;VDAC1;ENDOG;FLCN;CDC14B;ITGB8;SLC31A1;ATP6V1B2;NFATC3;NECTIN2;FZD7;IL17RB;CREB3L2;SMPD1;TRIM69;DMD;RNF5;ZFP36;SGMS2;CHMP4B;TLE3;TRPV1;GABARAPL1;PELI1;NAPRT;CHMP1B;VAMP7;NCOA7;DDRGK1;TLR3;GRAMD4;IRAK1;FAM8A1;PTTG1IP;APPL1;RCN3;PEX14;GPX1;ALKBH7;SH3RF2;VNN1;S100A10;CRY2;CPT1A;TFDP2;TEC;SMAD7;MAP2K2;TNFSF10;PLAUR;WEE1;AIFM1;PHF1;HSPG2;PLEC;ID1;MSRB1;DMBT1;VIL1;BMAL1;TOM1;STXBP4;JCHAIN;PPP2R5D;DDX56;PEX13;DNAJA2;LCN2;RHEB;TES;ATF3;VCL;VPS35;MARVELD3;TNFRSF11A;TRAPPC4;PMAIP1;SOX4;PTK2B;RELB;CENPT;CD24;TRIM31;ATF5;DPF3;BCL3;ERF;TIGAR;VAMP8;TMBIM1;GBP3;BLNK;NIBAN2;ACTB;ITGA6;ACP2;CHMP1A;STAT6;CTNNB1;CTH;RNF34;RPS6KA5;APEX1;NFE2L2;SREBF1;PPP1R15A;CHMP2B;IFNAR2;MCL1;BCL7B;GSK3A;TNIP1;HLA-F;NEDD4;TJP1;HMCES;RRAGC;DAGLB;DEPTOR;PDGFA;IFNGR2;RNF125;SLC4A4;NRP1;RAD1;KDM6B;TMEM238L;CCL15;ADTRP;STAT3;ISG20;PSEN1;HLA-A;OXSR1;CITED2;ETS2;PABPC4;UBC;F2RL1;GAPDH;BACH1;TXNRD1;ENO1;PPP2CB;SPDYA;HMOX2;GNL1;FKBP8;E2F3;RPS27L;TMEM117;CDKN2AIP;S100A14;FZD5;SCMH1;CAMLG;TAP2;SOD2;HSPA8;VRK3;CDC26;PLEKHA1;MT1M;HRAS;TAOK2;ZBTB38;EDEM2;MEAK7;ATP6V0E1,Ileum,Goblet cell
0,prerank,RS,0.4463316844557002,2.13363034809399,0.001,0.001,0.001,157/418,23.12%,NAP1L1;CCNB1;PCLAF;BCL2;POLD2;MCM7;LMNB1;RRM2;CDKN3;POLA1;DUT;SPDYA;KDM1A;DKC1;MCM9;MBTD1;TFDP1;FBXW7;CCND2;DCP2;CDK6;SMARCA4;PRIM2;RUVBL2;FBXO31;CDK2AP1;CDK10;EZH2;NUCKS1;RAD21;ATRX;PRKDC;CDK4;PCNA;KMT5A;POLH;ADAM17;SMARCC1;CUL4B;POLG2;EXOSC10;HTATSF1;AKT1;HMGA1;SMG6;E2F3;HMGA2;FAAP20;CABIN1;UPF1;BRPF3;DHFR;FUS;YLPM1;STXBP4;EP400;H4C3;NHP2;RB1;BID;ZPR1;POLE3;SET;ZBTB1;WDR18;C1QBP;ING5;ACTL6A;GMNN;EGFR;H2AX;WRN;POLD3;YEATS4;RNASEH1;BCL7C;MAPK1;CRLF3;CTDSPL;RIF1;RAD51B;FAF1;HSP90AB1;PDS5B;TRRAP;HNRNPA1;RNF169;ABL1;DHX9;INO80;DAXX;HMBOX1;SMC6;USP1;NABP2;CUL4A;AMBRA1;SPIDR;HDGFL2;GNL3;SMARCA2;SMG5;OOEP;CCT2;ATR;USP7;CENPX;PHIP;ZMYND8;ZBTB38;INO80E;HNRNPC;DPF3;PPP3CA;TOPBP1;HNRNPD;CREBBP;CCT5;PAF1;HNRNPU;USP10;CCT7;RPA3;MNAT1;SFPQ;TERF1;SMARCA5;PDS5A;KAT7;ARID1B;S100A11;RPS6KB1;MCMBP;GNL3L;ASCC3;SLF2;BARD1;PSMD14;CHD4;RRM1;RPTOR;PNKP;UBE2N;HUS1;XRCC6;PIAS1;EREG;SMARCE1;USP43;GTPBP4;SRC;PPP6R3;EIF4G1;PARP1;RBBP6;LRR1;TCF3,Ileum,Paneth cell
1,prerank,MS,-0.330381070798987,-1.8439642772528193,0.001,0.001,0.001,432/1129,26.99%,G6PC1;ABHD6;ACOX2;GSTA1;AQP3;AQP7;PCK1;ALDOB;PLAAT2;FABP2;KHK;SLC37A4;APOC2;CYP3A4;PLAAT3;CYP4F2;BPHL;GPD1;FMO1;FBP1;GLRX;CBR1;SLC2A5;PFKFB4;MAOB;PNLIPRP2;PCK2;PLIN3;PCYT2;CRYZ;STBD1;ACAA1;PNPLA6;ACSL5;FABP1;CYB5A;DGKA;PTGR1;REEP6;EFNA1;EPHX1;MFSD2A;OAT;HADHB;STRADB;ALDH3A2;BDH2;FLVCR1;PRR5;DPP4;PHYH;VAMP8;BCKDK;CYP2J2;HMOX1;HPGD;NAAA;OCIAD2;CES2;PLB1;DECR1;RBKS;MGST3;LDHA;HIGD1A;GALK1;CYP4F12;CYP4V2;AIG1;ACADM;AGPAT2;MAOA;MARCHF5;DLST;ALAS1;SMPDL3A;GPX4;PIK3C2G;CYP2C18;RETSAT;EDN2;CYP4F3;SAR1B;LAMP2;TNFSF10;PINK1;DERA;PDK4;KAT2B;MAIP1;SLC22A5;LPCAT3;SDHB;ACOT8;COX14;DUSP1;POR;PLAAT4;ZFP36;MBOAT7;MIGA2;ATP6V1D;GNPDA1;VPS35;NR1H4;NOCT;TTC7A;HSD17B11;GLUD1;ACSF2;SLC25A5;MAPK3;HCCS;SUCLG1;PKLR;MRPL55;SCP2;COX17;PRDX6;PMVK;ECI2;PDK2;PLIN2;SELENOI;GHITM;SLC25A4;ACAD11;HSDL2;ITPKA;HMGCL;CD74;SDHD;PTGR2;MSMO1;ACBD5;GAS2L1;CASP7;TMEM14A;PEX13;STAT2;ANGPTL4;TMBIM6;SLC27A2;GSTM4;ACOX1;ULK3;ATP5PF;UQCRQ;SLC25A46;RXRA;PDK3;SDHA;COX5A;AKR1C3;MRPS22;PCYT1A;GABARAPL1;PRELID1;PRELID3B;KLHL24;CD68;ATF3;MAP1LC3A;XPNPEP1;HSD17B4;NDUFA1;BTG1;NDUFA3;CXADR;CEACAM1;SLC27A4;ATP6V1F;ACADVL;NDUFB5;SLC25A1;APOA4;SUCLA2;PGK1;HMOX2;NDUFS4;BNIP3L;BLOC1S1;COX7B;GRPEL1;MID1IP1;MRPL41;KLF6;SELENOS;PDHB;HIBCH;ETFRF1;MTRES1;BCL2L1;HSD17B8;PLPP1;GABARAPL2;COX6A1;MTCH2;HMGCS1;HIP1R;CPT2;PIGZ;IL10RB;ATP1B1;PYCARD;CDKN1A;ECHDC2;ABCD3;SMPD3;JUN;ALKBH7;GSK3A;COX6C;STX4;ALDH9A1;UQCRC2;IDH3G;HSPA5;P4HB;ECHS1;ALDH1A1;IDH1;TECR;SEC13;MRPS17;ABHD5;ACSS1;IDH3B;PLAUR;NDUFS2;NDUFA5;VAPA;LIPH;VDAC2;HADH;NQO2;CLDN3;MRPL44;SULT2B1;ATP5MC3;CRAT;NDUFV3;TMEM242;ATP5F1D;ANTKMT;NDUFC1;NDUFB1;NDUFB3;SDHAF1;CDKN2B;HADHA;LAMTOR1;SGPL1;MTIF3;NDUFA13;MRPL40;IDI1;MIGA1;ATP6V0C;TMEM223;SLC25A3;SURF1;HKDC1;HACL1;CYP2B6;FAAH;NDUFB10;MAP1LC3B;RHOT1;MT-ATP6;NDUFA2;CROT;PTS;RWDD3;PFKFB2;DGKZ;CHCHD10;PITPNM2;MPC1;ATP5F1E;COX6B1;FIS1;ABHD16A;APPL2;SNAP29;ACADS;NDUFA6;GPAT3;EHHADH;VDAC1;PSME1;CLN8;NAPEPLD;ATP5F1B;NDRG1;MDH1;MT-CO3;ATP6V0B;ACO2;ECI1;LAMTOR5;COX7C;MXI1;MT-ATP8;STMP1;PRKCD;MICOS13;LPGAT1;ILVBL;ECHDC1;IFNLR1;MT-CO1;NDUFS6;SDHC;PRKAB2;CYC1;UQCR11;ETFA;COX4I1;PRKAG2;AIFM1;NFIL3;GRHPR;PFKP;ADTRP;DECR2;COX7A2;LPIN3;ELOVL1;NDUFV2;PRXL2B;MTLN;NUDT7;PNPLA8;DYRK2;COX5B;ATP5F1C;TPI1;CHPT1;UQCRB;COX8A;SLC25A20;ERLIN2;SFN;AMACR;NDUFS1;SMIM20;NDUFB6;CEBPA;ATP6V0E1;NDUFA12;PLOD2;MRPL35;TMEM70;APOC3;B4GALNT2;PLPP2;NR1H2;ATP5ME;COX16;MT-ND1;MT-ND3;ATP5PO;MRPL27;TIPARP;JMJD6;ISCU;NDUFB8;ACSF3;REST;NDUFB2;PARL;CHP1;MT-ND6;KDELR3;NDUFB4;PLA2G6;VDAC3;RNF167;AFG3L2;ATP5F1A;NDUFA10;VAMP7;PAK2;MTRF1L;PEX2;GNPAT;SMDT1;ABCD4;ATP5PD;PIK3CB;PI4K2B;NDUFA4;DNAJC19;MLXIPL;IDH3A;FOS;ALDH6A1;AGPAT3;S100A10;IMMT;HAX1;GABARAP;LAMTOR2;MDH2;UQCR10;ATP5MF;ATG14;PAFAH1B1;GDE1;MT-CYB;LYRM7;TES;FLCN;NDUFC2;NDUFB7;MFN2;MRPS7;PLAC8;TMEM126A;SERINC1;TEFM;SLC6A6;SAMD8;NDUFA9;DLD;ATP5MG;MTOR;GPCPD1;CYB5R3;PGAM1;FDX1,Ileum,Paneth cell
2,prerank,Common,0.27213056029688926,1.4150289799641733,0.001,0.001,0.001,421/2116,17.32%,CDC20;CEACAM5;CCNB1;NUSAP1;EPHB2;MUC2;UBE2C;TOP2A;CENPF;PCLAF;ECT2;CD44;BCL2;POLD2;REG1B;MKI67;PLA2G2A;DNMT1;PTTG1;MCM7;NME1;LMNB1;GPX2;DTYMK;RRM2;STMN1;CD24;SLC12A2;HMGB2;REG1A;ARHGEF10L;CDKN3;ZBTB7C;NUDT1;GDF15;ELAPOR1;RNF186;SMC2;POLA1;AHI1;CKS2;FTO;CD81;DMBT1;DNAJC10;TUBB;SPDYA;HIPK1;PER2;ADGRE5;TRAP1;KDM1A;LCN2;THBS1;IER3;DKC1;UBE2S;LGALS9;SKA2;CKAP5;NUP160;MCM9;IPO5;MAP3K20;PTPN22;TNRC6C;H2AZ1;NOLC1;CBX5;CLMN;MACROD1;NASP;MBTD1;PRPF19;TFDP1;FBXW7;LBR;SOX4;MAZ;DAG1;RNF157;TP53I11;DCTPP1;HSPB1;USP36;KPNA2;DEPDC5;NACC2;FOXK1;PTPN1;PPIH;CCND2;SMC4;CDK6;SMARCA4;HMGB3;IFI16;NFE2L3;FOXO3;PRIM2;RNASEH2B;RUVBL2;GMEB1;DGKH;HES1;SKI;SF3B3;FBXO31;STAT5B;KIF20B;IFITM1;CDK10;FERMT1;MDK;RARRES1;MAPKAPK2;HMGN2;EZH2;NUCKS1;ARL6IP1;RAD21;ATRX;AGO3;PRKDC;HPF1;WNK1;FANCC;CDK4;PCNA;IFITM3;NFIA;ITGB3BP;NR2F2;KMT5A;GNL1;NUP62;NSD2;MAP4K4;ODC1;POLH;HDAC4;DR1;ADAM17;RBBP7;CREG1;WDFY1;SMARCC1;CUL4B;NUP37;NOC2L;HTATSF1;CKS1B;AKT1;HIKESHI;AXIN1;HMGA1;E2F4;E2F3;TNFAIP3;HMGA2;RNF168;FAAP20;KDF1;RPSA;PAXX;CFTR;CABIN1;UPF1;PRKCA;RFFL;DIS3L2;UBE2E1;CBL;KCNK6;SIN3A;DHFR;ATP2C1;FUS;TNFRSF11A;TLE1;STXBP4;BABAM2;FAM168A;EP400;ITPR3;DDAH2;H4C3;LRRC8A;MSL2;DHX15;PLA2G4A;TRIM28;RB1;BID;RNASE1;SRPK1;ILF3;TOMM70;MBD4;GSK3B;ZPR1;SERINC5;POLE3;DDX56;SEH1L;PTBP1;TRA2B;NUP153;HDAC2;RBM14;NIPSNAP2;AGR2;PTMA;KLF9;CLASP2;DYRK1A;RPS6KA3;SET;TXNDC5;RASAL2;SIK2;AMD1;TOPORS;ZBTB1;SLC38A1;TIGAR;UBE4B;GSTP1;USP6NL;SMURF1;C1QBP;ZFP36L1;PSIP1;INPP5K;TMPO;THAP12;ITGB5;ING5;ACTL6A;IGF1R;EIF2AK4;TAB2;TFRC;PRDX4;SEC14L1;BANF1;HSF1;EGFR;H2AX;WRN;POLD3;YEATS4;SRPK2;PSME4;ATG13;TAOK1;WDR59;FAM120A;SPIRE2;EXOC4;STRN;HDAC1;ZNF148;USP45;G3BP1;BTRC;STK25;HMGB1;VPS37B;BCL7C;MAPK1;ITFG2;MFHAS1;ZC3HAV1;ZNFX1;XRCC4;ANXA3;PSPC1;EIF4G3;METAP1;DAB2IP;NUP42;GSN;TBC1D20;STK33;LYPD8;SNRPD1;PRKCE;SGTA;PRKACB;MED1;BUB3;XPO1;RIF1;RAPGEF2;RAD51B;UBE2G2;CAAP1;PIM3;FAF1;SLC35A4;DEK;PARG;HSP90AB1;PDS5B;TRRAP;RAN;HNRNPA1;RNF169;CUEDC2;IL4R;HMGN5;ABL1;SIGMAR1;FOSL1;ANAPC15;RNF139;FUT8;PABPC1;ANP32B;CASP8;KAT8;DHX9;RPS3;NR4A2;LRBA;NCK1;GNAQ;PTPRM;CCL28;EPRS1;ARIH1;CIAPIN1;IRS2;GSS;PUM1;LMNA;AKIRIN2;INO80;BFAR;DAXX;ITGB1BP1;BRAF;SMC6;USP1;HIF1A;PARP8;KNL1;NABP2;CUL4A;BAZ1B;TRIM25;SMYD2;AMBRA1;SLC38A2;HNF4A;SPIDR;KANK1;CTBP1;NUP50;EPHA2;CYBA;NPAS2;APP;HDGFL2;SMAD5;PACS2;MAP2K6;SMARCA2;STAG1;TCF7L2;EHMT1;NUP54;EI24;CRK;OOEP;LYST;DDR1;HAPSTR1;ATR;CTCF;USP7;MCU;CENPX;CTBP2;KPNA3;UBE2I;NPM1;PHIP;ZMYND8;ERCC6L2;ZBTB38;ATF2;ZMYND11;BAD;TRAF3IP2;PSMD1;USF2;DPF3;KPNA6;ECSIT;UBR5;DFFA;IL17RA;PPP3CA;MARCKS;CASK;SMARCAD1;SRSF10;TOPBP1;PMF1;REXO4;NIPSNAP1;DNAJB6;FEM1B;NCL;ALPK1;PA2G4;SLC7A1;PHF14;HSPH1,Ileum,Paneth cell
3,prerank,TIS,0.2804339440453938,1.4019512561591398,0.001,0.001,0.001,164/764,17.08%,TOP2A;CENPF;PCLAF;ECT2;CD44;BCL2;POLD2;MCM7;NME1;GPX2;RRM2;HMGB2;NUDT1;POLA1;IMPDH2;FTO;DUT;CD81;SPDYA;HIPK1;KDM1A;THBS1;IER3;MCM9;MAP3K20;CBX5;MACROD1;MBTD1;PRPF19;FBXW7;SOX4;SERPINB5;SSRP1;KPNA2;NACC2;CCND2;SMARCA4;IFI16;FOXO3;RNASEH2B;RUVBL2;SF3B3;FBXO31;MAPKAPK2;NUCKS1;ARL6IP1;RAD21;ATRX;PRKDC;HPF1;WNK1;FANCC;CDK4;PCNA;KMT5A;GNL1;KCNQ1;NSD2;POLH;ADAM17;SMARCC1;CUL4B;NOC2L;HTATSF1;HMGA2;RNF168;FAAP20;ALYREF;PAXX;UPF1;FUS;TGFBR2;STXBP4;BABAM2;FAM168A;EP400;H4C3;MSL2;TRIM28;RB1;BID;MBD4;POLE3;SEMA3C;DYRK1A;TOPORS;ZBTB1;TIGAR;GSTP1;C1QBP;ZFP36L1;SF3A3;ACTL6A;EIF2AK4;TFRC;HSF1;EGFR;H2AX;WRN;POLD3;YEATS4;PSME4;TAOK1;SPIRE2;USP45;NOL8;CANT1;HMGB1;VPS37B;BCL7C;XRCC4;STK33;RPS12;PRKCE;RIF1;RAD51B;DEK;PARG;PDS5B;TRRAP;RNF169;RALGDS;ABL1;DHX9;RPS3;COPS7A;PTPRM;LMNA;INO80;SMC6;USP1;NABP2;CUL4A;BAZ1B;TRIM25;SMYD2;HNF4A;SPIDR;EPHA2;NPAS2;APP;HDGFL2;SMAD5;MAP2K6;SMARCA2;EI24;OOEP;ATR;USP7;CENPX;UBE2I;NPM1;ZMYND8;ERCC6L2;ZBTB38;ATF2;INO80E;ABCC3;DPF3;UBR5;SMARCAD1;TOPBP1;REXO4;FEM1B,Ileum,Paneth cell
4,prerank,OIS,0.1812205642521325,0.880567089649924,0.8479604449938195,0.8908706876320113,0.996,82/620,15.08%,EPHB2;CD44;PLA2G2A;RRM2;CD24;GDF15;CD81;THBS1;LGALS9;MAP3K20;PTPN22;TNRC6C;SYTL2;TFDP1;FBXW7;GMPS;DAG1;SIK3;DEPDC5;PTPN1;CCND2;CDK6;MECOM;TOMM40;MAPKAPK2;FGFR4;EZH2;AGO3;CDK4;MAP4K4;SASH1;ADAM17;AKT1;MTHFD2L;AXIN1;E2F3;TNFAIP3;PRKCA;RFFL;CBL;DHFR;TNFRSF11A;PSMG1;RB1;GSK3B;SEH1L;ACACA;RPS6KA3;GSTP1;ZFP36L1;IGF1R;TAB2;TFRC;HSF1;EGFR;TAOK1;WDR59;STRN;RPS6;P4HA1;STK25;HMGB1;MAPK1;ITFG2;MFHAS1;DAB2IP;PRKACB;RAPGEF2;STIP1;ETF1;DHCR24;NCK1;EPRS1;BHLHE40;OTUD7B;DAXX;ITGB1BP1;BRAF;EPHA2;APP;ELOVL6;MAP2K6,Ileum,Paneth cell
0,prerank,MS,0.4744792920634117,1.3571794299325608,0.001,0.011015421590226317,0.011,164/539,20.69%,APOA4;APOC3;APOA1;ALDOB;PTGR1;CYP3A4;FABP2;MYH14;FABP1;CYP2C18;MAOA;ACSL5;KHK;CES2;CYB5A;LPGAT1;AGPAT2;ATP1B1;TNFSF10;CBR1;MT1E;OAT;S100A10;MT2A;PLAC8;FBP1;ABCD3;PLIN2;SCP2;LDHA;MT-CO1;HSD17B11;NEDD4L;MT-CO3;MT-ND2;HADHB;ATF3;MGLL;STK24;MT-ND4L;MT-ATP8;SLC25A5;EXT1;CHP1;MT-ATP6;PPARA;MT-ND4;MT-ND1;MT-CO2;ACAA1;ADIPOR2;OGDH;TPI1;MT-CYB;PSEN1;ECHS1;PRKCA;GPD2;MT-ND5;ANXA2;MYH9;SUCLG1;PLPP1;ROCK2;HADHA;VAMP8;MT-ND3;APPL2;UQCRC2;ETFB;GPX4;PRKAG2;PIK3CB;CYC1;DERA;MDH2;VPS13A;ACO2;TES;CHPT1;UQCRC1;LDLR;MXI1;IL10RB;MRPS16;PTPRG;ABHD5;OCIAD2;ZBTB7A;AGPAT3;GAPDH;COX6C;HMGCS1;ETFA;PKM;GLRX;VDAC1;COX5B;ABHD12;WSB1;MGST3;PYCARD;NDUFS4;NPEPPS;GLUD1;CDKN1A;BLOC1S1;SDHD;VPS13D;NDUFA6;ETNK1;PAFAH1B1;VDAC2;ATP5F1B;SLC25A3;SDHB;SMG1;SMAD4;CD74;MICU1;COX8A;DBI;CYRIB;COX7B;P4HA1;EFR3A;NDUFB2;NCOR1;NDUFA10;ABHD3;SUCLA2;LAMTOR2;SELENOI;NDUFS7;PHB1;ATP5ME;MDH1;ATP5MC3;MAPK1;NDUFB9;OSBPL10;PIK3C2A;PRKN;UQCR10;ACADM;NDUFC1;PGK1;BMPR2;OPA1;PCBD1;ZFP36L1;ATP5F1C;PGLS;AUH;ACADVL;ATP5IF1;UQCRQ;NDUFB3;DPM1;ATP5MF;COX6B1;STOML2;HIBCH;ACSS1,Ileum,Plasma cell
1,prerank,Common,0.31068574993092823,0.8976751639327091,0.932,1.0,0.997,159/1171,15.14%,APOA4;APOA1;PRAP1;CREB3L3;PCSK5;FABP6;PRSS3;SLC6A19;KRT8;FABP1;SELENOP;PRKG1;IFI27;IL32;ACE2;TMEM45B;S100A14;TMIGD1;DSP;PTPRK;VIL1;MT1G;TJP1;FLNB;CLDN4;ELF3;HLA-DRB1;SCIN;MEP1A;TCF7L2;TPM1;TDP2;LGALS3;PTPRJ;CST3;TNFSF10;KRT18;MT1E;TNIK;ANXA4;S100A10;ID1;MT2A;DST;MGAT4A;MXD1;PLIN2;MGAT5;RTN4;RIOK3;MUC2;PDLIM1;JPT1;MYO6;MAP7;KLF4;FTH1;SMURF2;ARHGAP35;MDK;CTNNB1;ARHGAP26;CFL1;NHERF1;MT1F;ATF3;MGLL;SRI;PTTG1IP;STK24;NCOA4;SLC25A5;PPARA;GCH1;ACTB;ITGB1;TFDP2;CHMP4B;ADIPOR2;CRIP1;PSEN1;ERBIN;PRKCA;ANXA2;MYH9;PLPP1;CASK;TAOK3;ROCK2;SERPINB6;VAMP8;TMEM117;APPL2;GPX4;GBP3;PDCD6IP;PIK3CB;HLA-DPA1;VPS13A;TES;FOXP1;LDLR;IL10RB;CIB1;CHMP5;ITGB8;ISG15;ZBTB7A;GAPDH;VPS4B;MAP3K13;CHMP3;RNF213;ZC3HAV1;RBM47;LGMN;GLRX;NBR1;VDAC1;ANO6;HLA-A;GALNT1;CD55;VMP1;CAST;RAC1;SUSD6;RREB1;STK38;KIF1B;SLC20A2;TUBB4B;PYCARD;AK3;NPEPPS;CDKN1A;RNF7;YWHAB;RIPK1;VPS13D;APC;PARP4;DYNLT1;CALM1;NDUFA6;PAFAH1B1;CCNY;NDEL1;ZFAND6;RAB7A;STAT3;PKN2;CHMP2A;SMG1;SMAD4;CD74;RAB5A;PTEN;MICU1,Ileum,Plasma cell
2,prerank,OIS,0.30087947354121886,0.8613687672762897,0.8458458458458459,1.0,1.0,72/349,19.34%,APOA1;EPB41L3;ACE;SEMA6A;ABCB1;PTPRJ;TNIK;ID1;TOR1AIP2;LDHA;MAP7;KLF4;MAPK6;STK3;CFL1;ANKH;NHERF1;ADD3;TFDP2;ADIPOR2;TPI1;SPAG9;PRKCA;TAOK3;ROCK2;PEBP1;PIK3CB;CDK12;TES;LDLR;IFRD1;CIB1;GAPDH;HMGCS1;MAP3K13;LGMN;GLRX;NBR1;PDE8A;CCSER2;RAC1;PFN1;SDCBP;STK38;CTSH;USP12;PYCARD;CDKN1A;YWHAB;RIPK1;SMAD4;CD74;PTEN;MAP3K2;P4HA1;RPS6KA3;NCOR1;TMEM219;LAMTOR2;PHB1;PABPN1;MAPK1;XIAP;MAPK14;SKP1;PRKN;CD9;PPA1;SBNO1;PGK1;ZFP36L1;EZR,Ileum,Plasma cell
3,prerank,TIS,0.2984717911940236,0.8561214514887138,0.8588588588588588,1.0,1.0,52/383,16.27%,PRAP1;MME;CYP3A4;CYP3A5;CYP2C18;PTPRK;CES2;ABCB1;TDP2;CBR1;S100A10;CTSD;FBP1;MXD1;MYO6;KLF4;CTNNB1;ATF3;PTTG1IP;ALDH2;ACTB;PERP;ACAA1;CRIP1;PSEN1;TAOK3;VAMP8;GPX4;FOXP1;CIB1;ISG15;ZBTB7A;MPC2;SAT1;SUSD6;SDCBP;STK38;PYCARD;AK3;CDKN1A;GSTO1;RIPK1;APC;PARP4;SMG1;CD74;SLC35D1;ABL1;ARL6IP1;VKORC1;RAD50;RHOB,Ileum,Plasma cell
4,prerank,RS,0.1540165496602189,0.43682486597101167,1.0,1.0,1.0,52/229,27.23%,MME;DSP;KLF4;CTNNB1;ACTB;ITGB1;APPL2;CDKN1A;ZNF827;APC;SMG1;PTEN;ABL1;RAD50;CSNK2A1;AMBRA1;ESCO1;DDRGK1;PSME2;MAPK1;SKP1;TMSB4X;SHLD2;POLD4;PSMB7;PARN;PSMA6;PPP2CA;ARID1B;TAF1;ZBTB1;KHDRBS1;H3-3A;FUS;PPP1CA;ZMYND8;SMC3;RAD51B;ARID1A;DDB1;HMBOX1;ANKRD17;HNRNPA2B1;BRD7;ELOC;CREBBP;REV3L;APPL1;SMG6;TCP1;SMC5;POLR2F,Ileum,Plasma cell
0,prerank,OIS,0.3444822209111722,1.2821436247777946,0.18301610541727673,0.5956533404883284,0.41,28/187,12.54%,DUSP4;CD74;CCL20;CD27;TNFRSF14;THEM4;PDAP1;ELOVL5;CAMK4;CTSC;RAC1;ROCK1;ATM;IL6ST;GLRX;SEC11A;ARPC5L;GRB2;PIN1;CCL5;RBX1;LAMTOR5;PPP1CA;PSMB8;IGBP1;PTPRC;IQGAP1;PRDX1,Kidney,CD4T
1,prerank,Common,0.27821635056806737,1.1522782451908287,0.20885357548240635,0.5623826133619533,0.621,133/613,20.99%,CTLA4;CD83;HLA-DRB1;HLA-DPA1;CD74;APOBEC3C;CCL20;RGS1;CD27;PSMD4;TDG;TNFRSF14;CCL4;MT2A;UBXN4;PMAIP1;BATF;CHMP2A;RNASEH2B;GHITM;RNASEK;STAT1;VDAC1;STMP1;PLIN2;RAC1;REL;ROCK1;PYHIN1;PSMA1;LSP1;GBP2;ATM;VPS28;IL6ST;TPR;RNASEH2C;JPT1;IFI6;FAAP20;LCP2;ANAPC11;GLRX;FCMR;TAP1;GRB2;DNAJB14;MAF;PIN1;NDUFA6;MTDH;CCL5;SIGIRR;DNAJC7;LARP7;WNK1;GZMK;XRCC5;EIF3A;RBX1;LAMTOR5;PPP1CA;RAD21;NUCKS1;PRKCH;PSMB8;TEX264;PARK7;IGBP1;UCP2;FOXN3;RCSD1;GNAS;ACTB;IRF3;PTPRC;PRDX1;MEAF6;RNF115;CASP4;CST7;TXN;SOD2;GZMA;MDFIC;HIGD2A;XCL2;TNFSF10;WAC;RNF167;ATP2B1;CLIC1;USP15;PSMD8;MDM4;PAFAH1B1;BSG;FKBP8;TRIM22;IPCEF1;UBE2L6;PRF1;SAR1A;MYO1F;LMAN1;SLC38A2;PSMA2;BAX;CD2;PARP1;GSTP1;HDAC1;FAM162A;SELENOS;TSC22D4;TERF2IP;VSIR;PHF20;SEM1;ATP6V0B;SMARCA2;PDIA6;ANXA2;HCLS1;EPB41;DHX36;HLA-F;GABARAPL2;WDR33;NUB1;RHOA;LAMP1;GAPDH,Kidney,CD4T
2,prerank,TIS,0.3055741951886178,1.1498108347958753,0.324438202247191,0.37778374027367856,0.623,30/219,12.59%,CTLA4;CD74;TDG;COPS6;PMAIP1;BATF;RNASEH2B;PYHIN1;PSMA1;ATM;VPS28;RNASEH2C;FAAP20;DNTTIP2;TAP1;GRB2;WNK1;XRCC5;RBX1;SAT1;PPP1CA;RAD21;NUCKS1;TEX264;PARK7;FOXN3;ACTB;IRF3;DGUOK;MEAF6,Kidney,CD4T
3,prerank,MS,0.19157697287675587,0.7435289255474925,0.845,0.8269385564797425,0.98,69/307,21.69%,CD74;TALDO1;MT2A;NDUFB3;PMAIP1;THEM4;ELOVL5;GHITM;MDH2;VDAC1;STMP1;PLIN2;MRPL51;NDUFA7;ATM;TIMM13;IFI6;GLRX;PIN1;NDUFA6;COX20;GZMK;COX5A;PET100;MT-ND6;SUCLG1;SDHD;LAMTOR5;NDUFB2;PRKCH;PARK7;UCP2;MT-ND5;RBPJ;DBI;SOD2;HIGD2A;IDH2;TNFSF10;RNF167;TUFM;MRPS34;MDM4;COX5B;NR3C1;PAFAH1B1;MRPL34;UBE2L6;NDUFA4;SAR1A;UQCRFS1;ATP5F1C;UQCR10;ATP5MF;PGAM1;BAX;PARP1;GSTP1;FAM162A;SELENOS;COX8A;ATP6V0B;ANXA2;DECR1;GABARAPL2;GAPDH;NDUFA11;ATP6V0E1;CPNE3,Kidney,CD4T
4,prerank,RS,-0.14797937783011977,-0.6817866390637821,0.994269340974212,0.9960722702278083,0.9986111111111111,13/127,9.68%,POLR2F;CDKN1A;CCNI;NSMCE3;BAZ1A;RGCC;CCT2;EPC1;ANKRD28;RBMS1;ANXA1;WAS;HSP90AB1,Kidney,CD4T
0,prerank,MS,0.2521824388110153,1.2950116404956549,0.011441647597254004,0.04727600180099055,0.033,85/388,17.80%,ABHD5;CD74;EGR1;IER3;FNIP1;GZMK;BNIP3L;BCL2;MRPS24;RBPJ;MRPL43;PMAIP1;COX14;OCIAD2;PPP1R2;RGCC;YWHAH;HIF1A;TTC19;MDM4;GPX4;UGP2;AKR1C3;SQSTM1;MRPL18;DMAC1;ANTKMT;ISCU;ECHS1;ECH1;TIMM17A;TOMM20;LAMTOR2;HSPA1A;TUFM;WSB1;ZNF292;MRPS7;ATP6V1E1;TALDO1;MT-ND1;ATP5PF;REST;VDAC2;RB1CC1;LDHA;VAMP8;ATP5IF1;NDUFS7;MIF;FOSL2;TOMM22;PPP1R15A;PRMT1;CXCR4;LPIN1;MFF;ODC1;ATP5PO;AKR1B1;ATP6V0C;CHCHD7;RAB29;CSNK1A1;NOP53;EGLN2;MTIF3;MRPL22;ATP6V0B;TOMM7;COX7B;GRPEL1;SOD2;ATP5MG;PET100;GSTP1;NDUFA1;TPI1;NR3C1;GAPDH;MT-ATP8;ETFB;COX7C;LAMTOR5;TECR,Kidney,CD8T
1,prerank,Common,-0.212579853087776,-1.1405463782702907,0.08783783783783784,0.2763584023029867,0.31419624217118997,164/852,16.91%,ADGRG1;PXN;TIGIT;CD160;TGFBR3;GBP2;CELF1;PLEK;TRIM56;PTGDR;SAMHD1;MGAT4A;ZBTB38;ITGAL;CANX;TNFRSF1B;FCGR3A;AOAH;TAP1;F2R;HERPUD2;ADRM1;STAT1;SSB;TFDP2;SPN;EIF2AK1;ABCF1;SRPK2;RFC1;PTTG1;PRF1;CHMP1B;ROMO1;ERBIN;PPP2R5E;TLN1;VPS13C;PPM1B;NME3;RORA;SIRT2;PTGER2;NIBAN1;PSMD13;SOCS3;APOBEC3C;RIOK3;BNIP2;SPCS3;CST7;TIMP1;FERMT3;SLC3A2;PLEKHA1;ITK;LMNA;SMC4;TGFB1;CASP8;HSPA5;CCNK;MT1F;ABHD17A;GZMB;RAP2B;SHISA5;MACF1;MAZ;HDAC1;LCP2;ANAPC5;CAST;TERF1;CRTAM;RAB8A;DGKZ;EIF4G2;RECQL;KPNB1;DNAJA4;ARID4A;PPP1CA;SNF8;CHORDC1;KLRD1;MTF2;CYB5B;KLRK1;JPT1;RHEB;OPTN;ABI1;CALCOCO2;ABI3;CARD8;DYNLT1;CHMP2A;ATM;IFNG;NCL;NONO;PLAAT4;STAT4;SETX;AKNA;VTI1B;RBBP7;NCK1;PQBP1;CAPN2;MORF4L2;TAPBP;FOXN3;MAP2K2;BAG1;MYO1F;CASP1;HLA-F;DNAJC7;RNF125;NKG7;PSMD7;ZNHIT1;CDKN2D;FYN;CHD4;ERLEC1;SERPINB9;PSMD8;EIF4E2;TXNDC12;LYAR;ATRX;RNF213;IFITM2;CCL3;ITGB2;PYHIN1;PPP2R5C;PTPRE;PAFAH1B1;NDUFA6;WAC;TSC22D4;SELENOS;PTPN22;RAB2A;P4HB;SEM1;SERPINB6;ATF3;PGK1;RNF115;PTMS;TNFRSF14;SNW1;MT1X;TOB2;SRI;DHX36;VMP1;VSIR;CDC26,Kidney,CD8T
2,prerank,TIS,0.2178979369886283,1.1039355589089188,0.1951219512195122,0.2789284106258442,0.327,45/284,13.13%,BIRC3;CD74;NT5C3A;IER3;SUMO3;BCL2;NSMCE3;WDR33;BAZ1B;FOXP1;PSMB4;PDE4B;PMAIP1;RPP21;GADD45A;FAM111A;RNMT;MDM4;GPX4;NIPBL;RPA2;DCXR;MBD4;ISCU;RNASEH2B;RALGDS;RPL36;PSMA1;POLR2I;URI1;UBC;VAMP8;COPS3;HMGB2;MIF;CDC5L;GTF2H5;PPP1R15A;PRMT1;POLR2L;BTG2;USP3;CD44;PPP4C;NSMCE1,Kidney,CD8T
3,prerank,OIS,0.1803268128581377,0.8740852620958149,0.8204545454545454,0.8590724898694282,0.873,38/237,13.68%,CD27;BIRC3;CD74;FNIP1;DDT;WDR33;NAMPT;HSPA4;PTPN1;GADD45A;IGBP1;MDM4;SQSTM1;PLCG2;RAB1A;PPP1CB;LAMTOR2;RPS6KA3;SERP1;ATP6V1E1;UBC;IFRD1;LDHA;PRKACB;SHOC2;MIF;RPS6;PPP1R15A;PRMT1;PEBP1;CXCR4;BTG2;IL7R;PDCD4;DDX39A;CD44;ATP6V0C;CSNK1A1,Kidney,CD8T
4,prerank,RS,-0.15527259942617652,-0.7219785498856851,0.9864077669902913,0.9967614249730119,1.0,29/168,18.52%,SAMHD1;ZBTB38;RFC1;ROMO1;NHP2;CDK2AP2;RBMS1;RASSF1;RBL2;TERF1;DGKZ;RECQL;PPP1CA;CCND3;ATM;MORF4L2;CDKN2D;CHD4;ATRX;WAC;SEM1;WAPL;PTMS;DHX36;POLR2F;ZBTB1;PSMB3;PSMA4;ITGB1,Kidney,CD8T
0,prerank,Common,-0.18941329942354354,-1.0539314342788855,0.1282051282051282,0.506872852233677,0.3622159090909091,393/1415,25.10%,SERPINE2;NFKB1;CCL2;DAP;SUPT5H;EDN1;VEGFC;AKR1B1;MGLL;CAV1;KLF4;TCIM;VMP1;DEPP1;RELA;ATF6B;CXCL2;AQP1;ENTPD1;PDCD4;HSPA2;PTPN14;TNFAIP3;NUAK1;TEX264;CCNT2;SLC12A2;CDK4;PELI1;WWC2;PLCG1;PHB2;CXCL12;ITGA5;NTHL1;THBD;DHX9;LMNA;JMY;HBEGF;RNF167;SEC22B;MT1M;SERPINH1;SPART;FEZ2;MT2A;LGALS3;DDIT3;HTATSF1;IER3;PPP1R14B;GPR108;MGST2;IFI27;FES;ICAM1;TNFRSF1B;ADAM15;PDGFB;COL18A1;HERC2;GABARAPL1;PDE2A;CASP4;MGMT;UBR5;FURIN;TECPR1;GBP1;EPHA4;MX1;PER1;KPNA6;EGLN2;EWSR1;GSN;STX12;F11R;AKT1;IFT20;ATP6V1E1;A2M;ZBTB8OS;ID1;CDKN1A;RAF1;DDX3X;RNF144B;SOCS3;PSIP1;PPP2CB;CDH5;RAMP2;HAX1;KLF2;UACA;UBXN2A;CD109;S100A10;ATG101;ARHGEF2;MAPK3;PIK3R3;CCL14;SNF8;NOS3;HES1;RAB5A;MT1E;CD34;FIBP;HYAL2;MPG;VEZF1;STK38L;IFITM3;CBL;UBE2V2;IFITM2;BTG3;SPSB3;SYT11;BCL6B;IFITM1;ITGB1BP1;CCNT1;PKN2;SOD2;PTTG1IP;CD58;PRNP;RAB3GAP1;IER5;TAOK2;RPGR;PSMD13;MIA3;VPS26A;MYH9;NUDC;SNAP23;EMP3;HDAC5;PLEC;PPP4C;SLC25A24;ARID2;GIT1;ADAMTS1;ABCF1;ATP2A2;TOB1;ANXA1;CD81;TTC1;CDK6;BCL7C;FLNA;IL32;NFKBIA;CDC37;EMC6;LYPLA1;CEBPD;GAS2L1;HIF1A;ATP2B4;HLA-C;RBBP4;NMI;CCNY;USP15;C6orf89;TMEM109;RALB;ROCK2;RPS6KA3;NEDD4;PTPN11;ATF2;HLA-B;PSMC2;CALM1;ATP6V1D;CCNK;BCL2L1;ADARB1;TUBB4B;ABHD17A;AKR1C3;ITGA6;USP47;AKIRIN1;RANBP2;UBQLN1;CHMP2A;CD9;AHR;PSMC3;STAT3;SRSF6;PPP3CA;RTCB;COPS5;PROS1;ITGB5;IFI6;JPT1;RFC1;KLF10;VPS41;KIN;ITGAV;SMARCB1;STAT6;SLC38A2;DDAH2;PIM3;ZDHHC20;KPNA4;RAC1;DGKE;DST;EIF2AK4;CEBPG;SMARCD1;DNAJC7;TMBIM1;ADCY4;TAOK3;LMAN1;TSC22D1;SIVA1;PLEKHA1;NAGK;UFD1;HHEX;PAM;EFEMP2;STX2;HM13;SPCS3;IFIT3;PIP4K2A;ATG3;UFC1;SCOC;UBE2K;TAX1BP1;SCFD1;ZFP36;STAG1;TERF1;ATF3;PPT1;CD40;BRD7;EXOC1;PDLIM1;RHOC;EPC2;TXNDC12;CALCOCO2;PRKCH;CFLAR;NQO1;HSPA9;RGCC;LATS1;APOL3;MEAF6;TMEM59;B2M;CRYAB;SRPK2;MALT1;RB1CC1;PAFAH1B2;PDS5B;ARF4;CHMP4B;CUEDC2;NAPRT;PEA15;ABI3;CRIP1;RRAGA;PLK2;UPF1;VPS13C;STAU1;FAAP20;PPP1R15A;DSTYK;DDIT4;IRF1;NEK7;CAPNS1;FAM76B;SSB;UBN1;VAMP3;LAMP2;IGFBP7;GRINA;HSPB1;PDCD10;PLPP1;UFM1;PPP1R15B;TMSB4X;PLAT;ATG14;ACVRL1;HLA-DRB1;CDC5L;EXOC4;FBXO3;MTREX;CDH13;CREB1;ANAPC16;EPS15;KDM6B;XBP1;RASIP1;ZSWIM7;BUB3;DYNC1LI2;MAN2A1;DNAJA4;PSMD11;NDRG1;SMARCA2;FBXW11;SENP7;SERPINB6;RPS6KA2;TRIM44;USF2;KIF1B;BAD;CUL1;RICTOR;HSPA1A;MEF2C;PJA2;YWHAG;ETS2;WDR45B;ANXA5;ZC3HAV1;DYNC1H1;SLC6A6;ATG12;PSME1;GATA2;CLIC1;PHIP;UBC;SMG1;MCC;YTHDF2;JMJD1C;TAF10;CREB3L2;KDR;SELENOK;TBC1D5;RIF1;TBXA2R;PLSCR1;VAMP8;SET;PSMA1;XPO1;CSF1;RPS19;PHF20;EPAS1;ZBTB7A;DDX5;FLT1;MANF;LY6E;FAM162A;SEC14L1;RASAL2;RNASE1;EGR1;PSMC6;HSPA8,Kidney,Endothelial cell
1,prerank,OIS,0.20769614913037868,0.9903927417097631,0.5084745762711864,1.0,0.859,65/407,14.32%,APOE;LBH;MAFB;EZR;VEGFA;RGS2;CCN2;BIRC3;TFPI;STK4;CMKLR1;ARF5;UBE2N;SKAP2;PIN1;CYLD;LARP1;SPRED1;AP2M1;CA2;CEACAM1;GLRX;CTSS;SYAP1;ZDHHC17;HIPK2;TNFAIP8L1;TMEM127;RNF13;EVI5;TGFBR3;SAR1B;LGMN;MAP3K13;RBX1;PDE8A;ARRB1;HSPD1;CYP51A1;TPI1;UBE2D3;ATP5MC1;SEMA6A;SLCO3A1;PPP1CA;JUP;GRB2;PSENEN;SPRY4;TXNRD1;XIAP;ST6GAL1;F2R;ERP29;PPP1CC;PDAP1;SDCCAG8;CDK12;CACYBP;SEMA4C;HSPE1;PLCG2;GADD45A;SATB1;TFDP2,Kidney,Endothelial cell
2,prerank,RS,-0.19637552520914786,-0.9620733024316083,0.5709342560553633,0.6357388316151202,0.7528409090909091,64/258,25.65%,CCL2;FAM107A;KLF4;TCIM;CDK4;PELI1;RASSF1;ANKRD28;DHX9;HTATSF1;MAP3K11;PLCB1;AKT1;CDKN1A;DDX3X;FHL1;MAPK3;CCT8;PPP4C;ARID2;ADAMTS1;ANXA1;CDK6;BCL7C;ATP2B4;PPP3CA;RFC1;KIN;CTDSP1;SMARCB1;SMARCD1;KMT2E;TERF1;BRD7;EPC2;RGCC;LATS1;RDX;MEAF6;CHRAC1;PDS5B;PLK2;UPF1;FAAP20;NEK7;POLR2K;UBN1;TMSB4X;ACVRL1;ZSWIM7;SMARCA2;NPAT;CUL1;PSME1;PHIP;SMG1;TAF10;RIF1;SET;PSMA1;TMEM14B;SMARCC2;DDB1;CCND3,Kidney,Endothelial cell
3,prerank,MS,0.17984601471533948,0.8811456564654532,0.8527131782945736,1.0,0.983,124/638,19.17%,ALDOB;VEGFA;GSTA1;SNAI2;FABP1;BNIP3L;CCN2;ABHD5;PDIA5;COA8;CBR1;ECHS1;PRDX6;UGP2;SFRP1;MRPS11;UQCR10;MDH1;CDKN1C;CITED2;COX11;MRPL43;FOXO3;PIN1;VDAC1;GGCT;OAT;LARP1;NIPSNAP2;SUCLG1;CLU;ALDH6A1;MAP1LC3A;CXXC5;GHITM;CA2;CEACAM1;GLRX;PDHB;LDHB;HIPK2;PRELID1;SPTLC2;MIGA1;EFR3A;ETFA;HNRNPA1;SDHC;SAR1B;CREBBP;MRPL42;FMC1;HSPD1;OSTC;FDX1;MRPS7;GRB10;TPI1;EIF2S1;ATP5MC1;ACAA2;ATP5MC2;ATP5F1C;PGAM1;PSENEN;MRPL18;CHCHD10;ATP5F1A;PTGR1;CHCHD1;NDUFV3;STMP1;FAR1;ATP6V0B;DGKH;ERP29;HIBCH;NDUFA5;BDH2;MRPL52;NDUFA2;TOMM22;MRPL47;HACD3;NDUFA7;BECN1;PPP1R2;SMDT1;KLHL24;AKT3;HADHB;ALDH9A1;CSKMT;NDUFB2;HSD17B12;ADM;UQCRC1;AFG3L2;COX7B;TMBIM6;ATP5F1D;ATP5IF1;NDUFS1;MIF;INPP5K;ACSL3;TIMM13;SPTSSA;MT-ND6;KLF6;PIK3C2A;ASAH1;SAR1A;GSTP1;PNPLA8;REST;PITPNC1;MICU1;STOML2;MRPL19;ACADM;VPS35;SMAD4;ACSL4,Kidney,Endothelial cell
4,prerank,TIS,0.16772445024877536,0.7983038738469753,0.9828947368421053,0.9799270072992701,0.994,79/467,18.35%,UGT2B7;SAMHD1;GSTA1;SNAI2;ALDH2;BIRC3;GSTA2;SOX4;CBR1;UBE2N;USP22;FOXO3;RNMT;CLU;TDG;SPRED1;TM7SF3;PSMA5;SMC1A;DPYD;COPS9;SSRP1;LDHB;HIPK2;POLR2C;UBE2I;PRKCE;MYO6;POGZ;PSMB2;DHX36;ATXN7;CREBBP;RBX1;DCXR;UBE2A;UFL1;CMBL;EIF2S1;GTF2H5;PPP1CA;GRB2;HINT1;NUDT21;PPP4R3B;TSPYL2;XIAP;F2R;RAD23A;FEM1B;WWP1;HIPK1;SHPRH;PARP9;SMAD5;CSNK2A2;SMARCC1;GADD45A;TOPORS;RBM22;XPA;TCN2;RPP21;PPM1F;TLK2;WNK1;CSNK2A1;FOXN3;DNTTIP2;SETD2;KMT5B;MIF;BCLAF1;ACTB;FOXP1;APC;DCTN4;GSTP1;PITPNC1,Kidney,Endothelial cell
0,prerank,Common,0.33558561219289795,1.5116173556912091,0.001,0.001,0.001,466/1849,20.50%,HSPA6;BIRC3;ATP6V1B1;ATP6V0D2;ATP6V1C2;UMOD;KLF2;TMSB4X;TCIM;ATF3;SCIN;IGFBP5;MUC1;WFDC2;PPP1R15A;FOS;NUPR2;GAS6;PACRG;JUN;EGR1;IL18;TLE1;BST2;FGF7;DSG2;MARCKS;CLDN4;BTG3;JUNB;NFKBIZ;SLC38A1;PTGER3;CD9;ERBB4;BTG2;IFITM2;IER3;LGALS1;HSPA2;CD55;CLDN3;ID1;AHNAK;HLA-B;DNASE1;PLCG2;DNAJB1;HSPA1A;HSPA1B;PXK;DEFB1;FOXP1;KNG1;ZFP36;HLA-DPA1;TXNIP;BLNK;DNAJB4;MACF1;TMPRSS2;ISG15;LGALS3;SFRP1;DDR1;CRIP1;ADM;DST;SH3BP4;UAP1;ELF3;FLNB;BTG1;REL;TES;GDF15;NFAT5;UCHL1;ANXA2;DNAJA4;SHPRH;TFRC;SPTLC2;UBE2L6;TNFRSF12A;ST6GAL1;DDIT4;CD47;CAPN2;HES1;B2M;KLF6;SMCHD1;CD81;OXR1;METRNL;NFKBIA;PPP2R5A;ITGA2;SAV1;FLNA;IFITM3;BNIP2;GMPR;SERPING1;HLA-E;ZDHHC3;S100A11;GSTM3;CDKN1A;PLOD2;PFKP;CLIP1;RBBP8;ATP6V0B;ERMP1;UBE2S;PLSCR1;NIPSNAP2;AHI1;TSC22D3;UACA;GATA3;MCL1;MDM4;ASCC3;HSPH1;IFI27;ETS2;SEC14L1;VPS37B;WNK1;VMP1;YWHAH;SOX4;CEBPB;BOD1L1;TBC1D14;RNF168;TRIB1;DSP;HLA-C;RICTOR;IFNGR1;RBM5;NAMPT;PTPN2;MYH9;EPC1;IRS2;PSMB8;ERO1A;HMGB2;DLG3;SRSF2;CENPC;PARP14;TNFAIP8;CEBPD;RANBP2;SRI;CREBZF;FUS;MBP;PLAAT4;ITGA6;MTF2;CD24;SERPINH1;NECTIN2;TAPBP;GSN;CDKN1B;NASP;PIAS1;ZFP36L2;OGT;ING3;CCNT2;TLK2;GTF2H2;INSIG1;ATRX;DAB2IP;REV1;SELENON;ITGAV;YTHDC1;POU3F3;CITED2;TOX3;S100A10;TRA2B;ITPR2;SPCS3;PER1;HDAC1;XBP1;MTR;NUP214;BAG5;PLPP1;OCLN;NFKB1;CD83;UBE2E1;JMY;ZMPSTE24;SMG1;KDM6B;ARID1B;CABIN1;ZMYND8;FOXO1;TCF7L2;DDX5;RNF213;SELENOS;DCDC2;CPT1A;HLA-A;ATF6B;TBC1D5;TPR;DDIT3;RARRES2;SFPQ;CCNK;RBBP6;GNAS;PHF1;HSPA5;BRD8;EIF2AK4;LRP6;STK33;TXNDC12;LGALS3BP;UBE2D1;SGMS2;EFHD1;ITGB1;HSF1;SUPT20H;TJP1;DNAJB14;MAP2K1;DUSP6;NOLC1;CBX5;KIF5B;VGLL4;PRKCI;HTT;BSG;DNAJA1;JPT1;KRIT1;TSPAN6;BRAF;PHC3;HP1BP3;STAG1;BRD9;POGZ;SNRNP70;SKA2;TPM1;IRF3;PBRM1;PRKACB;PRKDC;STRN;RHOB;MAP1LC3A;INSIG2;ATM;PKN2;RNASET2;GBP3;NFE2L2;SMC5;CBX1;ATP6V1H;SMC1A;CD74;STAM;BACH1;ITGB1BP1;GNL1;PPT1;SETD2;KDM1A;DRAM2;SLC12A2;AKR1B1;STAT3;TMUB2;RELA;EIF4A3;HPF1;AKIRIN1;MBTPS1;HLA-DRB1;EP300;CAB39;ERLEC1;TDG;KLF10;RPA2;TRIM56;TMEM259;ATP2B1;RTN4;NCBP3;BCLAF1;ACTG1;CDKN2AIP;CAAP1;UBC;AKT3;TAOK1;GIGYF2;AMD1;SLC38A2;TP53INP2;AGO3;RPS19;DYRK1A;ZFP36L1;CLU;USP1;STT3B;PTK2;RSF1;YWHAZ;YBX3;CDKN1C;ERBB2;HYOU1;KRT8;ATP6V1A;RNASEK;EIF2B4;MEAF6;GSTP1;KMT5B;ATXN3;ADIPOR2;ARIH1;SRSF10;PHIP;WASHC1;NAA35;F11R;PLD3;ACTB;KAT6A;N4BP1;PSEN1;RPS3;BMI1;VPS13C;APP;BRD7;ZDHHC12;HNRNPA0;PTK2B;ZBTB4;KAT8;PPP3CA;VPS13D;DNM1L;AKAP1;CLIC1;CCPG1;VEGFA;HIF1A;NOC2L;PRRG4;NCOA7;VCL;GTPBP4;UBE2J1;RTN3;SMARCA2;SMARCC2;CYB5B;IFI6;IGFBP7;CDC5L;PRMT1;LMNA;MOAP1;RNF115;HIPK1;TNRC6B;ROCK1;ATP6V0C;CREB3L2;MAN2A1;PHF20;PIK3R1;PTTG1IP;WWP1;PTMA;PABPC4;IFNGR2;KIF2A;TYK2;SMARCA5;DEPTOR;PDCD4;SET;ARFGEF1;NUDT2;DSTYK;PHF10;KAT7;SPSB3;FOXN3;AKIRIN2;LRBA;TOB1;CD151;SPTLC1;MAPRE1;ANXA4;WDR33;EYA3;ERCC6L2;PARP1;PPP1R10;POM121C;FAM111A;SPG11;YAP1;GOLGA2;FEZ2;SUZ12;RECQL;SP1;AGO1;TRIM38;DNAJB6;PWWP3A;INIP;KRT18;PPM1B;PNKP;BAZ1B;RRAGD;ANP32B;NPEPPS;ANP32A;PAX2;ATG5;USP25;DCTPP1;HNRNPU;VAMP2;CYLD;FAF2;SERINC3;TSC1;HSP90B1,Kidney,Epithelial cell
1,prerank,MS,-0.27194679029551894,-1.384558825051024,0.001,0.001,0.001,376/1052,26.96%,APOC3;CYP2B6;MAPT;REEP6;FMO1;CYP4F3;APOC2;AVP;PCK2;HAO2;GPD1;KHK;ACOX2;EHHADH;VNN1;AK4;FABP1;ALB;ALDOB;FBP1;IDH1;ACSF2;MAOB;AKR1C3;AMACR;GDPD3;PKLR;ETNK2;ACSM5;SMPD1;GSTA1;ACOT7;MAOA;CES2;SLC4A4;MTFR1;P4HA2;XYLB;BPHL;ENPP2;NQO2;ACSM2A;AQP1;SLC27A2;ANGPTL3;EPHX1;ENPP1;CYP24A1;ABHD6;ALDH1L1;RAB29;SLC2A5;CYP4F2;ACSM2B;DPP4;SLC37A4;PLOD1;NR1H4;AGPAT3;GNPDA1;ALDH6A1;CD68;ECHS1;ACAD11;HPGD;NUPR1;ALDH3A2;ALAD;ALKBH5;OCIAD2;ACAA1;ACADSB;CYP4A11;GBE1;STRADB;HMOX1;PDK2;ENPP6;ACSM3;PCTP;PCK1;MRPL46;DHTKD1;SESN2;HADH;ETFB;MAIP1;CYB5A;AIFM1;TIMM21;SUCLG1;DDAH1;CASTOR1;D2HGDH;PTGR1;FABP3;PDK3;ACAA2;HSD17B11;PLIN2;PLAAT3;GPC4;ECI2;GLRX;PCYT2;NR1H3;LAMTOR5;GRHPR;MTCH2;ACADM;HMGCL;VAT1;CRAT;ACOX1;CRYZ;SESN3;NUDT8;PPARA;PFKFB2;BNIP3L;GRPEL1;BDH2;HIBCH;SPHK2;FOLR1;SEC13;TSFM;LCLAT1;ECH1;ETFA;DECR2;GRB10;PLD1;CYP4V2;PRELID1;ATP5IF1;MLYCD;RRAGC;RETSAT;RNF152;ACLY;ABCD3;COX14;RXRA;SUCLG2;CPT2;WIPI1;EIF6;ECHDC1;UROS;DERA;GSTM4;NDRG1;SHMT2;AIG1;ACOT4;MRPL44;SMPDL3A;LDHB;SAMM50;MRPL45;MT1E;GAPDH;SLC25A13;DNAJC11;PCCB;TIMM8B;UQCRC1;GPR155;SLC44A4;VCP;MICU1;TMEM150A;ADH5;TIMM9;BNIP3;HSD17B10;RBKS;ECHDC2;TIMM10;CSRP2;MCEE;SLC22A5;RAB32;TNFSF10;GALK1;TOMM5;MAPK8;GCDH;VDR;ILVBL;AGPAT1;ACAT2;SLC25A1;MRPL55;GLUD1;CHPT1;MRPL57;OSBPL10;SELENBP1;COA5;ACSL1;MIEF1;PFKL;SDHC;IMPACT;GPAT3;CHCHD5;PHYH;SCO2;ACAT1;NAPEPLD;SLC35A4;UGDH;GGCT;ERRFI1;UROD;SAR1B;OAT;ALDH9A1;UQCC3;MDH1;NDUFA11;PCBD1;TIMM13;STOML2;SDHAF3;CRLS1;MTIF3;ASAH1;PAK1;ECHDC3;CLUH;LONP1;PRDX3;TMBIM6;TRAP1;MRPL40;HSDL2;BAD;SLC35F6;OSBPL8;SMIM20;COX11;ABCD4;GPX4;TBC1D7;IDH3G;ELOVL5;PLPPR1;ACO2;THBS1;OXA1L;SDHB;GHITM;PLA2G15;MRPS2;SDHD;MRPL36;DBI;TIMM17A;BCL2L1;BCKDK;PRR5;PGK1;MRPL58;TALDO1;CHCHD1;APEX1;SLC30A9;SCP2;ECSIT;BLOC1S1;UQCRQ;ARL2;ATP6V1C1;BECN1;ATPAF2;LAMTOR1;IVD;MRPL41;HACL1;IDH3B;ATP5ME;MRPL37;RPE;MRPL34;ATP5MF;MRPS21;GPAT4;STUB1;BOK;MPV17L;SNAP29;INSR;ACOT2;TPI1;MRPL9;DNAJC30;MTLN;MRPL20;LARP1;MTX1;MRPL27;AKR1C1;DHRSX;NDUFA3;HSPD1;PAM;ATP5PF;SLC25A11;MDM2;STX4;JMJD8;VDAC3;TOMM70;LAMTOR2;NDUFAF8;MTRR;RHOT1;VAPB;BCL2L11;DHDDS;MRPS18B;FDX1;NDUFC1;MRPS34;DECR1;NDUFA13;RORA;MRPL13;MRPS7;MRPS15;SCO1;ATP5PB;TOMM22;SLC25A3;NDUFB11;CLPP;PINK1;MAT2A;NR3C1;NDUFV3;ROMO1;ODC1;POR;MRPS26;WDR45B;CHCHD4;MT2A;MCAT;UQCRFS1;AQP7;NDUFV1;GADD45GIP1;ALKBH7;LAMTOR3;ANTKMT;PGAM1;ATP5F1C;VAMP8;PPM1A;NDUFAF5;HMOX2;ISCA1;CHCHD3;MRPL10;PRDX5;NDUFB3;ATP5F1D;MRPL12;BCKDHB;SURF1;CXXC5;SESN1;NF1,Kidney,Epithelial cell
2,prerank,OIS,0.31999236294934835,1.365459898967879,0.0011933174224343676,0.0027624309392265192,0.006,87/522,13.20%,BIRC3;FGF9;IGFBP5;PPP1R15A;GAS6;JUN;FGF7;CD9;DUSP1;ERBB4;BTG2;RGS2;MECOM;TSPAN7;ID1;PLCG2;CCN1;ZFP36;GADD45B;ATP6AP2;SH3BP4;SPARCL1;IFRD1;TES;GDF15;UCHL1;TFRC;ST6GAL1;DDIT4;CD81;MTURN;ITGA2;GADD45G;HPRT1;HMGCR;CDKN1A;PLOD2;STC1;GATA3;MDM4;ETS2;IQGAP1;TRIB1;AKAP13;RICTOR;NAMPT;PTPN2;ACSL3;PSMB8;ERO1A;STK4;FGL2;CYP51A1;CD24;SERPINH1;CDKN1B;ZFP36L2;DUSP15;OGT;INSIG1;DAB2IP;ITGAV;PTPN3;ITPR2;PER1;TPD52L1;XBP1;FOXO1;DDIT3;HSPA5;UBE2D1;HSF1;MAP2K1;DUSP6;MAP4K3;DNAJA1;BRAF;PRKACB;STRN;ATM;CD74;ITGB1BP1;ACTR3;MAP4K5;RYK;EP300;CAB39,Kidney,Epithelial cell
3,prerank,TIS,0.2615601397387489,1.1430271525168134,0.11098265895953757,0.1378146101903008,0.353,155/657,19.96%,BIRC3;ATF3;MUC1;PPP1R15A;FOS;NUPR2;GAS6;S100A4;JUN;TSPYL2;BTG2;IER3;ABCC5;FOXP1;TXNIP;ISG15;CRIP1;PERP;BTG1;NFAT5;SHPRH;TFRC;UBE2L6;DDIT4;SMCHD1;CD81;TGFBR2;HPRT1;GSTM3;CDKN1A;RBBP8;UACA;GATA3;UPP1;MCL1;MDM4;ASCC3;VPS37B;WNK1;SOX4;BOD1L1;RNF168;POLR2A;EPC1;HMGB2;FUS;BCAM;CDKN1B;PIAS1;ING3;TLK2;GTF2H2;ATRX;REV1;S100A10;TPD52L1;ABCC4;SMG1;RALA;ARID1B;ZMYND8;FOXO1;DDX5;DDIT3;SFPQ;USP11;CCNK;RBBP6;PHF1;BRD8;EIF2AK4;STK33;HSF1;SUPT20H;CBX5;BRD9;POGZ;IRF3;PBRM1;PRKDC;RHOB;ATM;SMC5;CBX1;SMC1A;CD74;BACH1;GNL1;SETD2;KDM1A;HPF1;EP300;TDG;RPA2;BCLAF1;CDKN2AIP;UBC;TAOK1;DYRK1A;ZFP36L1;CLU;USP1;MEAF6;GSTP1;KMT5B;ATXN3;ACTB;N4BP1;PSEN1;RPS3;APP;BRD7;ZBTB4;ELOA;TP53I13;NOC2L;IFI30;SMARCA2;SMARCC2;CYB5B;RNMT;CDC5L;PRMT1;INO80D;LMNA;MOAP1;HIPK1;UPF3B;NME4;PTTG1IP;WWP1;ITPA;SMARCA5;AK1;PHF10;KAT7;FOXN3;TOB1;IMPDH2;WDR33;EYA3;ERCC6L2;PARP1;PPP1R10;FAM111A;YAP1;GTF2A2;RECQL;SP1;CTSD;PWWP3A;INIP;POLR2B;PNKP;BAZ1B,Kidney,Epithelial cell
4,prerank,RS,0.27294525280599136,1.1318965532658822,0.1881720430107527,0.11648250460405156,0.388,105/344,26.75%,TMSB4X;TCIM;MUC1;TSPYL2;PLCG2;SMCHD1;S100A11;CDKN1A;RBBP8;ASCC3;BOD1L1;DSP;POLR2A;EPC1;KMT2E;FUS;CDKN1B;PIAS1;ING3;ATRX;REV1;SMG1;ARID1B;CABIN1;ZMYND8;SFPQ;RBBP6;BRD8;ITGB1;BRD9;POGZ;PBRM1;PRKDC;ATM;CHRAC1;SMC5;SETD2;KDM1A;SMC3;RBMS1;RPA2;GIGYF2;YLPM1;USP1;ESCO1;GMNN;MEAF6;PHIP;ACTB;BRD7;PPP3CA;ANKRD28;GTPBP4;SMARCA2;SMARCC2;PRMT1;INO80D;SMARCA5;ECD;SET;PHF10;KAT7;WDR33;PARP1;PPP1R10;FAM111A;RECQL;HNRNPA2B1;INIP;POLR2B;PNKP;HNRNPU;NAP1L1;ING5;NIPBL;PARN;RBL2;SP100;JADE1;TERF2IP;DHX9;ARID2;CDC73;HSP90AB1;RIF1;CDK2AP1;RNF8;ACTL6A;POLK;HTATSF1;HDAC8;MLF1;CTDSPL;XRN1;WAPL;SMG6;PPP6R3;EIF4E;CUL4A;DDX3X;RNF126;CHD4;BCL2;PPP4R2;HDGFL2,Kidney,Epithelial cell
0,prerank,Common,-0.21741089836408425,-1.0736490012069106,0.15708812260536398,0.6974358974358975,0.38802395209580837,184/964,16.46%,CDKN1C;TCF7L2;LILRA1;ADA;SPN;ITGAL;FPR2;FCGR3A;BCL2A1;LILRA5;MTSS1;IFITM2;LILRB2;HES1;LST1;SIGLEC10;RHOC;CFD;APOBEC3C;FCN1;LYN;TMPO;LYST;SLC11A1;LY6E;FLNA;ADGRE5;MAPKAPK3;CD300E;IFITM3;PIK3AP1;TIMP1;BID;CLEC12A;UBE2J1;CRIP1;FGR;CD300LF;OAS1;RALB;LILRA2;TNFRSF1B;SOD1;CFP;MIEN1;APOBEC3A;CD48;SNX18;AIF1;CTSS;NFKBIZ;FCER1G;ISG15;IRAK3;HCK;C9orf72;ABI3;SLC31A2;JPT1;RNF144B;EVI2B;CORO1A;TNFSF10;FTL;EMP3;PTPN6;S100A9;TCIRG1;NAMPT;CTSL;LARP1;FYN;NBN;DUSP6;LRRK2;POLE4;POLD4;TNFRSF14;HMOX1;BIRC3;S100A8;LILRB1;CEBPB;DICER1;APOBEC3G;CD55;PRELID1;ZBTB8OS;NAA38;GTF2H5;FTH1;ENY2;PPP1CA;BCL10;PPP4C;ATP6V0C;KLF2;LYAR;S100A11;NCF2;SPI1;PSMB9;GRK2;RPS19;RBX1;TRAF3IP3;ZFAND6;AKIRIN2;ADRM1;CASP1;MAPRE1;STMP1;HLA-F;SOD2;UBE2B;CCL20;PAFAH1B2;YWHAZ;TAX1BP1;WAS;RBCK1;SIVA1;IRF7;STK24;PLAAT4;CD44;CD300A;HIPK3;PTPN1;PSAP;CAPNS1;PSMB2;LGALS1;NRBF2;NUP214;CHMP5;BACH1;ATG3;HLA-E;PSMA4;NAPRT;GBP2;FKBP8;CDKN1B;CD47;MX2;CASP4;SCIMP;OSER1;CD68;VSIR;NINJ1;PTK2B;FGFR1OP2;CCPG1;RHOB;ROMO1;ANXA2;GSPT1;HIGD2A;RIOK3;PPP1CC;NOTCH2;EIF4E2;ITGB1;PYCARD;PGK1;CHMP4B;SRSF6;LILRB3;C5AR1;CTNNB1;MAFB;SERP1;NACA;LSP1;PDCD10;ADAM17;PTPRC;SHISA5;CCRL2;RPS27L;PLIN2;LAMTOR5,Kidney,Mono+mac
1,prerank,OIS,0.24503556772426044,1.0511678666327133,0.31981279251170047,0.6181818181818182,0.622,59/305,14.39%,FCGR2B;GPR183;CSF2RA;CD81;CD74;PPA1;APOE;CCL3;LAT2;CTSH;LILRB4;PEBP1;SDCCAG8;MAT2A;ZFP36L2;HSPA5;GADD45B;HSP90B1;MEF2C;GYPC;MAP3K13;CCDC88A;CCM2;DDIT4;CCT6A;PABPN1;PSMB5;PJA2;NCOR1;UBE2W;WDR33;RB1;CANX;RAC1;TMEM176B;HBEGF;ZFP36L1;SLC2A3;MAP3K8;RHEB;ELOVL5;CLEC4A;EIF4E;RPS6KA3;CDKN1A;SSR1;IL1B;PREX1;IL10RA;EIF2AK2;CXCL10;STK4;TRIB1;TMEM176A;AP2M1;ETS2;ATP6AP1;PTGS2;BTG2,Kidney,Mono+mac
2,prerank,TIS,-0.1876516117715997,-0.8469685466726606,0.9226666666666666,1.0,0.9688622754491018,49/294,16.38%,ADA;BCL2A1;S100A4;LYN;MAPKAPK3;TIMP1;BID;CRIP1;RXRA;TNFRSF1B;SULT1A1;CCND3;ISG15;IFI30;POLR2F;NBN;POLE4;POLD4;HMOX1;BIRC3;UPP1;SAT1;GTF2H5;ENY2;PPP1CA;ACAA1;PPP4C;ZBTB16;RBX1;ADRM1;COX17;CASP1;UBE2B;WAS;IRF7;RPP21;CD44;PSMB2;BACH1;PSMA4;PLXNB2;CDKN1B;NINJ1;RHOB;PYCARD;SRSF6;CTNNB1;ADAM17;RPS27L,Kidney,Mono+mac
3,prerank,MS,-0.16429726615824528,-0.7712346728279561,1.0,0.9886039886039886,0.9964071856287425,141/461,29.79%,CDKN1C;ADA;BCL2A1;SLC2A6;S100A4;NAAA;BID;PLAC8;RXRA;ASAH1;CERT1;TKT;BLOC1S1;TNFSF10;TCIRG1;LARP1;POLR2F;NBN;LRRK2;GYG1;HMOX1;PRELID1;SDHB;ACAA1;ATP6V0C;ABHD5;COX17;STMP1;PET100;SOD2;PGLS;CHP1;PAFAH1B2;YWHAZ;MTIF3;ANTKMT;STK24;PLAAT4;MT-ND6;LGALS1;ATG3;BLVRA;WSB1;CDKN1B;IDH3G;CD68;ROMO1;ANXA2;HIGD2A;COX6B1;PGAM1;NDUFV3;PYCARD;PGK1;ADAM17;PLIN2;LAMTOR5;MT-ND4L;TOMM6;RAB5IF;UQCRB;COX6C;DUSP1;MAP3K1;PSENEN;SLC25A6;PMVK;RALBP1;MT-CO2;MRPL27;NDUFB4;TES;COX7A2;PTGES3;INSR;UCP2;NDUFA6;ECHDC1;GABARAPL1;SPTLC2;SPTSSA;PRKACA;COX8A;PSME1;CHCHD5;ATP5MG;SNAP29;ATM;NDUFB3;COX5B;PRDX3;GLRX;ATP5F1E;NDUFB5;LAMTOR4;MFF;ATP6V1G1;NDUFS7;MRPS35;ABHD3;COA3;BLOC1S2;SAR1B;GPI;SH3GLB1;LONP2;FOSL2;MPC1;MT-ND2;TIMM8B;NDUFA13;CHCHD10;MRPL18;G0S2;MDH2;PLAUR;THBS1;MICOS10;NDUFA7;MT2A;BAX;MT-CO1;CHCHD2;TIMM17A;VAPA;RNF167;NDUFA12;STAT2;COA6;LAMTOR2;COX7C;EIF6;ETNK1;NDUFS5;NDUFA1;MRPL13;NDUFAB1;NDUFA2;UQCRC1;NDUFC1;HSPH1,Kidney,Mono+mac
4,prerank,RS,0.1928832422917739,0.7666856154496751,0.9463667820069204,0.9808936825885979,0.989,48/163,26.23%,PKIB;APEX1;VCP;C1QBP;NUCKS1;REV3L;MEAF6;PSMB4;NIPBL;CCT6A;PSMB5;WDR33;RB1;PIAS1;APPL1;PPP1R10;NSMCE1;WAPL;EIF4E;CDKN1A;TSPYL2;ATRX;POLR2E;SMARCE1;TBRG1;MORF4L2;ARID1A;UBE2E2;XRCC5;CCNH;PSMA1;NABP1;CCT2;BOD1L1;FUS;SAMHD1;PARP1;HNRNPC;RBMS1;HNRNPA1;SFPQ;SP100;ERCC1;POLR2A;SMARCA5;SMC3;HNRNPD;RAD21,Kidney,Mono+mac
0,prerank,RS,0.42438934881432583,1.7160316471203496,0.001,0.00140964195094446,0.001,34/86,23.76%,SMARCE1;PRMT1;BOD1L1;HNRNPD;CCT3;HNRNPU;POLR2G;PSMA4;SFPQ;XRCC5;CCT5;NOP10;HSP90AB1;HNRNPA2B1;CCT6A;CCND2;MAPK1;PSMA1;ELOC;HNRNPA1;CCT8;RBBP6;PPP1R10;PSME2;SP100;CCT4;MORF4L1;ACTR2;DHX36;HNRNPC;ATRX;NAP1L1;POLR2L;PSMB7,Kidney,NK
1,prerank,Common,0.24817884363929893,1.2216246429004396,0.04950495049504951,0.24527769946433606,0.282,125/480,22.13%,XCL2;BIRC3;XCL1;EWSR1;HSPA9;SMARCE1;SNRPD1;MDM4;CDC37;TNFAIP3;PRMT1;BOD1L1;HNRNPD;ZFP36L1;VPS37B;ZFAND6;SERINC3;HNRNPU;MTDH;BAG1;YWHAE;PSMA4;SMDT1;OPTN;SFPQ;XRCC5;ATF4;SLC25A5;GPS2;NCL;TAOK3;CD160;HNRNPK;HSPA5;CITED2;EIF4G2;ADGRE5;HMGN2;SSB;CSNK2B;YME1L1;MYH9;HSPH1;HSP90AB1;ANP32B;KLRC1;NFKBIZ;CHORDC1;IL2RB;ENO1;SLC38A1;FGFR1OP2;SRSF2;HEXIM1;SNX3;PRKACB;EVI2B;ANP32A;CX3CR1;ENY2;TLN1;JPT1;CCND2;BTG2;CD69;MAPK1;CD38;IFI16;PSMA1;LGALS1;PARK7;REL;NDUFB4;PTPRE;ANAPC16;HNRNPA1;EGR1;CCL3;NFKBIA;NR4A2;RBBP6;RAN;MACF1;PPP1R10;ROCK1;HSPD1;PSME2;PCBP2;LYST;HP1BP3;TES;SP100;PPIA;RNASEH2C;NUB1;RNF7;PABPC1;PTGDR;DEK;FOXP1;CYB5B;EIF3A;MORF4L1;EIF4A1;GAPDH;MAP2K2;ACTR2;PRDX6;PARP8;BST2;DNAJB6;DHX36;RGS1;SH3GLB1;MAP1LC3B;CD47;GPX4;ETS1;PMAIP1;NPM1;ATRX;SRSF10;KLRK1;PPP1R15A;HMOX2,Kidney,NK
2,prerank,OIS,0.25014859905793335,1.1098687496466324,0.23511904761904762,0.3909407010619303,0.544,48/152,25.63%,BIRC3;HSPA9;MDM4;TNFAIP3;PRMT1;ZFP36L1;YWHAE;PSMA4;GPS2;TAOK3;HSPA5;TPI1;CSNK2B;CCT6A;IL2RB;ENO1;PRKACB;SDCBP;TCEA1;PRDM1;CCND2;BTG2;MAPK1;GLIPR2;ACTR3;CCL3;ROCK1;HSPD1;NCOR1;TES;PPIA;CCSER2;CYB5B;GAPDH;MAP2K2;ACTR2;IQGAP1;ETS1;PPP1R15A;ARPC5L;ADD3;LCP1;CALR;PYCARD;ATP6AP2;HSP90B1;YWHAZ;IL2RG,Kidney,NK
3,prerank,TIS,0.24534707291519867,1.0860161938160535,0.29369627507163326,0.3478291513955455,0.608,48/154,24.08%,BIRC3;SMARCE1;MDM4;PRMT1;BOD1L1;ZFP36L1;VPS37B;POLR2G;PSMA4;SFPQ;XRCC5;ATF4;TAOK3;LDHB;HEXIM1;SDCBP;ANP32A;TCEA1;ENY2;CCND2;BTG2;CD38;IFI16;EIF1B;PSMA1;PARK7;PTPRE;RBBP6;DGUOK;PPP1R10;SP100;RNASEH2C;DEK;FOXP1;CYB5B;MORF4L1;ACTR2;DHX36;GPX4;PMAIP1;NPM1;ATRX;PPP1R15A;UBE2L6;DCXR;POLR2L;PSMB7;PYCARD,Kidney,NK
4,prerank,MS,0.22178749268519787,1.017314184970021,0.416551724137931,0.4155624471384268,0.774,57/223,22.13%,PKM;HSPA9;MDM4;MICOS13;TNFAIP3;PRMT1;MRPL51;ZFP36L1;SMDT1;ATF4;SLC25A5;HSPA5;CITED2;TPI1;YME1L1;MYH9;HSPH1;LDHB;GADD45GIP1;ENO1;MRPL52;ATP5F1B;COX8A;MAPK1;NDUFA2;IFI16;SLC25A6;LGALS1;PARK7;NDUFB4;MRPS6;HNRNPA1;EGR1;NDUFB9;NDUFC2;HSPD1;NCOR1;NDUFB7;HP1BP3;TES;COX5A;NR3C1;MRPL20;ATP5PD;GAPDH;PRDX6;OSBPL8;MDH2;SH3GLB1;TOMM6;MAP1LC3B;GPX4;ETS1;PMAIP1;NDUFA12;PPP1R15A;HMOX2,Kidney,NK
0,prerank,OIS,0.30134307786129716,1.3556154566434067,0.002366863905325444,0.01751555657985711,0.019,115/499,19.35%,CCL21;SPI1;LCP1;IFI30;ITGB2;MARCO;FCER1G;LAPTM5;CD74;ALDH1A2;PELI1;APOE;INHBA;PTPRC;CTSS;CCL3;FLT1;EZR;RAMP3;MTHFD2;FADS1;USP7;NPC1;UBE2W;SESN1;GLIPR2;TNFAIP3;STK4;NIBAN1;RASSF2;HIPK2;ITPR2;MID1;ME1;ANGPTL4;MDM2;TLR4;MAP4K3;MAP3K4;SPRED1;TSG101;UBR2;EP300;LTA4H;ROCK1;CCDC88A;MEF2C;PGM1;ACSL3;EIF2AK2;NFYC;PTEN;DLG1;TNIP1;ACTR3;PDE8A;SDF2L1;SKAP2;EIF4EBP1;GADD45A;FADS2;USP9X;ACTR2;MLST8;LY96;ATG10;CTSH;CANX;GBE1;PRKAR2A;SEMA3B;PTPN2;RAPGEF2;GAS6;IFRD1;ATP6V1D;MKNK1;IGBP1;CYB5B;ATP6AP1;NOTCH2;UBR1;MAP2K1;PDCD10;OGT;SPRED2;CTSC;MAT2A;MAPK8;MAPK10;TGFB1;FGL2;CIB1;PIK3CA;PLAU;HSF1;LPAR1;EVI5;HIPK3;UBE2D1;AKAP13;PSMC4;WDR33;GADD45G;TAOK3;TFDP2;CD9;CCND2;RHEB;ZMYND11;NBR1;GDF15;PPP1CA;ETS2;GNG11,Lung,Adventitial cell
1,prerank,MS,-0.21112002289176338,-1.129185273892559,0.022727272727272728,0.08018154311649017,0.10208333333333333,256/842,26.99%,HILPDA;TTC7A;PMPCA;IL6;PIGF;EGLN1;PLOD2;SNAI2;NFIL3;AUH;SPTLC1;LXN;ACSL4;IL10RB;WIPI2;MRPS22;HGF;LPCAT3;APPL2;ECI2;PRKD1;CDKN1C;MRPS35;UBE2L6;SMPD1;MRPS26;RNF167;STOML2;TGFB2;GBA1;H2AZ1;SDHA;ITPKC;GNPDA1;PIGP;F3;EGR1;SFRP1;GATA6;SRPX;PLA2G5;EGLN2;MT2A;IGF1;MYC;PRXL2C;PML;RB1CC1;ZFP36;MRPS2;ABHD16A;LOX;FH;SLC27A3;BMPR2;PAM;YARS1;CCN5;TIMM17A;CMC1;TMEM14A;SLC30A9;BGN;MRPS14;EGFR;LYRM2;AKR1C2;MRPL55;TMEM126B;NDUFB3;HADHA;ECHDC2;ADSL;P4HA1;PARP1;ETFRF1;SDHAF2;ROCK2;VEGFB;MRPL13;ALDH1A1;MRPL37;SELENBP1;MRPL42;MIF;NDUFV2;HADH;PTPRG;JUN;HNRNPA1;UQCC3;PLIN3;FAM162A;AKAP12;TMEM126A;MRPL43;MDH1;FOS;CCN1;G0S2;SH3GLB1;SUCLA2;SPTSSA;PFKL;KLF10;MRPS25;PLPP1;UQCRFS1;MRPL11;PPP1R15A;NDUFS1;SAR1A;POLR2F;HSD17B11;PLAAT4;GFPT2;STK24;SLC44A2;RORA;OAT;LAMP2;HSD17B10;ATPAF1;GPC3;MRPL3;ELOVL5;IER3;UQCRQ;MRPL36;P4HA2;CYP1B1;SLC44A1;CSNK1A1;DEGS1;MRPS34;SAR1B;FMC1;AKR1C1;MRPS24;TKT;WSB1;PDK4;BNIP3;CAB39L;MT1E;ZFP36L1;NF1;CAVIN3;PIP5K1A;SREBF1;FOSL2;PTGES;EXT1;PID1;ALDH6A1;HSPA8;TMEM45A;SMG1;SSBP1;RDH11;TMX2;IGF2;SUCLG1;SLC25A13;NUPR1;SLC30A5;CCN2;MRPS5;UVRAG;NDUFS6;OSTC;NCOA3;PIK3R1;ATP6V1E1;ARNT;MRPL33;FAM107A;MTCH1;MRPS18B;MT-ND1;ECHS1;HSD17B4;BDH2;SMS;IDS;TPI1;GGT5;LDHA;SCP2;FDFT1;HSPA5;AFG3L2;ADH5;ACAA1;STMP1;EPHX1;MTIF3;MRPS15;WIPI1;TMEM242;SLC25A4;FIS1;SDHD;APEX1;TOMM22;ABCA8;HIF1A;MT-ND4L;BCL2;MRPL19;LAMTOR3;NDUFS4;PET100;VPS13D;EIF2S1;ELOVL1;ETFA;ALDH9A1;PIM1;HP1BP3;ACADVL;GABARAPL1;GABARAPL2;DLD;NDUFB1;PRDX3;RRAGA;HSP90AA1;PRKAG2;NDUFAF8;ZBTB20;PARK7;GRHPR;MRPL17;CPT1A;AIG1;OXA1L;ATP5F1D;NDUFA6;PLA2G2A;PRDX6;MMP2;NDUFA9;CLU;PIN1;OGDH;NDUFV1;MAOA;SMIM20;RRAGC;ENO1;DPM2;CLPP;ERP29;STING1;NDUFB4,Lung,Adventitial cell
2,prerank,Common,0.22804025527882302,1.0891077614873708,0.1388888888888889,0.41852961511869097,0.589,385/1662,21.96%,CCL21;MSR1;AIF1;SPI1;LCP1;LYZ;ITGB2;MARCO;FCER1G;TYROBP;C1QA;LAPTM5;S100A8;HLA-DRB1;CD74;S100A9;ALDH1A2;HLA-DPA1;PELI1;CD83;APOE;INHBA;PTPRC;JAK2;SERPINB9;CTSS;CCL3;FLT1;OXSR1;AGBL4;FABP3;MGAT5;SCMH1;ACKR1;YES1;TMEM131L;CHEK2;USP36;RNFT1;FADS1;NR1D1;UBQLN1;USP7;NPC1;UBE2W;ZNFX1;TDG;SESN1;AMD1;PARP8;EFNA5;RGCC;CD68;UBXN6;USF2;TNFAIP3;MYH9;ABCC1;MTR;NIBAN1;DIS3L2;ATP2B1;REL;DNM1L;ARHGAP26;YTHDF3;TRIP12;ATP2C1;PUM2;PPP6C;USP3;MARCHF6;PTRH2;HIPK2;ITPR2;MID1;RASA1;RHOG;VPS41;RANBP2;PSME4;ANGPTL4;BCL7B;CRIP1;MDM2;SHLD2;SMC1A;ANKRD17;TAPBP;TLR4;BACH1;VAMP8;SPRED1;TSG101;CXCL16;GRN;IFIT1;UBE2E2;EIF2AK1;EP300;ODC1;PPP4R2;RNF220;ROCK1;CELF1;RC3H1;RAD51B;CEBPG;SNW1;BAX;SLC25A24;VPS26A;RELB;FTO;MEF2C;RFTN1;UBL7;PPM1B;RAB3GAP2;RIMOC1;KIF22;CDK9;CHMP3;ATP6V1B2;PLEKHM2;HRH1;CTNNB1;ARID2;EIF2AK2;CFLAR;NFKB1;ASCC1;CHD4;PTEN;HMOX2;PARP4;NFAT5;ZNF385A;KLF9;ABL2;PHIP;TLK2;PLEC;ATF2;RNF5;KPNA1;TNIP1;APC;KDM6B;ADGRE5;ERBIN;NFKBIL1;EIF3A;MGLL;CD14;SUZ12;CNOT7;MT1G;CASK;XPO1;ATG7;FBXW11;PBRM1;ABRAXAS1;SVEP1;GADD45A;ACVRL1;APOBEC3C;USP9X;USP16;DCTPP1;CD58;KPNA4;RNASEH2B;FTL;ACTR2;NCOA4;HSPH1;USP14;PEX2;MLST8;PLAA;PIM3;VKORC1L1;NINJ1;GTPBP4;LY96;SMDT1;FOXK1;SERPINE1;PPT1;ATG10;PPID;MAF;MIA3;CANX;DNAJC10;SYTL4;JKAMP;CLASP1;ATG101;LYPLA1;ISG15;PRKAR2A;EIF4G1;SMAD3;PTPN2;RAPGEF2;EXOC4;TOB1;ANP32A;FAM120A;MICU1;ATRX;ATG3;NUP214;SLC38A2;ARID1B;GAS6;PKD2;HMOX1;SEC14L1;ARHGAP24;ATP6V1D;SETD2;IGBP1;VEGFD;CYB5B;KAT6A;CREB3L2;YY1;DYNLT1;NOTCH2;ZBTB7C;DICER1;MAP2K1;IFT88;SMURF1;PDCD10;BIRC2;SPG11;OGT;GAA;SPRED2;HEXIM1;AHCTF1;PTPRM;ARHGEF2;SP100;GNAQ;MRTFA;CXCL1;DEK;RUVBL2;CHMP2B;SIVA1;MAPK8;SLU7;DYNC1LI1;HAS2;MAPK10;TGFB1;CIB1;RNF213;RING1;PIK3CA;NABP1;NDUFAF4;ARFGEF1;DDX6;CDC16;MRNIP;LRBA;PLAU;HSF1;DYNC1I2;EIF2B3;RNASET2;BECN1;LPAR1;SMARCC1;BNIP2;DERL1;HIPK3;EIF4E2;TCIRG1;CERS2;UBE2D1;ABI2;TOP2B;CCNK;PPP4R3A;DYRK1A;PSMC4;USP33;TRIM8;CDH13;DNAJB2;WDR33;CLIC1;TAOK3;PPP3CA;FEZ2;SETD7;PSEN1;TFDP2;MBP;CD9;CCND2;UBR4;PRELID1;RHEB;ZMYND11;YWHAH;EIF4G3;USP15;ARID4A;MAGI2;ILK;NBR1;UBA1;GDF15;SMARCA2;RBPMS;KCMF1;PPP1CA;TCF7L2;VTI1A;ETS2;STAT1;SIRT2;ZBTB8OS;GPS2;MTREX;TMEM109;PHLDA3;MT1A;SRSF10;EIF3D;ATP6V0B;KDM4B;ADA;NAPRT;PTPRK;CTBP2;TNFSF10;ERP44;GSK3B;TXNRD1;MAPKAP1;IFNGR2;SMC5;FAIM2;DPF2;CUL1;ATP6V0C;PSMC2;ZNF503;RAB24;SGMS2;MTARC2;FAM3A;BAG5;CLASP2;VPS35;MAN1A1;PSME1;PIP4K2A;PRKAA1;ZBTB7A;XIAP;UBAC2;TMSB4X;POGZ;UFD1;UFM1;MGMT;MARCHF7;CCDC47;STX4;DNMT1;VTA1;MAP3K8;PHF20;PTPN1,Lung,Adventitial cell
3,prerank,RS,0.21382230199174576,0.9231777417601499,0.6562091503267974,0.973188906814166,0.983,50/310,14.18%,AIF1;PELI1;INHBA;CHEK2;ANKRD28;USP7;DCP2;RGCC;CACUL1;PPP6C;BCL7B;MDM2;SHLD2;ANKRD17;MAP3K4;POLR2C;UBE2E2;PPP4R2;RAD51B;CDK9;CTNNB1;ARID2;DCUN1D3;ASCC1;CHD4;PTEN;PHIP;DLG1;APC;ECD;MCRS1;KMT2E;PBRM1;EIF4EBP1;ACVRL1;BAZ1A;ACTR2;CRLF3;GTPBP4;SERPINE1;TSPYL2;CINP;EIF4G1;ATRX;ARID1B;INO80D;PKD2;SETD2;CTDSP1;YY1,Lung,Adventitial cell
4,prerank,TIS,0.173251559340847,0.7868547961436879,0.9810650887573964,0.9824844434201429,1.0,124/551,22.19%,IFI30;CD74;PELI1;UPP1;FBP1;CTSD;CHEK2;USP7;TDG;SESN1;ABCC1;TRIP12;USP3;HIPK2;PSME4;BCL7B;CRIP1;MDM2;SHLD2;SMC1A;BACH1;VAMP8;SPRED1;TSG101;POLR2C;UBE2E2;EP300;PPP4R2;RAD51B;CEBPG;SNW1;BAX;FTO;MEF2C;CDK9;CTNNB1;ARID2;DCUN1D3;ASCC1;CHD4;PARP4;NFAT5;ZNF385A;PERP;COX17;TLK2;ATF2;APC;MCRS1;PBRM1;ABRAXAS1;GADD45A;USP9X;USP16;RNASEH2B;ACTR2;MLST8;NINJ1;XRRA1;PPID;TSPYL2;ISG15;TOB1;ANP32A;ATRX;POLR1H;ARID1B;INO80D;GAS6;HMOX1;SETD2;CYB5B;YY1;BIRC2;SPRED2;HEXIM1;PTPRM;SP100;DEK;RUVBL2;MAPK8;TGFB1;CIB1;NABP1;MRNIP;HSF1;SMARCC1;DPYD;TCN2;CCNK;PPP4R3A;DYRK1A;CDH13;WDR33;TAOK3;SETD7;PSEN1;CCND2;UBA1;SMARCA2;PPP1CA;MTREX;TMEM109;PHLDA3;KDM4B;ADA;PTPRK;SUMO3;SMC5;HINT1;GTF2F1;DPF2;CUL1;PRKAA1;ZBTB7A;XIAP;POGZ;UFD1;MGMT;MARCHF7;SEMA3C;SGF29;NSMCE1;SNAPC5,Lung,Adventitial cell
0,prerank,OIS,0.44384151639587033,1.5429631778012671,0.001,0.001,0.001,186/968,13.71%,CCL5;CCL3;PTPN7;CSF2RA;FLT1;SH3RF3;CPE;ADGRL4;CLEC7A;GPR183;DOCK2;RAMP3;SLC2A3;INHBA;PTPRC;PRKCB;GNA14;BCAT1;SKAP2;TNFRSF1B;CD37;CXCR4;IKZF1;APOE;AGER;PTPN22;SPARCL1;IL7R;SH2D3C;PIK3R5;PREX1;SHANK3;FN1;ITGB2;NDRG4;PECAM1;TEK;GNG11;RRM2;AURKA;PCSK1N;FCER1G;TLR4;EPB41L3;LCP1;CORO1A;SPON1;ENG;CD300A;TMEM176B;PLCB1;LAPTM5;PLAUR;NGF;MEF2C;RASSF2;PRDM1;CD36;FAM83D;LY96;CDK1;HDAC9;NRXN1;GLA;SLC7A5;PREX2;TGFBR3;SH2B3;GFPT2;IFI30;TMEM176A;AKAP12;E2F3;PTGER4;CARD11;SPHK1;PDGFD;IL1B;ARHGEF6;SPRY3;KDR;RASGRP1;RGS2;PIGR;SLA;P2RY1;VAV3;P2RX7;PDE8B;CCDC88A;TNFAIP8L1;SIRPA;ARRB2;IL15;TSPAN7;IL15RA;INSIG1;NIBAN1;WNT5A;FADS2;DUSP10;NRP1;PPARG;RELL1;IRAK3;FOXM1;LIF;PRR5L;SPI1;RNF152;FGFR1;WARS1;JCAD;PDGFB;SYTL2;TMEM100;GYPC;APOD;CAMK4;THBS1;FADS1;PLCG2;CAB39L;SLC1A4;DUSP5;DDX39A;IL2RB;FKTN;IRAK1;HGS;ELOVL6;AKAP13;RRAGD;STK4;MCM2;IL34;DNMBP;CCNF;FBLN1;SCN1B;EPHA4;MAP2K6;RAP2A;ZDHHC17;CD74;MAPK11;IGFBP5;MTMR10;EPHB2;GBA1;PP2D1;PTCD2;EGLN3;BPGM;DHFR;MAP3K6;MAP4K4;ST6GAL1;SEMA6A;MDFIC;GNA12;SQLE;ETS1;MAP3K1;RPA1;CTH;CCM2;FNIP2;IL1RL2;PLAT;TRIB3;CYB5B;PAK3;IDH1;RALB;MMD;CCN2;TUBG1;MAPK7;SDCBP;TIRAP;CYLD;MAP3K8;ERO1A;MRAS;NEK10,Lung,Basal cell
1,prerank,Common,0.3788220527194627,1.3250074245220174,0.001,0.0025,0.005,507/3419,12.63%,ST18;GZMB;NKG7;GNLY;AOAH;CCL5;CCL3;ENTPD1;BPIFB1;PRF1;HMOX1;COL3A1;MSR1;RGS1;IFNG;KLRB1;FCGR3A;FLT1;MKI67;SH3RF3;VWF;CST7;CCL4;CENPE;CLEC7A;PYHIN1;GPR183;CCNB2;KCNMB2;CD69;INHBA;ITGAL;KNL1;TPX2;PTPRC;SP140;TACR1;STAT4;VSIG4;CENPF;GNA14;SLFN11;GRK5;DAB2;TOP2A;TNFRSF1B;A2M;ST6GALNAC3;CXCR4;DTL;APOE;CD86;AGER;PTPN22;HCST;IL7R;UBE2C;FCGR2A;CDKN3;NLRP3;AQP1;PIK3R5;ITGA5;FN1;ITGB2;RFTN1;SPC25;NDRG4;TBX3;HCK;TEK;SPARC;RRM2;AURKA;TBX2;TYROBP;SGO2;CDCA5;FGR;SLC11A1;FCER1G;HMMR;BRIP1;TLR4;FAM111B;ALOX5;KLRG1;COLEC12;IL16;KYNU;RNF157;LCP1;AIM2;BIRC5;BRCA2;PIK3AP1;CENPM;CORO1A;FYN;OLR1;CALCRL;KIF23;CD300A;MAD2L1;SERPINE1;KIF11;SERPINB9;C1QA;LAPTM5;PLAUR;DDX60;CFD;NGF;UCP2;APOBEC3B;RUNX3;MEF2C;CD68;CD36;CENPU;ST3GAL4;LYZ;HLA-DPA1;CCNB1;FCN3;MMP2;CENPL;LY96;FANCD2;BLM;CDK1;PRKAR2B;HDAC9;CLSPN;BTK;DELEC1;COL4A3;MGAT4A;RARRES1;MCM10;IL18R1;BMP5;METRNL;ADA;SLC7A5;CENPA;RASGRF2;CIITA;FCN1;PRC1;SLC6A4;RASA3;TNC;DCN;STIL;PLEK;TGFBR3;TACC3;CD48;RARRES2;ITK;IFI27;COL5A1;MLIP;BCL2A1;CTSK;NUSAP1;PCLAF;SH2B3;APOL3;MNDA;TNFAIP6;NCF2;ADARB1;LST1;DGKI;NFATC2;CDH5;PTTG1;E2F3;ADCY4;PTGER4;ACVRL1;SCARF1;ECT2;MT1G;CENPK;PDK4;SPHK1;ZGRF1;MAN1A1;IL1B;CDH13;AIF1;HCLS1;KLHL3;HSPB8;LTF;KLF2;EMILIN2;SLC39A8;SNAI1;WNT9A;ZWINT;KDR;CYBB;RASGRP1;WFS1;HLA-DRB1;KIAA0319;PTGFR;SAMHD1;RNF125;SFTPD;ADGRE5;MYO1F;MYLK;CIP2A;FPR1;LGALS1;KLRD1;GPX3;VSIR;HYAL1;VAV3;RAD51AP1;CGAS;LCP2;SMAD6;FANCM;CEACAM6;JAK3;IFIT2;ORC6;MMRN2;CDC6;IL1R2;KIF18A;P2RX7;AGBL4;P3H2;CDC25B;SMC4;IL32;INPP5D;PDE4B;BRCA1;RPGR;SPDL1;RNF144A;NLRC5;DDX60L;GPR132;IFFO1;ATRIP;FEN1;LSP1;SIRPA;ARRB2;PTN;VIL1;IL15;IL15RA;TRIM69;INSIG1;SLX4;SLFN13;NIBAN1;WNT5A;HMGB2;ITGA1;KIF14;EID3;KIF20B;DUSP10;IFIH1;FANCI;NRP1;ALDH3B1;PPARG;ATG4A;CD58;SEMA4D;EMP3;BSPRY;RACGAP1;PLA2G10;TRAF5;CD14;HSPA6;FSTL1;USP13;IRAK3;UBE2T;IGHMBP2;FOXM1;UACA;ABCD1;GPATCH3;CSF3R;ABCA1;H3C4;FANCA;IFI6;SYTL4;LIF;PRR5L;PGF;LCN2;RCSD1;JAK2;APOL2;STX2;HERC5;DNMT1;SPI1;MAF;SEMA3E;BOK;NR4A3;RNF152;WARS1;PRCP;PDGFB;GBP3;GYPC;TMEM131L;GINS4;VRK1;ATG9A;ATG4C;APOD;PLSCR2;SERINC5;NUDT1;DLC1;TAP2;THBS1;RNF175;CD109;MLKL;ITGAM;STBD1;PIP4K2A;FADS1;SLF1;S100A8;H3C1;DONSON;PGC;PLCG2;TECPR1;GTSE1;COL18A1;CD83;NUP210;DDX39A;DTYMK;RFC3;ABHD8;CD38;IL2RB;RFC4;FKTN;POLA2;IRAK1;HGS;CLPB;CARD8;GSN;TRIM34;RIGI;RRAGD;MCM5;DUS2;MCM2;TXK;NUP93;S100A9;CUL4B;MASTL;KCNK6;BATF;UBXN2B;ARHGEF10L;INPP5F;CHAF1A;ATAD3A;CASP9;EVI2B;CCNF;PROS1;EYA3;FBLN1;SCN1B;TRIM65;RGCC;EPHA4;FBLN5;HYAL2;KLHL20;MAN2A1;MAP2K6;SPC24;TAF4;ARHGAP26;PIK3CD;BCL2;CCDC134;SPTLC2;CTSL;ARHGEF2;PLA2G4A;RHBDF2;CD74;KDM2B;MAPK11;IGFBP5;AQP4;PKD2;MX2;RANGAP1;CKAP5;ZC3HAV1;POT1;VEGFC;RNASEL;PTGES;PPP2R5B;IRF7;POLA1;DGKZ;SMC2;RPA2;EPHB2;PSMB9;NECTIN4;RNF170;INTS7;MT1M;ZFYVE1;PRIM2;XRCC1;C4BPB;F8;GBA1;RASAL2;TAP1;EGLN3;CENPO;SPATA2;GMPR;CASP8;MRE11;GMEB1;SPDYA;CENPH;SEC14L1;DHFR;FAM111A;NR4A2;SMARCAL1;MAP4K4;P3H3;ST6GAL1;TSC22D3;RASIP1;RNF4;MDFIC;USP30;H1-1;BMP7;NDRG1;PLA2G4C;DOT1L;GNA12;STMN1;GGT5;SQLE;ETS1;MACIR;IL17RB;ZWILCH;TUBB;CSPG5;VCPIP1;LMNB1;RPA1;CTH;CCM2;FANCC;SLC15A4;FNIP2;IL1RL2;PDE2A;SLC35F6;GPLD1;PRRG2;MTSS1;PLAT;TRIB3;CD4;TICAM2;ADAMTS1;CYB5B;TRIM25;PAK3,Lung,Basal cell
2,prerank,RS,0.3113261413093422,1.0767533405243181,0.247,0.2856666666666667,0.557,98/662,15.75%,CCNB2;INHBA;BCAT1;SLFN11;DTL;AGER;CDKN3;RRM2;TBX2;ESCO2;FAM111B;TK1;BRCA2;SERPINE1;PLCB1;FAM83D;CCNB1;BLM;CDK1;MCM10;STIL;PCLAF;E2F3;ACVRL1;ZGRF1;AIF1;SUSD2;PKIB;SAMHD1;RAD51AP1;CGAS;FANCM;ORC6;CDC6;BRCA1;GPR132;FEN1;SLX4;KIF14;EID3;ATAD5;RHOU;TYMS;FAM107A;GINS4;MME;SLF1;H3C1;DONSON;PLCG2;RFC3;RFC4;POLA2;LRR1;MCM5;MCM2;CUL4B;CCNF;RGCC;BCL2;PKD2;POT1;POLA1;DGKZ;RPA2;PRIM2;XRCC1;MRE11;SPDYA;DHFR;FAM111A;SMARCAL1;H1-1;USP37;DOT1L;LMNB1;RPA1;ADAMTS1;UBE2E2;RASSF1;PRIMPOL;SHLD1;MCM7;TCF3;RECQL;DNA2;ZRANB3;LIG1;TEP1;RNASEH1;WRN;RFC2;PCNA;RUVBL2;FBXO5;TMSB4X;RBL1;LTO1,Lung,Basal cell
3,prerank,TIS,0.22628464040878737,0.7867627425519353,0.989,1.0,1.0,154/1200,15.12%,HMOX1;PYHIN1;CENPF;SLFN11;TOP2A;TNFRSF1B;DTL;AQP1;RRM2;CDCA5;BRIP1;FAM111B;MFAP4;AIM2;BRCA2;MEF2C;MMP2;FANCD2;BLM;CDK1;CLSPN;MCM10;ADA;BCL2A1;PCLAF;MNDA;IFI30;S100A4;NFATC2;ECT2;SPHK1;ZGRF1;IL1B;CDH13;HCLS1;SNAI1;ZWINT;SAMHD1;CIP2A;HYAL1;VAV3;RAD51AP1;CGAS;FANCM;PDE4B;BRCA1;AOX1;AK1;AHRR;IFFO1;ATRIP;FEN1;SLX4;HMGB2;EID3;FANCI;TRAF5;UBE2T;IGHMBP2;FOXM1;UACA;SULT1A1;FANCA;LIF;SLC35D1;BOK;TYMS;GINS4;VRK1;NUDT1;THBS1;MME;PPM1E;FZD1;SLF1;DONSON;PPM1F;GTSE1;RFC3;CD38;RFC4;POLA2;IRAK1;MCM5;MCM2;CUL4B;MASTL;BATF;ATAD3A;CASP9;EYA3;HYAL2;MAP2K6;TAF4;BCL2;RHBDF2;CD74;MAPK11;POT1;IRF7;FMO5;POLA1;RPA2;INTS7;XRCC1;TAP1;MRE11;SPDYA;FAM111A;SMARCAL1;RNF4;RALA;NDRG1;DOT1L;SLC22A1;VCPIP1;RPA1;FANCC;FNIP2;PDE2A;GPLD1;PITPNC1;TRIB3;CYB5B;TRIM25;TPMT;DCLRE1A;UBE2E2;ARL6IP1;SDCBP;PRIMPOL;ELL;SHLD1;CBX1;NQO1;KPNA2;MCM7;SOCS1;TM4SF1;CBR3;TIMP1;PON3;RECQL;DNA2;APAF1;MAP3K20;ZRANB3;CRADD;LIG1;NLRP1;NEDD4;WRN;RFC2;WDR76,Lung,Basal cell
4,prerank,MS,0.17704763092053352,0.6152733487470181,1.0,0.9998,1.0,138/1543,12.99%,AOAH;HMOX1;IFNG;ENPP2;ENO2;SLC2A3;BGN;CXCR4;DTNA;AQP1;PIK3R5;AURKA;PTGDS;ALOX5;TBXAS1;SERPINE1;PLAUR;UCP2;CD68;CD36;CCNB1;MMP2;CETP;CDK1;ADA;PIP5K1B;SLC44A5;POSTN;DCN;COL5A1;BCL2A1;SDC3;GFPT2;DGKI;S100A4;AKAP12;PDK4;IL1B;APOC1;KDR;PITPNM2;CA12;PLB1;LGALS1;IFIT2;P2RX7;BRCA1;MBOAT1;FADS2;PGP;ABHD6;PPARG;PLA2G10;LETM2;ABCD1;NUDT8;IFI6;PGF;ITPKB;GYS1;BOK;SDC2;EFR3B;NR4A3;RNF152;PDGFB;FAM107A;ENO4;SERINC5;GRB10;THBS1;STBD1;PIP4K2A;FADS1;AGPAT4;OTUD3;ACSL1;DHDDS;CAB39L;KLF7;ATPAF2;TGM2;RAB29;ABHD8;PNPLA6;ELOVL6;PDIA5;RRAGD;ATAD3A;RGCC;EPHA4;COX10;PIK3CD;BCL2;SPTLC2;POMC;PLA2G4A;CD74;KLHL25;DNAJC11;SLC25A17;XYLB;VEGFC;PTGES;DGKZ;TMEM186;ZFYVE1;GBA1;PCTP;PTCD2;EGLN3;SORBS1;ACAD11;OSBPL5;LDHC;USP30;RALA;BMP7;NDRG1;PLA2G4C;GGT5;ETS1;ASIP;MIEF2;MAP3K1;TGFBI;PDE2A;SLC35F6;PITPNC1;TRIB3;PAK3;IDH1;NCOA3;AKT3;CCN2;TPK1;ENOX2;OCRL,Lung,Basal cell
0,prerank,MS,-0.2535549295784245,-1.3023623052383664,0.0024449877750611247,0.046065259117082535,0.03440621531631521,172/503,26.00%,ACSL3;HSPA1A;CCN5;MYC;NDUFA8;KCNMA1;FOSL2;POLR2F;MT-ND6;IDH2;SLC25A4;GAS6;GABARAPL1;SURF1;HADHA;TGFB1;MRPL18;AQP1;PLIN2;CD74;PRKAG2;HSD17B12;CDKN1A;COX4I2;COX17;PLAAT4;GRHPR;MRPS21;IDS;APOC1;XBP1;LXN;AIG1;FMC1;MAP1LC3A;BTG1;SORBS1;MRPL33;ECI1;MFF;VCP;ABCA8;MT-ND3;AKR1C1;PGK1;MICOS10;CLU;RALA;NME3;NDUFA7;ANG;ATP5F1C;ZFP36L1;MRPL20;NDUFB6;NOL3;CAVIN3;MAOA;CITED2;EGR1;GPI;MT-ND5;SNW1;COX20;ACAT1;UQCR11;ENO1;GLRX;MRPL54;CSRP2;P4HA2;RRAGA;ATP5F1E;TBC1D5;PAM;JUN;NDUFA5;SELENBP1;CCN2;VAMP8;ZBTB7A;VDAC1;MT-ND4L;MRPL57;NDUFB10;ATP5ME;HADHB;PAK2;ITPR1;MAT2A;ALKBH7;COX6B1;COX14;TOMM22;MDH1;PSENEN;MRPS18C;SDC2;CYB5A;NDUFA12;NCOR1;CHCHD10;MT-ND1;ROMO1;CCN1;UQCR10;DMAC1;TIMM8B;MT-ATP6;LONP2;NDUFAF3;SLC25A6;BLVRA;PRDX3;MYH9;ETNK1;NDUFB2;AURKAIP1;ATP6V0C;SDHB;ISCU;DECR1;ZFP36;MRPL16;COX7C;PLAAT3;SSBP1;MT-CO3;LAMTOR4;YWHAH;ATP5F1A;GHITM;COX5B;COX6C;ALDOA;COX7A1;HSPA5;TKT;ATP5PF;ATP6AP1;NDUFA4;NR1H2;NDUFA3;F3;NDUFA10;NDUFB8;MRPS26;NDUFA6;MRPS15;ATP5MG;BGN;HSD17B10;COA3;PCBD1;PLSCR1;NR3C1;SRPX;NDUFV1;HIF1A;COX7A2;GPX1;COX5A;PTGES3;MDH2;NDUFS8;SLC2A3;GPC1;NDUFB7;VDAC3;CYB5R3;MT-ND4;NDUFS4,Lung,Bronchial smooth muscle cell
1,prerank,TIS,-0.2051479565930667,-1.0124608957042252,0.42105263157894735,0.6204414587332054,0.6293007769145395,69/311,19.57%,MYC;RRAD;POLR2F;GTF2B;GAS6;SURF1;SMARCA2;TGFB1;AQP1;PRMT2;CD74;FOXN3;CDKN1A;COX17;GTF2H5;PSMA5;ADRM1;BCL7C;OTUB1;TM4SF1;PPP1CA;MEF2C;BTG1;POLR2J;BTG2;ACTB;F2R;SMARCD2;VCP;AKR1C1;CLU;TAF7;RALA;NME3;CTSD;ZFP36L1;DDX5;ENY2;UBE2V1;SKP1;SNW1;PPP1R10;PIAS1;JUN;SOX4;VAMP8;ZBTB7A;FAAP20;TERF2IP;RAD23A;CRYAB;EEF1D;TSC22D1;UBXN1;ALKBH7;PSMB4;RHOB;NFAT5;NRBP1;PSMB7;AK3;URI1;BCAP31;APRT;FOXP1;TSPYL2;SEM1;RPL26;ISCU,Lung,Bronchial smooth muscle cell
2,prerank,Common,0.1898956869933036,0.9892951205163039,0.5054602184087363,0.9890260631001372,0.754,219/930,22.66%,CXCL1;SERPINE1;PLA2G2A;IL32;SPIDR;STMN1;COL18A1;UFM1;DGKH;IRF1;CEACAM6;CCL2;HIPK2;STK24;RNF213;YAP1;MARCHF7;RASAL2;MACROD2;FAS;PIN1;UBE2E2;EXOC4;WWC2;MAP3K5;QSOX1;SVEP1;CYP1B1;CTSK;UACA;ITGB5;TRIM8;USP22;CPEB4;APOD;ACAA2;POLE4;PCSK5;GATA6;MAN1A2;CXCL2;GSTM3;MGST1;PDGFRA;GNAQ;NEK7;PDPN;DEPP1;SLC39A8;TCF7L2;AGER;MYOF;DGKG;BST2;KRT18;DDAH2;RAB3GAP1;UBE2S;YME1L1;ANXA4;WNK1;OSR1;APOE;PSMD2;CHMP5;NSMCE2;MCL1;PHLDB2;SELENOS;HNRNPU;ZNF148;MAP2K2;ARL8B;DDIT3;UVRAG;SPART;PTGIS;GPC3;GRINA;THBS1;ARID1B;ROCK2;IL1R1;JMJD1C;CAMK2N1;ANGPT1;PTEN;NRP1;C3;NFKBIZ;MARCKS;PBRM1;ARF4;JAK2;LY6E;CHMP3;LEPR;HAX1;SRSF2;STOML2;SP100;USP33;ADARB1;ABCA1;EIF3A;SLC38A2;TMEM109;UBE2L6;PSMD1;DLC1;KLF10;DDX3X;AKT3;SAA1;TUBB;TIMP1;PPP1R14B;TRIP12;USP9X;MMP2;PDIA6;UBE2N;NFE2L2;ATRX;PPP2CB;IER3;STAG1;LAMP2;IL6ST;DEK;A2M;PLD3;KIF5B;ARIH1;FN1;GPX3;MAP4K4;PTK2;PRDX5;RGCC;ANKHD1;SNX6;PABPC4;RFC1;ANXA2;CCND2;CRLF1;DNAJB14;RAN;TOB1;SULF1;TXNRD1;NONO;SLPI;HSPB6;SPSB3;IGBP1;COPS5;EPAS1;C1QBP;AZI2;OS9;FXR1;MAGI2;KPNA4;FGF7;MGAT1;PLEC;NIPBL;UBE2A;SERPINH1;SQSTM1;NECTIN2;TNRC6C;SELENOP;STAT3;CUL3;MT1M;FBLN5;SLC25A5;C7;ATP5IF1;GSPT1;P4HB;PHIP;EMP3;SELENOK;ACTR2;CFD;LRP1;TPR;PRCP;PIM3;PCBP1;CBX3;HLA-DPA1;PSMC3;SIK2;HMGB2;DHX36;YWHAE;EPRS1;TNFRSF12A;MAN2A1;SOD2;PJA2;FIBP;NAMPT;SERP1;TNS2;CTSA;SH3GLB1;ATF3;UFD1;STX12;PSMA4;LGALS3BP;TLE1;CXCL12,Lung,Bronchial smooth muscle cell
3,prerank,OIS,-0.19414122435292325,-0.9472048417576686,0.63718820861678,0.6693857965451055,0.8423973362930077,49/286,14.25%,ACSL3;GADD45G;TMEM100;MAFB;MYC;GAS6;TGFB1;GAREM1;CD74;CDKN1A;GNG11;SSR1;ZMYND11;XBP1;IGFBP5;OTUB1;PPP1CA;UBE2D3;MEF2C;TNRC6A;BTG2;ARPC5L;F10;CD9;F2R;ID1;RAP1A;PGK1;PFN1;PSMD13;FKBP2;ZFP36L1;GADD45B;SEC11A;PSMC2;GPI;SKP1;ID2;ENO1;SKAP2;GLRX;RRAGA;MECOM;JUN;CCN2;ARPC3;GPS2;CPE;PAK2,Lung,Bronchial smooth muscle cell
4,prerank,RS,0.18568630569362327,0.8284415832428521,0.895017793594306,0.9554183813443072,0.956,50/181,26.11%,SERPINE1;SPIDR;CCL2;UBE2E2;POLE4;NEK7;DDR2;AGER;NSMCE2;HNRNPU;ARID1B;PTEN;POLR2K;PBRM1;SP100;KMT2E;DDX3X;UBE2N;ATRX;RGCC;RFC1;CCND2;CDK2AP2;KHDRBS1;C1QBP;NIPBL;UBE2A;CUL3;GSPT1;CCT8;PHIP;ACTR2;DUT;DHX36;DLG1;PSMA4;DHX9;NAP1L1;CCT6A;ABL1;CCNH;PSME2;CCNG1;EGFR;CDC73;FAF1;S100A11;XRCC5;RBX1;RBBP6,Lung,Bronchial smooth muscle cell
0,prerank,OIS,0.3728740659086977,1.7278122045526543,0.001,0.001,0.001,79/496,9.66%,SPI1;PPARG;IFI30;APOE;CTSC;FCER1G;MARCO;TFRC;LCP1;LYN;FN1;CTSS;PTPRC;IGFBP3;HDAC9;LAPTM5;GLIPR2;PLAUR;PYCARD;SLPI;GLRX;LTA4H;GPI;LY96;EZR;ADAM17;EIF4EBP1;CCDC88A;CCN1;CD44;PTPN2;LGALS9;TNFAIP3;TRIB1;APOD;HSPD1;NFIL3;MAP2K1;SPRY1;P4HA1;TAOK3;HBEGF;PELI1;DDT;SYAP1;SERP1;CCN2;SQSTM1;BHLHE40;CD74;PEBP1;M6PR;CLEC16A;ATP6V0C;GRB2;CIB1;PTPN1;DDIT3;ENO1;CYLD;XBP1;ETF1;TLR4;MAPKAPK2;ATP6V1A;SEC11A;SH2B3;ATP5MC1;NAMPT;PFN1;IL1RAP;SIK3;ERP29;ATP6AP1;GAPDH;CNKSR3;GABARAP;HSPE1;TGFB1,Lung,Capillary endothelial cell
1,prerank,MS,0.3487200564108377,1.6480442381983758,0.001,0.001,0.001,211/739,18.70%,PPARG;CD68;FBP1;TFRC;APOC1;IGFBP3;MGLL;PLAUR;PLIN2;PYCARD;GPCPD1;CHCHD10;ABHD5;POR;GLRX;GPI;CITED2;CLU;GPX4;HYCC1;ASAH1;PKM;ATP1B1;IER3;TBXAS1;TKT;ADAM17;LDHB;CCN1;LPL;BLVRA;EGR1;ATP6V1F;GLUL;ECHDC1;HSPH1;TNFAIP3;MT-CO1;HIGD2A;MACROH2A1;HSPD1;ACSL4;UGP2;S100A4;NFIL3;MT-CO3;TALDO1;P4HA1;SOD2;HMOX2;AGTPBP1;LGALS1;SMS;MT-CO2;PGLS;FOS;TIMM13;MDH1;APEX1;CCN2;SQSTM1;BHLHE40;CD74;ANXA2;ABHD3;CLEC16A;EIF2AK4;ATP6V0B;FOXO3;ATP6V0C;SERINC5;VAMP8;GPX1;HDLBP;PRDX6;DDIT3;MRPL14;MRPL40;ENO1;COX8A;XBP1;ATG7;PCBD1;ACAA1;NDRG1;ABHD12;TCIRG1;BAX;TPK1;UQCR10;DLD;ALKBH5;HSPA1A;SLC25A6;DDHD1;DHRSX;ATP5MC1;ATP5MF;IDS;SLC25A5;BLOC1S2;ERP29;ATP6AP1;GAPDH;GABARAP;PNPLA8;CERT1;TGFB1;RORA;COX14;RAB5IF;PRDX3;CHCHD1;MT-ND4;NDUFAF8;STARD7;ATP5F1D;ATP5MC3;LXN;ETNK1;UQCRB;PRDX5;MRPL34;TOMM6;ECH1;NDUFB11;UQCRH;PGP;MDM2;NAGK;ATP5F1E;TOMM5;VPS35;VPS41;CHP1;UQCR11;MICOS10;FAM162A;CBR1;MT-ND5;MDH2;ITPKC;CYRIB;YWHAG;CPNE3;MRPL18;ATP6V1D;NDUFS5;TOMM20;ATP5MG;PIP5K1A;KLF6;MRPL54;NDUFAF3;CYP4B1;ATP5MC2;VAPB;NDUFA7;YME1L1;SCP2;COX5A;EIF6;FOXO1;FOXK2;ECI2;PRELID1;LARP1;UQCRFS1;MRPL57;DBI;NDUFA8;NUS1;HEXA;MT-ND3;ATP5F1C;ZBTB7A;OSTC;MAP3K5;SESN1;MT-ND1;ATP6V1C1;MRPL55;MT-CYB;UQCRQ;MCL1;GSTP1;S100A10;LMNA;CHPT1;ETFB;MT-ND2;AKR1B1;COX7C;GYG1;H2AZ1;NDUFV1;ALKBH7;RHEB;VDAC2;MRPL9;RBPJ;ACO2;PLPP1;DMAC1;COA3;LPIN2;HSPA5;ISCA1;NDUFS7;MICOS13;PSENEN,Lung,Capillary endothelial cell
2,prerank,Common,0.27158955052956835,1.3300372424926339,0.001,0.017697637532348275,0.048,283/1630,15.28%,SLC11A1;MSR1;WFDC2;SPI1;PPARG;AIF1;CD68;CCL18;APOE;TYROBP;S100A9;FCER1G;MARCO;TFRC;S100A8;LCP1;LYN;FN1;LGALS3;LYZ;CTSS;C1QA;FTL;PTPRC;CD83;IGFBP3;CXCL2;HDAC9;MGLL;LAPTM5;CFD;ATP2B1;FTH1;PLAUR;PLIN2;HSPG2;PYCARD;CRIP1;MGST1;CST3;SLPI;LGALS3BP;GRINA;MCTP1;GLRX;NABP1;LY96;CCL4;CITED2;CLU;GPX4;IFNGR2;CYBA;GRN;IER3;S100A11;ADAM17;REL;CTSL;CCL14;LPL;RTN3;RSL1D1;EGR1;CD44;PTPN2;LYST;CREG1;LGALS9;HSPH1;TNFAIP3;TRIM28;TRIB1;OXR1;HIGD2A;MACROH2A1;PSAP;APOD;HSPD1;OXSR1;SOX4;TXN;NR4A2;CEBPB;MAP2K1;AKIRIN2;TNFRSF10B;QSOX1;TAOK3;HBEGF;SOD2;MTMR14;CD55;HMOX2;IER5;HSPB1;TCF7L2;LCP2;LGALS1;GPSM3;FOS;ANXA4;CAT;DST;PELI1;APEX1;RPL39;TAF10;BCL7B;DDT;AZI2;SERP1;NKG7;CCN2;NME2;SQSTM1;CD74;ANXA2;AMD1;RPSA;CLEC16A;NPM1;NFKBIZ;SLC15A3;EIF2AK4;ATP6V0B;FOXO3;ATP6V0C;SERINC5;VAMP8;GTF2B;RNASET2;GRB2;PABPC1;RPS19;DNAJB1;NUP214;GPX1;PRDX6;ANP32B;RACK1;CIB1;UBA1;PTPN1;DDIT3;FLNA;RANBP2;ENO1;CYLD;XBP1;CD69;ADAMTS1;NACA;ECPAS;TLR4;EEF1A1;MAPKAPK2;ATP6V1A;ATG7;HMGB2;JPT1;NDRG1;TCIRG1;BAX;NFKB1;PTPRE;SH2B3;RPS3;NUP58;ALKBH5;HSPA1A;IGFBP7;DHRSX;YBX1;NAMPT;FIBP;PARP8;SLC25A5;IL1RAP;ARIH1;GAPDH;GABARAP;STMN1;HSPE1;TGFB1;RORA;RHBDD2;PRDX3;PLD3;REV3L;HLA-DPA1;NFX1;DDRGK1;SLC20A2;NINJ1;MTDH;USP1;ACTR2;ATP2A2;UBE2E2;VTI1B;ATP2C1;PLEKHM2;MAN1A1;NUP98;PRDX5;DNAJB6;PSMD14;POLD4;PARP4;CHMP4B;RPL13A;UFC1;MDM2;ABL2;CDC26;NAGK;RPL26;RPS3A;RPL30;GNAS;VPS35;PPP1R15B;VPS41;TANK;PPP1R10;OSER1;UBP1;SMURF1;CASP1;GTF2H5;PDE4B;BCAP31;NUP153;FAM162A;PPT1;H1-2;PSMD11;XPC;YWHAG;CD9;ACTN1;VMP1;CHMP1B;EPC2;SNX5;RIPK1;ANP32A;DAB2;MATR3;ATP6V1D;SUPT3H;AGER;BACH1;KPNA6;IL1R1;POLE4;KLF6;NRBP1;ROCK1;TAF12;CSNK2B;SBNO1;PLCG2;ARL8B;VAPB;ST6GAL1;ABCF1;HLA-DRB1;YME1L1;RALB;DNM2;FOXO1;SND1;SAMHD1;FOXK2;PRELID1;LARP1;UBE2A;DAG1;TUBB;UBA52;PPP1R11,Lung,Capillary endothelial cell
3,prerank,TIS,0.2554010475451998,1.172869470694596,0.10025706940874037,0.08715251690458302,0.273,106/513,17.74%,IFI30;FBP1;TFRC;LYN;CTSD;SAT1;PYCARD;CRIP1;UPP1;NABP1;CLU;GPX4;IER3;ADAM17;LDHB;CD44;TRIM28;MACROH2A1;SOX4;DCXR;S100A4;TAOK3;HBEGF;IER5;FOS;PELI1;APEX1;TAF10;BCL7B;CD74;KIF13B;NPM1;EIF2AK4;FOXO3;VAMP8;GTF2B;GRB2;RACK1;CIB1;UBA1;DDIT3;MRPL40;MAPKAPK2;ACAA1;HMGB2;NDRG1;BAX;RPS12;PTPRE;RPS3;ALKBH5;APRT;POLR1D;TGFB1;RORA;REV3L;NFX1;NINJ1;USP1;ACTR2;UBE2E2;PSMD14;POLD4;PARP4;MDM2;RPL26;TANK;PPP1R10;CASP1;GTF2H5;PDE4B;BCAP31;FAM162A;CBR1;H1-2;XPC;EPC2;RIPK1;ANP32A;SUPT3H;BACH1;RPL36;POLE4;NRBP1;CYP4B1;TAF12;FOXO1;SAMHD1;UBE2A;UBA52;ZBTB7A;SESN1;MCL1;GSTP1;DEK;S100A10;LMNA;USP3;ARID1A;RPL18;NFAT5;UBR5;ALKBH7;SHLD2;POLR2A;COPS8,Lung,Capillary endothelial cell
4,prerank,RS,-0.13992351127276026,-0.6784484455131807,1.0,1.0,1.0,85/288,33.48%,ASF1A;RGCC;SERPINE1;KLF11;CDK6;TCIM;PML;SMARCC2;POLA1;RFC1;KLF4;PRMT1;HMBOX1;YLPM1;ACVRL1;CTDSP2;STN1;HDAC8;RDX;SDE2;H2AC6;RB1;BRD7;ASCC1;FAM107A;CTDSP1;FBXO7;JADE1;SMG1;RECQL;FBH1;MAPK3;RASSF1;WDR33;XRN1;TNKS1BP1;TRRAP;POLR2B;CCND3;TOP1;ORC2;XRCC5;TINF2;SETD2;ARID1B;NSMCE1;ATRX;EGFR;CDC73;INO80;PIAS1;PSMB2;LATS1;H1-0;PLK2;SP100;PSMA4;FAM111A;HNRNPA2B1;EPC1;TERF2IP;WRN;TBRG1;DGKZ;ANKRD17;PARP1;ZBTB38;CUL4A;RBMS1;ARID2;MORF4L1;MCMBP;HNRNPD;YY1;ID2;SET;APPL1;BOD1L1;PSMB7;RNF138;SMARCE1;KMT2E;SMG6;POLR2F;XRCC6,Lung,Capillary endothelial cell
0,prerank,OIS,-0.2566987623869863,-1.2940113489786007,0.001,0.009358914365933552,0.005605381165919282,216/783,21.77%,PIGR;SLPI;GDF15;ERBB4;CXCL17;MECOM;NIBAN1;ZFP36L1;CCN1;ICAM1;LYN;GCNT2;EDN1;GNA14;ALDH1A3;VEGFA;AGER;CFH;PLAUR;IL6;ERBB2;MALL;NPNT;LPAR1;DHCR24;CAV1;EMP1;DUSP5;FGFR3;KSR1;MPZL2;SH3RF1;CCN2;MYC;ROS1;PTGS2;WNT7B;FERMT2;PHGDH;CAV2;ARHGAP8;ME1;FGFR2;EPHA2;F3;JUP;ERBB3;PRKCZ;FNIP2;CFB;ALDH1A2;STK3;CTSC;P2RY6;GPAT3;TRAF4;LMO3;MAP3K5;FGF13;ACACA;MTHFD2L;TES;AVPI1;NAMPT;MAP3K8;CAB39;BIRC3;SP1;INSR;LDLR;EZR;RPS6KA2;CYLD;ADRA1B;MFHAS1;NUPR1;RANBP9;CD74;TRIM5;CD81;SERPINH1;HK2;PELI1;DCBLD2;FADS1;TGFB2;TNFAIP3;NPC1;GAS6;ZC3H12A;NOTCH2;TP53;EDEM1;SH3BP4;SESN3;MAP3K9;RPS6;CX3CL1;PHLPP1;EP300;LTA4H;RIPK2;PTPN1;CTSH;SEMA3B;TRIB1;TNFRSF1A;GSTP1;ARRB1;ADIPOR2;MAP2K3;IDH1;HMGCS1;WWC1;RPS6KB1;TXNRD1;AKAP13;SPRY2;MAPKAPK2;ZNF277;SIRT1;STRN;EIF4EBP2;STK38;TFPI;PRKAA2;AKT1;TNIP1;INAVA;MAP3K1;SPRED1;SH2D3A;ETS1;GSR;ADAM17;GPR155;ERO1A;DHX33;IL1RL2;PRKCD;IRAK1;PDGFC;ATP2A2;PRDX1;SPRY4;AXIN1;IGF1R;TGFA;CCSER2;EBP;UFM1;KLHL22;CUL3;TM7SF2;GADD45A;SFN;MEF2C;FADS2;SLC7A5;PSMB8;GRK2;TOR1AIP2;NRAS;NRP1;TSPAN13;ZDHHC9;FUCA1;PTPN3;STK40;HBEGF;SEC11A;EZH2;IL1RAP;IQGAP1;CAB39L;PRKCA;RGS16;RPS6KA5;PTPRR;EPHA7;DUSP6;ERF;PDE8B;CBL;PPP1R15A;RYK;CLTC;WNT5A;PPA1;MIOS;PYCARD;LTBR;GGA2;ARAF;TMEM97;DHCR7;QARS1;CTH;CCL20;LRRK2;STK11;MAP3K2;YKT6;MAP3K20;RAF1;GSK3A;MAP2K2;DUSP1;GMPS;CALR;TAB3;SQSTM1;SLC6A6;UBA52;AGO1;ENO1,Lung,Club cell
1,prerank,Common,-0.21694816141756876,-1.1568985961456224,0.0025974025974025974,0.07019185774450164,0.0773542600896861,714/2682,25.08%,RNASE1;HBB;MET;SLPI;CXCL2;GDF15;HBA1;VTCN1;ERBB4;CXCL17;CXCL1;CD55;SLC4A4;NIBAN1;RBMS3;AGR2;ZFP36L1;PTGFR;ICAM1;LYN;AQP5;MUC1;CEACAM6;EDN1;S100A14;CXCL8;RAB7B;GNA14;SULT2B1;SLC15A2;NABP1;AHR;MYOF;VEGFA;AGER;TMPRSS2;CFH;MACROD2;PRKAR2B;VDR;BDKRB2;IFITM3;OSMR;PLAUR;NECTIN4;ANXA3;TCIM;RAD51B;NCOA7;IL6;ERBB2;LPAR1;MCU;CLU;CAV1;RBPMS;PMAIP1;FLRT3;YBX3;CCND1;SH3RF1;NFIB;CCN2;BPIFB1;MYC;ROS1;C5;PTGS2;GGT5;MX2;SDC4;SNX18;TRIM22;NEDD4;FERMT2;TNFRSF12A;PTPRE;IFITM1;COL4A3;PTPRK;CAV2;CFLAR;LATS2;PLK2;WFDC2;FGFR2;EPHA2;F3;TNFRSF10B;MGST1;EYA2;AQP4;MCTP1;DAPK2;RNF39;SELENOP;CD82;NIBAN2;SAV1;OCLN;PHLDB2;ICAM4;LY6E;ERBB3;TXNDC5;SGMS2;ASS1;PRKCZ;FNIP2;EFNA5;CFB;YAP1;HS3ST5;ATOH8;PPARGC1A;ALDH1A2;FEZ2;AHNAK;ISG20;PPP1R13L;PLA2G4A;GSN;IFITM2;CTNNB1;PCSK5;TCF7L2;CLCF1;PTPN14;DGKD;BNIPL;RBM47;XAB2;PRKG1;STAT6;SOCS6;MAP3K5;IL1R1;SOCS2;USP6NL;TMPRSS4;BAG3;RNASE4;TJP1;YES1;ANXA2;DRAM1;USP44;ANXA1;VPS37B;SLC11A2;C3;MYO6;MTA1;OOEP;INHBB;POLE4;CLDN4;SMURF2;SULF1;TES;ULK1;STT3B;NFAT5;EVPL;DDAH1;RPS19;ELF3;CDC14B;NAMPT;RARG;PSME4;MAP3K8;FYCO1;ATXN7;CAB39;RCC2;TNFSF10;BIRC3;SP1;SOX4;RPL39;INSR;LIMD1;FOLR1;LDLR;TPT1;ERN2;TBC1D12;NAPRT;S100A11;TENT5B;RPS6KA2;TRAM1;PPL;KRT4;CYLD;NOP53;VAV2;VCL;NINJ1;RFTN1;PPARD;ARNT;MFHAS1;SMAD3;ZBTB7B;NUPR1;IER5;GNA15;CD74;TIFA;RNF125;PRKCI;PABPC4;NT5C2;TRIM5;CD81;ITGB8;SERPINH1;CASP6;STK24;DTX4;SERPING1;HK2;WEE1;PELI1;TIMP1;RCC1;DCBLD2;AQP3;FADS1;TGFB2;TOP1;GATA6;SHLD2;SLC39A8;CFTR;KLF6;DLC1;TNFAIP3;NR2F2;BTG3;RARRES2;DOT1L;NPC1;SMURF1;GAS6;HMGA1;ZC3H12A;NOTCH2;IER3;LRRC8A;UNC93B1;AMD1;TLE3;TP53;LCN2;EDEM1;VAMP8;SH3BP4;SESN3;BCL2L12;GSTM3;DIPK2A;AJUBA;TOB1;SPIDR;CX3CL1;ARHGEF19;HMGB3;NFKBIZ;NUP188;TST;SREBF1;EP300;FLNA;HSPG2;RIPK2;PTPN1;MAP1S;TRIB1;LGALS3;TNFRSF1A;RPL26;YJU2;GSTP1;RPS27;KPNA4;TLR5;CD151;CDKN1C;ADIPOR2;SLC12A2;MAP2K3;RPL13A;RMC1;QSOX1;ANG;SMC5;KRT18;REST;WWC1;KANK1;RPS6KB1;GSDMB;BACH1;RACK1;WWC3;KPNA7;TXNRD1;SLC25A24;PEX13;ACVR2A;SPRY2;MAPKAPK2;SMARCD2;BCL3;OTUD4;ING5;SNX30;EIF2AK3;SIRT1;CEBPB;RPS3A;DAP;PARP14;STRN;EIF3B;STK38;IFI16;TMEM39A;SRF;FMR1;TFPI;FOSL1;SND1;ZDHHC12;H2AJ;PRKAA2;AKT1;SFTPD;TNIP1;INAVA;MON1B;C2;MVB12B;SREBF2;SLC7A1;DHX9;CAPN3;ALPK1;DDR1;USP25;SPRED1;FOXA2;TMSB4X;WWC2;CAPN2;MDK;ETS1;FZD5;BMPR1B;LGALS8;APOBEC3C;GSR;ADAM17;RGCC;CLIP1;GPR155;ERO1A;CDK16;DHX33;CCAR2;KANK2;IL1RL2;S100A10;PRKCD;IRAK1;TANK;SMCHD1;RELB;HRH1;VMP1;ATP2A2;SMC4;NFE2L2;PRDX1;IFNGR2;IFIT5;SF3B3;YOD1;DSP;AXIN1;TRIM28;ANXA5;IRF1;IGF1R;NPAS2;USP40;ARID2;RHOC;BID;MOGS;CREBZF;MMS22L;ITPR1;RAB43;PDE12;KLRD1;ACER2;FABP3;TWSG1;CTBP2;DAGLB;CLDN3;NFIA;ABCC1;UFM1;NACA;IL4R;CXCL16;KLHL22;SUPT5H;HLA-F;ARL8B;CUL3;NUMA1;TSPAN6;GADD45A;DNAJB12;TP53I11;CHMP4C;RPS3;PTPRU;SFN;MEF2C;CLN3;PRKCH;BCL2A1;SLC7A5;HLA-DRB1;BIRC2;PSMB8;SMC1A;GRK2;COL18A1;PLOD1;PTMA;MALT1;DNMT1;MX1;MYH9;TLR2;SOD2;NAGK;MMP14;DUOX1;SNX5;TRAF3;CASP4;ASCC3;HEXIM1;EEF1A1;RAP2B;GCN1;NEK6;FBLN5;NRP1;ZDHHC9;ATG9A;EIF3A;LRG1;TSC22D4;HBEGF;RNF26;SIX1;RWDD3;EZH2;IL1RAP;POLD4;WTIP;NONO;POLB;PARP2;ATG2B;PRKCA;FAM120A;FSTL1;ZDHHC16;RGS16;UAP1;ECT2;NUP93;PAXX;FAM111A;RPS6KA5;SBNO2;PRIM2;OSER1;WNK1;PML;PHF10;N4BP1;MGME1;ATP6V0A2;STAG1;H1-2;MBTD1;DERL1;ARF4;SEMA4D;ARHGAP24;DHX15;SERINC5;SMARCA4;DUSP6;ERF;RPL30;SS18;CBL;TBC1D14;ANXA4;EPAS1;PINX1;EIF2AK4;PPP1R15A;PUM1;GSDMD;DYRK1A;NUP50;HLA-DPA1;USP3;TENT4A;CBX3;XRCC4;WNT5A;TP53INP1;MIOS;RNF144B;PYCARD;NR1D2;OVOL2;MARCHF7;ITGB5;ARAF;TMEM97;SFTA3;SCARA3;IFNAR1;TRADD;MVK;TICAM1;ERBIN;ACVR1;ZNRF1;QARS1;AKAP1;BRD4;CTH;EI24;MGAT1;CCL20;SIX4;LRRK2;TOR1A;EIF4G1;STK11;ORMDL3;EGLN2;JPT1;CPEB2;MERTK;NCOA4;BCL2L2;MAP3K20;CREB3L2;SYNCRIP;RAF1;ANAPC10;TRRAP;PLEC;INSIG2;GSK3A;DDX3X;OSBPL7;POLDIP2;SAA1;NUDT15;DLG5;ARID1A;MAP2K2;SYVN1;CALR;GALNT1;USP13;TAB3;SEC16A;SQSTM1;ZDHHC18;NUP54;SLC6A6;RPSA;UBA52;KRT15;USP43;AGO1;CCL2;ENO1;MACROD1;POLR3B;SENP3;WIPI1;LMNA;HES1;HNRNPU;SPTLC2;FEM1B;ECPAS;FANCC;RNASEH2B;BNIP2;ANO6;TOMM70;POLG;BRAF;MVB12A;PLXNB1;HYOU1;TRIM26;SLC25A23;MACF1;DAB2IP;PARP8;SEC13;ADCY9;LONP1;PLIN3;ATP6V1C2;SRC;YTHDF2;ARIH1;REL;KRT8;ST3GAL1;ANP32B;BNIP3L;MYL9;HCFC1;VPS41;FAU;TRIM14;CEBPA;CKS1B;PTRH2;TGFBR1;FOXO1;SLC31A1;NUP153;MGAT5;PRKCG;BCL10;TRIM38;PSEN1;PLEKHM1;EGR1;FER;MSH6;ABL1;TXN;IFNAR2;CYP1B1;TNFRSF14;PTK2;SUSD6;ATG10;SAR1B;MCM7;MT1E;SMPDL3B;TRIM69;NSMCE2;PIM1;HLA-E;DDX6;PAFAH1B1;SCAF4;DBF4;NET1;PPP4R3A;S100A9;SUPT3H;HIPK3;SQLE;H1-0;EIF3L;PDPK1;NUP98;ARHGAP10;GSPT1;VPS13D;HAPSTR1;RNF169;UBE2E1;HDAC6;F11R;LGALS9;GPR137B;FUT8;PABPC1;ACTB;SLC25A5;WDR48;DSN1;CUL4A,Lung,Club cell
2,prerank,MS,-0.20994915610663886,-1.0949572877142155,0.07444168734491315,0.14662299173295898,0.218609865470852,267/1272,21.16%,TMEM45A;GSTA1;ERBB4;ALDH1A1;CP;CYB5A;ACOXL;LIPH;SLC4A4;ZFP36L1;CCN1;CYP2F1;GCNT2;EDN1;AKR1C1;NEDD4L;SULT2B1;VEGFA;VDR;INPP4B;PLAUR;SCD5;CYP2A6;IL6;CYP4B1;MCU;CLU;DHCR24;CAV1;PMAIP1;EXT1;CCN2;ACSL5;MYC;PTGS2;GGT5;SDC4;CAV2;ME1;F3;ADGRF5;HSD17B11;EFNA1;GLUD1;SGMS2;PPARGC1A;ISG20;GPAT3;PLA2G4A;FOLR3;PLPP2;ECHDC1;SELENBP1;SLC44A2;DGKD;CXADR;MAP3K5;RAB32;GSTM4;PIP5K1A;ACACA;XIST;ITPKC;ANXA2;CHKA;ACADSB;FASN;INHBB;ACSF2;ERRFI1;TES;ULK1;OSBPL5;CYP2J2;SLC44A1;DDAH1;NDST1;CAB39;TNFSF10;INSR;LIMD1;FOLR1;LDLR;PRDM16;OSBPL10;NOP53;PPARD;ARNT;SMAD3;NUPR1;PGM2;RAB38;CD74;CASP6;STK24;TKT;HK2;AQP3;MYH14;FADS1;TGFB2;GATA6;KLF6;TNFAIP3;GAS6;ZC3H12A;IER3;MAOA;DDHD1;TP53;VAMP8;SESN3;TMEM150A;AJUBA;MRPS25;MTFP1;ABCD3;TTC7A;SREBF1;EP300;MBOAT2;GSTP1;CDKN1C;ADIPOR2;SLC27A3;ALDH3A2;IDH1;ANG;HMGCS1;REST;AKR1C2;RPS6KB1;CHP1;SDC2;PEX13;UGDH;EIF2AK3;SIRT1;IFI16;CLUH;GPCPD1;SRF;PRKAA2;WSB1;AKT1;MRPS6;SREBF2;MAP3K1;ETS1;CRLS1;BMPR1B;SERINC2;ADAM17;RGCC;SLC25A17;FOSL2;GPR155;ERO1A;CCAR2;KANK2;S100A10;PRKCD;LDHB;PTDSS1;NFE2L2;CLN8;AXIN1;LPCAT1;STARD7;BID;TIPARP;ITPR1;PITPNM2;HSD17B4;GPD2;MRPL14;MID1IP1;KLHL24;FABP3;DAGLB;CLDN3;RXRA;HYCC2;EPHX1;SFN;CLN3;FADS2;ACADVL;PRKCH;BCL2A1;HYCC1;OSBP;CDON;PLOD1;CHPT1;H6PD;MYH9;SOD2;NAGK;ECI2;PLPP3;GCN1;SPTSSA;NQO2;MRPL58;PPP1R3B;RWDD3;OSTC;PLIN5;BLVRA;WTIP;CAB39L;ACSS1;COX10;HSDL2;GDE1;MRPL15;PHKA2;ATG2B;LPIN2;PRKCA;SGMS1;PML;LPCAT2;CASP7;SLC25A33;SERINC5;MRPS2;SAMM50;EPAS1;EIF2AK4;PPP1R15A;OXA1L;FDFT1;GABPB1;PFKFB3;HDLBP;ASAH1;ATP1B1;MIOS;ABHD5;PYCARD;MRPL10;CBR3;CBR1;OAT;IFNAR1;MVK;LDHC;LRRK2;TIMM10;EIF4G1;STK11;EGLN2;TMEM126A;RPIA;CPEB2;NDUFA4;PHKG1;BCL2L2;MRPL23;MRPS12;GSK3A;GGCT;GRPEL1;CERT1;JMJD8,Lung,Club cell
3,prerank,TIS,-0.21501459654184338,-1.092128401263166,0.11241217798594848,0.11183902667290595,0.2219730941704036,189/931,20.09%,GSTA1;FMO2;TM4SF1;SDC1;ZFP36L1;CYP2F1;LYN;MUC1;AKR1C1;NABP1;AHR;MACROD2;VDR;CYP2A6;RAD51B;CYP4B1;CLU;PMAIP1;CCND1;MYC;AADAC;TGFBR2;ABCC4;NEDD4;PTPRE;PTPRK;PLK2;PVT1;EPHA2;EYA2;CD82;CCNO;FNIP2;YAP1;SAT1;CTNNB1;TRAF4;EEF1D;GSTA2;PTPN14;XAB2;FGF13;GSTM4;DRAM1;USP44;VPS37B;MYO6;MTA1;RRAD;OOEP;INHBB;POLE4;NFAT5;CYP2J2;TAX1BP3;CDC14B;PSME4;ATXN7;BIRC3;SP1;SOX4;TPT1;STOM;KCNQ1;NOP53;VAV2;NINJ1;ARNT;NUPR1;IER5;CD74;CD81;PELI1;TIMP1;DPYD;ABCC3;TOP1;GATA6;SHLD2;KIF13B;PLXNB2;DOT1L;GAS6;ZC3H12A;IER3;RPS12;PMM1;TP53;VAMP8;BCL2L12;GSTM3;TOB1;SPIDR;PIAS3;EP300;RPL26;YJU2;GSTP1;SEC61A1;SMC5;BACH1;RACK1;MAPKAPK2;SMARCD2;BCL3;OTUD4;SIRT1;STK38;IFI16;RPL36;FMR1;H2AJ;ST14;DHX9;SPRED1;ADAM17;CCAR2;S100A10;PRKCD;LDHB;IRAK1;TANK;SMCHD1;SF3B3;TRIM28;CCND3;NPAS2;RPL18;TGFA;ARID2;BID;MMS22L;ACER2;RALGDS;ABCC1;SUPT5H;RXRA;BAIAP2;GADD45A;EPHX1;RPS3;SFN;MEF2C;EPS8L2;BCL2A1;BIRC2;SMC1A;ASCC3;HEXIM1;TP53I13;RAP2B;SLC19A2;ALDH2;FUCA1;HBEGF;CANT1;POLD4;POLB;PARP2;ZDHHC16;RGS16;FPGS;ECT2;PAXX;FAM111A;WNK1;PML;PHF10;N4BP1;RORC;MGME1;H1-2;MBTD1;SMARCA4;EIF2AK4;PPP1R15A;DYRK1A;USP3;TENT4A;CBX3;XRCC4;KRT17;PYCARD;CBR3;IMPDH2;MARCHF7;SULT1A1;CBR1;TRADD,Lung,Club cell
4,prerank,RS,0.14495181333662127,0.6907111721057184,1.0,1.0,0.964,129/517,26.23%,PKIB;INHBA;UBE2E2;TSPYL2;MEAF6;REV3L;HLTF;ID4;APBB1;STOX1;ZMYND8;RUVBL1;PLCB1;XRCC1;DGKZ;ATP2B4;PIAS4;TP53BP1;ID2;ENDOG;EGFR;CENPS;CRLF3;BRD9;BCL2;H2AC6;RPA2;SLF1;RMI1;CCNH;SWI5;ACTR8;ERCC5;CDKN2D;DCLRE1C;FHL1;PARP1;BRD8;SMARCB1;PPP3CA;EXOSC10;TERF2IP;RFC3;TBRG1;MRE11;POLR2I;H2BC5;RUVBL2;CCND2;NSMCE4A;ATM;JADE1;TFDP1;H2BC21;PKD1;RAD51C;PTMS;CCT7;MSH2;HELB;RNF8;KAT5;HSP90AB1;WRNIP1;SPDYA;H2AC20;SHQ1;PNKP;POLR2K;PURA;PRMT1;H2BC6;H1-4;STXBP4;UBE2B;POT1;TCP1;SMC6;ZRANB3;FBXO7;HSP90AA1;POLR2C;HIRA;PSMA6;RAD50;LSM10;ERCC4;RPA3;RECQL;H3-3B;RFWD3;SSBP1;SMARCC2;FBXW7;APPL2;CCT8;DYNLL1;POLD3;MNAT1;SKP1;SPRTN;CCT4;APC;BCL7A;CACNB4;POLE3;EIF4EBP1;RFC1;H3-3A;PSMB5;DUT;KLF4;APPL1;PSMA7;TERF1;WDR18;MORF4L1;POLR2A;AP5Z1;CDK10;PPP4R2;PSMB1;KIN;H2BC4;MAGEF1;TINF2;PRMT2;SMC3;TMEM14B,Lung,Club cell
0,prerank,TIS,0.3013190524441413,1.4099885675909756,0.0035971223021582736,0.019464720194647202,0.006,51/197,17.65%,SOX4;RORA;FOXN3;CRIP1;ATF3;FTO;JUN;VAMP8;TOP1;TSC22D1;ZBTB16;MACROH2A1;H4C3;GPX4;BTG2;MEAF6;SAT1;H2AZ2;BCAM;RHOB;UBE2E2;REV3L;DCXR;SFPQ;TERF2IP;S100A4;FOS;HMGB2;VKORC1;WNK1;AK1;SPIDR;RBBP6;DUT;APEX1;MORF4L2;BCLAF1;RAD23A;POLR1D;BTG1;MIF;POLR2K;FOXP1;UBE2B;GTF2A2;PERP;POLR2J;GSTP1;UBB;UBE2I;EIF1B,Lung,Endothelial cell of lymphatic vessel
1,prerank,OIS,-0.30970169159196304,-1.2980003139499359,0.046218487394957986,0.030793735067693125,0.11278952668680765,27/183,10.00%,CCL21;IGF1;GNG11;TFPI;CD36;GYPC;LY96;FLT4;SASH1;AKAP12;SLC2A3;RELN;IL33;SDCBP;KLF4;SEMA6A;RGS16;ZFP36L2;SEMA3A;MEF2C;TBX1;SHC1;ADD3;LAPTM5;LYN;EMP1;APP,Lung,Endothelial cell of lymphatic vessel
2,prerank,RS,0.29544564025148734,1.280997180807207,0.05194805194805195,0.05677210056772101,0.033,36/118,23.35%,PPP3CA;TOP1;RGCC;H4C3;MEAF6;H2AZ2;H3-3B;UBE2E2;REV3L;PHIP;SFPQ;TERF2IP;ANKRD17;CCT7;SPIDR;NAP1L1;RBBP6;HSP90AA1;DUT;APEX1;MORF4L2;POLR2K;UBE2B;H3-3A;POLR2J;WAC;DLG1;CCT5;ARID1B;KHDRBS1;SET;HNRNPD;CCT8;HSP90AB1;ATRX;UBE2N,Lung,Endothelial cell of lymphatic vessel
3,prerank,MS,0.2570335305525527,1.2536143148477275,0.014218009478672985,0.04974317383076507,0.044,86/335,22.47%,EGR1;PAM;MT-CO3;MT-CO1;RORA;PTPRG;ATF3;MT-ND4;MT-CO2;JUN;VAMP8;MT-ATP6;HSPA1A;RGCC;MT-ND1;MACROH2A1;GPX4;ATP6V0B;ZBTB20;MT-CYB;CYB5A;MT-ND3;ERP29;ACADVL;TALDO1;TKT;MT-ND2;EPAS1;PCBD1;ASAH1;P4HB;RHEB;S100A4;FOS;MRPL14;WSB1;NDUFA7;MT-ATP8;XBP1;UQCR10;NDUFV2;HSP90AA1;PIN1;APEX1;H2AZ1;MT-ND5;MDH1;BTG1;MIF;MRPL43;HSPA5;MT-ND6;SLC25A5;MTCH2;NDUFB9;TOMM6;GSTP1;OSBPL8;NR3C1;NDUFA5;MT-ND4L;HIGD2A;NDUFS8;HAX1;ATP5F1A;PLAAT4;UGP2;ATP5MC3;MDH2;MRPL33;ZFP36;HSPD1;NDUFS3;CHCHD3;CCN1;PPP1R15A;CSNK1A1;MRPL34;PARK7;NDUFA11;KLF10;ZFP36L1;TPI1;COX8A;UQCRC1;COX17,Lung,Endothelial cell of lymphatic vessel
4,prerank,Common,0.17838822562592993,0.9218354759669286,0.8533333333333334,0.7380373073803731,0.578,123/602,18.41%,RNASE1;EGR1;LRBA;SOX4;PAM;PPP3CA;GNAQ;RORA;FOXN3;CRIP1;DNAJB1;ATF3;SVIP;FTO;JUN;PPP1R14B;VAMP8;TOP1;TSC22D1;HSPA1A;RGCC;MACROH2A1;H4C3;KRT18;GPX4;BTG2;ATP6V0B;MEAF6;CD55;PRDX2;HMGN2;MGST1;SRPK2;H2AZ2;TRA2B;RHOB;H3-3B;UBE2E2;VAMP2;DEPP1;REV3L;PHIP;CIRBP;ARF4;EPAS1;SFPQ;EXOC4;MEIS2;P4HB;RHEB;TERF2IP;FOS;ANKRD17;IFI27;ERLEC1;HMGB2;VKORC1;VMP1;SLPI;TAX1BP1;WNK1;XBP1;TXNRD1;EIF4A2;SPIDR;JUNB;NFKBIA;RBBP6;SERP1;HSP90AA1;PIN1;PSMD7;SIVA1;ANXA3;MIEN1;PTK2;DPYSL3;HSPE1;APEX1;ATF6;TSC22D3;H2AZ1;MORF4L2;CCNY;BCLAF1;RAD23A;TMCO1;RSF1;BTG1;MIF;HM13;HSPA5;FOXP1;NECTIN2;HERPUD1;DAPK1;FLNA;UBE2B;SELENOK;SLC25A5;EWSR1;PJA2;DYNLT1;PSMC3;H3-3A;PSMD6;GSTP1;BSG;MANF;UBB;ACTG1;HIGD2A;RAB2A;RBMS3;BIRC6;UBE2I;HAX1;ATP5F1A;YWHAQ;PLAAT4;IFNGR1;WAC;BAG1,Lung,Endothelial cell of lymphatic vessel
0,prerank,Common,-0.22966968916994537,-1.1951845933529792,0.001,0.021052631578947368,0.012903225806451613,734/3138,19.57%,MMP9;CCL17;CCL2;EPHB2;GPR183;STAT4;GNLY;GSDME;MERTK;CLEC5A;FCGR2B;ADAM8;PLA2G7;RNASE2;PTGER2;CD48;CCL13;SPHK1;STAB1;CXCL10;TMIGD3;F13A1;CHI3L1;IL1R2;MTSS1;SIGLEC10;ST18;GPR35;CD14;IL18R1;OSM;SNCA;SLC7A5;TRPM2;CORO1A;RNASE6;KCNN4;CMKLR1;PC;RGS1;GPR132;LGMN;EREG;ANGPTL4;CYP1B1;PIK3R6;ATP2A3;IL4I1;NKG7;SERPINB9;RFTN1;FPR3;RNASE1;IL10;ABCA1;NLRP12;CCL3;CCNB2;UCK2;STK26;IL6R;ORC6;LILRB5;KCNK13;SMPDL3A;TLR6;BATF;GRAMD4;S100A8;BLM;TLR2;NLRP3;NUSAP1;CD109;PLAUR;VEGFA;HIF1A;CXCR4;HMOX1;TOP2A;CD84;DGKA;RASA3;FCGR2C;FNIP2;ITGAM;FCN3;CD300E;NRROS;TNFRSF1B;PDGFB;ADA;EIF4E3;FYN;MARCKS;MAFB;SLC39A8;CTPS1;FEN1;SPRY2;ALOX15B;MXD1;SH3RF3;KCNMA1;TPCN1;BICD1;C5AR2;BTG1;UBE2C;MEF2C;LSP1;PTTG1;EMP3;ZNRF1;LILRB4;RUNX3;FCN1;MAP3K8;PIK3CD;LILRB2;SMPD1;CD300A;CTSL;APOE;CENPU;CYBB;CDK1;CDKN3;FOLR2;PRC1;SOD2;H2AC25;CCL18;RNF125;WIPI1;MPP1;CD1D;SAP30;MPEG1;ADM;ACOT11;HMGA1;CRADD;TBC1D14;BMF;PPIF;HERPUD1;IRAK2;TIMP1;TRAF1;CD86;TRIM59;CENPT;SOCS3;IFNAR2;BRIP1;MALT1;NINJ1;CCR1;HPSE;TRIB3;ADAM9;PIK3R5;HM13;ICOSLG;CD2;S100A9;LGALS1;ID2;TPX2;EPM2A;ZFP36L1;FURIN;FPR1;FLT1;CCND2;GNA12;GGT1;CSF1R;CHMP1B;NDRG1;CENPK;ITGB2;CENPL;HAMP;AZU1;SPDL1;C5AR1;IRAK1;CTH;DCLRE1B;CDKN1A;PRCP;GRB2;ANO6;CENPE;FOXK2;H1-3;PTPRJ;RHBDF2;EIF4A1;C3AR1;CKS2;RFC5;CTSK;ABCD1;GRK5;ADORA2B;AQP9;IL1R1;MACROH2A1;NR4A2;SYT11;ABRAXAS1;FANCM;INSIG1;VNN1;VAV2;ENO1;RAB39A;LACC1;TPCN2;CDK6;MT2A;TFDP1;AURKA;ETS2;S100A10;CALR;MT1X;PTAFR;ACTB;STK38L;RAD51AP1;TAP1;MMP14;CLSPN;FCER1G;MGAT1;MCL1;CXCL2;TES;MAD2L2;JAK1;PARD6A;GAPDH;KNTC1;PELI2;TNIP1;RAP2B;TAF5;OXSR1;AGER;CDKN2D;NDOR1;PAK1;SFR1;DGKD;DYRK2;MAP4K4;VSIG4;GAS6;PIK3R1;RRM2;CD44;WDHD1;MAP3K20;GPATCH3;SLC30A1;NIBAN2;PTK2B;AIF1;DDX11;NR4A3;DOT1L;H3-3A;SIAH2;CBX6;EZH2;DDX39A;DIPK2A;CCL23;CDKN1B;CCL5;HLA-B;ASCL2;CH25H;ACTG1;KIF1B;MAP3K14;TDP2;RPS6KA2;ACP2;PDIA6;SPCS3;LAPTM5;TRAF5;LMNA;MAP2K1;ITGA5;EMILIN2;CTSA;SLC3A2;ABI3;SLAMF8;FTH1;NOD2;ZFP36;HSPA6;ATP6V0B;FTL;CUL4B;JUNB;AIFM2;GPNMB;GPX1;ADARB1;MYDGF;HLA-E;CENPA;TFEB;RRAGC;PPIH;ERCC6;JMY;DAGLA;TREM2;ATP6V0D1;TNFAIP6;HINFP;HMGB2;RAD51D;C9orf72;CEBPG;ZFP36L2;GIT1;P2RX4;SPINDOC;KLF9;CD68;PDE4B;H2BC12;PELI1;MAVS;HLA-A;VDR;S100A11;CALHM2;ATP6V1B2;NDEL1;SLC15A4;WDFY1;CSF3R;IER3;CHUK;MAD2L1;USF2;IL7R;SLC25A5;ARRB2;POLD1;CFL1;PLK3;SBNO1;PLIN2;PSMA6;EDEM1;FADD;EXOC8;NFKBIA;TBC1D7;TUBB;CLEC7A;LMNB1;RNASEH2B;RPS27;ST3GAL4;FOS;SMC4;BNIP3L;CEBPD;CCNB1;ATG2B;PSMD8;RFC4;NEK6;EIF4A3;ATP6V0C;IFNGR2;BNIP1;NME1;SHPK;MARCO;EIF4E2;RHOA;SLC31A2;GABARAP;NHEJ1;ZNF668;CLN3;CXCL8;NAMPT;KDM4B;UBA52;ACTR8;FOXO3;RCC1;CREG1;PIM3;NFKB1;DDIT4;FUS;GLRX;TLR1;ZP3;MGAT4B;MKI67;KIF20B;UBAC2;MASTL;PINX1;CIP2A;IL27RA;PARPBP;SHMT2;PEA15;TLE3;MYD88;MT1F;FADS1;ANXA2;ELMOD2;BCL2;STMP1;NOTCH2;AGAP3;FANCI;CCNH;ITGB1;TXNDC5;RPSA;EP400;P2RY11;PSAP;RNF144B;FAAP100;IRAK3;AHNAK;FES;VPS26A;RGCC;ITGAV;DAB2;ATP6V1C1;PGK1;EIF2B2;HCFC1;RAC1;DICER1;POLL;EIF2AK3;H1-4;YBX1;PIKFYVE;FOXN3;ATOX1;HLA-C;BCL2L11;KPNA2;NUP214;SPTLC2;UBC;CTSS;PHF20;VSIR;PSMB7;AP5S1;MUL1;YTHDF3;NR1H3;PTMA;LARS1;CLASP2;SCARF1;AOAH;GTF2H3;FERMT3;ATF5;PTPRE;SLC26A6;SYK;ERCC2;PHF7;PABPC4;RHOG;PSMB3;TRIAP1;PPT1;NUP62;VPS25;RB1;ERO1A;KYNU;ARL8B;CLEC4E;HNRNPA1;FCGR2A;UBQLN4;RPS3A;METTL1;SF3B5;LIMD1;AIFM1;ANXA5;H2AX;TGFB1;P4HB;PSMD7;LCP2;PTEN;PSMC2;PSMB9;GNAI3;MAP2K2;SMC2;UBE2J1;TADA1;RPL26;TNFAIP3;XRCC5;TMEM258;RNASEH2A;RELB;PLEC;HSP90B1;RIPK2;NAIP;FLNA;CCDC117;CDIP1;MRTFA;TCIRG1;WDR24;NCBP1;CBX3;PLEK;CAB39;IFITM3;MORC3;LIX1L;ATG4C;IL10RB;PPIA;ZDHHC16;IFNGR1;CD300C;YWHAZ;EIF3F;ENTPD1;TDG;RPL13A;C15orf39;HSPA5;PSMB1;SLC11A1;PPP4C;CARD8;BCL2A1;MYO18A;MAP1LC3B;UBE2S;MDM4;IL10RA;DDB2;ZNF697;ARHGAP26;DEK;MAN2A1;RNF7;PCLAF;MCM7;MGAT4A;TMBIM4;FLCN;MT1M;RAB7B;REL;MEFV;HDAC3;UBE2T;VMP1;GLMN;RFC3;SHLD2;TRAF6;CENPC;COPS3;RAD51C;SERINC5;IPO5;ATXN3;KLF2;NAPRT;NFAM1;DNM2;NUP205;HHEX;LILRA2;METRNL;TLN1;ATG9A;LONP1;LAMP1;PMF1;CAPN1;PSMB2;GNB1L;SPATA2;BBC3;GPX4;PDPK1;SEMA4D;PSMA4;RWDD3;UBXN1;RICTOR;PIM1;ISG20;VAV3;TBK1;MTDH;MNDA;ATF6;PSMB6;DHX16;ADRM1;VPS26B;FGR;RNASEK;PTBP1;CIITA;ERN1;PXK;TNFRSF21;TMUB2;PHC2;ZW10;SKI;ODF2;BCL2L12;BAX;LIG4;KLF4;RACGAP1;C6orf89;LY96;SNX18;VCL;API5;AHR;CIAO3;FCGR3A;AKNA;TOM1;STAT5B;ACTR2;ACTN1;CD58;RPS3;PSMA7;B2M;NUDT1;RECQL;USP45;KLF10;CDK7;TNFAIP8;MIOS;ANKRD17;DERL2;MAF;RAB1A;BLNK;ARHGDIA;SMURF2;STT3B;ANAPC11;RSAD2;LYN;NSMCE2;LAMTOR5;CD33;MLH3;UFD1;TAB2;AP4M1;RNF26;LILRB3;MIEN1;ATP6V0E1;TNFRSF1A;TMEM117;NPC1;PCNA;PPIE;CD55;SMG9;TXN;AUP1;SKP2;OLR1;USP36;H3-3B;CDC5L;USP3;PCBP1;BIRC6;PCBP2;PDK1;GBA1;GNA15;PSMA1;VPS16;SGTA;MBP;ANKLE2;CPT1A;RHEB;UBE2B;NECTIN2;VTA1;CHMP2B;ACAA2;BCL3,Lung,Macrophage
1,prerank,MS,-0.22736656393437923,-1.1517251815130045,0.001,0.02894736842105263,0.035483870967741936,500/1426,31.60%,MMP9;PID1;ADAM8;PLA2G7;GPAT3;SDC2;SNCA;ANGPTL4;CYP1B1;AMPD3;PIK3R6;IL4I1;PRKAG2;STK26;SMPDL3A;CYP2S1;PLAUR;VEGFA;HIF1A;CXCR4;HMOX1;DGKA;SLC44A1;PDGFB;ADA;PFKFB3;PPP1R3B;ALOX15B;PTGS1;KCNMA1;SYNJ2;BTG1;SLC2A3;RALA;PIK3CD;SMPD1;NDST2;CDK1;FOLR2;SOD2;WIPI1;CD1D;SAP30;ADM;ACOT11;BMF;PPIF;GRB10;TRIB3;PIK3R5;LGALS1;ACSL3;EPM2A;ZFP36L1;GGT1;TGFBI;NDRG1;GNPDA1;CDKN1A;MTFP1;FOXK2;ABCD1;ADORA2B;PLSCR3;MACROH2A1;SGPL1;PRXL2B;SRPX;VNN1;ENO1;MT2A;AURKA;S100A10;MCL1;TES;GAPDH;OXSM;CHKA;NCOA3;NDOR1;PAK1;DGKD;DYRK2;GAS6;PIK3R1;NR4A3;FOSL2;CRAT;SIAH2;SLC27A1;FECH;CDKN1B;ATP6V1F;ASCL2;SMS;LMNA;TRABD;RAB32;SLC25A3;ZFP36;ATP6V0B;AGTPBP1;AIFM2;LDHA;GPX1;TFEB;RRAGC;B3GALT6;JMY;PITPNC1;DAGLA;IDH2;PNRC1;ADSL;SLC25A51;GIT1;CD68;VDR;IDH1;IER3;ENO3;CYRIB;RBPJ;ABHD12;BLOC1S1;ACSL4;COA7;SLC25A5;PLIN2;TBC1D7;FOS;BNIP3L;GALK1;CCNB1;ATG2B;PIGO;ATP6V0C;MRPL35;NME1;ATP5F1E;SHPK;GABARAP;CLN3;CPT1B;FOXO3;COX5A;NDUFS6;DDIT4;GLRX;CPOX;DBI;PDIA5;HEXA;SHMT2;LPGAT1;GLUL;GSTM4;FADS1;ANXA2;PDPR;DHTKD1;BCL2;STMP1;ASAH1;FADS3;UROS;ALDOA;FES;RGCC;ATP6V1C1;TIMM8B;PGK1;UQCC6;MXI1;ABHD6;EIF2AK3;INPP4A;PIKFYVE;BCL2L11;SPTLC2;TALDO1;PLD2;SERINC2;ACOX3;MUL1;NR1H3;MRPL30;LARS1;SLC25A11;AGPAT5;AOAH;COX6B1;COX7A2;TRIAP1;ERO1A;HNRNPA1;LIMD1;UQCRC1;AIFM1;PGAM1;TGFB1;P4HB;OSBPL8;NDUFA11;OGDH;DMAC2;S100A4;ACOT9;TNFAIP3;TPI1;CLN8;HSP90B1;TCIRG1;WDR24;CAB39;LAMTOR4;MRPL39;IL10RB;YWHAZ;NSDHL;HSPA5;MRPL52;PTS;BCL2A1;MAP1LC3B;ACAA1;MDM4;MRPL12;FLCN;PET100;NDUFB11;SERINC5;ATP5F1C;ATXN3;GNPAT;LONP1;TIMM13;BBC3;PRXL2C;GPX4;PGM2;GPAT4;RWDD3;SLC25A6;RICTOR;PIM1;PLD1;ISG20;ATP5MC2;NFIL3;TTC19;AGPAT4;COX19;RAB29;COX8A;NDUFB9;AURKAIP1;BAX;COX7B;XYLB;CIAO3;NDUFS7;NQO2;TIMM17A;UQCC5;KLF10;MIOS;CYC1;LAMTOR2;ADIPOR1;MAT2A;SDHAF2;KHK;LAMTOR5;MRPS17;COX4I1;ATP6V0E1;ACADVL;TMEM11;ATP5MF;PKM;CSKMT;PDK1;GBA1;NUDT8;TPST2;CPT1A;RHEB;ACAA2;KLF7;TEFM;GPCPD1;ATP5PB;DHDDS;PDP1;SPTLC1;USF1;HADHA;UQCRH;MIF;PFKFB4;GGCT;CHCHD7;ULK3;PGLS;MIEF1;NAGK;TMEM242;OSTC;G0S2;PHKB;SLC25A17;BCKDK;HSD17B10;SDHB;SEH1L;PFKL;GPR155;CHCHD4;NDUFB8;MTCH2;APEX1;NDUFA2;MTFR1L;FNIP1;DGKE;PSEN1;ATP5F1A;TMX2;MRPL13;PLIN3;GOT2;ZNF205;TMEM70;YWHAH;ATP5ME;FOXRED1;MRPL23;MRPL58;PLSCR1;IDH3G;GRPEL1;ETFA;VPS35;TTC7A;COX7C;TIGAR;NDUFB2;EIF2S1;NDUFB10;BCKDHA;ANG;PDK4;CHCHD1;DUSP1;MRPL36;NDUFB7;NDUFAB1;METAP1;ETFB;ACBD5;IFNAR1;ATP5MC3;ACSL1;CYCS;ATG5;SMG1;UQCRFS1;GHITM;ELOVL1;MAPK8;TMEM186;NDUFA10;TOMM6;CHCHD5;CHCHD3;ATG2A;CHCHD2;HP1BP3;NAAA;COX5B;BAK1;FADS2;DELE1;ANTKMT;PRDX3;THEM4;RPTOR;G6PD;PARP1;ADH5;CRYZ;MRPL44;CPT2;P2RX7;MTX1;AFG3L2;SLC25A33;PDK3;COX6C;PRKAB2;MTRF1L;ATP5F1B;TP53;MRPS34;IP6K1;DLST;SDHA;APP;ATP6V1G1;NDUFB4;PCK2;HYCC2;RHOT1;MRPL27;PDHA1;MDH1;SIRT1;ZNF292;SESN2;ERP29;MRPL37;MYC;ANKZF1;OSBPL5;PSME1;KLHL24;ECHS1;ZC3H12A;WDR59;CBR4;NDUFS3;DEGS1;UROD;PPP1R3D;HIGD2A;PAK2;SCO2;PNPLA8;MRPL41;SREBF1;NBN;KLF6;NDUFA6;NDUFA13;PIN1;VCP;VAMP7;APOC1;PHB1;MRPL24;UCP2;RB1CC1;HMGCL;MRPL32;VHL;PIK3CB;MRPL22;EIF6;UQCR11;PGS1;WDR81;SDHD;CSNK1A1;UQCRB;PIP4P1;MTRES1;SRD5A3;PLOD1;SLC6A6;MRPS24;ERAL1;SAR1A;HCCS;ATG12;ATP5F1D;LPCAT3;PIK3C3;TIMM10;SIRT2;MDH2;CCAR2;STX4;UVRAG;SPTSSA;RCC1L;ATP6AP1;SAR1B;PRMT1;FDX1;HSPA9;MICOS13;VAC14;NAIF1;MICOS10;PLA2G4C;NDUFS8;MRPS18C;MRPL20;VAMP8,Lung,Macrophage
2,prerank,OIS,0.26377711438247925,1.0316201761520618,0.37973273942093544,1.0,0.807,36/859,3.88%,FGF10;CCL21;TSPAN1;PIGR;SLPI;CXCL17;IGF1;CNKSR3;NEK10;MAPK10;GNG11;AKAP12;CFB;NTRK3;MID1;ERBB4;PDGFD;TSPAN13;CFH;GNA14;F3;MECOM;CCN1;CDKN2A;CPE;RBP4;PRKCZ;NRXN1;DHCR24;INHBA;MAP7;IL1A;ALDH1A2;CAV2;SQLE;PRKN,Lung,Macrophage
3,prerank,RS,0.22504848483653941,0.856365981788473,0.7408284023668639,1.0,0.997,14/596,4.61%,FGF10;CCND1;MUC1;MLF1;PKIB;CDKN2A;STXBP4;INHBA;MYB;MME;TCIM;CTDSPL;FHL1;H2BC4,Lung,Macrophage
4,prerank,TIS,0.1997784133711618,0.7788945036078119,0.9503775620280475,0.951948051948052,1.0,63/1088,8.84%,FGF10;CYP4B1;PERP;STK33;CLU;CCND1;MUC1;YAP1;MACROD2;PTPRK;TM4SF1;CDC14B;NEK11;CDKN2A;NFATC2;STXBP4;RORA;IL1A;NEDD4;MYO6;MME;ABCA3;EPHX1;PIAS3;GATA3;PSME4;H2BC4;CETN2;TNF;S100A12;AK1;CTSF;REC8;CYP2U1;HYAL2;AIM2;CCDC13;MRNIP;BRSK1;TCHH;AKR1C1;NEIL2;POLH;ZNF432;DCUN1D3;RAD9A;CCP110;NQO1;H2AC6;ACKR3;PHLDA3;FMO5;H2BC5;NAT1;SPIRE2;LDHB;TADA2B;NUPR1;CYFIP2;MNAT1;RMI2;LIG1;TNNI1,Lung,Macrophage
0,prerank,OIS,0.41004122602260396,1.9271164174362037,0.001,0.001,0.001,229/700,22.88%,CCL21;SPARCL1;NPNT;LRRK2;EDN1;CD44;EPHA4;CNKSR3;QDPR;SLC2A3;FN1;ENG;MEF2C;DUSP6;PECAM1;VEGFA;ITPR2;NIBAN1;ROBO1;FERMT2;EMP1;PLCB1;NRG1;PCSK1N;TMEM176B;MYC;THBS1;TNIK;ERN1;SCD;LGMN;NPC1;HDAC9;NRP1;MALL;TMEM176A;LDHA;FADS1;MBIP;RIPK2;CDK6;ICAM1;CAV1;F3;CAV2;DUSP16;SPI1;PDE8A;ID2;SP1;MAP3K5;CTSC;FNIP2;TRIB1;PTPRJ;SPRED2;CCNG1;ACACA;SFN;BHLHE40;LPAR1;LTA4H;CYLD;ARHGAP8;SPRY1;PSMG1;HMGCS1;IL6ST;ARRB2;LAMTOR1;PPA1;AIDA;NFKBIB;CX3CL1;NCK1;GSK3A;TFPI;SKAP2;GAPDH;PLAUR;NFIL3;GLRX;RDH11;MAP3K9;CYP51A1;SLC38A9;APOD;EIF4EBP1;TUBA4A;FBXW7;TMEM97;LCP1;MPZL2;APOE;SIRT1;PTK2B;ELOVL5;PNO1;RPS6KA3;GPNMB;UCHL5;MAP2K1;WNK2;SAR1A;MAP3K11;VHL;CFL1;RPS6KA2;EIF4E;EGFR;GNA12;LGALS9;MAPKAPK2;PTPN11;CCL20;PFKL;ID1;MAPK6;AGO3;AGER;SPAG9;GADD45A;RPS6KB1;IFI30;NPRL2;NAMPT;PPP1CC;DUSP10;PSMD12;SASH1;MFHAS1;RFFL;XBP1;IL1RAP;CXCL17;KLF4;RHEB;TOR1AIP2;LAMTOR3;LAPTM5;FKBP2;TBX1;KRAS;PLOD2;PAQR3;ADRB2;PTPN1;CCSER2;BRAF;LDLR;RRAGC;RPTOR;ADAM9;ROCK2;INSIG1;ACLY;RIPK1;AP2M1;LTBR;GADD45G;ADAM17;STK25;CDKN1A;TGFB2;ENO1;TGFB1;ADIPOR2;RPS27A;GMPS;KLHL22;CRKL;AKAP13;CCM2;TNRC6C;BMAL1;SEC11A;PTBP2;ST6GAL1;STK11;RRAGB;CBL;TUBG1;MAP2K3;USP12;GPI;MAP4K3;MAP3K1;CCN1;TPI1;STK4;NUFIP1;ARPC5L;GOT1;PFN1;ADRB1;SDF2L1;PIK3CB;MAP2K7;HIPK2;ERBB3;PRKCZ;ATP6V1A;MYDGF;PRKN;PPP1CA;MIF;RAP1A;ETS2;ERP29;ZFP36L2;FNIP1;ZMYND11;ITGB1BP1;NCOR1;ATG10;PLA2G12A;HRAS;UBR1;TBK1;SPRED1;STK3;MAPK8;ZC3H12A;GOLPH3;PIGR;MAP2K2;DDT;MAP3K8;MAPK8IP3,Lung,Multiciliated epithelial cell
1,prerank,Common,0.32740970406257464,1.5886901946393586,0.001,0.001,0.001,704/2465,23.83%,SOD3;PGC;CCL21;A2M;DEPP1;SFTPD;MAN1A1;AKT3;PAM;PRKG1;DRAM1;CCL2;TCIM;C3;LRRK2;RAMP2;EDN1;GPX3;KPNA2;CD44;PPP1R14B;EPHA4;PTPRE;C2;ST6GALNAC3;CADM1;TIMP1;DLC1;S100A14;FN1;RNASE1;MEF2C;HYAL2;CFD;ASS1;CALCRL;CEACAM6;VWF;DUSP6;MCTP1;VEGFA;SLC4A4;POLD4;ITPR2;NIBAN1;ROBO1;SLC39A8;FERMT2;KANK2;GCH1;NRG1;MYC;THBS1;MAD1L1;DAPK2;TNIK;MAN2A1;KLF9;ERN1;PTPRS;AQP1;ATP6V0A1;SLC38A1;PTMS;LGMN;BTG1;NPC1;HIF1A;PLPP1;HDAC9;VKORC1;MDK;NRP1;FLNA;GABARAPL1;RORA;CKS2;PLK2;SERPING1;CD83;MGAT1;EPB41;ARHGEF2;FADS1;EPAS1;CCL14;ZNF503;IFITM1;CEBPD;TNKS1BP1;GBP2;ARG2;RIPK2;IER5;EMP3;NFE2L3;CDK6;ARHGAP26;ICAM1;ITPR3;CXCL2;MT1X;MT1M;CCL18;ANXA3;STK38L;CAV1;FCN3;TSC22D3;PEA15;RPS3;PIP4K2A;NR1D1;VAMP2;PRKD1;SETD7;AQP4;BST2;SLC15A2;F3;LAMP3;RELB;GORASP2;CAV2;RFC3;RIGI;TMUB1;YES1;UBE2S;SPI1;PLIN2;ID2;PPP1R13L;ATP6V1B2;MFSD2A;SP1;MAP3K5;HAPSTR1;FNIP2;RARRES2;CBX6;DAPK1;SLC38A2;TRIB1;PTPRJ;SVIP;PLD3;SPRED2;AQP5;BCL3;SPCS3;GGT7;LRP6;SULF1;MALT1;DNAJB9;H1-4;LST1;SFN;TPBG;OOEP;IL1R1;AHR;RBMS3;SLC3A2;LPAR1;MACROD2;RHOC;MAP3K14;P2RX4;DELE1;CYLD;CSRP1;BID;SBNO2;IFITM2;MCC;NFKB1;FBLN5;RCC2;NFKBIA;IRS2;SELENOP;RNASET2;TLE1;IL6ST;ARRB2;EGLN1;SLC31A1;HEXIM1;CX3CL1;TRAFD1;DST;P4HB;TNFSF10;NCK1;HP1BP3;GSK3A;TFPI;TOP1;CCS;GAPDH;GAA;PLAUR;PHLDA3;TMSB4X;TMEM109;GLRX;SLC12A2;EIF2B5;CREB3L2;YARS1;GNA15;SFTA3;LRRC8A;DIPK2A;IFITM3;APOD;MCL1;TOPORS;HIGD1A;CAMLG;BSPRY;QSOX1;TST;FBXW7;PLAA;ATF6;IER3;TMEM97;CTNNBIP1;AMBRA1;NINJ1;LCP1;NABP1;RHOG;KLF2;APOE;CRK;VCL;SIRT1;BMPR2;PIK3R1;STAT5B;CD151;TIAL1;PTK2B;CHD4;ELAPOR1;PABPC4;HDAC5;BPIFB1;LRP1;C1QA;RAB8A;TXNDC5;CALCOCO2;TXNIP;RPS6KA3;GPNMB;KIF1B;STMN1;RCHY1;TFEB;MAP2K1;SLC7A1;JUNB;TRAF3IP2;VSIG4;UBE2I;PHC2;PPARA;WNK2;SAR1A;HTRA2;VHL;CFL1;RPS6KA2;LY6E;EIF4E;LETMD1;TNPO2;EGFR;YTHDF3;LMNA;SOD2;MAEA;XAB2;ATF4;ARHGAP35;GNA12;FOS;WWC2;LGALS9;FAM168A;TDG;MAPKAPK2;PTPN11;CXCL1;PHF7;CCNT2;CCL20;RPAP2;ID1;CD68;FOXA2;ARID4A;ZNF580;STT3B;AGO3;BDKRB2;AGER;SPIRE1;GADD45A;PMF1;RPS6KB1;NOL3;HLA-F;TRIM69;APC;RPL30;NPRL2;SLC25A23;RACK1;RHOB;PPM1D;NSD2;PPP6C;ERCC6L2;FGFR1OP2;TMX1;ZC3HAV1;NUMA1;NFATC1;YBX1;NUP160;IFI16;NAMPT;GLRX2;PPP1CC;DUSP10;ATP2B1;HERPUD2;TERF1;DHX15;RRM1;MEIS2;PPARD;MANF;PSMD12;USP36;POLN;TWSG1;NRBP1;HMGA1;ATP6V0B;NECTIN2;PABPC1;H4C3;RSL1D1;JAK1;CXCL16;MFHAS1;RFFL;TNFRSF12A;CASK;TINF2;GRN;RPL26;MIA3;XBP1;BFAR;RBPMS;OSMR;IL1RAP;AMD1;HM13;TRIM25;TOX3;CXCL17;KLF4;RHEB;GCN1;NPM1;PXK;LARGE1;ASPSCR1;PLK3;CST3;FANCC;PPM1B;POM121;LAPTM5;SMARCC2;FOXK2;TBX1;EI24;BTG3;TRIM27;PLOD2;PAQR3;CDKN1C;TMPO;ADRB2;PTPN1;DCLRE1C;DNAJC4;NME2;MB;BRAF;OTULIN;NTHL1;TPT1;GTF2H3;MTMR14;RNASEH2C;LRRC8D;RAD23B;CIAPIN1;ABHD17A;MICA;HSPG2;CTCF;INSIG2;ING1;LGALS3BP;ANP32A;SNX18;SND1;FOXK1;TLE3;NFATC2;TBRG1;MTARC2;KAT8;RBBP7;LDLR;TICAM1;RRAGC;RPTOR;ADAM9;UBXN6;RPS19;NEDD4;HSPB1;PAFAH1B1;ROCK2;CISD2;INSIG1;RBBP8;WWP1;SMARCD1;NR4A2;RIPK1;GPC3;DAPK3;ATE1;MFSD8;ANAPC10;CDK16;KLF10;ADAM17;MSRA;STK25;DHX36;CDKN1A;FLRT3;MARCHF5;TGFB2;ABL1;ENO1;VAMP3;PIK3C2A;CENPP;CAAP1;TNFRSF10B;USP47;DNM1L;TGFB1;NUAK2;ITPK1;METTL14;SPDYA;ADIPOR2;TANK;VPS4A;ZRANB3;SPRING1;MYH9;RPS27A;KLHL22;SMURF2;CCM2;MGAT2;TNRC6C;BMAL1;HIRA;SEC61B;SEL1L;EHMT1;TMBIM1;SRSF1;SLC25A5;MUC1;TRIM38;UBE4B;RAD21;MOGS;SF3B3;CSNK2A2;PSME4;ITGB1;CHMP3;ST6GAL1;TERF2IP;VKORC1L1;KPNB1;SLC31A2;FOXN3;STK11;PPARGC1A;KLF6;ATF2;BSG;CXCL8;GHITM;INO80;EGR1;RRAGB;SERINC5;CBL;OXSR1;MAGI2;WDR6;PLEKHM2;MAP2K3;ERP44;MET;ASCC2;SUZ12;ILK;PDK2;CCDC117;TMEM131L;RIF1;ACTG1;MLYCD;BACH1;VDAC1;ASCC3;CREBBP;PRDX2;GSPT1;RAB5A;BABAM1;RNF8;ILRUN;FYN;ZBTB4;RAB7A;EIF2S1;FMR1;TLN1;SMC2;PSMD11;S100A9;TAPBP;CD82;CRY1;API5;UFD1;PIM3;CENPF;ZFAND1;PPTC7;DTX3L;HDAC4;PHF14;SERINC3;UBP1;HLA-A;OPA1;PTBP1;BCL7B;SMG1;SPSB3;NOP53;LATS1;PIK3CB;SREBF1;MAP2K7;HIPK2;CDC27;ARL8B;ERBB3;PRKCZ;PDIA6;RPS3A;ATP6V1A;MYDGF;CHMP4B;UBE2E2;TYROBP;PRKN;ATP6V1H;CENPX;PPP1CA;MIF;ZBTB38;NONO;POLB;H2AZ1;CLN3;ETS2;NOLC1;NFATC3;BMPR1B;RAB2A;ANKHD1;KAT6A;DNAJA2;DNM2;TSC22D1;PRNP;ZFP36L2;SMARCC1;UBL7;FNIP1;CNOT7;ZMYND11;ITGB1BP1;ZBTB1;PYROXD1;IRF1;HLA-E;MMP14;KIF22;TMPRSS2;PTPN14;YY1;UBE2V1;ATG10;UCHL3;BABAM2;MRTFA;TCIRG1;DYRK1A;ARIH1;VPS36;ATP6V0E1;PARP1;HRAS;TBK1;SPRED1;LGALS1;HNRNPA1;MAPK8;DNAJB14;PRKCI;RNF220;SCMH1;ZC3H12A;NCOA4;TRAM1;GOLPH3;PSEN1;MAP2K2;MARCHF2;DDT;MAP3K8;MAPK8IP3;PIM2;CD47;MAP1LC3B;GNAS;PURA;ABCF1;GATA6;TGFBR3;HMOX1;AK3;POLR3C;PTPRC;LBR;SLU7;NUP85;PLEKHM1;RPSA;ARID2;SH3GLB1;RC3H1;WAC;LIMD1;CSNK2A1;CSNK1E;SHPRH;WNK1;SELENOK;TERF2;CD58;USP15;TMEM33;PLEKHA1;PSME2,Lung,Multiciliated epithelial cell
2,prerank,MS,0.2475625593179233,1.1868854481112356,0.026530612244897958,0.06956155143338956,0.174,285/1222,22.75%,PTPRG;AKT3;PAM;ACOXL;ABCA3;TMEM45A;LRRK2;EDN1;EPHA4;LPCAT1;PLPP3;SLC2A3;CYP2F1;ACSL4;VEGFA;SLC4A4;SORBS1;ITPR2;PITPNC1;KANK2;MYC;THBS1;AQP1;DDHD1;SCD;BTG1;KLF7;HIF1A;PLPP1;GABARAPL1;RORA;LDHA;FASN;FADS1;EPAS1;CAV1;PIP4K2A;NR1D1;PRKD1;F3;CAV2;TPD52;PLIN2;NNT;MFSD2A;MAP3K5;FBP1;ANTKMT;SPTSSA;DTNA;PYGB;ACACA;SFN;TPBG;BHLHE40;BCKDHB;HSD17B10;SLC25A6;DELE1;BID;MAFF;ERRFI1;SGMS1;HMGCS1;IRS2;PISD;LAMTOR1;EGLN1;PDHX;GYG1;ACSL5;P4HB;SLC44A1;TNFSF10;HP1BP3;GSK3A;GAPDH;GAA;PLAUR;NFIL3;GLRX;RDH11;ACADSB;S100A4;YARS1;SLC44A3;SLC38A9;SDC2;MCL1;HIGD1A;TIMM13;PLAA;IER3;ARV1;PRDM16;SIRT1;BMPR2;PIK3R1;ELOVL5;ELAPOR1;ABHD12;PRKAG2;RALA;PEMT;DAP3;TIMM9;BDH2;TFEB;SLC25A51;SYNJ2;PPARA;SAR1A;HTRA2;VHL;KLHL24;LETMD1;EGFR;LMNA;SOD2;MRPL34;ABHD5;ATF4;FOS;PFKL;CD68;CYRIB;SPIRE1;SELENOI;MRPL3;RPS6KB1;NOL3;NPRL2;ALDH6A1;IP6K1;OAT;IFI16;FH;INPP4A;PPARD;OXA1L;ATP6V0B;HSD17B12;XBP1;RHEB;EXT1;GCN1;SYNJ1;SLC25A3;LARGE1;LAMTOR3;AMACR;NDUFB11;FOXK2;TTC19;PNRC1;EFNA1;SAMD8;PLOD2;SLC25A33;CDKN1C;MRPL1;PHYH;NTHL1;INPP4B;ACSL1;ATP5F1D;FOXK1;ETFA;MTRFR;LDLR;RRAGC;RPTOR;CYB5R3;MRPL14;PAFAH1B1;ROCK2;ACLY;IVD;GPC3;DERA;KLF10;ADAM17;GFM1;PI4KA;CDKN1A;MARCHF5;TGFB2;MRPS15;FOSL2;ENO1;PIK3C2A;ACADS;DNM1L;TGFB1;NUAK2;ADIPOR2;MYH9;NDUFAF2;SLC25A5;CSKMT;BCKDHA;ENO2;ABCB7;COA1;CERS5;MRPL32;HEXA;STK11;PPARGC1A;KLF6;ADGRF5;ATF2;GHITM;EGR1;RRAGB;MTLN;SERINC5;AGPAT1;CHCHD7;NQO2;PDK2;MLYCD;VDAC1;TIPARP;CREBBP;MFF;GLUD1;GPI;UQCRFS1;EIF2S1;AFG3L2;MAP3K1;MRPL24;CCN1;TPI1;PIGA;HDAC4;OPA1;SERINC2;PDHA1;PAFAH1B3;SMG1;NOP53;NUDT8;PIK3CB;HACD2;UROS;SREBF1;HIPK2;MIGA1;NCOA1;SLC27A4;MYO19;PRKN;ATP6V1H;MIF;ACAD9;HYCC2;H2AZ1;CLN3;BMPR1B;UQCC2;OSBPL8;ERP29;DPM2;FNIP1;PPP1R2;NDST1;CLPP;NCOR1;DNAJC19;PDHB;TCIRG1;ATP6V0E1;PARP1;LGALS1;HNRNPA1;DLST;MAPK8;NR3C1;TMEM11;ZC3H12A;GOLPH3;PSEN1;MAOA,Lung,Multiciliated epithelial cell
3,prerank,TIS,0.2505956983795357,1.185971967506641,0.04766949152542373,0.05296163575042158,0.177,219/886,23.69%,ABCA3;DRAM1;BCAM;KPNA2;CD44;PTPRE;TIMP1;MEF2C;HYAL2;CYP2F1;TSPYL2;POLD4;PITPNC1;GSTA4;MYC;THBS1;AQP1;ABCC3;ABAT;ABCC4;BTG1;SDC1;VKORC1;RORA;FMO2;PLK2;POLR2D;TNKS1BP1;IER5;DCXR;RPS3;TM4SF1;SETD7;RPS12;RFC3;UPP1;NME4;SP1;FNIP2;FBP1;SPRED2;BCL3;CCNG1;SFN;OOEP;AHR;SLC3A2;MACROD2;BID;ZBTB16;CYFIP2;SEC61A1;DPYD;HEXIM1;TRAFD1;GSTO1;TAX1BP3;TOP1;PHLDA3;TMEM109;S100A4;STX3;MCL1;TOPORS;FBXW7;IER3;NINJ1;NABP1;SIRT1;TK2;CHD4;TGFBR2;TXNIP;RALA;RCHY1;UBE2I;GTF3C5;WNK2;HTRA2;EGFR;LMNA;XAB2;ATF4;FOS;FAM168A;TDG;MAPKAPK2;CCND3;SPIRE1;GADD45A;IFI30;APC;RACK1;RHOB;PPM1D;NSD2;ERCC6L2;IFI16;TERF1;RRM1;POLN;NRBP1;H4C3;TINF2;RPL26;TRIM25;KLF4;NPM1;PLK3;FANCC;POM121;EEF1D;SMARCC2;EI24;AQR;RNMT;DCLRE1C;NTHL1;TPT1;GTF2H3;RNASEH2C;RAD23B;MICA;ANP32A;NFATC2;POLR2G;RPL18;RPTOR;NEDD4;RBBP8;WWP1;SMARCD1;RIPK1;MXD4;KRT17;ADAM17;INO80D;DHX36;CDKN1A;ABL1;CSTF3;USP47;TGFB1;METTL14;SPDYA;FMO5;TANK;ZRANB3;RPS27A;MUC1;RAD21;SF3B3;CSNK2A2;PSME4;TERF2IP;FOXN3;STK11;ATF2;INO80;SLC19A2;ASCC2;CCDC117;RIF1;BACH1;ASCC3;CREBBP;BABAM1;RNF8;ZBTB4;EIF2S1;FMR1;CD82;CRY1;UFD1;CENPF;DTX3L;SUMO3;BCL7B;ST14;SMG1;NOP53;ELL;HIPK2;UBE2E2;CENPX;PPP1CA;MIF;ZBTB38;INO80E;POLB;TSC22D1;SMARCC1;ZBTB1;PTPN14;YY1;UBE2V1;UCHL3;BABAM2;DYRK1A;RPL36;PARP1;HRAS;DUT;SPRED1;MAPK8;ZC3H12A;GSTO2;PSEN1;GATA6;HMOX1;AK3;POLR3C;ARID2;WAC;CSNK2A1;CSNK1E;SHPRH;WNK1;TERF2,Lung,Multiciliated epithelial cell
4,prerank,RS,0.24096424383164367,1.1040650196116994,0.20763187429854096,0.15261382799325462,0.506,172/479,32.54%,CCL2;TCIM;SUSD2;TSPYL2;POLD4;KANK2;PLCB1;MYC;PTMS;PLK2;POLR2D;TNKS1BP1;CDK6;POLG2;RFC3;ID2;CCNG1;H1-4;OOEP;ID4;BID;ZNF827;TOP1;LSM10;TMSB4X;CCNJL;EIF4EBP1;FBXW7;AMBRA1;NABP1;CHD4;GNL3;GPNMB;RCHY1;UCHL5;MAP3K11;CTDSP1;EIF4E;EGFR;CCND3;AGER;RPS6KB1;APC;PPP6C;TERF1;RRM1;POLN;HMGA1;H4C3;TINF2;KLF4;PLK3;SMARCC2;DCLRE1C;CTDSPL;TBRG1;POLR2G;RPTOR;RBBP8;SMARCD1;HMBOX1;ADAM17;INO80D;DHX36;CDKN1A;CTDSP2;ABL1;SPDYA;ZRANB3;HIRA;MUC1;RAD21;ITGB1;PKP3;TERF2IP;INO80;ASCC2;RIF1;ASCC3;CREBBP;GSPT1;RNF8;BCL7B;SMG1;CUL2;LATS1;MAP2K7;UBE2E2;CENPX;PPP1CA;ZBTB38;INO80E;POLB;SMARCC1;ZBTB1;YY1;UCHL3;PARP1;DUT;HNRNPA1;PARN;RASSF1;PIM2;PPP6R3;PURA;ZNF655;ARID2;NVL;WAC;CSNK2A1;TERF2;PSME2;DCP2;FBH1;HNRNPD;WDR18;WAPL;H1-0;RBBP6;SET;PTEN;PSMA6;PSMD14;NSMCE4A;CDKN1B;EXOSC10;MCRS1;USP37;ELOC;ORC2;WDR48;XRCC5;EIF4G1;EPC1;INIP;REV3L;POLH;KAT7;WDR33;FBXO7;ARID1B;PLRG1;SMARCA5;AIF1;SMC5;TFPT;CDC34;POLR2K;SMCHD1;CCNI;RB1;KMT2E;ACTB;CCND1;POLDIP2;FBXO31;ACTL6A;CUL4A;ECD;SLFN11;DDX3X;TEN1;H2BC5;NUCKS1;CPSF3;PPP3CA;RECQL;RDX;XRCC6;RBMS1;USP7;MAPKAPK5,Lung,Multiciliated epithelial cell
0,prerank,Common,0.260734257696068,1.361508372915092,0.001,0.07169811320754717,0.055,371/1839,16.79%,TIMP1;PPARG;LAPTM5;TFPI;CLU;APOE;CFD;A2M;LYZ;FCER1G;CTSS;S100A9;S100A8;C1QA;NR2F2;IFITM1;EMP3;RHOC;STMN1;CYBA;PLIN2;HYAL2;GPX3;TYROBP;RNASET2;IRF7;PLAUR;TOM1;AGR2;HLA-DPA1;IER3;GDF15;FTL;WARS1;GAA;PPARGC1A;HLA-DRB1;GAPDH;NQO1;REL;MGAT1;ID2;DNAJB4;CTSL;TFRC;CISD2;HTATSF1;NOTCH1;CABIN1;PLPP1;EIF3L;KLF2;HLA-E;CHMP4A;IGFBP7;GSDMD;BAX;FTH1;TAP1;DNAJB12;LGALS1;NPM1;PSMC5;HMGB2;CD74;PYCARD;TPM1;CCS;H4C3;TUBB;PABPC1;LBR;HIPK2;YWHAG;ISG15;ST6GALNAC3;TXNIP;RPSA;UPF1;ATG3;MGST2;CHORDC1;HMGA1;SIGIRR;MT2A;CD44;RIPK2;AKIRIN2;IL15RA;MYH10;BCL7C;PEA15;AKT3;ACTN1;H2AZ1;PPP1R14B;CDKN1A;HIGD1A;SLF2;FIBP;TDP2;S100A11;BTG1;UBE2D1;PHF20;KDM4B;CITED2;GRN;SLC3A2;ARL6IP1;MX1;TNFRSF10B;LRRC8A;NUP54;PAXX;WDR45;ATP2B1;POLD4;SWI5;DIPK2A;PSMD14;DAP;PDK4;CENPC;CCNK;CDC5L;MAZ;TBC1D12;COPS3;UBE2Z;AKR1C3;GPX1;JUNB;RPS3A;TXNDC12;MPG;TGFBR3;FN1;HSPB1;ELOF1;PRKCH;RHOB;ITGB1BP1;LYPLA1;ATXN7;RPS6KA2;EIF4A3;RELA;PSME2;HSP90B1;EYA4;IRF3;LCN2;CD59;MAP2K1;VPS51;PSMB8;KEAP1;TSC22D1;PABPC4;MAPK13;PSAP;AZI2;IFI6;NCOA4;STXBP3;C1QBP;MAP3K5;APEX1;PSMC4;NTHL1;RNF167;ALKBH5;PMF1;PSMD13;GSN;TCF7L2;PARK7;PAK1;NASP;ETS2;OPTN;DRAM1;MAGED1;SEC13;ATF6B;BCLAF1;BCL6;RPS27A;DNAJC16;EMD;RPL30;RPL39;EEF1A1;PPTC7;PDLIM1;ATP6V1C1;CORO1B;CTSA;PIK3R1;AIMP1;MT1X;XRCC5;TADA3;QSOX1;MYDGF;CXCL17;CFL1;JPT1;SNX5;SERPINB6;PRR5L;NAA38;OARD1;SAV1;ERCC1;YBX1;C3;RNASEH2C;RPS19;APOA1;STX4;HMGN2;CIAPIN1;OPA1;OTUB1;PSMD12;RAD9A;UBXN1;RMC1;H1-0;PPIA;SMAD5;AXL;TMEM14A;NFKBIZ;FGFR1OP2;HSPA8;TPT1;SCAP;RIPK1;EIF4E2;CHCHD2;MFSD8;KLF9;FBXW7;RPS6KA5;CIB1;SAR1B;IRS2;PSMB9;PEX14;TST;PRKAA1;FAU;TSC22D3;MAD1L1;GLRX;NDRG1;SMARCB1;ZNF503;NAMPT;ANXA5;PSMA5;TMEM219;BUB3;DSC2;ATP6V0D1;EEF1E1;TDG;VPS37A;ANP32A;ADGRE5;NME2;SKA2;EIF4A1;TRAPPC4;ATP6V0B;PCBP2;CTBP2;CLMN;RNASEK;ATP6V1A;SERPING1;CBX3;COA8;DNAJB9;RIGI;UBA52;SRI;SRSF10;EIF2S1;PTMA;SIVA1;GCLM;LMAN1;SOD2;PA2G4;SMG9;MSRA;YWHAB;MAPK3;SPART;RSL1D1;RNF216;SPIDR;DPP9;SKI;HIKESHI;GSTM3;SMIM30;ANAPC15;VEGFB;HLA-A;UBE2B;IRF1;SLC25A5;TMEM258;FEZ2;SH3GLB1;SPCS3;VTI1B;DERL1;POLE4;ENY2;WDR48;CXCL16;RPL26;TAPBP;IL1R1;PRELID1;UFD1;GABARAP;CCNH;LYST;RIPOR1;PRRG4;ZMYND8;IFITM2;SKP1;REV3L;WDR45B;HSPE1;PRDX3;PLOD2;RAN;IKBKB;NME1;UBN1;MGMT;ATXN3;H3-3A;SNX6;NFIA;TUSC2;YWHAQ;PSMB1;PSMA2;UBR4;HLA-B;XPA;CHID1;MCTS1;USP10;RUVBL2;UBE2J1;NUDC;RACK1;SNRPD1;PPP1CC;ABL2,Lung,Pulmonary alveolar type 1 cell
1,prerank,TIS,0.2597445407078482,1.2777624705457873,0.04533678756476684,0.08742138364779874,0.127,152/618,20.70%,TIMP1;CLU;FBP1;EPHX1;HYAL2;IRF7;IFI30;GSTO1;IER3;NQO1;LDHB;TFRC;HTATSF1;NOTCH1;BAX;TAP1;NPM1;HMGB2;CD74;PYCARD;H4C3;HIPK2;ISG15;NCBP2;TXNIP;UPF1;TPRKB;CD44;BCL7C;CDKN1A;SLF2;TDP2;BTG1;KDM4B;SLC3A2;ARL6IP1;MRPL40;PAXX;POLD4;SWI5;PSMD14;CCNK;CDC5L;COPS3;FPGS;UPF3B;MPG;ELOF1;RHOB;ATXN7;GUK1;CTSD;EYA4;IRF3;TSC22D1;INO80E;MAPK13;C1QBP;INO80C;APEX1;NTHL1;ALKBH5;PARK7;PAK1;DRAM1;BCLAF1;BCL6;RPS27A;PITPNC1;XRCC5;TADA3;OARD1;ERCC1;RNASEH2C;GPS1;OTUB1;RAD9A;UBXN1;SMAD5;TPT1;UPP1;RIPK1;BLCAP;FBXW7;RPS12;CIB1;SUMO3;PRKAA1;NDRG1;SMARCB1;PSMA5;EEF1E1;TDG;ANP32A;CBX3;UBA52;EIF2S1;GCLM;MAPK3;SPIDR;MXD4;GSTM3;UBE2B;POLE4;ENY2;WDR48;RPL26;UFD1;CCNH;ZMYND8;SKP1;REV3L;RPL36;NME1;MGMT;ATXN3;PSMB1;PSMA2;XPA;USP10;RUVBL2;RACK1;PSMA1;CEBPG;NT5C3A;MSH3;TRADD;TAOK1;NET1;BACH1;HMGB1;SEM1;PSMB4;ACTR2;VPS28;OPN3;EEF1D;H2BC4;PSMB5;APRT;HPRT1;PSMB2;ADAM17;KIF13B;SURF1;PRKCE;TAF9;FUS;ZSWIM7;UBE2I;MDM2;SP1,Lung,Pulmonary alveolar type 1 cell
2,prerank,OIS,0.2552479650019012,1.2380856465688823,0.07860824742268041,0.08553459119496855,0.177,151/532,23.26%,PPARG;LAPTM5;TFPI;APOE;CTSC;PECAM1;SPARCL1;FCER1G;CTSS;IFI30;PLAUR;ADD3;GDF15;WARS1;GAPDH;ID2;PPP1CB;TFRC;ALDOA;NOTCH1;SKAP2;SDF2L1;CD74;PYCARD;HIPK2;YWHAG;CD44;RIPK2;IL15RA;CDKN1A;UBE2D1;PHLPP1;IDH1;PSMD14;TGFBR3;FN1;ITGB1BP1;JUP;RPS6KA2;TSPAN1;HSP90B1;MAP2K1;PSMB8;MAPK13;MAP3K5;PSMC4;ATP6AP2;RNF167;PSMD13;PAK1;ETS2;SEC13;RPS27A;MYDGF;CXCL17;CFL1;PRR5L;APOA1;LTA4H;GPS1;LDHA;OTUB1;PSMD12;PPIA;ACLY;RIPK1;AP2M1;FBXW7;RPS6KA5;CIB1;SAR1B;M6PR;PRKAA1;GLRX;NAMPT;TMEM219;DSC2;ATP6V0D1;EEF1E1;MAP4K5;DUSP22;ATP6V1A;RPS6;GGA2;UBA52;PITPNB;YWHAB;MAPK3;PFKL;ATP6AP1;EIF4EBP2;STK4;GABARAP;ARF1;SKP1;HSPE1;PLOD2;IKBKB;ATXN3;RPN1;PPP1CC;APIP;ARPC3;STK40;CALR;CNKSR3;RAF1;TAOK1;ZDHHC17;CCT6A;PHB2;CD24;HMGB1;ACTR2;PSMC2;PSMB5;HPRT1;TSPAN7;ADAM17;PFN1;RHEB;ERP29;MAP4K4;CCN2;GBE1;IGBP1;MDM2;SP1;LAMTOR1;ROCK2;PLA2G12A;CD40;LAMTOR4;DCBLD2;ZFP36L2;PDE8A;UBE2W;UCHL5;AKT2;PRKACB;EIF4E;ATP6V1E1;SYAP1;ATP6V0C;MEF2C;MTURN;TRIB1;CSNK1A1;STUB1;PIH1D1;USP12,Lung,Pulmonary alveolar type 1 cell
3,prerank,MS,0.22757140125742412,1.1565988747155436,0.10609756097560975,0.1459119496855346,0.35,238/930,23.09%,PPARG;CLU;APOC1;FBP1;EPHX1;PLIN2;PPP1R2;PLAUR;ACSL1;IER3;GAA;PPARGC1A;GAPDH;ABHD5;LDHB;NUS1;MRPL11;TFRC;ALDOA;NOTCH1;PLPP1;BAX;LGALS1;VAT1;MRPL2;CD74;PYCARD;HIPK2;YWHAG;UGP2;ATG3;UQCRH;CLUH;MT2A;AKT3;MRPL28;H2AZ1;CDKN1A;HIGD1A;CYCS;BTG1;MID1IP1;UQCC2;CITED2;CHCHD10;MRPL40;NDUFA9;ANTKMT;TMEM126A;WDR45;ALDH1A1;IDH1;PDK4;AKR1C3;GPX1;GLUL;PRKCH;TOMM5;TIMM50;DECR1;SLC25A11;HSP90B1;TOMM22;NCOA3;PHYH;IFI6;MAP3K5;MTIF3;PNPLA6;APEX1;NTHL1;RNF167;ALKBH5;GNPAT;PARK7;PAK1;SEC13;PTGES3;ATP6V1C1;PITPNC1;PIK3R1;GPCPD1;MGST3;PGD;APOA1;AGPAT4;LDHA;STX4;OPA1;PTS;TMEM14A;ACLY;MRPS35;NDUFB3;HSPA8;PIGN;CHCHD2;CPNE1;SAR1B;IRS2;PTPRG;PIGC;MRPL19;PRKAA1;UQCRC1;GLRX;NDRG1;COX4I1;COA3;COA6;GDE1;ATP6V0B;SMS;COA8;HSD17B10;MFF;ACOT8;NDUFA8;EIF2S1;PGLS;PYGB;DBI;ATP6V1F;SOD2;MAPK3;SLC27A4;ATP5MC3;PFKL;MRPL43;VEGFB;ATP6AP1;SLC25A5;SH3GLB1;NDUFAF8;OGDH;FMC1;PRELID1;TPD52;GABARAP;AFG3L2;COX20;MRPL24;RIPOR1;ACAT2;MDH2;WDR45B;PRDX3;PLOD2;MTX1;GRPEL1;KDSR;NME1;NDUFB8;ATXN3;MRPL22;ATP5F1C;UBR4;TMEM126B;MRPL37;AURKAIP1;FDX1;TIMM10;COX6B1;PLSCR1;VDAC1;HIGD2A;NDUFS3;HNRNPA1;ISCA1;EIF6;PRKAG2;CS;FOSL2;SLC25A6;CLPP;COX7A2L;TIMM13;PHB2;SLC44A2;OXA1L;MTMR3;NDUFS2;CD24;IDH3G;MAP1LC3B;WIPI2;CDKN1C;BLOC1S2;SDHD;MRPL38;COA1;ADAM17;SURF1;RHEB;HMOX2;DEGS1;ULK1;DNAJC19;ERP29;SIRT2;CYC1;CCN2;LYRM2;MPC1;SDC2;PCBD1;GBE1;IFNAR1;PIGL;MDM2;LAMTOR1;PTPMT1;SPTLC1;ROCK2;MRPS11;COX8A;STMP1;MICOS10;UQCC5;MRPS6;LAMTOR4;PEX2;BDH2;DGKH;SPTLC2;MRPL3;AKT2;INPP5K;ATP6V1E1;ATP6V0C;NOP53;EPAS1;VDAC2;MALSU1;CAVIN3;CSNK1A1;STUB1;NBN,Lung,Pulmonary alveolar type 1 cell
4,prerank,RS,0.17065089202974046,0.7958057840383665,0.9160739687055477,0.9708176100628931,0.994,108/324,29.49%,ID2;HTATSF1;CABIN1;H4C3;UPF1;HMGA1;NHP2;BCL7C;CDKN1A;SLF2;S100A11;ECD;POLD4;SWI5;PSMD14;CCT5;PSME2;INO80E;C1QBP;INO80C;APEX1;BCL6;PTGES3;XRCC5;ERCC1;H1-0;FBXW7;TCP1;SMARCB1;CCNI;PSMA5;ESCO1;NOP10;MAPK3;SPIDR;UBE2B;POLE4;WDR48;CCNH;ZMYND8;SKP1;REV3L;CCT2;UBN1;H3-3A;CCT4;PSMB1;PSMA2;USP10;RUVBL2;PSMA1;HNRNPA1;CCT6A;SEM1;PSMB4;ACTR2;TMEM14B;H2BC4;PSMB5;PSMB2;ADAM17;FUS;ZSWIM7;MDM2;ORC4;PSMB6;CCT3;CENPX;UCHL5;KHDRBS1;EIF4E;TAF10;NBN;DSP;POLR2J;PSMA6;RPS27L;CDK2AP1;KMT2E;BRD9;ASCC1;ABL1;RRM2B;PELI1;ATRX;LSM10;ROMO1;PSMB3;ELOC;POLR2F;ACTB;NUCKS1;HNRNPU;ZBTB38;PTEN;CDK10;POLR2K;RB1;BRD7;PSMB7;PPP6R3;AMBRA1;H1-2;SMCHD1;PPP1CA;GIGYF2;CCND1;PRKDC,Lung,Pulmonary alveolar type 1 cell
0,prerank,OIS,0.4221589445076878,1.6725450122565868,0.001,0.001,0.001,155/739,14.06%,INHBA;PPARG;APOE;MARCO;CD37;SPI1;CCDC88A;GPNMB;FCER1G;LY96;RETN;LAPTM5;PTPRC;CLEC7A;IFI30;FN1;LCP1;EPB41L3;CTSS;SERPINA3;SLC2A3;GYPC;C5AR1;SKAP2;SYK;FBLN1;PECAM1;TMEM176B;GNG11;THBS1;PCSK1N;GPR137B;IGFBP5;PLAUR;ITGB2;PYCARD;GLA;IL7R;PLCB1;TAOK3;CD74;GLRX;TFRC;DAPP1;TMEM176A;GLIPR2;MTHFD2;SLCO3A1;ARRB2;DHFR;AKAP12;CDK1;CD44;PTK2B;LIF;EIF4EBP1;WNT5A;IL1RAP;LGALS9;TGFB1;PTPN6;SDCBP;CFB;APIP;GRB2;RRAS;TNFAIP3;TNIK;RNF13;HBEGF;PSMG1;PAK2;ADAM17;ACKR3;DUSP3;ITPR2;PSMB8;ITGAV;PRKACB;ATP6AP1;GADD45A;ETS1;MAFB;AGER;M6PR;ATP6V1E1;ID2;ACTR2;PTGS2;STK4;IL6;MAPKAPK3;MAP2K1;RRAGD;PFN1;IRAK3;ITGB1BP1;GNA12;CCL20;MINK1;MKNK1;TBC1D7;ATP6AP2;ATP6V0D1;SPRY1;QDPR;HDAC9;SCD;ZNF639;CD40;ATP6V0C;HIPK2;RALB;PNP;MTMR10;DNMBP;ATP6V1A;PDGFC;RHEB;GGA2;RRAGC;ARPC3;NRP1;CD81;DDX39A;ARL6IP5;C9orf72;MAPK14;ALDH1A3;BCAR3;CACYBP;CD24;MDFIC;SDCCAG8;LAMTOR2;DSTYK;LAMTOR3;ADD3;PSENEN;STYX;RAP1A;DUSP4;PSMD12;ARAF;KLF4;NUPR1;AKAP13;IGFBP3;TMEM127;PSMD10;ALDOA;GBE1;LAMTOR1;DNAJA1;SDF2L1,Lung,Respiratory tract goblet cell
1,prerank,Common,0.37179553592061454,1.4973375466068823,0.001,0.001,0.001,492/2494,15.75%,OLR1;INHBA;VSIG4;DAB2;PPARG;ALOX5;MSR1;C1QA;APOE;MNDA;MARCO;SPI1;TYROBP;SLC11A1;DCN;CCL18;GPNMB;CD68;FCER1G;LY96;AIF1;CD14;BCL2A1;TREM1;LAPTM5;PTPRC;LYZ;CLEC7A;LST1;LRP1;CCL28;CFD;FN1;CRISP3;LGALS1;FCGR3A;LCP1;EMP3;PLIN2;THBD;AZGP1;HCLS1;LTF;CTSS;SERPINA3;HCST;AXL;PI3;PCLAF;GYPC;CD83;C5AR1;SLC31A2;FTL;S100A8;DST;HLA-DPA1;AKR1B1;CTSL;GRN;HLA-DRB1;RETREG1;STMN1;HMOX1;CASP1;LSP1;SAA1;ARHGAP10;SYK;FBLN1;MAN1A1;THBS1;GPR137B;KYNU;AKT3;OAS1;UBE2E2;ST6GALNAC3;IGFBP5;PLAUR;ITGB2;CRIP1;PSAP;PYCARD;IL17RA;GPSM3;IL7R;TAOK3;ADM;CD74;LYAR;GLRX;MX1;TFRC;ZG16B;ATP6V1B2;CENPP;ISG15;PTTG1;RECQL;SERPING1;S100A10;IGFBP7;HMGB2;PPT1;PHLDA3;CYBA;S100A9;ARRB2;DHFR;GPX1;IFI27;CDK1;UACA;HP;CTSA;FTH1;UBXN2B;FLNA;CCL4;CD44;CALCRL;RARRES1;SMC2;TXNIP;CD58;RHOG;GBP2;AKR1C3;YWHAH;PTK2B;EDEM2;ADGRE5;PTN;AKIRIN2;HLA-F;LIF;GLRX2;SLC12A6;MTMR14;DRAM2;GPX3;ST3GAL4;CASP8;VRK1;CXCL16;GAA;WNT5A;UBASH3B;IL1RAP;LGALS9;ECT2;NUDT1;TGFB1;PTPN6;DEFB1;SLC3A2;CAT;UBE2L6;RGCC;CFB;RNASET2;ACTN1;CEBPB;APIP;B2M;UBD;GRB2;TNFAIP3;ITPK1;JPT1;RASAL2;ACAA2;MGAT1;PSMB9;TNIK;SOD3;PLD3;HBEGF;TMSB4X;ATP6V0B;HLA-C;FAM111A;PAK2;VPS29;PSMB10;ADAM17;NUP62;GRINA;ACKR3;NR4A2;ITPR2;PSMB8;ITGAV;PRKACB;MGAT2;HLA-B;GADD45A;ETS1;MAFB;AGER;RPA3;BACH1;ATP6V1E1;KPNA2;ALKBH3;ID2;LAMP2;ACTR2;PTGS2;KCNMA1;H2AZ1;PGC;FAM168A;ANXA5;IL18;IFI6;ATP6V1C1;TCIRG1;MGAT4A;IL6;P2RX4;ATF5;MAPKAPK3;ABL2;MARCKS;NMB;H4C3;MAP2K1;PCNA;RRAGD;SMC4;CITED2;SAMHD1;PLEKHM2;PSMA6;ATP2C1;MCTP1;PIP;LYST;RNASEK;IRAK3;ITGB1BP1;CKS2;KAT8;ST6GALNAC4;GNA12;MARCHF2;VTA1;TUBB;RAD51C;CCL20;RNF8;BAX;NRBF2;MINK1;CCNH;ARL6IP1;TBC1D7;ING2;GABARAPL1;STX12;STAM;MACROH2A1;BUB3;ATP6V0D1;TINF2;CSF3;PHF1;VEGFB;SMC1A;HDAC9;BCL2L11;TMPO;DPYSL3;PLSCR1;ZNF639;NLRP1;CD40;MLH1;ATG7;NT5C3A;ATP6V0C;CST3;SEL1L;ITGB3BP;MAD2L2;NUP107;PSMA7;GTF2B;HIPK2;HAPSTR1;ATP2B1;USP1;NUB1;INSIG2;RALB;UBE2S;A2M;PICK1;HIGD1A;PIK3R1;BST2;ATOX1;ATP6V0E2;SPIRE1;PEX2;CKS1B;PSMD8;TMEM117;NBN;ZBTB8OS;NDUFAF4;NMI;PRCP;ATP6V1A;RASA1;VTCN1;RHEB;RNF213;VAMP3;UFD1;NFATC2;PSMD2;PARG;ELMOD2;ATG3;PSME2;RTN4;PSMD1;SEMA5A;CSNK2A1;ATP2B4;CETN2;CREG1;ATP6V0E1;HERPUD2;TRIM38;MT2A;FXN;SOD2;NUDT2;PTPRM;RRAGC;ARHGAP26;RMI1;TRIM25;NRP1;IRF7;CD81;BSPRY;BID;LGALS3;DDX39A;FSTL1;INIP;ARL6IP5;EFHD1;C9orf72;RNF31;TOPBP1;MAPK14;ARHGEF2;ACKR1;MAD1L1;RING1;CLU;DDAH2;CTBP1;CD24;MDFIC;CKAP5;PSEN1;DBF4;DSTYK;PPP1R15B;FOSL1;CISD2;POLA1;POLB;PEX14;ZNFX1;MCM7;TIGAR;YBX1;RNF115;SMARCD3;TEC;TIMP1;RHOA;PSENEN;TXNDC12;PDPK1;EED;NQO1;TLR2;SEMA3E;ALKBH2;APPL2;MYL12A;VSIR;CLIC1;ANAPC10;HMGN2;PSMD12;NAGK;SETX;ARAF;LCN2;PIGBOS1;SNX3;TBC1D14;KLF4;GCN1;UBE2A;NUPR1;RNFT1;AVEN;RRM1;BAG4;MAP1LC3B;IGFBP3;LYPLAL1;TMEM127;RAD21;DYNLL1;STX4;RAB8A;TADA3;PSMD10;TAP2;BRCC3;PDK4;HIF1A;APOL1;AZI2;C19orf12;IRS2;DNAJA1;TYK2;CDC37;BCL7B;TRIM69;PSMD6;WDR41;ILK;BCAP31;E2F3;CASP4;JKAMP;MCM5;ALDH1A2;TMEM131L;PRIM2;CALCOCO2;MR1;MGME1;C3;CFL1;ZDHHC3;RNF2;SEC14L1;PPP1CA;IFNGR1;TAF9;HSPH1;SLF2;TDP2;RFFL;RAP2B;REL;ABRAXAS2;HSPA1A;WARS1;ATP6V1D;YEATS4;PSMC1;FANCL;OMA1;KAT2B;RCC2;TMEM45B;SPART;PNKP;LAMP1;TEX264;CCNK;MX2;PRELID1;S100A11;PIAS1;RPGR,Lung,Respiratory tract goblet cell
2,prerank,RS,0.2863712702994151,1.1135452421284493,0.19711042311661506,0.23746968472109942,0.502,93/470,18.30%,INHBA;GPNMB;AIF1;PCLAF;TYMS;TK1;UBE2E2;PLCB1;RECQL;DHFR;CDK1;EIF4EBP1;PTPN6;MME;LSM10;RGCC;TFPT;TMSB4X;FAM111A;ADAM17;NOP10;CUL2;AGER;RPA3;ID2;ACTR2;CACNB4;H4C3;PCNA;SAMHD1;PSMA6;RAD51C;RNASEH1;RNF8;NAF1;CCNH;TINF2;MAD2L2;PSMA7;XRN1;USP1;NBN;PSME2;CSNK2A1;ATP2B4;RMI1;BID;INIP;TOPBP1;DBF4;CPSF3;POLA1;POLB;MCM7;CACUL1;SMARCD3;APPL2;CCT8;KLF4;UBE2A;RRM1;RAD21;DYNLL1;BCL7B;E2F3;MCM5;PRIM2;MGME1;CCT5;TEN1;PPP1CA;SLF2;YEATS4;TCP1;PNKP;S100A11;PIAS1;H1-4;BCL2;ZRANB3;PSMA4;GAR1;NSMCE3;CCT7;RHNO1;EZH2;RPS27L;ACTB;MDM2;SMC6;PSMD14;BCL7C;DUT,Lung,Respiratory tract goblet cell
3,prerank,MS,0.26010547976063253,1.0402118153535345,0.3276553106212425,0.4297190784155214,0.814,247/1208,19.72%,PPARG;ALOX5;DCN;TBXAS1;CD68;APOC1;BCL2A1;LGALS1;HPGD;PLIN2;PTGDS;S100A4;SLC2A3;FBP1;AKR1B1;HMOX1;THBS1;AKT3;PLAUR;ACOT7;PYCARD;LPCAT2;ADM;CD74;GLRX;TFRC;S100A10;GALK1;ACSL1;GPX1;AKAP12;CAVIN1;CDK1;LXN;AKR1C3;YWHAH;MGST3;PIP5K1B;GAA;ATP6V1F;PNPLA6;AKR1C2;TGFB1;NAAA;UBE2L6;BLOC1S2;RGCC;TNFAIP3;ACOT9;ACAA2;PGP;ATP6V0B;PLPP3;PAK2;ADAM17;GPCPD1;ACKR3;ITPR2;SLC27A4;PITPNC1;ATP6AP1;ETS1;PGD;ATP6V1E1;CBR3;LAMP2;PTGS2;KCNMA1;H2AZ1;IFI6;ATP6V1C1;TCIRG1;IL6;RRAGD;CITED2;MPC1;MECR;COA6;UQCC1;ABHD5;VDAC3;MRPS14;BAX;TBC1D7;VAT1;GABARAPL1;IDH3A;MACROH2A1;VEGFB;GLUL;BCL2L11;PLSCR1;SCD;ATG7;ATP6V0C;MRPL34;RPE;HADHB;HIPK2;ERAL1;PICK1;HIGD1A;PIK3R1;ABHD16A;SPIRE1;PEX2;DEGS1;NBN;MRPS30;NDUFAF4;MDH1;RHEB;ATG3;JMJD6;ACAT1;ATP6V0E1;MT2A;FXN;SOD2;RRAGC;PDP1;PHYH;SELENOI;PIGN;BID;ALAS1;GYG1;NQO2;HEXA;TIMM50;MRPL32;CLU;SLC27A3;OSBPL8;CD24;MRPL44;PSEN1;LAMTOR2;TMEM126A;DBI;LAMTOR3;PKM;TIGAR;PSENEN;ACADVL;NDUFB6;MRPS16;HACD4;APPL2;MRPL58;VAC14;XPNPEP1;NAGK;ILVBL;NDUFA9;CDS2;BLVRA;GCN1;NUPR1;AGPAT2;MAP1LC3B;IGFBP3;STX4;PSMD10;PDK4;HIF1A;ALDOA;GBE1;LAMTOR1;FAR1;IRS2;MPPE1;UGP2;PLAAT3;CLN8;CASP7;MICOS10;MRPS18C;MTCH2;SDHAF3;COX5A;HSPH1;PNPLA8;HSPA1A;ATP6V1D;RAP1GDS1;PCYT1A;PTDSS1;PPP1R2;OMA1;KAT2B;KDSR;PRELID1;HSPA8;MRPL22;DECR1;GPD2;NDUFB5;PGAM1;BCL2;GRPEL1;MRPS17;WIPI2;SDHB;HMOX2;HSD17B12;PIK3C3;GABARAP;MRPL15;UCP2;HP1BP3;GADD45GIP1;TALDO1;APOO;UROD;MDM2;LDHA;GHITM;CHCHD7;TP53INP2;TOMM5;COX17;DNAJC19;NDUFS3;PDHX;ADPGK;VDAC1;EIF2AK2;ITPR1;TIMM8B;GPX4;MGLL;MTFP1;ERP29;PGK1;ATP5MC3;ENDOG;GRHPR;PRDX3;RBPJ;SERINC2;COX8A;MRPL47;G6PD;TOMM40;PLIN3;MRPL16,Lung,Respiratory tract goblet cell
4,prerank,TIS,0.2523298354065385,1.0013213675695807,0.49547738693467336,0.49232012934519,0.921,160/858,18.34%,MNDA;BCL2A1;IFI30;HCLS1;S100A4;PCLAF;FBP1;UPP1;TYMS;HMOX1;CASP1;THBS1;UBE2E2;CRIP1;PYCARD;TAOK3;CD74;TFRC;ISG15;RECQL;S100A10;HMGB2;PHLDA3;CDK1;UACA;GSTO1;CD44;CTSD;TXNIP;LIF;VRK1;ECT2;NUDT1;TGFB1;SLC3A2;MME;UBE2L6;SDCBP;TFPT;GRB2;SEMA3C;HBEGF;FAM111A;ADAM17;ACKR3;PITPNC1;GADD45A;RPA3;BACH1;KRT17;KPNA2;ALKBH3;CBR3;ACTR2;FAM168A;SOCS1;MAPKAPK3;H4C3;PCNA;SAMHD1;PSMA6;RAD51C;RNF8;BAX;CCNH;ARL6IP1;ING2;MACROH2A1;TINF2;PHF1;SMC1A;BCL2L11;IKBIP;NLRP1;MLH1;NT5C3A;MAD2L2;PSMA7;GTF2B;HIPK2;USP1;PNP;SPIRE1;NBN;UFD1;NFATC2;PARG;CSNK2A1;ALYREF;CETN2;PTPRM;RMI1;TRIM25;IRF7;CD81;BID;INIP;TOPBP1;MAPK14;CLU;BCAR3;PSEN1;DBF4;POLA1;POLB;MCM7;TIGAR;SMARCD3;TIMP1;NQO1;ALKBH2;SETX;KLF4;UBE2A;NUPR1;RRM1;RAD21;POLR3GL;TADA3;PSMD10;BRCC3;BCL7B;BCAP31;MCM5;MGME1;PPP1CA;TAF9;SRP68;SLF2;TDP2;RAP2B;YEATS4;FANCL;KAT2B;PNKP;TEX264;CCNK;PIAS1;BCL2;ZRANB3;PSMA4;STX3;NSMCE3;RHNO1;RNASEH2C;SULT1A1;TPRKB;SAT1;RPS27L;ACTB;MXD1;MAP3K20;COMMD1;MDM2;SMC6;COPS8;PSMD14;BCL7C;DUT;COX17,Lung,Respiratory tract goblet cell
0,prerank,OIS,0.26752004563889303,1.3170278994377183,0.01969057665260197,0.08011049723756905,0.054,66/368,14.21%,SLPI;TMEM100;IGFBP3;CD36;TNFAIP3;FN1;IL6;IL7R;EZR;PTEN;RANBP9;CTSC;PPARG;CX3CL1;PDE8A;HIPK2;TGFB1;HPRT1;PTPN11;JUN;BTG2;CDKN1A;CAB39;RICTOR;EGFR;ITCH;TAOK3;BRAF;TNRC6A;GADD45B;THBS1;SH3RF1;UBR1;TAOK1;ROCK2;PPP1CA;CSNK2B;CUL1;DUSP5;PHLPP1;PRMT1;PPA1;IL33;RPS6KA3;GYPC;JCAD;PSENEN;PTBP2;USP9X;MAP3K2;CCSER2;MAP4K3;ITGAV;GPI;TEK;SYAP1;CD9;TBCK;EMP1;RBM4;ICAM1;KRAS;CAV2;TSG101;ANKH;PIN1,Lung,Vein endothelial cell
1,prerank,Common,0.21775030073940332,1.1522119376854714,0.06859205776173286,0.2941988950276243,0.335,227/1142,19.25%,SLPI;IGFBP3;MT1M;CCL2;CD36;CEBPB;MT1E;CXCL2;TNFAIP3;GPX3;FN1;HHEX;MT1X;IL6;BNIP3L;IL7R;VEGFC;DEPP1;TNFRSF6B;PTEN;TRIM44;PRKCE;TSC22D1;BCL6;GATA2;SOCS2;CHD4;PRKD1;PPARG;TCIM;KPNA3;MYL9;GABARAPL1;CYP1B1;CX3CL1;SERPING1;FSTL1;PLPP1;CRIP1;HIPK2;SUSD6;PPP4R3B;LGALS1;MDK;TGFB1;MCTS1;PPP2R1A;PTPN11;TPM1;STK24;MARCKS;MPG;SELENOP;PCSK5;BUB3;JUN;BTG2;CALCOCO2;PLAAT4;ERBIN;CDKN1A;CCNH;CAB39;SERPINB9;RICTOR;STX12;EGFR;POLR2I;CDC26;NPEPPS;HIGD1A;YTHDC1;ITCH;PDK4;RNF169;DPYSL3;HERPUD1;REV3L;TAOK3;BRAF;RAB3GAP1;TNRC6A;NONO;ILRUN;GPX4;THBS1;SH3RF1;CYBA;VPS35;ABL1;PPP2CA;CCPG1;ADAR;AHR;GBP2;TAOK1;ARID4A;RC3H1;SRSF1;ABCF1;ROCK2;TMCO1;ARL8B;H2AJ;BAD;PSMD7;HLA-F;USP36;VTI1B;MTF2;SPCS3;MT2A;VCAM1;GBP4;PPP1CA;CSNK2B;CUL1;PSMC1;YAP1;PRMT1;VPS29;IL33;RPS6KA3;GYPC;FYN;SMG1;PSENEN;USP9X;FER;CD47;TNFSF10;GPX1;HSPA1A;ITPR1;EPB41;DAP;SRPK2;PSME4;TRIM13;ITGAV;TEK;PPM1D;FKBP8;C2CD4B;CD9;CHMP4A;PHF20;RPGR;EPC1;RBM4;ICAM1;PSMB10;GRK5;IL32;CUL5;CAV2;YWHAQ;CXCL12;TSG101;ATG7;ABI1;FUNDC2;CTBP2;CLIP1;PIN1;PTPRK;AHI1;RNF10;HDAC2;WDFY3;MNAT1;BAZ1B;MAP2K1;PIK3R3;PSMD8;RAB3GAP2;HSPA1B;ANO6;RNF144B;SPRED1;EWSR1;DICER1;NIPBL;MIEN1;AHCTF1;PJA2;ANXA1;NFKBIZ;RORA;VPS13C;HACD3;VAPA;SYNCRIP;EIF4G2;RAPGEF2;VCP;EHMT1;TXNDC12;SEC61B;SOX4;DYNC1I2;NUCKS1;DDT;HIKESHI;RGCC;ATP5IF1;UBE2E2;OGT;VPS28;PPP1R15A;HIF1A;GAS6;PSMB6;CCN2;XBP1;S100A11;USP25;PTPRE;LRBA;PRDX3;PHIP;SS18;NEDD4;THBD;ISG15;SMAD6;ARID2,Lung,Vein endothelial cell
2,prerank,MS,0.21937211635603787,1.1048201853863147,0.17189631650750342,0.31491712707182323,0.47,158/517,27.99%,IGFBP3;CD36;MT1E;ENPP2;TNFAIP3;IL6;BNIP3L;ADGRF5;VEGFC;RALA;S100A4;PRKD1;PPARG;GABARAPL1;CYP1B1;PANK2;PLPP1;HIPK2;NDUFS7;LGALS1;COX17;TGFB1;STK24;DNAJC19;JUN;PLAAT4;CDKN1A;CAB39;RICTOR;SORBS1;EGFR;CYB5A;NPEPPS;HIGD1A;LTC4S;PDK4;GPX4;THBS1;VPS35;FAR1;CAVIN3;TIPARP;ROCK2;BAD;MT2A;HADHB;TGM2;VDAC3;PLPP3;PRMT1;SDHC;NDUFB3;SMG1;PSENEN;TNFSF10;GPX1;HSPA1A;ITPR1;CYC1;GPI;OXA1L;MAOA;COX16;UQCRFS1;MT-CO1;ATP5PB;CYRIB;CAV2;ATG7;NDUFA3;PIN1;AURKAIP1;UGP2;ERRFI1;PIK3R3;LRPPRC;ACADVL;GGCT;GLUD1;TUFM;RORA;VPS13C;HACD3;VAPA;VCP;MRPS18C;RGCC;NEDD4L;ATP5IF1;OGT;PPP1R15A;HIF1A;GAS6;ASAH1;CCN2;XBP1;MRPS21;PRDX3;NDUFA1;RBPJ;MT-ND6;PTS;UQCR10;MT-ATP6;MRPL41;MRPL20;NDUFS4;NDUFA13;ACAT1;ETS1;EIF2S1;PPP1R2;ZFP36;TPI1;MT-CO3;DUSP1;VPS13D;ATP6V1F;NDUFAF2;MT-CYB;ATP5F1C;LMNA;SSBP1;COX8A;UBE2L6;PSEN1;SLC44A2;HSD17B12;CCN1;TMBIM6;PRKAA1;KLF6;ADIPOR2;CPEB4;MT-ND3;IDI1;CERT1;CHCHD2;SERPINE1;FOXO1;VDAC2;PGAM1;ETFB;SDHB;PAK2;ISCU;PCCA;ZFP36L1;DDIT4;AKAP12;GHITM;MRPL14;PET100;ATP5ME;HP1BP3;FOS;MRPL57;SLC25A5,Lung,Vein endothelial cell
3,prerank,TIS,0.17419256977421543,0.8526475765753825,0.8892086330935252,1.0,0.981,91/365,24.17%,DPYD;PRKCE;RALA;TSC22D1;BCL6;S100A4;CHD4;CYP1B1;CRIP1;HIPK2;SUSD6;PPP4R3B;COX17;TGFB1;HPRT1;MPG;JUN;BTG2;CDKN1A;CCNH;EGFR;POLR2I;RNF169;REV3L;TAOK3;GPX4;TMED2;THBS1;ABL1;ALDH2;AHR;TAOK1;H2AJ;PPP1CA;CUL1;MXD4;YAP1;PRMT1;SMG1;USP9X;PSME4;PPM1D;EPC1;ABCC4;SAT1;CXCL12;TSG101;PTPRK;MNAT1;BAZ1B;POLR2J;SPRED1;NIPBL;RORA;VCP;SOX4;NUCKS1;PROCR;UBE2E2;VPS28;PPP1R15A;GSTO1;GAS6;PSMB6;PTPRE;NEDD4;ISG15;ARID2;BACH1;HMGB1;EIF2S1;PSMB3;SUMO1;PSMA4;PSMB7;BCAM;TAX1BP3;SPIDR;TRIP12;ARL6IP1;CTSD;SKP1;TIMP1;LMNA;IKBIP;HBEGF;UBE2L6;PSMA5;PSEN1;GADD45A;BIRC3,Lung,Vein endothelial cell
4,prerank,RS,0.18100368671287376,0.8421432192977696,0.86,0.9140883977900552,0.988,45/221,21.49%,CCL2;PTEN;BCL6;CHD4;TCIM;CDKN1A;CCNH;EGFR;POLR2I;ANKRD28;RNF169;REV3L;ABL1;PPP2CA;H2AJ;RBMS1;PPP1CA;CUL1;PRMT1;SMG1;EPC1;CUL5;MNAT1;WAPL;BAZ1A;POLR2J;NIPBL;RDX;ANXA1;VCP;NUCKS1;RGCC;UBE2E2;PSMB6;MCMBP;S100A11;PHIP;CCT5;ARID2;ELOB;HDAC8;PSMB3;CTDSP2;PSMA4;PSMB7,Lung,Vein endothelial cell
0,prerank,TIS,-0.230695017289461,-1.0280467784703085,0.38548057259713703,1.0,0.845,208/694,28.83%,TNF;FOS;TNFSF9;SLF1;CDK5RAP3;H2BC11;TP53I13;RADX;JUN;SERTAD3;H2AX;RPP21;PPP1R15A;IER3;RGS16;CDK9;CYP2R1;DDIT3;COPS6;ZSWIM7;BTG2;CRY1;LMNA;H2BC5;TXNIP;IRF3;UBC;PNP;POLR2A;MYC;DDB2;FUS;ING2;NME3;PPP1R10;SESN2;ZC3H12A;APTX;DDIT4;DEF6;SMARCAD1;PAXX;FAM111A;BATF;H2AC20;ZNF365;MAP2K6;NABP1;TOB1;SUPT20H;POLR3GL;CCNK;MRNIP;KLHL15;RXRA;SIRT7;NUDT16L1;SLC19A2;SLF2;GTF2H5;NELFE;ERCC1;DYRK2;UBB;SOCS1;CDKN2AIP;IER5;REV3L;BCL6;PNKP;BTG1;ELL;TP53;DPF3;VCP;PYHIN1;MGMT;POLK;TFRC;USP16;BCLAF1;KAT7;NOL8;HEXIM1;CLU;RBM22;TSPYL2;GTF2B;UVSSA;ATF2;UBE2V2;GTF2H1;ASCC2;SPDYA;MPG;USP9X;MORF4L2;CDKN2D;DAD1;POGZ;ACAA1;SMARCE1;APC;NT5C;MTA1;H2BC15;PRKAA1;RHOB;TAF12;MICA;AHR;H2AC25;COPS5;ALYREF;ERCC6L2;USP11;MDM4;XPC;TERF1;VRK1;ZFP36L1;TAF7;POLR2K;ING3;SURF1;NSMCE1;MCM9;MCL1;SDCBP;SFN;MRE11;IRF7;H2AC6;ATM;EIF1B;TRADD;POLR1H;BRCC3;NELFCD;RB1;TRAF5;CGRRF1;TAF13;TERF2IP;SLC3A2;RNF19B;SOX4;DGKA;RNMT;URI1;RORC;RBBP5;PSMB5;RPA1;BBC3;EPC1;ARID1A;RAD51B;TM7SF3;CCNH;TOP1;MXD1;TEX264;SF3B5;UFL1;RBBP6;UVRAG;S100A10;EYA3;SP1;COPS4;MLH1;GADD45A;PDE4B;PHF1;HELB;TPRKB;CDKN1A;USP22;MSH3;DYRK1A;TRIM28;SIRT1;TSC22D1;H2AJ;ZMYND8;ABL1;PCNA;INO80D;CDKN1B;TAF2;MSH6;FTO;ACTL6A;NIPBL;SMARCD2;PRKCD;S100A4;DCXR;RPA2;WAS;VRK2;GTF2A2;BIRC3;COPS8;USP3;ENY2;INO80B,Skin,CD4T
1,prerank,OIS,0.1833841534523593,1.0241571481136802,0.2916666666666667,0.3627450980392157,0.035,129/590,17.30%,ITGAV;PAK3;SESN3;EPHA4;SATB1;STARD4;PELI2;BCAR3;IGF1R;PTPRJ;PSMC2;PPARG;CDK6;THBS1;TES;GPAT3;CASTOR3P;MAP3K11;PIK3R5;TAB3;LARP1;MADD;AIDA;PRR5L;PELI1;SYTL2;PAK1;PAK2;ZNF639;TXNRD1;PYCARD;NTRK2;CTH;STK38;IL2RB;ARRB1;GATA3;PIK3CB;PGM1;CCNG1;CCDC88A;DUSP16;RALB;CCR7;NOTCH2;QARS1;ROCK2;MTHFD2;PRELID3B;PPA1;GMPS;IL2RG;PIK3CA;WDR59;CLEC16A;OPRM1;TAB2;CCM2;MYDGF;GBE1;GYPC;FGL2;RASGRP3;ENO1;CAB39;CANX;GAPDH;USP7;CBL;TNIP1;RAPGEF2;UBE2W;TNIK;MBIP;RASGRP1;MAPK8IP3;FGFR1;MAP4K5;IGBP1;MFHAS1;HSP90B1;NRAS;CRKL;HIPK2;FNIP2;TFDP1;TSG101;KARS1;CTSH;EIF4EBP2;PRKCB;MAPK8;MAP3K3;EIF2S2;CAMK4;KLF4;SH2D3C;BMAL1;ETS2;KSR1;ITCH;MAPK14;XIAP;GALNT3;LTA4H;ITPR2;CLTC;USP32;RFFL;PSMD14;PRDX1;NAMPT;GGA2;PTPN11;EIF4E;RELL1;DLG1;PSMA4;STK11;ARRB2;MAP3K1;SMAD2;CUL1;YWHAB;TRAF4;EIF2AK2;PDAP1;AP2M1;STK40,Skin,CD4T
2,prerank,MS,-0.20088620494400958,-0.9011881557876648,0.8387096774193549,1.0,0.998,123/859,14.95%,HSPA1A;CDKN1C;FOS;DUSP1;CSKMT;PLB1;RBKS;DCN;CITED2;KLF10;MPPE1;KLF6;JUN;PHYH;MT-ND4L;CXCR4;SQSTM1;PLD1;PLA2G6;PPP1R15A;HMGCS1;IER3;RGCC;PDHX;ZFP36;MT-ND2;RHOT2;ABHD5;TAFAZZIN;MT-ATP8;HSPH1;COX10;DDIT3;LMNA;CHKB;SLC44A1;SLC2A3;NR1D1;ODC1;EGR1;MYC;NME3;SESN2;CERS4;ZC3H12A;DDIT4;ADAM8;HSP90AA1;PMVK;NUBPL;MT-ATP6;MT-CYB;ACOT7;OAT;JMJD6;MT-ND3;ASAH1;RNF167;TPK1;PHKB;HAX1;MT-ND1;PPP1R2;MT-ND4;IFNG;CYP4V2;MRPS14;IFI6;TNFAIP3;FADS3;XIST;TPST2;RPIA;EGLN3;RXRA;GLUD1;SIRT7;MRPL55;PIBF1;MRPL9;NDUFA3;ECHDC1;MT-ND5;PGP;COX11;DYRK2;AGL;SMPD4;STUB1;THEM4;DNAJC19;UGP2;RRAGB;MRPL4;MRPL50;LCLAT1;NAAA;CHCHD7;BTG1;TP53;VCP;LDLR;MT-CO2;PDHA1;TFRC;STX17;HEXA;CLU;ERRFI1;MRPS28;RHOT1;INPP4B;ACP6;ATF2;HSPA8;PTGES3;MRPS18C;MAP1LC3A;BNIP3;HYCC1;HMOX2;MRPL54;ACAA1,Skin,CD4T
3,prerank,RS,-0.20335033394831462,-0.8896787785017186,0.7909663865546218,1.0,0.999,87/410,23.34%,MLF1;SLF1;H2BC11;RADX;ANKRD28;PLCG2;CTC1;H2AX;POLG2;RGCC;CDK9;ZSWIM7;H3-3B;H2BC5;PARN;ID2;POLR2A;MYC;FUS;PPP1R10;HSP90AA1;CDK2AP2;NVL;FAM111A;ANXA1;H2AC20;PTPN6;ZNF365;NABP1;MRNIP;KLHL15;SLF2;TBRG1;ERCC1;REV3L;BCL6;PNKP;TP53;DPF3;VCP;DYNLL1;POLK;KAT7;TSPYL2;HSP90AB1;PTGES3;ASCC2;SPDYA;MORF4L2;CDKN2D;POGZ;SMARCE1;APC;ING5;H2BC15;ZNF827;TCP1;NEK7;WEE1;TERF1;CABIN1;POLR2K;ING3;NSMCE1;MCM9;RBMS1;CCT4;YLPM1;MRE11;H2AC6;ATM;RB1;HNRNPU;TERF2IP;KMT2E;PSMB5;NOP10;RPA1;DDX3X;EPC1;ARID1A;RAD51B;CCNH;DGKZ;TOP1;RBL1;PPP3CA,Skin,CD4T
4,prerank,Common,-0.16185166809041887,-0.7345465441014201,1.0,0.9963250306247448,1.0,405/2013,22.72%,HSPA1B;HSPA1A;TNF;CDKN1C;FOS;HSPA2;JUNB;CFD;IL2;CD69;DCN;CITED2;KLF10;DNAJB1;TNFSF9;DIPK2A;SLF1;CDK5RAP3;HDAC9;H2BC11;NFE2L3;KLF6;DUSP6;CCL4;ING1;RADX;UBE2S;JUN;CXCR4;SHARPIN;SQSTM1;PLCG2;UAP1;TRAF3IP3;H2AX;DNAJA1;PLA2G6;PPP1R15A;HSPA6;IER3;ID1;SLAMF6;MTSS1;HSPB1;KLF9;NLRC3;RGCC;ZFP36;PPIH;RGS16;NFKBIA;TUBB4B;NMB;IGFBP7;HSPH1;CDK9;MVB12B;SLC38A2;DDIT3;SIGIRR;ZSWIM7;IRAK4;H3-3B;DIS3L2;BTG2;CRY1;LMNA;IL23R;H2BC5;C19orf12;AMD1;TXNIP;NSL1;TSC22D3;IRF3;UBC;MFSD8;NR1D1;NUP133;ID2;ODC1;EGR1;DNAJB4;MYC;CD84;DDB2;FUS;ING2;PER1;NME3;PPP1R10;CD40LG;SESN2;CCR4;ZC3H12A;TOR1B;APTX;DDIT4;ADAM8;HSP90AA1;C9orf72;ZBTB8OS;NR4A2;SMARCAD1;PAXX;CXCL14;RGS1;FAM111A;MYO1F;EIF4A3;JAML;BATF;VAMP2;ANXA1;BICD1;CUEDC2;RGS14;H2AC20;CBX4;NUSAP1;RNF167;PTPN6;HCST;PTGER4;GSN;RIGI;ZNF365;GPS2;COL3A1;ATP2B1;MAP2K6;NABP1;TOB1;SUPT20H;CYBC1;HAX1;USP38;IFNG;MAGED1;IFI6;TNFAIP3;NUP107;CCNK;MRNIP;KLHL15;DNAJA4;TRIM56;EGLN3;HLA-DRB1;CCR6;TRA2B;WDR6;NLRP3;SIRT7;IFITM3;NUDT16L1;FBXO3;DYNLT1;MITD1;MCC;TMEM259;SLF2;TBRG1;GTF2H5;MAP2K5;LCP2;IRF1;CDC16;CIRBP;HIKESHI;ERCC1;FERMT3;DYRK2;CYBA;UBB;STUB1;RBM14;IL23A;NLRC5;VTI1B;ACVR2A;TRIM38;RRAGB;CDKN2AIP;VTA1;IER5;SKA2;REV3L;CKS2;LARP7;YPEL3;FTL;KATNA1;BCL6;PNKP;TRIM69;TRIM8;BTG1;ATP2A3;TP53;DPF3;VCP;DYNLL1;LDLR;ITK;PYHIN1;EIF4A2;MGMT;POLK;SRSF2;TFRC;SPSB3;CDC25B;STX17;SENP7;USP16;KPNA5;BCLAF1;RNASEK;XPO1;KCNA3;KAT7;HEXIM1;CLU;KLRK1;DDX39A;LEF1;SHFL;ERF;DDAH2;GTF2B;UVSSA;DNAJB6;DERL2;ATF2;HSPA8;ZFP36L2;HSP90AB1;BAG4;UBE2V2;GSDMD;GTF2H1;ADCY7;CCL20;MAP1LC3A;ASCC2;BNIP3;SPDYA;AIMP1;MPG;USP9X;MORF4L2;CDKN2D;EXOC1;HMOX2;DAD1;POGZ;DNAJC10;TIGIT;CSF1;NMT2;VPS29;SMARCE1;BTLA;STX2;APC;MAPKAP1;ING5;MTA1;H2BC15;AUP1;VPS4A;MOGS;PRKAA1;RHOB;TAF12;MICA;AHR;H2AC25;COPS5;AKIRIN2;ERCC6L2;ATP6V1B2;RNF139;RPS6KA5;MEAK7;ITGB3BP;MDM4;RAB2B;VPS41;NEK7;WEE1;NUP42;NUP62;DERL1;XPC;TERF1;USP20;TBC1D5;RIPK2;PPP2R5E;ARID4A;MLKL;TGFBR1;PSMB9;HDAC1;HAPSTR1;VRK1;CD27;MAN1B1;CABIN1;ZFP36L1;ATP6V1E1;PNMA1;TAF7;TXNDC12;CHMP3;GDI1;DNAJB14;EIF3G;ING3;GOLGA2;SOD1;UBE2J2;CHMP2A;NUP153;NSMCE1;MCM9;SEC62;B2M;RPAP2;MCL1;PRNP;SFN;WWP2;CXCR6;MRE11;MAD1L1;CD2;EGR3;IRF7;H2AC6;ATM;TRADD;BRCC3;ADGRE5;TNFRSF14;VCPKMT;RB1;TMEM41B;HNRNPU;TRAF5;CGRRF1;RBCK1;TERF2IP;SLC3A2;EED;CHMP4A;FOSL1;IL7R;PIN1;CHMP1B;PSMB10;SOX4;IL6ST;RNF103;DGKA;URI1;PTTG1;PLEC;SMURF2;TRIM22;RBBP5;PSMB5;CTSS;SON;BCL10;CHMP5;ICAM1;DYNC1I2;YWHAQ;MSRA;CPEB4;RPA1;TRIM27;PLCG1;DDX3X;ADIPOR2;BBC3;ATP5IF1;EPC1;HLA-DPA1;ETS1;ARID1A;RAD51B;LST1;TM7SF3;P2RX4;CCNH;CFH;PIM3;PHF14;STING1;RTN3;DGKZ,Skin,CD4T
0,prerank,MS,-0.30362230779099403,-1.4481022408862214,0.001,0.0032446463335496427,0.003,212/607,28.00%,LMNA;FOS;RGCC;GZMK;ZFP36;CSKMT;HSPA1A;KLF6;MT-ND2;IFNG;DCN;KLF10;IER3;DUSP1;MT-ND1;CITED2;ABHD5;GLUD1;MT-ND3;MT-CYB;MT-ATP6;EGR1;MRPL41;SLC2A3;GPX1;LGALS1;MT-ND4L;MYC;CLU;MT-ND4;CXCR4;FAM162A;SQSTM1;HAX1;NDUFV1;DDIT3;CHPT1;THEM4;TNFAIP3;PPP1R15A;ERRFI1;WSB1;HPGD;MT-CO3;ZFP36L1;MT-CO2;PPP1R2;ACSL1;HMGCS1;HIBCH;MGST3;NDUFA3;S100A10;PLPP1;MTM1;TNFSF10;NME3;HSPA8;S100A4;MT-ND5;OAT;COX17;MTFP1;PIN1;SIRT1;PHB2;BTG1;NDRG1;NDUFC1;ADAM8;JUN;MRPL52;CYCS;MICOS10;CHCHD10;MT-CO1;ATF3;ZC3H12A;MRPS21;MICOS13;GABARAPL2;NOP53;SMDT1;MT-ATP8;INPP4B;MIF;GABARAP;COX5B;TECR;UGP2;ATP5PF;TOMM6;NDUFA13;AKT3;PMVK;LAMTOR4;ADAM17;RBKS;UQCRQ;KDSR;SLC6A6;FIS1;DNAJC19;ATP5MC1;NDUFB7;ZBTB20;ATP6V0E1;TPK1;PRDX6;RBPJ;MAP1LC3B;ALKBH7;ROMO1;PRXL2C;ATP6V1G1;TPD52;WRN;LAMTOR5;CPEB4;UQCC5;UQCR11;ATP1B1;TFRC;ODC1;REST;ATP5ME;MDM4;MRPL18;VDAC2;MCL1;PET100;COX6B1;NDUFA1;TRABD;DPM1;ATP6V0C;SIRT7;COX7C;NDUFB4;HSP90AA1;MRPL33;CPEB2;CDKN1A;HSD17B11;FAS;TMBIM6;GSTP1;GPR155;NDUFAF2;MRPL54;LARS1;ATG7;TOMM7;NDUFA4;APEX1;PGK1;MRPL57;ATP5F1E;OSBPL8;COX7A2;DNM1L;DBI;CD74;DDIT4;HSPH1;NDUFA5;JMY;NDUFA2;PRDX5;SLC25A3;CDKN1B;MRPS34;NDUFB9;GLRX;VCP;COX6A1;AUH;MAPKAP1;PHKB;ABHD12;H2AZ1;DGKE;UQCR10;MRPS24;SELENOS;ATP5F1D;NDUFB8;ANXA2;NDUFS4;NDUFB1;UBQLN1;COX14;DGKA;MTIF3;ATP5F1B;ATG5;HMOX2;PNPLA8;SELENOI;SESN2;COX4I1;NDUFB6;ATP5PO;COX5A;MDH1;CHCHD7;MRPL20;COX6C;RHEB;MDH2;STUB1;ATP5MG,Skin,CD8T
1,prerank,TIS,-0.25329860625116457,-1.1790671078124355,0.0780065005417118,0.17953709712308025,0.271,135/493,24.13%,LMNA;FOS;TNFSF9;DPF3;SLF1;RHOB;IER3;SOCS1;H2AX;AHR;MYC;CLU;TOB1;FAM162A;DDIT3;POLR2J;BTG2;PPP1R15A;TNF;POLR1H;TSPYL2;GATA3;HEXIM1;UBC;ZFP36L1;PPP1R10;RPP21;S100A10;DAD1;NME3;POLR2K;IER5;POLD4;S100A4;MXD1;COX17;SIRT1;RNF19B;BTG1;NDRG1;JUN;BCL6;PERP;ATF3;GADD45A;SF3B5;ZC3H12A;BCL7B;CDKN2D;DDB2;POLR3GL;NOP53;CRIP1;VPS28;TXNIP;MIF;H2AJ;UBB;RPL36;IRF3;PNP;ADAM17;CTSD;PVT1;FUS;TMEM109;RPS27A;EEF1D;BCL3;RPL26;NABP1;TAF10;CDKN2AIP;ZNHIT1;COPS6;SAT1;ERCC1;SLC3A2;ALKBH7;BATF;PAXX;BCAP31;KAT7;ISG15;WRN;BCL7C;TFRC;RPL18;MDM4;MCL1;TAF7;KMT5B;SHLD2;DGUOK;EPC1;RNMT;SIRT7;MORF4L2;CD44;ZMYND8;CIB1;GTF2A2;CDKN1A;RPS3;FAS;POLR1D;POLR2A;GSTP1;CD82;TIMP1;H2AC6;RBBP5;APEX1;RPS12;BIRC3;UBA52;TAF13;NSMCE3;TOP1;FAAP20;F2R;CD74;DDIT4;PDE4B;APRT;MPC2;CDKN1B;STOM;PSMA5;VCP;SPRED2;SDCBP;USP3;BRD9;WAC,Skin,CD8T
2,prerank,OIS,-0.22944623845084686,-1.0754876898292867,0.26512651265126513,0.41928040954647056,0.668,117/469,21.95%,GADD45B;ZFP36;GADD45G;CD27;GLA;CD9;EMP1;DUSP1;CSF2;PLCG2;SLC2A3;MYC;TIAM1;CXCR4;SQSTM1;HDAC9;CCL3;DDIT3;THEM4;PER1;FASLG;BTG2;TNFAIP3;PPP1R15A;DUSP10;TNF;PRDX1;PTGER4;DUSP4;ZFP36L2;GATA3;NIBAN1;UBC;ZFP36L1;HMGCS1;DNAJA1;CCL5;IFRD1;RPS6KA5;RGS2;ID2;ERF;PIN1;SIRT1;PHB2;PTPN6;ADAM8;JUN;GADD45A;ZC3H12A;CDKN2D;DDT;CYP51A1;IL10RA;MDFIC;MIF;PRDM1;UBB;TMEM219;GABARAP;TRAF1;NAMPT;SDF2L1;MAPK6;PNP;TUBA4A;LAMTOR4;IL6ST;ADAM17;EZR;IL27RA;CD37;RPS27A;SLC6A6;INSIG1;ATP5MC1;C9orf72;SLC1A5;IQGAP1;SIK3;MYDGF;PRXL2C;MFHAS1;RIPK2;LAMTOR5;GPR183;SOD1;TFRC;PDAP1;MDM4;PJA2;PEBP1;MAP4K1;ATP6V0C;RNF13;TNFRSF14;CD44;LAT;CIB1;CDKN1A;FAS;GSTP1;GPR155;SLAMF1;MAP2K2;LARS1;STK4;LAX1;PGK1;CACYBP;BIRC3;UBA52;F2R;CSNK2B;CUL3;CD74;DDIT4,Skin,CD8T
3,prerank,Common,-0.19939136755445808,-0.9759871087647779,0.6193353474320241,0.6948950897685485,0.932,276/1536,17.73%,LMNA;FOS;JUNB;RGCC;TNFSF9;GZMK;DPF3;ZFP36;CD69;RGS1;HSPA1A;ING1;SLF1;KLF6;HSPA1B;CD27;NFKBIA;KLRC1;TUBB4B;CD9;IFNG;RHOB;DCN;KLF10;IER3;KLRK1;CITED2;TSC22D3;CSF2;XCL1;XCL2;PLCG2;CFD;H2AX;CCL4;TNFRSF18;NR4A2;CST3;EGR1;UBE2S;KLRC4;GPX1;LGALS1;AHR;MYC;DIPK2A;CLU;TRA2B;MTSS1;H3-3B;TOB1;ANXA1;CXCR4;JAML;CRTAM;SOCS3;FAM162A;SQSTM1;MSRA;HAX1;TNIP3;HDAC9;CCL3;DDIT3;SLC38A2;NFE2L3;PER1;BTG2;TNFAIP3;DNAJB1;LEF1;PPP1R15A;CHMP2A;DUSP10;TNF;LGALS3;PRDX1;PTGER4;ZFP36L2;KLF9;SPSB3;ACVR2A;S100A11;GATA3;HIKESHI;EXOC1;HEXIM1;NIBAN1;UBC;ZFP36L1;GPR68;HLA-DRB1;NMT2;DNAJA1;CCL5;PPP1R10;DYNLL1;SVIP;PRNP;HSPB1;AMD1;S100A10;PLPP1;EIF4A1;TIGIT;MTM1;RPS6KA5;TNFSF10;DAD1;NME3;IER5;HSPA8;POLD4;NAA38;VTI1B;HERPUD2;ID2;MXD1;EIF4A3;ERF;FAU;KCNA3;PIN1;SIRT1;PHB2;STAM;BTG1;PTPN6;NDRG1;ATP2B1;ADAM8;JUN;BCL6;CBX4;ATF3;GADD45A;SF3B5;ZC3H12A;RPL30;BCL7B;CDKN2D;PLEC;TNFRSF9;GABARAPL2;DDT;RNF139;EIF3G;SRSF2;DDB2;DDX3X;CHMP4A;RPS27;NOP53;SMDT1;PIM3;CRIP1;DYNLT1;ANAPC5;VPS28;RUNX3;TXNIP;HCST;IL10RA;MDFIC;MIF;H2AJ;UBB;TMEM219;GABARAP;TRAF1;TMEM258;NAMPT;IRF3;CDC26;CYBA;CHMP3;KLRC3;TTC1;AKT3;IL6ST;HLA-F;HERPUD1;ADAM17;FUS;TMEM109;DYNC1I2;IL27RA;AHNAK;RPS27A;CHMP5;TMEM259;VPS26A;BCL3;NACA;RNF103;SLC6A6;RPL26;NABP1;INSIG1;DIS3L2;TXN;TAF10;CDKN2AIP;BST2;NME2;VPS29;ZNHIT1;ATP6V0E1;C9orf72;TMBIM4;ZDHHC5;SHFL;ERCC1;PDCD1;PQBP1;NCK2;PRDX6;SLC3A2;EMP3;MYDGF;MAP1LC3B;ALKBH7;BATF;PAXX;AKIRIN2;BCAP31;TRIM69;ROMO1;KAT7;CALM1;TMEM117;ATP6V1G1;MFHAS1;PURA;ISG15;RIPK2;WRN;LAMTOR5;BCL7C;CD109;SLAMF7;VAMP2;NFIA;SIGIRR;CPEB4;GPR183;FTL;GCH1;DNAJB6;ANAPC16;RNF7;SOD1;CD48;PHF14;TFRC;ODC1;REST;PARP8;MDM4;HNRNPA0;GNAS;TESC;CD55;CIRBP;MCL1;TAF7;TRAPPC4;CASK;KMT5B;ZC3HAV1;IFITM1;SHLD2;PRIM2;IL32;PPP1R14B;HSP90AB1,Skin,CD8T
4,prerank,RS,-0.16471831084188868,-0.7429079353435712,0.981672394043528,0.9948085658663206,1.0,68/304,25.76%,RGCC;DPF3;ANKRD28;SLF1;PLCG2;H2AX;MYC;H3-3B;ANXA1;POLR2J;TSPYL2;S100A11;PPP1R10;DYNLL1;POLR2K;POLD4;ID2;PTPN6;ELOB;BCL6;BCL7B;ECD;CDKN2D;ZC3H12D;DDX3X;H2AJ;ADAM17;FUS;NABP1;TAF10;ERCC1;ROMO1;KAT7;PURA;WRN;BCL7C;SHLD2;PRIM2;HSP90AB1;TMEM14B;EPC1;HSP90AA1;MORF4L2;ZMYND8;CDKN1A;PPP3CA;POLR2A;TBRG1;H2AC6;APEX1;NSMCE3;TOP1;FAAP20;CUL3;KMT2E;CDKN1B;CCT4;NAF1;PSMA5;VCP;BRD9;WAC;JADE1;RB1;TMSB4X;NUCKS1;CUL4A;TERF2IP,Skin,CD8T
0,prerank,RS,0.3517326515133772,1.7855326202005999,0.001,0.001,0.001,140/343,27.79%,PCLAF;POLB;H4C3;POLA1;H1-3;PLCB1;CCND1;MCM5;RBMS1;YLPM1;FAF1;SMC6;DUT;RPA3;HTATSF1;PCNA;RAD51B;TERF1;H1-2;PRKDC;ATR;RBL2;DDB1;SMC3;NUCKS1;ABL1;CCND3;PSME2;TOPBP1;PSMD14;XRN1;RPTOR;USP1;HDAC8;PARP1;MRE11;H2AC6;DLG1;SMCHD1;TNKS;CUL5;BRCA2;MAP3K4;TSPYL2;INO80;ARID1A;LATS1;GIGYF2;HELB;TRRAP;H1-4;NSMCE2;KMT5A;RPA2;CCNG2;ATP2B4;MYC;PDS5B;PHIP;ATM;RAD50;RIF1;CDK6;RPS6KB1;TAF1;SAMHD1;NAF1;SMG6;EIF4G1;APC;POLR2G;PARN;ASCC3;PSMB2;ANKRD17;CUL4A;CCT2;DHX9;ATRX;USP7;PSMB5;GTPBP4;SMC5;ZMYND8;PPP6C;DHX36;RAD21;DBF4;PSMB4;GNL3;NIPBL;EPC1;RFC1;HNRNPD;E2F3;MBTD1;RBBP6;UCHL5;PRIM2;TENT4B;DDRGK1;PBRM1;SPIDR;BRD7;NEK7;ESCO1;SMARCA4;TP53;PSMA3;CCT8;ITGB1;POLE3;C1QBP;REV1;UBN1;SMARCA5;CCT7;WRN;PSMA5;MAPK1;MCMBP;POLR2A;UCHL3;PPP1CA;CDK2AP2;CRLF3;EP400;XRCC5;CREBBP;CCT6A;AMBRA1;PDS5A;SETD2;MCM9;HNRNPA2B1;PSMA4;CHD4;POLK;BCL7C;SP100,Skin,DC
1,prerank,OIS,-0.3164643325054827,-1.645007443396876,0.001,0.001,0.001,178/587,21.29%,IL1B;G0S2;C5AR1;PLAUR;VEGFA;CCL3;CCR7;C3AR1;GPR183;MMP9;INSIG1;ZFP36;ZC3H12A;ICAM1;KCNN4;GADD45B;PTGS2;FCGR2B;AVPI1;BCAT1;ETS2;FCER1G;GLA;DUSP1;CA2;KLF4;ZFP36L1;DDIT3;HBEGF;UBC;SDCBP;PLAU;RIPK2;TRAF1;MAFB;NAMPT;PDGFB;IL1RL2;CDKN1A;MAP2K3;IL10RA;LY96;TNFAIP3;PRKCD;USP12;DNAJA1;P2RX7;GPAT3;BHLHE40;PPP1R15A;IRAK3;CFP;PIM1;CCND2;EPB41L3;PELI1;GADD45G;CD44;CLEC4A;CD37;SQSTM1;GLRX;NOD2;MAPK6;C9orf72;ARRB2;ATP6V0C;DUSP5;GBE1;SYAP1;FGL2;MTHFD2;PTK2B;FAS;CSF2RA;RGS2;IRAK2;PLCG2;LAMTOR4;SEC11A;CTSH;ACSL3;EDEM1;ZNF277;BIRC3;SIRPA;MAP4K4;ADAM17;UBE2D1;GRB2;NFKBIB;DDIT4;TES;NFIL3;MKNK1;DEPTOR;CTSS;PER1;CD40;PTGER4;LAMTOR3;ATP6V0D1;ATP6AP1;TNFRSF1B;TRAF6;CCL20;ARPC3;CLEC7A;RIPK1;XBP1;RIT1;SPAG9;TNFRSF14;GRK2;PLEK2;SERP1;FNIP2;CD300A;GABARAP;LAPTM5;JUN;PYCARD;ATP6AP2;PIK3CA;PNP;TBK1;CDKN1B;SLC2A3;ID2;PPP1CB;EMP1;EIF4E;MARCO;UBA52;CD74;RALB;UBE2D3;ME1;GPR137B;SPI1;EREG;LAT2;MKNK2;TIAM1;ATF1;ERF;STK40;PIK3R5;IL27RA;LYN;MAP2K1;TNIP1;EIF4EBP2;SPRED2;FLT1;DUSP6;IFI30;TRIB1;MAP3K11;LAMTOR2;SLC6A6;F13A1;PRELID3B;PDGFC;RPS27A;CSF1R;RNF13;HK2;PRXL2C;IFRD1;BTG2;GADD45A;TAOK3;ADAM8;MAT2A;MAP3K8;NOTCH1;RAC1,Skin,DC
2,prerank,Common,-0.2490395227458636,-1.3826495743444267,0.001,0.001815431164901664,0.004048582995951417,497/1862,22.95%,CXCL8;IL1B;IL10;CXCL2;HSPA6;IER3;BCL2A1;C5AR1;PLAUR;VEGFA;OLR1;CCL3;CCR7;C3AR1;SOD2;ATF3;GPR183;MMP9;INSIG1;ATP6V1B2;FTH1;PTGIR;ABCA1;ZFP36;NFKBIA;ZC3H12A;CCL4;ICAM1;IL1RN;KCNN4;NLRP3;SDC4;ARHGEF10L;GPR108;CEBPD;SELENOK;PTGS2;TIMP1;SOCS3;FCGR2B;PIM3;FCGR2A;LYPD3;NINJ1;NMB;FTL;KYNU;CTSL;FPR1;JUNB;FCER1A;CD14;ETS2;FCER1G;IRS2;CD68;BNIP3L;RGS1;CLEC5A;PPIF;RGCC;ARL8B;RHOB;KLF4;CCL22;ZFP36L1;DDIT3;SERPINB9;HBEGF;CEBPB;CHMP1B;UBC;BTG1;IER5;CKS2;NFKBIZ;IL1R2;LGALS3;TYROBP;PLAU;RIPK2;MARCHF2;NR4A2;CD83;TRAF1;MAFB;TLR2;HSPA1A;NAMPT;DOT1L;MT2A;PDGFB;IL1RL2;MGAT1;ITGA5;PLEK;FPR3;FOLR2;CDKN1A;MAP2K3;HCST;TNFAIP8;IL10RA;NFE2L2;DNAJB4;AIF1;IL16;OARD1;LY96;CASP1;ACVR2A;LST1;TNFAIP3;PRKCD;ATF6;PRNP;OPN3;NFKB1;HLA-DPA1;IL4I1;DNAJA1;P2RX7;MARCKS;KLF2;CSF3R;PPP1R15A;IRAK3;BAG3;EMP3;CFP;PIM1;CCND2;PMAIP1;KDM6B;PELI1;CD44;RNF144B;CLEC4A;VSIG4;HLA-DRB1;PABPC4;ITGAM;SQSTM1;IFNGR2;CD33;SLC3A2;NRROS;GLRX;HHEX;ISG15;NOD2;METRNL;DNAJB1;EGLN2;EMILIN2;CREG1;TLR1;YBX3;ADM;C9orf72;ANXA1;WDFY1;ST18;CLIC1;DNAJB9;TAF9;ARRB2;CPEB2;NME3;DRAM1;HSPB1;ATP6V1H;KLF10;CFLAR;HSPA1B;FES;EIF4A1;MXD1;ATP6V0C;GPX4;MAP1LC3B;NECTIN2;MTSS1;CST7;YTHDF3;GPR132;ANXA5;LRCH4;PTK2B;FAS;TNFRSF10B;DNAJB6;P2RX4;CXCL16;GPSM3;IRAK2;PLCG2;GPX1;TBRG1;SLC15A3;ATP6V1C1;CD86;PTAFR;EDEM1;CST3;REL;TIPRL;BIRC3;ALOX5;SIRPA;S100A11;FCGR2C;PLSCR1;MAP4K4;ADAM17;UBE2D1;PPP1R15B;PTGER3;HIGD2A;FOS;BID;GRB2;H3-3B;MCTP1;MAD1L1;HSPA8;DGKA;DDIT4;ZBTB1;NUP62;RPL26;TES;S100A10;CD55;GTF2B;KIF1B;NCF2;DEPTOR;RHOG;CTSS;PER1;TNIP2;NR4A3;IL18;CD40;RBM47;CD58;IL6R;PTGER4;CFD;ATP6V1G1;ATP6V0D1;PLIN2;DDAH2;HIF1A;AXL;EIF2AK3;BTG3;RPL30;LGALS1;RNASEK;SLC39A8;STMP1;IL1R1;EEF1A1;RNF2;ABL2;TEC;LY86;RAP2B;CHMP2B;TMUB1;LMNA;FOSL1;EVI2B;FGR;GGCX;MPP1;TNFRSF1B;RPL39;AKIRIN2;TRAF6;CCL20;FOXK2;CAPN2;HAPSTR1;SMDT1;SLC11A2;PLEKHM2;CLEC7A;RIPK1;XBP1;FAU;LYPLAL1;RPS27;TNFRSF14;GRK2;VAPA;SERP1;IRF1;FNIP2;CD300A;AGAP3;GABARAP;LAPTM5;RHBDF2;CD200R1;ADAM15;GCH1;JUN;TPT1;TMSB4X;CDC26;PYCARD;CITED2;C1QA;UBXN1;PIK3CA;RNASET2;SLC12A6;EIF4E2;CASP4;MITD1;VPS29;PLA2G6;TBK1;ATP2B1;SLU7;LAMP2;TANK;PIM2;TOM1;GABARAPL2;TUBB4B;QSOX1;CDKN1B;RNASE6;IFITM2;TRIM8;CD109;KAT8;GNA15;ID2;ENY2;RASA3;MTMR14;NOP53;RPS19;ISG20;NLRP1;NACA;EIF4E;BCL3;BTN2A2;MARCO;ATP6V0E1;ALKBH7;GABARAPL1;REV3L;VAMP8;H3-3A;UBA52;RAD51C;CD74;RALB;PDE4B;MCL1;GPR137B;ZNF385A;RPS3A;EIF3G;DDX3X;TMBIM4;HSP90AB1;SPI1;LILRB2;EREG;AMD1;TOMM7;WAS;MORC3;PRCP;CYBA;AHR;MSR1;FAAP20;CX3CR1;DIPK2A;IL18R1;KLF6;CHMP2A;USP3;PLK3;FOXO3;ERF;EIF4A2;PEA15;PIK3R5;IL27RA;NRBF2;LYN;ATF4;DNAJA2;TNFSF9;PLA2G4A;MAP2K1;MSRA;PCBP1;EIF3L;TNIP1;CLEC12A;BCL2;ADORA2B;EIF4A3;SPRED2;NET1;UBE2E1;DRAM2;SBNO2;FLT1;CORO1B;DUSP6;BCL7B;CDC37;UNC93B1;ING2;SLC31A2;SNAP23;TRIB1;CRADD;MNDA;CRIP1;PPARD;AHCTF1;SLC6A6;SPDYA;TBC1D12;F13A1;LYZ;JAK1;TOB1;RPS27A;CSF1R;HK2;ZFAND1;BTG2;GADD45A;TAOK3;SELENOP;BST2;ERCC1;ADAM8;MAP3K8;GAA;RACK1;NOTCH1;RAC1;RPS27L;IFITM3;VPS28;CCDC47;CTBP2;EGR1;NSMCE1;KLF11;JAML;NOTCH2;BIRC2;TIGAR;UBE2W;CRK;SPRED1;CSNK2B;PABPC1;STXBP3;ATG4B;PDZD8;GAS6;YBX1;EIF3F;B2M;EMD;IL23A;WDR33;BTK;CIB1;VDR;GRINA;TLE3;CTNNBIP1;TSC22D3;ATRAID;CYLD;UBASH3B;SESN2;ATP6V0B;OS9,Skin,DC
3,prerank,MS,-0.2515551762076337,-1.336279854738401,0.001,0.002118003025718608,0.00708502024291498,260/807,27.43%,IL1B;IER3;G0S2;BCL2A1;PLAUR;VEGFA;RBKS;SOD2;ATF3;MMP9;ZFP36;ZC3H12A;SDC4;PNRC1;PTGS2;MID1IP1;IRS2;CD68;BNIP3L;DUSP1;PPIF;CA2;RGCC;PID1;ZFP36L1;DDIT3;BTG1;HSPA1A;GLUL;MT2A;PDGFB;FOLR2;CDKN1A;NFE2L2;MAFF;CYP2S1;TNFAIP3;PRKCD;IL4I1;P2RX7;GPAT3;BHLHE40;PPP1R15A;PIM1;PMAIP1;SQSTM1;FOSL2;GLRX;EGLN2;CHCHD10;ADM;CPEB2;NME3;ATP6V1H;MT-ND3;KLF10;FES;ATP6V0C;RALA;GPX4;HSD17B11;MAP1LC3B;GBE1;S100A4;GPCPD1;TKT;GLUD1;ASAH1;FAS;SDC2;ACSL1;ABHD12;GPX1;LAMTOR4;FDX1;ATP6V1C1;DBI;ACSL3;ALOX5;PLSCR1;ADAM17;HEXA;HIGD2A;FOS;BID;HSPA8;TMEM70;DGKA;DDIT4;TES;NFIL3;S100A10;MT-ND1;MT-ND2;NR4A3;SAMD8;MT-ATP6;IDH3G;MT-CYB;MT-CO2;ATP6V1G1;LAMTOR3;PLIN2;SCO2;MT-CO1;HIF1A;EIF2AK3;PLB1;DPM3;ATP5MC2;LGALS1;STMP1;MT-ND4;LMNA;MRPS5;ATP6AP1;MT-CO3;FOXK2;TPST2;SMDT1;GABPB1;PGLS;XBP1;VAPA;MT-ATP8;COX19;CXXC5;GABARAP;AMPD3;MRPL34;JUN;PYCARD;CHKA;CITED2;LTC4S;PIGA;JMJD6;PIK3CA;PNPLA8;PLA2G6;CYCS;SLC25A6;NQO2;LAMP2;TGFBI;MT-ND4L;GABARAPL2;CDKN1B;SLC2A3;ATP6V1F;NOP53;PRKAG2;ISG20;ATP6V0E1;ALKBH7;GABARAPL1;VAMP8;CSKMT;CD74;ME1;MCL1;ACSL4;KLF7;TIMM17A;TOMM7;TIPARP;TOMM20;KLF6;FOXO3;DTNA;PIK3R5;ACSL5;ATF4;PLA2G4A;CLN8;MRPS28;ATP5F1E;BCL2;ADORA2B;BLVRA;MRPS24;ACAT2;ACAA1;ATP1B1;UQCRC2;PFKFB3;LPIN2;PPARD;LAMTOR2;SLC6A6;PRELID3B;HK2;PRXL2C;COX6B1;ADAM8;MAT2A;GAA;TOMM22;COX17;NOTCH1;PIGP;EGR1;ATP5PD;TIGAR;TBXAS1;PI4KB;PI4K2A;MRPS21;RPE;GAS6;PET100;MTCH1;VDR;SESN2;ATP6V0B;ATP5PO;ECH1;MT-ND5;NDUFB5;STX4;DAGLB;UQCRB;VAMP7;SLC25A33;SMS;MICOS13;RHEB;FBP1;HSP90AA1;SERPINE1;PAK1;PCBD1;PRKACA;ELOVL7;MRPL18;ANXA2;PANK2;SURF1;SGMS2;CHCHD7;PLAAT3;TRABD;MGLL;COX4I1;BAX;FOXO1;NDUFB2;WSB1;MRPL54;NBN;ACOT9;SCP2;VDAC2;UQCRH;NDUFV2;TGFB1;MRPL14;MPC1;MTMR3;HUWE1,Skin,DC
4,prerank,TIS,0.17951691669941608,0.9729845260945906,0.6232686980609419,0.6023598820058997,0.627,132/606,20.03%,PCLAF;POLB;H4C3;CYFIP2;PTPRM;POLA1;CCND1;MCM5;PVT1;HMGB2;SMC6;DUT;RPA3;NFX1;HTATSF1;ZBTB16;PCNA;RAD51B;TERF1;H1-2;SMC1A;PRKDC;ATR;APP;BLCAP;DDB1;LDHB;NT5C3A;NUCKS1;CBX5;ABL1;IRF7;CCND3;TOPBP1;PSMD14;TGFBR2;RPTOR;NSD2;TAP1;USP1;PARP1;MRE11;H2AC6;STK38;SMCHD1;AQR;BAZ1B;ALKBH5;MSH6;ATXN3;BRCA2;CRY1;KAT2B;NFATC2;TSPYL2;INO80;ARID1A;HELB;TRRAP;HIPK2;NSMCE2;DDB2;KMT5A;UIMC1;SUPT20H;ATXN7;RPA2;TRAF4;CBR3;MYC;RNASEH2C;PDS5B;TSC22D1;ATM;FTO;SSRP1;MAPK14;RAD50;RIF1;TAF1;MSH3;SAMHD1;URI1;APC;POLR2G;FMR1;NUDT21;ASCC3;UBE2V2;PSMB2;PARP4;CUL4A;VAV3;DHX9;TMEM109;ATRX;SHPRH;USP7;PSMB5;ISY1;NME1;PTTG1IP;SETX;TENT4A;NCOA6;SMC5;ZMYND8;DHX36;EEF1E1;POM121;TDG;HMGB1;RAD21;DBF4;PSMB4;NIPBL;NME4;WWP1;EPC1;SUPT3H;PPM1D;EIF2S1;TXNIP;RFC1;UBA6;IFI16;SLC7A11;MBTD1;HERC2;TAX1BP3;RBBP6;COMMD1,Skin,DC
0,prerank,OIS,0.38172234525414556,1.940935357651032,0.001,0.001,0.001,368/891,26.99%,PTPRC;NEK10;LIF;DSG3;IL1RL2;HK2;FNIP2;TIAM1;CXCR4;SLC7A5;PECAM1;ADGRL4;SPHK1;TRAF1;ZC3H12A;BCAT1;CCL21;RBP4;IRAK2;CDKN2A;HIPK2;IL6;AK4;CSF1R;GFPT2;LCP1;BMP2;MAP2K3;MECOM;FGF18;DYRK3;EPHA2;PDGFA;TUBA4A;TRIB1;DUSP5;NGF;EDN1;USP12;PTPRJ;DHCR24;RIPK2;ALDH1A3;MAP2K1;NOTCH1;MFHAS1;CDK6;RPS6KA3;EZH2;PLAU;ETS2;PLAT;STK40;PRR5L;GPR183;ETS1;EPHB2;CYLD;HBEGF;THBS1;SFN;PIM1;MTHFD2;CNKSR3;MAP4K5;PTK2B;RRAGC;CDKN1A;YWHAG;ST6GAL1;TRAF4;GADD45A;SPAG9;RPS6KA6;TSPAN13;PTPN6;ELOVL5;EZR;DKK1;ERF;SH2B3;TXNRD1;MAPK6;OTUD7B;ETF1;CBL;EPHA4;SLC2A1;MAPKAPK2;GPRC5B;PTGS2;EPB41L3;ITGAV;ARHGAP8;PLAUR;PRKCD;ATP6V1A;JCAD;BMAL1;NIBAN1;TNFAIP3;PLOD2;GBE1;PAQR3;SH3BP4;E2F3;CCND2;INSIG1;MAP3K8;PTPN1;MYC;MCM4;CD44;DHX33;GPR137B;ITGA2;ACLY;PHLPP1;TPD52L1;MTURN;EGFR;GCLC;MAT2A;TNIK;FGF2;SESN2;MAP4K4;UBE2D1;DUSP4;CDKN2B;TAOK3;CD24;TFRC;ME1;PNP;PRELID3B;ACE;ATP6V0D1;EIF4E;DAXX;ACSL3;GLRX;GPR137C;SEMA6A;ARPC5L;ERN1;HSPD1;PRKCA;CSNK1A1;VEGFA;TES;RAPGEF2;PPARG;SIK3;PRKAR2A;DNMBP;CLEC16A;FGFR1;PDE8A;LDLR;AGO3;ALKAL2;BCAR3;TAB2;IL1RAP;NFKBIB;TGFB1;GNA12;USP32;DUSP3;MAPKAPK3;IGF2;ARMH4;TNIP1;DNAJA1;WARS1;NPC1;FBXW7;DUSP16;PNO1;LGMN;SLCO3A1;LARP1;RASSF2;MTHFD2L;CASTOR2;TNFRSF1B;PAK2;FDXR;SEH1L;FADS2;RHEB;GDF15;CD36;ROBO1;HSPA9;PITPNB;ELOVL6;IDI1;ITPR2;ACTR3;PRDM15;TAB3;PELI1;GSR;SIRT1;TFDP1;MLLT11;SBNO1;MKNK2;XBP1;SH3RF1;DUSP7;PEG3;ADAM17;LDHA;PRRX1;F3;CAB39;BHLHE40;RIT1;POLR3G;STIP1;ZNF622;BRAF;IRAK1;HPRT1;AKAP12;RNF152;RPS6KA4;HSD11B1;WAC;FERMT2;YWHAZ;ENO1;TOMM40;SQLE;PSME3;HAND2;SPRY4;ADAM9;IKBKB;GSDME;GRB2;YRDC;SHC1;HSPA4;ATP2A2;AXIN1;YWHAE;MAPK8IP1;FOXO1;MAP3K1;ADIPOR2;SLC1A4;GSK3B;TRAF7;PFN1;SQSTM1;CD74;KRAS;IGFBP6;RB1;SERPINH1;UBE2N;TNFAIP8L3;MAPK8;USP9X;IL33;FLCN;EDEM1;CFL1;ADRB2;SMCR8;ZDHHC9;ABCF2;NTRK2;PRKD2;EGLN3;PELI2;PAK1;SLC1A5;RPS6KB1;NFIL3;SERP1;GSK3A;PAK4;RAP1A;CTSS;BPGM;CDK12;EMP1;CASTOR3P;MAPK8IP3;CCT6A;RAB1A;NHERF1;SIRPA;TSPAN7;DCBLD2;TAOK1;UBR1;CRKL;RPS6;PTPN2;DLG1;GYPC;UCHL1;AKAP13;CYP51A1;SORD;ATP6V1D;ANGPTL4;GAPDH;PPP1CB;RRAGD;NTF3;TOR1AIP2;ICAM1;EVI5;HRAS;RNF41;CUL1;ERO1A;UFM1;CDKN1B;MDM2;GLIPR2;AGO1;MEN1;SNF8;ACTR2;IQGAP1;MAP2K2;ROCK2;ANKH;RALB;G0S2;SEC13;SAR1A;SOX9;ROCK1;SHOC2;PSMD14;ERBB4;SERPINA3;PIK3R3;CDKN2D;CCNG1;AVPI1;BTG2;MYDGF;STK3;IGFBP5;GMPS;GPI;KLF4;TGFBR3;SCN1B;FZD10;APP;YWHAB;ATF1;DAG1;MAPKBP1;CCN2;ARRB1;SDCBP,Skin,Fibroblast
1,prerank,Common,0.296062418170041,1.5920633768886525,0.001,0.001,0.001,809/3136,20.68%,RBM47;PTPRC;LIF;TNFSF14;IL1RL2;PTX3;PLSCR2;FOSL1;GCNA;MFSD2A;BDKRB1;HK2;CXCL8;DSP;KDM6B;FNIP2;ICAM4;CD69;SPDYA;RNASE1;HMGA1;CXCR4;CCL4;SLC7A5;GATA6;SFRP4;TINCR;HMOX1;SPHK1;MCTP1;TRAF1;S1PR3;HRH1;RASAL2;DGKI;RCC1;ZC3H12A;BDKRB2;NR4A3;CCL21;RBP4;NPAS2;TNFAIP8;PPP1R13L;DSG1;VDR;IRAK2;VWF;CDKN2A;CXCL2;SELE;SERPINB2;KLRD1;CXCL1;HIPK2;IL6;DOT1L;AK4;ABL2;KCNMA1;ADAMTS18;PHLDB2;CSF1R;TNFRSF12A;CCL27;UCK2;LCP1;BMP2;FGFBP1;CCL14;MAP2K3;REL;CLCF1;NFKB1;DYRK3;EPHA2;NECTIN1;PDGFA;TRIB1;CCND1;CTPS1;KRT16;NGF;UBASH3B;EDN1;PTPRJ;CD70;KRT15;NFATC1;TRAF3;PPTC7;POLN;RAB33A;ACKR1;ABCC1;RIPK2;SMAD7;ARHGEF2;CENPN;S100A14;MAP2K1;LARGE1;NOTCH1;PPP1R15B;CENPA;AQP3;BACH1;MFHAS1;CDK6;CDC7;AEN;RPS6KA3;EZH2;STAT4;DUOX1;PLIN2;BID;PLAU;DGKH;ETS2;SPARC;NABP1;SNX32;RNF125;DRAM1;ITGA6;PSME4;GCH1;TNFRSF10B;PLAT;CYP1B1;ITGB3;PFKP;YARS1;ECT2;PRR5L;SLC7A1;ZBTB7C;GPR183;ETS1;PRKCH;EPHB2;ITGA5;RUBCNL;LYPD3;GCLM;C9;RNF144B;CREB3L1;EGR3;CYLD;HBEGF;HSPB8;SMAD3;NEURL1;ATP2B1;PCSK5;PRKCG;RCC2;PPP1R14B;THBS1;AGAP3;SLC38A1;CPEB2;RELB;SFN;PIM1;OTUD4;MT1G;TRIM25;PTK2B;DAGLB;RRAGC;CDKN1A;KPNA2;YWHAG;CLIP1;WNT9A;HSPA4L;BMPR1B;ST6GAL1;TIGAR;GEN1;DAPL1;EIF2AK3;GADD45A;CENPL;PPIF;CKS2;RPS6KA6;PRC1;NUSAP1;CDH13;PTPN6;DKK1;ST3GAL1;ERF;IL1R1;SLC25A5;SH2B3;TXNRD1;RBBP8;PIM3;FERMT3;CBL;EPHA4;MAPKAPK2;PTTG1;PTGS2;PYCR1;MRTFA;VCL;MSX1;ITGAV;IER3;EMILIN2;FOXP1;GSPT1;ELF4;PLAUR;ACER2;HAPSTR1;PRKCD;CGREF1;ATP6V1A;BBC3;ADCY4;BMAL1;NIBAN1;TNFAIP3;PLOD2;SMC4;CRY1;C1QTNF3;DPP4;USP36;CD83;PAQR3;SH3BP4;E2F3;CCND2;INSIG1;NECTIN2;WNK1;USP38;FHL2;ARHGAP26;MAP3K8;FABP3;FLNB;GTPBP4;PTPN1;MYC;MCM4;ZNRF1;ADA;AKIRIN1;CD44;HELLS;CSF1;DHX33;GPR137B;KRT1;ITGA2;USP10;ATF6;NOLC1;MN1;CLDN4;CLOCK;SGMS2;CPEB4;ZBTB7A;ACTN1;THBD;FOXK2;EGFR;GCLC;HIF1A;TMEFF1;SLC30A1;SPIRE1;TOB2;HIRA;CMKLR2;CRK;THY1;DMD;IER5;DBF4;PDE4B;SAXO1;YES1;VAV2;TLE3;PDPN;TNIK;NINJ1;STAT1;BAG3;PHF13;LRP4;LRRC15;FGF2;SESN2;MAP4K4;RB1CC1;UBE2D1;ARID2;CDKN2B;TAOK3;CD24;ZNF385A;PPARGC1A;RAB7A;SMARCC1;EIF3A;ANO6;RFWD3;HSPH1;HLA-DRB1;PEA15;NUP153;FSTL1;VPS37B;LRRC8D;CHD4;TFRC;CLDN1;TICAM1;BTG3;BRCA2;HLA-DPA1;KPNA4;MACIR;RARRES1;NFIB;MYH9;LATS2;TP63;KIF1B;ATP2B4;TNFSF9;MGLL;G3BP1;TRIM69;ATP6V0D1;CGAS;STAT5A;NFKBIZ;SMG1;EIF4E;SRPK1;MCC;SIX1;UAP1;PLK2;SLC31A1;EPAS1;KPNB1;TENT4A;MGAT5;DAXX;CCNY;ARL8B;RBBP6;ZFYVE1;RAB23;CD55;ZNFX1;H2AZ1;GLRX;SERPINB9;HSPB6;NFE2L2;DEFB1;BCL3;PHF23;SENP3;ERN1;IL6R;SERPINE1;USP47;NSD2;MBP;RETREG1;SPTLC2;CHMP4B;HSPD1;EIF4G3;PPARA;PABPC1;PRKCA;CSNK1A1;UBE2S;TGFB3;CPT1A;CCN3;NUP88;VEGFA;PLEKHM1;TES;MACF1;NFKBIA;USP3;KCMF1;RAPGEF2;TNFAIP6;BAG1;PPARG;PLEKHM2;BMPR2;NME1;SUSD6;LRRC8A;ATG2A;PRKAR2A;TOP1;CLEC16A;CUL4A;MPND;LDLR;RBPMS;ATXN7;TAF5;AGO3;TENT5B;CD82;SUPT5H;YY1;PPP2CB;EIF4G2;FYN;SERINC5;ATF4;CTSL;RIPOR1;MCU;MARK4;SCAF4;GRK5;IPO5;SMARCA4;ARHGEF10L;TAB2;PTHLH;IL1RAP;EGLN1;TGFB1;PPARD;LPCAT3;ABCA1;GNA12;GALNT1;TICAM2;SDE2;PRKCI;ITPK1;PDLIM1;MAPKAPK3;STAT5B;MAP1LC3B;FANCI;ANKRD17;METRNL;ABI1;SOD2;CTBP2;RIOK3;PROX1;NREP;GPC3;DNAJA4;RPSA;BICD1;ARMH4;ATG101;SMURF2;TP53INP2;RASA3;TNIP1;VEGFC;DGKD;SREBF2;ARIH1;TNKS1BP1;DNAJA1;WARS1;FER;PLIN3;VPS13A;YWHAH;UCHL3;TAP1;NPC1;FBXW7;MARK2;ZC3HAV1;ACVR1B;SBNO2;GNL1;ZPR1;FBXO31;NPEPPS;SUZ12;YBX1;KLF6;LGMN;CREB3L2;NUP98;UBR4;LARP1;CASP3;SLC1A2;AKAP1;FOXK1;TBC1D12;TNFRSF1B;F8;PAK2;IL4R;NDRG1;LGR4;IRF1;RNF138;POLH;EIF3B;SEH1L;RHEB;COL3A1;IFNAR2;ATAD3A;GDF15;CD36;KPNA6;ARID1A;ROBO1;HSPA9;CHORDC1;GNB1L;UBXN8;SULF1;SLC39A8;ITPR2;CAPN2;ODC1;PPP4R2;MYOF;RANGAP1;RRM1;NME2;MGAT4A;RAD23B;RNF168;DYRK2;CHMP1B;MCL1;TAB3;TJP1;DNMT1;PELI1;KAT6A;PSMD2;RTN4;TBC1D25;NRBF2;IFNGR2;TXNDC5;FICD;ERBIN;GSR;RUNX3;SIRT1;TFDP1;SEC14L1;SBNO1;PVR;ZNF668;ANKLE2;AMD1;EIF4A1;UBR5;WDFY1;XBP1;PTPRE;SH3RF1;PXN;RANBP2;P4HB;JMY;PTPRM;NF2;SLC3A2;ADAM17;PMF1;FBXO5;RAN;PIP4K2A;B9D2;KDM2A;NFAT5;P3H2;YTHDF2;F3;MAPRE1;SLFN11;CDK16;CAB39;MASTL;FANK1;RAP2B;ING2;AFAP1L2;CRLF1;PDPK1;SRXN1;YME1L1;HSPA8;NPM1;EFHD1;POLR3G;VAMP8;ITGB4;BRAF;FURIN;IRGQ;IRAK1;SYTL4;FEM1A;KIF5B;ADM;DHX9;UBE2E2;TAF4;PSEN1;STK26;GABARAPL1;BTG1;PER2;EEF1A1;CDC27;IL32;PTGER3;ADAM15;NDEL1;SMURF1;UBQLN4;RNF152;PPP3CA;IL18R1;WWC2;SAP30;NCL;AIFM1;WAC;STAM;OXSR1;CEBPG;SLC12A2;HIPK1;FERMT2;YWHAZ;EYA2;RTN3;RRM2B;TMEM117;POM121;CHERP;ENO1;PPP2CA;C15orf39;SQLE;NUP50;SDC4;PSME3;TOPORS;OSER1;HAND2;PHF10;FAM120A;AXL;NUP93;ADAM9;LIMD1;PLK3;IKBKB;GSDME;SIAH2;ANKHD1;DGKZ;TUBB4B;LSP1;GRB2;SET;YBX3;PABPC4;SHC1;SMC5;RPL13A;VEGFD;TNIP2;JAK1;PEX5;HSPA4;TPT1;CD59;KPNA3;DNAJB6;SNX30;LGALS8;SOX4;KMT5A;ATP2A2;STX4;MARCHF2;PDZD8;DNASE1L3;SLC11A2;AXIN1;YWHAE;KCNK6;STAU1;FOXO1;SRF;ADIPOR2;MGAT1;KLHL15;PSMD11;SMG9;GSK3B;UBN1;ZBTB1;EIF2S1;GPX3;SQSTM1;SIRT2;TRIM26;CD74;UBQLN1;IGFBP6;HYOU1;HNRNPU;DKC1;EIF4G1;RB1;PRKCE;NR4A2;DYRK1A;SERPINH1;SND1;UBE2N;ABCF1;OMG;LACC1;ADAMTS1;MAPK8;WEE1;NUP62;H2AZ2;USP9X;SPINDOC;DCAF12;IL33;FLCN;EDEM1;ATP6V0A1;HUWE1;ZNF503;TLE1;H2AX;CFL1;FAM168A;FOXO3;ADRB2;SMCR8;SIN3A;NPLOC4;RAB5A;TDG;PTGES;HSP90AB1;UBE2Z;HNRNPA1;ZDHHC9;TXN;YEATS4;KPNA1;NTRK2;ADGRE5;ACTG1;YTHDF3;FBXO45;EIF3F;TUBB;DNAJC18;ATF5;JPT1;RPS19;NDC1;INTS7;EGLN3;PELI2;CLPB;EIF4A3;RNF10;FEM1B;BRD4;ST3GAL2;BATF3,Skin,Fibroblast
2,prerank,TIS,0.24251411483622196,1.2553244250526903,0.0026845637583892616,0.008744316194473592,0.02,236/1091,20.21%,LIF;GCNA;FNIP2;SPDYA;GATA6;HMOX1;SPHK1;SERPINB5;RRAD;ZC3H12A;NPAS2;TM4SF1;DSG1;VDR;CDKN2A;KRT17;HIPK2;DOT1L;BCAM;BMP2;PVT1;EPHA2;PDGFA;CCND1;CTPS1;POLN;ABCC1;NOTCH1;BACH1;CDC7;AEN;BID;NABP1;DRAM1;PSME4;CYP1B1;ECT2;GCLM;HBEGF;PRKCG;THBS1;SFN;PITPNC1;OTUD4;SMOX;TRIM25;CDKN1A;KPNA2;CYP3A5;HSPA4L;SEMA3C;TIGAR;GEN1;TRAF4;RALA;GADD45A;RNF19B;RPS6KA6;CDH13;DCUN1D3;RBBP8;MAPKAPK2;MSX1;IER3;FOXP1;ACER2;PRKCD;BBC3;CRY1;ZMAT3;CCND2;WNK1;MYC;MCM4;ADA;CD44;HELLS;USP10;CLOCK;ZBTB7A;TPD52L1;SLC19A2;CDA;EGFR;UPP1;SPIRE1;TAF13;IER5;DBF4;PDE4B;ELL;VAV2;NINJ1;PHF13;SESN2;STX3;ARID2;CDKN2B;TAOK3;ZNF385A;SMARCC1;RFWD3;VPS37B;CHD4;TFRC;BRCA2;PNP;TP63;TNFSF9;CGAS;SMG1;PLK2;TENT4A;RBBP6;ELOA;BCL3;SENP3;USP47;NSD2;USP3;NME1;SUSD6;TOP1;CUL4A;MPND;ATXN7;TAF5;CD82;SUPT5H;YY1;DNTTIP2;ATF4;BCAR3;AKR1C1;SMARCA4;MME;TGFB1;CLP1;ABCC4;SDE2;INO80D;MAPKAPK3;FANCI;TNKS1BP1;UCHL3;TAP1;FBXW7;ACVR1B;GNL1;FBXO31;SDC1;TNFRSF1B;NDRG1;PROCR;RNF138;FDXR;POLH;ATAD3A;ARID1A;GNB1L;PPP4R2;RRM1;RAD23B;RNF168;DYRK2;MCL1;BAIAP2;POLR1C;PELI1;SAT1;SIRT1;ZNF668;MKNK2;UBR5;PTPRE;PTPRM;SLC3A2;ADAM17;FBXO5;KDM2A;NFAT5;SLFN11;MASTL;RAP2B;ING2;PERP;NPM1;VAMP8;ITGB4;IRAK1;HPRT1;DHX9;UBE2E2;TAF4;PSEN1;BTG1;TGFBR2;UBQLN4;WAC;CEBPG;HIPK1;EYA2;RRM2B;POM121;TOPORS;PHF10;PLK3;GSDME;GRB2;SMC5;TPT1;SOX4;KMT5A;SNAPC4;FOXO1;KLHL15;GUK1;ZBTB1;EIF2S1;CD74;INO80C;RB1;PRKCE;DYRK1A;UBE2N;MAPK8;H2AZ2;USP9X;SPINDOC;HUWE1;H2AX;FAM168A;FOXO3;NPLOC4;TDG;YEATS4,Skin,Fibroblast
3,prerank,MS,0.20625071584624638,1.0714666249224085,0.1895674300254453,0.22330797481636933,0.467,283/1461,19.41%,MFSD2A;HK2;CXCR4;AMPD3;GATA6;HMOX1;PKP1;DGKI;CA12;ZC3H12A;NR4A3;LPCAT2;VDR;LETM2;NEDD4L;HIPK2;IL6;NOCT;AK4;KCNMA1;GABPB1;GFPT2;BMP2;EDN1;HAS1;DHCR24;LDHC;LARGE1;NOTCH1;PIGA;AQP3;TPST2;PLIN2;ITPKB;BID;PI4K2A;DGKH;CYP1B1;KLHL25;PFKP;YARS1;EXT1;ETS1;PRKCH;MAFF;SMAD3;THBS1;CPEB2;SFN;PITPNC1;PIM1;TIPARP;DAGLB;SYNJ2;RRAGC;CDKN1A;YWHAG;CLUH;BMPR1B;TIGAR;HK1;RALA;GRB10;EIF2AK3;CLN8;PPIF;EFNA1;UGDH;ELOVL5;SLC25A5;PFKFB3;EPHA4;SLC2A1;JMJD6;PTGS2;IER3;PLAUR;PRKCD;BBC3;NDST1;TNFAIP3;PLOD2;ITPKC;GBE1;DPP4;FABP3;CXXC5;MYC;CHKA;ADA;AKR1C2;OCIAD2;SMS;MN1;ACLY;SGMS2;CPEB4;ZBTB7A;PIP5K1A;FOXK2;EGFR;HIF1A;SPIRE1;ACSL4;HYCC1;MAT2A;CTHRC1;SESN2;ERRFI1;RB1CC1;CDKN2B;CD24;PPARGC1A;CYRIB;HSPH1;ABHD3;TFRC;CDS1;MYH9;ME1;SLC25A33;MGLL;PRELID3B;SMG1;EPAS1;CYCS;CYB561;ZFYVE1;ACSL3;H2AZ1;GLRX;NFE2L2;SERPINE1;SPTLC2;HSPD1;PPARA;PRKCA;ACSL1;CSNK1A1;TGFB3;CPT1A;VEGFA;TES;UGP2;C2orf69;PGAP1;PPARG;PGD;BMPR2;NME1;ATG2A;CLEC16A;LDLR;CS;OSBPL10;SERINC5;ATF4;RIPOR1;MCU;AKR1C1;RAB29;OGDH;EGLN1;TGFB1;PPARD;LPCAT3;LOX;PTDSS1;MAP1LC3B;SOD2;IGF2;GPC3;PLAAT3;TP53INP2;VEGFC;DGKD;SREBF2;OSBP;PLIN3;TKT;VPS13A;YWHAH;NPEPPS;KLF6;UBR4;LARP1;PIK3C2B;FOXK1;GDE1;PKM;CHP1;PAK2;NDRG1;MTRF1L;FDXR;SEH1L;FADS2;RHEB;ATAD3A;CD36;HSPA9;KDSR;GPCPD1;ELOVL6;IDI1;GLYATL2;ITPR2;ODC1;OSBPL8;DYRK2;HDLBP;MCL1;CAVIN1;PIP5K1C;SIRT1;MLLT11;AGPAT4;XBP1;PI4KB;P4HB;JMY;ACAT2;KLF7;MTFR1;SLC25A6;SAMD8;ADAM17;SCD5;PIP4K2A;LDHA;F3;CAB39;PDIA5;BHLHE40;KLHL24;PNPLA8;YME1L1;HSPA8;VAMP8;FASN;MRPS24;ADM;PSEN1;STK26;GABARAPL1;FOSL2;BTG1;PER2;AKAP12;RBKS;RNF152;SAP30;BLOC1S2;AIFM1;YWHAZ;ENO1;TOMM40;SDC4;LIMD1;PLA2G15;LXN;SIAH2;DGKZ;VEGFD;KMT5A;STX4;AXIN1;FOXO1;MAP3K1;SRF;ADIPOR2;KDELR3;RAB32;GSK3B;SGMS1;EIF2S1;SQSTM1;SIRT2;CD74;UBQLN1;HYOU1;EIF4G1;CERT1,Skin,Fibroblast
4,prerank,RS,0.2123239207360393,1.0529306104602922,0.26646706586826346,0.23426023084994754,0.579,171/592,26.58%,DSP;SPDYA;HMGA1;RCC1;BCAT1;CDKN2A;DOT1L;CCND1;CACNB4;POLN;BAZ1A;CDK6;CDC7;EZH2;BID;NABP1;SMG5;CDKN1A;GEN1;PTPN6;DCUN1D3;RBBP8;GSPT1;E2F3;CCND2;GTPBP4;MYC;MCM4;HELLS;USP10;MN1;EGFR;HIRA;DBF4;ARID2;CDKN2B;SMARCC1;RFWD3;HNRNPC;CHD4;BRCA2;LATS2;TP63;ATP2B4;CGAS;SMG1;EIF4E;PLK2;DAXX;RBBP6;NAF1;SENP3;SERPINE1;TOP1;GNL3;CUL4A;YY1;SMARCA4;MME;SDE2;INO80D;ANKRD17;TNKS1BP1;RBMS1;DDR2;UCHL3;FBXW7;ACVR1B;ZPR1;FBXO31;RNF138;POLH;ARID1A;ANKRD28;PPP4R2;RRM1;CRLF3;PELI1;TFDP1;CCT2;ADAM17;FBXO5;SLFN11;ELOC;WIZ;WAPL;DHX9;UBE2E2;UBQLN4;PPP3CA;CCT5;WAC;CDK2AP1;CACUL1;RRM2B;PPP2CA;PSME3;USP37;PHF10;TEN1;PLK3;DGKZ;SET;CDC34;SMC5;KMT5A;KLHL15;UBN1;ZBTB1;CCT3;HNRNPU;DKC1;INO80C;EIF4G1;RB1;UBE2N;ADAMTS1;WEE1;H2AZ2;CPSF3;H2AX;HSP90AB1;HNRNPA1;YEATS4;CARM1;TCP1;SFPQ;RPS6KB1;PDS5A;POLDIP2;MEPCE;RNF126;USP1;CCT6A;TENT4B;WDR48;POLG2;ITGB1;NSMCE1;TMSB4X;DDX3X;DLG1;KHDRBS1;PAF1;TFPT;TAF10;BCL7B;LRR1;ASCC3;CUL1;CDKN1B;MDM2;BCL6;ACTR2;CTBP1-DT;EP400;NAP1L1;PSMD14;DCLRE1C;CDKN2D;CCNG1;MBTD1;HNRNPA2B1;SETD2;AMBRA1;KLF4;ZNF655;KMT2E;KDM1A;SMCHD1;S100A11,Skin,Fibroblast
0,prerank,OIS,0.3905635672453206,1.8865249853085801,0.001,0.001,0.001,151/531,16.96%,TNFAIP3;SPARCL1;LDLR;BMP2;PTGS2;ICAM1;GADD45A;GADD45B;SLC2A3;NFIL3;MAFB;CDKN1A;CCND2;CD44;CYLD;BIRC3;MYC;SCG3;IDI1;PNP;STC1;PPP1R15A;INSIG1;IRAK2;CD74;ATF1;VEGFA;TGFB2;PELI1;BHLHE40;SFN;MECOM;EZR;ZFP36;XBP1;ITPR2;EZH2;EDN1;DUSP5;BTG2;SIRT1;ELOVL5;HMGCS1;ZFP36L1;ARPC5L;NPC1;TRIB1;MAP3K8;SPAG9;EGLN3;RAMP3;ERF;DDIT3;RGS16;CDKN2D;LDHA;KLF4;APOE;AKAP12;TPD52L1;PDE8A;CCN1;RPS6KA3;GNA14;PIK3R3;MAPK8;DNAJA1;PRKAR2A;PPA1;JUN;UBE2D3;ANKH;ADAM17;RIPK1;PDCD4;MAT2A;CYP51A1;SQSTM1;AKAP13;YWHAB;CNKSR3;MTHFD2L;AGO3;ERN1;SIK3;MAPKAPK2;IGFBP5;UBE2D1;IFRD1;ACACA;EP300;KRAS;SYAP1;USP7;P4HA1;CCNG1;GBE1;NIN;HSPA5;HSPD1;SESN1;RELL1;USP12;PHLPP1;CCN2;CDK6;TAB2;ETS2;FERMT2;SH3RF3;STK3;UBC;ADGRL4;CUL1;CCSER2;RHEB;EPRS1;DUSP16;ENG;RPS6KA5;STK40;MAP2K3;NRAS;HIPK2;FGF13;TP53;MAPK6;SPRED1;PHB2;RRAS;STK4;PTPN2;NIBAN1;PPP1CB;FNIP2;FGFR1;TOR1AIP2;PRKCA;LARP1;MAP3K20;PAQR3;SPRED2;ITGAV;MAP2K1;HSP90B1;SNF8;SLPI;HSPA4;ETF1;MAP2K4;ID2,Skin,LE
1,prerank,Common,0.3215734396171292,1.6532469113780772,0.001,0.001,0.001,519/1733,24.15%,SELE;TNFAIP3;MT1X;CXCL8;SLC12A2;NABP1;CCL2;ADAMTS1;TNFRSF10B;IER3;LDLR;BAG3;BMP2;KDM6B;CXCL2;HLA-DRB1;PTGS2;CKS2;ICAM1;C2CD4B;GCH1;IRF1;GADD45A;IFITM1;CITED2;EGR1;CXCL1;CEBPB;ING1;TIFA;RELB;NFKBIA;CXCL14;MAFB;CDKN1A;CCND2;MT2A;SERPINE1;CD44;CYLD;BTG3;ATF3;BIRC3;HEXIM1;MYC;SOD2;DNAJB1;PPP1R15A;INSIG1;IRAK2;BCL3;OSMR;TNFRSF12A;REL;CD74;VEGFA;TGFB2;JUNB;IFI27;BTG1;PELI1;SFN;ZFP36;RIGI;XBP1;ITPR2;EZH2;NFKBIZ;MT1E;PRNP;UBE2S;EDN1;LEPR;TUBB4B;BTG2;SIRT1;BACH1;BCL2L11;STAT1;KRT1;CEBPD;PDK4;UAP1;RBBP6;H2AZ1;DCN;NFKB1;ZFP36L1;NPC1;KLF10;TSC22D1;TRIB1;HSPH1;SOX4;ODC1;MAP3K8;RHOB;KRT18;EGLN3;SDC4;TSC22D3;TRAF3;MAP1LC3B;ERF;PLK3;DDIT3;SERPINB9;RGS16;TOPORS;CD83;SAV1;GABARAPL1;FOXO3;RB1CC1;CDKN2D;RNF103;FOXC2;HSPB8;KLF4;NCOA7;NR4A2;APOE;CFLAR;PPP1R10;HIF1A;EPAS1;CFD;PPP1R15B;PPP2CB;RPS6KA3;GNA14;AMD1;AHR;PIK3R3;MAPK8;CNOT7;DNAJA1;KLF11;ATF4;CD34;HERPUD2;YAP1;SOCS3;GTF2B;EIF4A3;PRKAR2A;CRK;HERPUD1;JUN;ZNRF1;FSTL1;STAT3;HSPA8;SGMS2;OTUD4;THAP12;PARP1;MARCHF5;P4HB;YTHDF2;REST;ADAM17;BNIP3;THBD;HSP90AA1;NOLC1;IL1R1;RIPK1;PDCD4;PLSCR1;STX12;AKIRIN1;CLOCK;CHMP4B;SLC25A5;BECN1;EIF3A;ZBTB7A;CHMP1B;SQSTM1;GNL1;KLF9;SLC3A2;YWHAB;NFE2L2;NINJ1;ANO6;YBX3;HNRNPA0;NUAK1;CD55;ENTPD1;DYNLL2;TOP1;DDAH1;UBE2J1;HAX1;CBX1;USP1;SRPK1;ZBTB1;SIN3A;PER2;SETD7;HSP90AB1;PLEKHA1;AGO3;CLIP1;ERN1;MYOF;KDM1A;CRY1;PPTC7;ABL1;MAPKAPK2;DNM1L;GSPT1;IGFBP5;UBE2D1;S100A14;DIPK2A;MEIS2;PSME4;EP300;FYN;IFI6;KRT8;USP7;PPP1R14B;CCND1;PCBP2;PLK2;UNC5B;NAA35;HSPA5;HSPD1;TRIM8;SESN1;ATF6;UBE2A;SLU7;UCK2;KCMF1;SMG1;CKS1B;PTX3;PPP2CA;CCN2;NET1;JMY;HSPA1A;CDK6;TAB2;ETS2;HLA-DPA1;FERMT2;SH3RF3;PLA2R1;UBC;PHLDB2;SMC4;SMURF2;CCNH;ZC3HAV1;ILRUN;CUL1;YWHAH;SMARCA4;KIF5B;SMC5;SIK2;ABI2;CAPN2;RHEB;TSPAN18;AMFR;HSPA1B;UBE2L6;EPRS1;EIF3B;NUP54;PDS5B;RPS6KA5;CCL14;DNAJB6;MDK;SUMO1;PIK3R1;MAP2K3;KIF1B;SEC14L1;HIPK2;ATG101;MMRN2;PABPC1;NDRG1;ADM;YWHAQ;STX17;TP53;KPNB1;SPRED1;PHB2;EIF4A1;RPSA;EEF1A1;USP3;SYNCRIP;WNK1;SELENOK;TRIM44;PTPN2;NIBAN1;FNIP2;PDLIM1;ATXN7;KPNA4;CALM1;COPS3;NUP98;HSPA2;MORF4L2;PRKCA;RPS3;EIF4G1;LARP1;STAG1;WDR48;VPS37B;CCNY;TJP1;MAP3K20;PAQR3;ARF4;TPM1;MCL1;POM121;CEBPG;SPRED2;SMAD3;G3BP1;MALT1;RTN4;DDX6;FOS;IER5;ITGAV;H3-3A;MAP2K1;IL32;HSP90B1;NCK2;TMEM120A;TXNDC12;SNF8;TOB2;SLPI;BIRC2;NPM1;HSPA4;VCL;IFNAR2;UBR5;RAB7A;NUP153;HNRNPU;GNAI3;MAP2K4;ID2;PEA15;XPO1;TNKS1BP1;EPB41;H4C3;YWHAG;TPT1;TOB1;PLIN2;DNAJB4;FOXK1;ARHGAP26;ZNFX1;PSMD11;GSTM3;DNAJC2;IFI16;ALDH1A2;RNF169;KLF6;C1QBP;BNIP3L;TXN;ARID1A;GSK3B;H2AZ2;HNRNPA1;VMP1;EPC2;UBE2N;ERBIN;BRD4;CDC26;DDX3X;EIF4G2;PTPN1;PAK3;VPS35;DNAJC7;WAC;ATP6V1C1;STXBP1;FTL;H3-3B;YME1L1;AK4;WIPI2;DRAM1;ALKBH7;MORF4L1;RACK1;SOCS6;PIM3;RAC1;KMT5A;CCDC47;LATS1;RNF10;ACTG1;WWC2;SPHK1;JAK1;HSPE1;EIF2AK2;USP9X;DYNC1LI1;LOXL2;FAM120A;CASP3;GOLPH3;EMD;ACKR3;EIF4A2;PELI2;CSNK2A2;SUPT5H;YY1;PSMD7;PDIA6;USP10;DNAJC3;YBX1;ABCA1;TUBB;COP1;FER;ARID2;ISG20;NBN;SMARCC1;SUZ12;MRTFA;BMPR2;CSNK1A1;GSN;DUSP6;RAB5A;IFIT3;NAMPT;MSH6;VPS25;CLIC1;ISG15;OSER1;OPTN;ABCF1;FOXN3;ARIH1;RNF168;RIOK3;HMOX2;FNIP1;TM7SF3;LPCAT3;PURA;PLA2G4C;BCL7B;SRPK2;MSRA;FOXP1;PRMT1;HACD3;MID1;DDAH2;YES1;ANXA1;SPARC;SRSF10;OXSR1;ZBTB38;TERF2IP;CCPG1;NPEPPS;UBB;FOXK2;AKIRIN2;PIP4K2A;DGKH;SFPQ;HDAC2;RNF138;TMBIM6;APP;HSPA9;CERS2;GRB2;UBQLN1;MMP2;TES;TNIP1,Skin,LE
2,prerank,RS,0.3151279675414184,1.4737508840795919,0.002621231979030144,0.001,0.002,100/331,23.86%,NABP1;CCL2;ADAMTS1;BAZ1A;CDKN1A;CCND2;SERPINE1;MYC;PELI1;EZH2;RBBP6;PLK3;GNL3;CDKN2D;KLF4;PPP1R10;DDR2;KLF11;MLF1;POLR2A;RHOU;PARP1;CHRAC1;ADAM17;CCNI;HSP90AA1;KMT2E;TOP1;USP1;ZBTB1;HSP90AB1;KDM1A;ABL1;GSPT1;USP7;CCND1;CCNG1;PLK2;HNRNPC;UBE2A;SMG1;PPP2CA;CDK6;PLA2R1;CCNH;CUL1;CDK2AP1;SMARCA4;SMC5;HNRNPA2B1;PDS5B;USP37;ELOC;MCMBP;TP53;MORF4L2;EIF4G1;WDR48;H3-3A;HNRNPU;ANKRD28;ID2;TNKS1BP1;H4C3;RNF169;C1QBP;ARID1A;H2AZ2;HNRNPA1;EPC2;UBE2N;TCP1;CCNG2;DDX3X;WAC;H3-3B;MORF4L1;KMT5A;LATS1;PDS5A;KHDRBS1;YY1;USP10;GNL3L;RBMS1;ARID2;NBN;CCT2;SMARCC1;CTDSP2;POLR2H;PURA;BCL7B;PRMT1;ANXA1;ZBTB38;ZNF827;TERF2IP;SFPQ;RNF138,Skin,LE
3,prerank,TIS,0.27557359276322163,1.344824944144325,0.0036231884057971015,0.00413320736891828,0.014,166/577,24.09%,NABP1;IER3;BMP2;GADD45A;CDKN1A;CCND2;CD44;ATF3;BIRC3;HEXIM1;MYC;PNP;PPP1R15A;BCL3;CD74;BTG1;PITPNC1;PELI1;SFN;BTG2;SIRT1;BACH1;BCL2L11;RBBP6;ZFP36L1;TSC22D1;SOX4;PVT1;RHOB;PLK3;DDIT3;RGS16;TOPORS;FOXO3;CDKN2D;KLF4;PPP1R10;TPD52L1;AHR;MAPK8;ATF4;YAP1;GTF2B;POLR2A;RNF19B;JUN;OTUD4;PARP1;ADAM17;RIPK1;CLOCK;ZBTB7A;GNL1;SLC3A2;NINJ1;TOP1;AK1;CBX1;USP1;ZBTB1;SETD7;KDM1A;CRY1;ABL1;MAPKAPK2;PSME4;EP300;IMPDH2;USP7;CCND1;CCNG1;PLK2;SESN1;UBE2A;PERP;SMG1;GTF2F1;NET1;PLA2R1;UBC;CCNH;CUL1;SMARCA4;SMC5;SAT1;ISY1;UBE2L6;POLR3GL;PDS5B;SUMO1;HIPK2;NDRG1;FGF13;TP53;DNTTIP2;SPRED1;USP3;WNK1;FNIP2;ATXN7;COPS3;MORF4L2;RPS3;WDR48;VPS37B;BCAM;MAP3K20;MCL1;POM121;CEBPG;SPRED2;FOS;IER5;BIRC2;NPM1;UBR5;TNKS1BP1;H4C3;TPT1;TOB1;GSTM3;IFI16;RNF169;C1QBP;MKNK2;ARID1A;H2AZ2;EPC2;UBE2N;WAC;DRAM1;ALKBH7;MORF4L1;RACK1;KMT5A;SPHK1;USP9X;ACKR3;CSNK2A2;SUPT5H;YY1;USP10;NME4;COP1;ARID2;NBN;SMARCC1;MSH6;ISG15;FOXN3;RNF168;POLR2H;TM7SF3;BCL7B;FOXP1;PRMT1;STX3;ZBTB38;TERF2IP;UBB;SFPQ;RNF138;RALGDS;APP;GRB2;MMP2,Skin,LE
4,prerank,MS,0.25501638632012785,1.2631067452757447,0.004576659038901602,0.016769012753897024,0.069,116/803,11.29%,TNFAIP3;IER3;LDLR;BMP2;PTGS2;FOSL2;CITED2;EGR1;SYNJ2;SLC2A3;NFIL3;CDKN1A;MT2A;SERPINE1;ATF3;MYC;IDI1;SOD2;STC1;PPP1R15A;TIPARP;MAFF;CD74;VEGFA;TGFB2;BTG1;PITPNC1;BHLHE40;SFN;ZFP36;XBP1;ITPR2;MT1E;EDN1;LEPR;ABHD5;SIRT1;ELOVL5;BCL2L11;KDSR;HMGCS1;PDK4;H2AZ1;DCN;ZFP36L1;KLF10;HSPH1;ODC1;EGLN3;SDC4;MAP1LC3B;PGAM1;DDIT3;NOCT;ERRFI1;GABARAPL1;PLPP3;FOXO3;RB1CC1;LDHA;TPD52;AKAP12;HIF1A;EPAS1;CCN1;PIK3R3;ECH1;MAPK8;ATF4;GRPEL1;JUN;HSPA8;TMEM70;SGMS2;PARP1;MARCHF5;P4HB;REST;OSBPL8;ADAM17;BNIP3;PFKFB3;HSP90AA1;PLSCR1;MAT2A;SLC25A5;BECN1;ZBTB7A;SQSTM1;NFE2L2;PNRC1;EXT1;DDAH1;HAX1;HK1;PER2;OAT;DNM1L;ACACA;EP300;IFI6;NDUFAF8;P4HA1;GBE1;LRPPRC;HSPA5;HSPD1;SESN1;SMG1;CYCS;HSD17B12;CCN2;CHKA;JMY;HSPA1A;TPST2,Skin,LE
0,prerank,OIS,-0.27225498319818536,-1.4535093570515742,0.001,0.001,0.00101010101010101,189/631,22.21%,FGF13;OSM;IL1A;LRRK2;PPARG;PLAU;DUSP6;IL1RAP;CAMKK2;PTGS2;ALDH1A2;TRIB1;ADAM8;TBC1D7;IRAK3;NHERF1;CCL20;PREX1;ERN1;IL1B;FBXW7;ETS2;SLC6A6;NOD2;MAP2K3;SPAG9;USP32;STK40;ERF;RGS2;HBEGF;MMP9;DDIT3;PELI1;PLAUR;PLCG2;GBE1;NAMPT;ADAM17;UBE2D1;FNIP1;SIK3;PER1;IFRD1;TBK1;LYN;FNIP2;TNFRSF1B;PELI2;CCL3;IGF1R;ACSL3;RIT1;GSR;RASSF2;EIF4E;TXNRD1;MAPK6;INHBA;SESN2;CDKN2D;GADD45B;VEGFA;MAP3K2;SQSTM1;PRKCD;TAB2;CCR1;MAPK14;C9orf72;IRAK2;PRKCB;C5AR1;PAK1;NOTCH2;STARD4;FGFR1;KRAS;MAPKAPK2;RAB1A;MKNK1;FLT1;PNP;FGL2;PIK3CG;RRAGD;RAF1;BRAF;TNF;SKAP2;RFFL;PIP4P1;ACTR3;PTPRJ;PTK2B;CSNK1A1;MAFB;RICTOR;MAP3K11;IGF1;MAT2A;ATP6V0D1;RANBP9;LDLR;SHOC2;MAP4K3;NR2C2;TFDP1;MKNK2;NOTCH1;E2F3;USP9X;CBL;ZFP36L1;EMP1;WAC;TNIP1;SDCBP;PHLPP1;RIPK2;SH2B3;CFP;PIK3R5;DDIT4;ZFP36;TLR4;MYD88;TSG101;ME1;ATP6V0C;CDKN1A;CLTC;MTHFD2L;DUSP1;PDGFC;AGO3;VAV3;ETF1;MIOS;MAP3K20;TRAF4;RNF13;MAPK1;MAP3K8;BCAT1;MAP4K4;ATP6V1D;ICAM1;GRK2;USP4;JUN;HGS;KLF4;ATP6V1A;ADIPOR2;PRR5;PPP1R15A;ATP2A2;SLA;STIP1;ELOVL5;UBC;RAPGEF2;NPC1;CD44;CAB39;DNAJA1;P2RX7;THBS1;RPN1;SLC2A3;NIN;NFYC;MDM4;UBR1;PTEN;ARHGDIA;TOR1AIP2;APOD;ITPR2;SPI1;ADAM9;ZNF277;YWHAZ;LCP1;HIPK3;TNFRSF14;HK2;NFIL3,Skin,Macrophage
1,prerank,Common,-0.23135977127321947,-1.3200692108725707,0.001,0.005943536404160475,0.020202020202020204,518/2004,22.45%,S100A8;SERPINB2;HBB;S100A9;SLC11A1;TREM1;CXCL1;AQP9;OSM;IL1A;LRRK2;CSF3R;ATG2A;ST6GALNAC3;DDX60L;PPARG;RNF175;CXCL8;HMOX1;PLAU;HSPA6;DUSP6;LCP2;IL1RAP;MT1X;MT1G;CXCL2;IL1R2;CAMKK2;CD55;KLF2;FPR1;PTGS2;ARHGAP26;ALDH1A2;GCLM;TRIB1;PDE2A;ADAM8;TBC1D7;IL1R1;RUBCNL;TNFAIP6;IFITM2;IRAK3;NHERF1;CCL20;CPEB4;THBD;MTMR3;MX2;DOT1L;CD300E;ERN1;IL1B;FBXW7;ETS2;MAEA;SLC6A6;NOD2;FGR;MAP2K3;TCF7L2;EGR3;TLR2;NLRP3;TOM1;CCRL2;MCTP1;ALOX5;ITGA5;CDKN1C;ERF;HSPA1A;CBX4;IER3;MXD1;IL6R;HBEGF;MPP1;BCL2A1;MMP9;HSPA1B;DDIT3;KDM6B;PELI1;EGR1;TNFSF15;CCNH;PLAUR;LBR;PLCG2;ISG20;IL4R;ABCA1;NT5C2;CCL13;PRKDC;NAMPT;SMCHD1;ADAM17;ZNF697;ATP2B1;APOBEC3A;USP3;QSOX1;UBE2D1;FOXO3;CLEC4E;SMAD3;NCF2;ADM;ACVR1B;NUP58;VPS37B;CTSL;MCL1;IRS2;TRIM25;GCH1;CARD8;CPEB2;FNIP1;SPDYA;KAT8;N4BP1;ELF4;PER1;DYRK1A;ATP6V1B2;SLC30A1;FOSL1;TBK1;TRPM2;LYN;RIPOR1;UBXN2B;PDZD8;STK26;FNIP2;TNFRSF1B;SMURF1;PELI2;ARHGEF2;CCL3;IGF1R;SKI;VPS13D;SLC12A6;GSR;FUS;RPGR;EIF4E;PXN;ADGRE5;ERBIN;TMEM131L;PLEK;TXNRD1;JMJD1C;KLF6;USP15;CXCL5;NABP1;INHBA;CEBPB;TICAM1;NDEL1;VAV1;SESN2;PHC2;CDKN2D;MYO1F;TRA2B;GNAI3;PLEKHM1;IFNGR2;VEGFA;CRADD;SEMA4D;EGLN2;PTGER2;SQSTM1;C5AR2;PDE4B;WDFY3;PCSK5;PRKCD;TAB2;IER5;YTHDF3;PPP1R10;RNASE1;YTHDC1;BCL6;PTAFR;RBM47;CCR1;HES1;MAPK14;H1-0;STAB1;C9orf72;HEXIM1;CFLAR;TANK;PPP4R2;IRAK2;NDRG1;PXK;DIPK2A;SLC11A2;SCARF1;SOD2;PPIF;CLEC12A;C5AR1;NFAT5;LILRB3;PAK1;NOTCH2;SERINC3;SRPK1;AREL1;PRNP;NFAM1;DNAJB1;CREB1;VDR;IRF7;NBN;ILRUN;MAPKAPK2;BACH1;RAB1A;AP1G1;MBP;CELF1;NFKBIZ;FLT1;NIBAN2;METRNL;ITGAM;ZNFX1;MSL2;ARHGAP24;SREBF1;DYNC1H1;PSEN1;OXSR1;MARK2;PIK3CG;RRAGD;TOP1;NFKBIA;PHF20;DNM2;TDP2;RAF1;BRAF;SUSD6;STX4;TNF;RTN4;CCL4;ATP6V1C1;RFFL;PIP4P1;MT1E;SPTLC2;MAP1LC3B;AKIRIN2;GABARAPL1;GBP2;SLC38A2;MCU;GRK5;NUP98;TPM1;NINJ1;PTPRJ;PTK2B;ALPK1;RAB7A;BCL3;CSNK1A1;MAFB;PIAS1;RICTOR;BAG3;USP25;VMP1;PLIN2;IGF1;AMD1;HIF1A;ATP6V0D1;LDLR;KPNA1;CR1;TFDP1;NOTCH1;E2F3;FOS;NFKB1;TIMP1;USP9X;ATF4;SRPK2;CBL;ZFP36L1;FLNA;TRIM69;PLK3;ABI1;WAC;RAB2A;BID;RHBDF2;ZFAND6;DGKD;SEC16A;TNIP1;PSME4;EMP3;SEC14L1;RIPK2;RBM5;GNAQ;HNRNPU;FCGR2A;SH2B3;GPR132;PTPRE;OLR1;NR4A2;CFP;EIF2AK3;RHOB;PIK3R5;SCAF4;MAN1A1;ST3GAL1;SFPQ;EMD;DDIT4;MGAT1;FTH1;PPP3CA;ZFP36;USP36;RNF103;TLR4;MYD88;AGAP3;NFATC1;PIK3AP1;TSG101;ZBTB7A;VCL;EPB41;LRCH4;DDX3X;ERCC1;DHRSX;BEST1;CCL8;ATP6V0C;SIN3A;TGFBR1;CDKN1A;TSC22D3;ATF3;VPS37C;HAPSTR1;YPEL3;PHIP;CASP1;AGO3;VAV3;ARL8B;TNFRSF10B;HSPH1;MIOS;MAP3K20;UBR5;SGMS2;MAPK1;MAP3K8;ABL2;NIPBL;MAP4K4;FOXK2;TMEM41B;ATP6V1D;ICAM1;GRK2;ATG7;TLE3;JUN;UBR4;HGS;KLF4;RPA2;CREBBP;ATP6V1A;ATG3;NSFL1C;ADIPOR2;KYNU;ARIH1;PRR5;CXCL12;PPP1R15A;BCL10;HCK;CTNNB1;NLRP1;WWC3;ATP2A2;DNAJC3;GNA15;SBNO2;DNAJA4;IFIH1;PIM3;ADA;CFD;LATS2;HMGA1;RELB;UBC;ANXA1;UBE2Z;RAPGEF2;NPC1;RASA3;MARCHF5;EYA3;CHD4;ARFGEF1;CDKN2AIP;TCIRG1;RAP2B;CD44;HHEX;STT3B;CAB39;PTX3;RNF111;DNAJA1;EIF4A3;NSMCE2;ATG12;P2RX7;MARCHF7;MARCHF6;AZI2;HSP90AA1;WWP2;THBS1;MNDA;CD209;RNF185;RNF138;TRAF3;RAD23B;TPT1;ATP6V0A1;ZBTB7B;UBAC2;SIAH2;RTN3;MDM4;ILF3;KIF1B;PPP1R15B;MYH9;ANP32A;PTEN;KLHL15;ARHGDIA;MORC3;TM9SF4;KLF10;APOD;NRBF2;KATNA1;ITPR2;SPI1;PIM2;TYK2;VAPA;COP1;RBM14;ADAM9;PLSCR1;SON;YWHAZ;EDEM3;LCP1;LILRB5;HIPK3;CTBP2;TNFRSF14;PTBP1;STAM2;KAT6A;HK2;ZBTB1;UIMC1;ST3GAL2;EIF4A1;AIF1;ANKHD1;CITED2;MGAT5;RIOK3,Skin,Macrophage
2,prerank,MS,0.23034389248535675,1.305089778319178,0.001,0.014678899082568806,0.008,250/847,23.39%,APOC1;RORA;ETS1;PRKCH;APEX1;SLC38A9;WRN;ABCB7;VAC14;INPP4B;KCNMA1;OSTC;PDHX;IDH2;YWHAH;LDHB;MRPL1;ARL2;RALA;IFI6;PLA2G7;CYB5R3;GRHPR;SELENOI;VDAC3;AFG3L2;SDHD;IL4I1;NDUFB3;RALBP1;ATP5F1A;NDUFS4;PARK7;SDHC;SUCLG1;ENOX2;NUBPL;PIBF1;PGAP1;GFM1;CHCHD3;TOMM5;MRPL11;NDUFS8;PFKP;PCBD1;CXXC5;NDUFA7;SLC30A5;MRPL34;NDUFAB1;GHITM;SPTSSA;PRDX3;NDUFC2;MRPL13;TIMM8B;FAM162A;SAP30;TGFB2;CHCHD1;NME1;CYB5A;STING1;CYP2S1;SDC2;VPS41;NME3;NNT;LGALS1;COX14;MRPS28;RPTOR;PARP1;HACD2;DGKH;TIMM10;TTC7B;GPR155;SDHA;MDH1;AUH;MRPL3;PGP;NDUFA4;BCL2;AGPAT3;SESN3;HSD17B12;SGPL1;IDH3B;CD74;MTCH2;POLR2F;MGST3;COX5A;ECHS1;HMOX2;TIMM17A;CA2;PHB1;VDAC1;MTIF3;SNW1;ATP5PF;TOMM20;PYGB;ELOVL1;WDR59;NDUFS1;NDUFS3;ATP5MC3;DNAJC19;ATP5MF;PHB2;NDUFS7;MRPL47;NDUFA5;EIF6;ERP29;CEPT1;STARD7;SLC25A5;NAAA;NCOR1;CMC1;TUFM;MRPL51;MRPS34;DECR1;UQCRFS1;HSD17B4;AOAH;LARS1;ATP1B1;SUCLA2;COX5B;MRPL55;NDUFB8;CLEC16A;COX6C;REST;PPARA;ATP5MC1;SCP2;MXI1;NDUFB11;PI4K2B;MT-ND6;GCNT2;HIPK2;OPA1;HADHA;ETFA;NDUFA10;ATP5F1B;SMIM20;MRPL54;PRKCA;EIF2AK1;CYC1;DEGS1;MRPS15;NDUFB10;LARGE1;UQCC2;TIGAR;ECH1;PMVK;COX7C;NDUFB2;COA1;COX7A2;MRPL20;HIGD1A;STAT2;PGAM1;ATP5F1C;KDSR;ISCU;VDAC2;PCCA;COX8A;ATP5PO;SSBP1;ALDH9A1;NDUFA6;MRPS5;MRPS18C;COX6A1;ATP5IF1;NDUFA12;PRXL2C;LAMTOR2;SELENOS;NDUFV1;COA8;CEBPA;SERPINE1;VAMP8;ATP5MC2;VPS35;PARL;AKT3;SDHB;SLC25A6;MICOS13;FES;PIN1;LONP2;GSTP1;SMDT1;MRPS24;GADD45GIP1;MRPL23;MYC;TOMM22;SLC30A9;NDUFC1;TIMM13;ALKBH7;UQCR10;HNRNPA1;UQCRH;EIF2S1;NIPSNAP2;DPM3;CPT1A;SUCLG2;SDC4;ACBD5;COX7A2L;FOXK1;PSENEN;NDUFS2;ETFB;ATP5PB;SDC3;NDUFA9;IMMT;NDUFS6;MRPS16;ANXA2;AIG1;EIF2AK4;HYOU1;COX7B;MTFR1;HACD4;IDH1,Skin,Macrophage
3,prerank,RS,0.22351741666049596,1.1866040605268613,0.04960835509138381,0.03761467889908257,0.038,68/358,15.86%,MAP3K4;H4C3;APEX1;WRN;ATR;PKIB;NHP2;ZBTB38;ZMYND8;PSMB5;MNAT1;HDAC8;APPL1;SMARCB1;DDB1;DDRGK1;NUCKS1;GPNMB;CUL5;PSME2;CDK2AP1;PSMB2;C1QBP;PTMS;PSMB6;PSMA4;MCM9;BRD7;POLD4;RPTOR;PARP1;MEAF6;PPP1CA;RECQL;BCL2;CCT3;POLR2F;PKD2;USP1;SMARCE1;SMC3;MAD2L2;FBXO7;POLE3;FAF1;SET;EP400;PARN;CCT8;ATP2B4;GSPT1;CCT7;SAMHD1;CCT2;DUT;CSNK2A1;RBX1;RDX;PRIM2;CCNG1;RFC1;POLR2G;BCL7C;LATS1;PSMA2;CUL1;SMC5;PSMD14,Skin,Macrophage
4,prerank,TIS,0.16654948531191113,0.9284701875071928,0.8059299191374663,0.8055045871559633,0.713,119/629,18.48%,RORA;H4C3;TSC22D1;TMEM109;BATF;APEX1;WRN;ATR;ZBTB38;ZMYND8;MPG;ABCC4;ABCC5;PSMB5;SMC1A;MNAT1;CD81;TEX264;LDHB;SHPRH;RALA;SMARCB1;DDB1;NUDT21;URI1;NSD2;NUCKS1;FUCA1;AHRR;UFL1;PARK7;CBX5;TAP1;SETD7;COPS8;HDAC3;PSMB2;DAD1;C1QBP;POLR3GL;DDX1;OPN3;PSMB6;PSMA4;BABAM1;VKORC1;MCM9;BRD7;FAM162A;NME1;CYP2S1;HERC2;POLD4;MGMT;NME3;MPC2;RPTOR;TRAF5;PARP1;SMAD5;MEAF6;PPP1CA;RECQL;RNASEH2B;BCL2;CD74;POLR2F;USP1;ITPA;SMARCE1;COMMD1;MAD2L2;SNW1;POLE3;AQR;EP400;SAMHD1;NCOA6;APRT;DUT;CSNK2A1;TMED2;RBX1;IKBIP;CCNG1;GTF2A2;IMPDH2;RFC1;CSNK2A2;HIPK2;POLR2G;BCL7C;HINT1;FTO;BCAP31;PSMA2;CUL1;NPM1;SMC5;PSMD14;TIGAR;MSH6;UCHL3;ERCC6L2;ALDH2;NCBP2;POLR2K;CYREN;COPS3;KDM1A;SLF2;COPS6;RPS3;ISCU;RACK1;POLR1D;HMGB1;EI24;FAM168A,Skin,Macrophage
0,prerank,TIS,-0.21268967144731205,-1.0810790667677599,0.22932917316692666,0.426078971533517,0.5055837563451777,123/500,22.28%,FOS;TXNIP;STOM;RALGDS;RNF138;JUN;SPRED2;SOX4;ING2;CRY1;DTL;ZMAT3;ERCC1;IER5;RFC1;DCXR;ADA;DDIT3;GSTM3;GTF2H5;FNIP2;TOB1;HEXIM1;RPP21;H2AJ;MNAT1;PPP1R15A;TENT4A;BRD7;CDKN2D;INO80;PPM1D;NRBP1;PELI1;PPP1R10;HMGB2;ATF3;RCHY1;SESN1;SLC35D1;ARID1B;PTTG1IP;IFI16;PNP;RPS12;STX3;BTG1;ZFP36L1;MKNK2;SMARCA2;MGMT;RPS27A;RAP2B;WAC;PYCARD;UBA52;EP300;ASCC3;MPC2;ZC3H12A;RPL36;NDRG1;NFATC2;STK11;RPS3;ARL6IP1;RPL18;GTF2B;POLR1H;FOXO1;COX17;RPL26;DYRK1A;COPS9;BCL3;CSRNP2;CDKN2AIP;NSMCE1;UPF3B;GSTP1;KDM2A;SURF1;WNK3;MSL2;SPRED1;SRSF6;POLR2F;CIB1;RBBP6;RPA3;TRIM28;TNF;BTG2;BAX;WNK1;USP9X;ATF4;TK2;POLR2J;HSF1;UFL1;POLE3;ZBTB4;SUSD6;TPT1;SUPT4H1;ARID1A;CETN2;HTATSF1;CCNG1;TLK2;SEM1;SLC3A2;TSPYL2;HINT1;MMP2;POLR2A;TERF2;SAT1;MIF;HIPK1;LYN;RNMT,Skin,Mast cell
1,prerank,RS,0.1901695648528774,0.9619777933113824,0.5673575129533679,1.0,0.659,80/294,27.22%,MYC;DKC1;ZBTB38;XRN1;GIGYF2;CCL2;ZMYND8;PPP4C;GTPBP4;TNKS2;PPP1CA;AKT1;RDX;FBH1;E2F3;RUVBL1;WAPL;NVL;POLR2E;SLFN11;RBBP8;PPP6C;ADAM17;ASCC1;SHLD2;CSNK2A1;CTNNB1;PRKDC;PSMD14;FHL1;NSMCE2;CCT3;PSMA6;C1QBP;MDM2;SMARCA5;APC;CRLF3;PDS5B;SMG1;UBE2A;SMC6;PBRM1;ATP2B4;PSMB5;UCHL3;UCHL5;CTDSP1;EIF4G1;CDK6;TERF2IP;ACVR1B;PLK3;DHX9;PSMB7;WDR33;NOP10;SFPQ;POLR2I;SMARCC2;RFC2;BTN2A2;APEX1;RAD21;CCT5;PSMA5;TP53BP1;JADE1;AMBRA1;KDM1A;ACTR2;MYB;CUL5;POLR2B;PSMB2;ECD;BOD1L1;CCND1;XRCC6;XRCC5,Skin,Mast cell
2,prerank,MS,-0.18451029450111917,-0.9598397072577871,0.5984732824427481,0.6097337006427915,0.8720812182741117,187/675,24.98%,FOS;CITED2;DUSP1;ABHD3;JUN;IRS2;ZFP36;PIK3CG;FMC1;PIK3R3;TOMM22;MAP3K5;LDLR;SAP30;HSPA1A;PLAUR;ADA;COX14;STARD7;DDIT3;GABARAPL1;PNRC1;SLC8A3;DCN;COA8;CHCHD10;NDUFB5;KLHL24;ATP5MC2;HYCC1;KLF10;UGP2;NDST2;KDM3A;PPP1R15A;SLC25A5;TNFAIP3;GBE1;SLC2A3;NDUFA2;HSPH1;MT-ND3;ATF3;SESN1;H2AZ1;ERO1A;HSPD1;HIGD2A;AGPAT4;BNIP3L;IFI16;KLF6;AKR1B1;LAMTOR2;SAMD8;BTG1;ZFP36L1;PLPP1;SLC25A33;MT-ND4L;ATP5ME;MT-ND4;LPIN2;STRADB;PYCARD;MT-ND2;EP300;PGP;ATP5PF;UQCRQ;ABHD5;OSBP;MT-CO2;CHCHD7;COX7C;ZC3H12A;MRPS21;ITPKB;NDUFAF3;UQCC2;DGKD;AUH;NDRG1;P4HA1;CHKA;MT-ND5;STX4;TIMM8B;STK11;TOMM5;ATP5IF1;VPS13A;LAMTOR4;TBXAS1;ATG3;MRPS16;NDUFA1;NDUFB11;TOMM7;FOXO1;COX17;AGTPBP1;UQCC5;PDHX;COX20;MT-CYB;HK1;FIS1;GSTP1;MTMR3;MT-ND1;ZNF292;SURF1;HK2;MRPL16;HSP90AA1;NDUFC2;MBOAT1;AURKA;HIP1R;COX7A1;POLR2F;ISCA1;NDUFB1;MAP1LC3B;ATP5MC1;YME1L1;NDUFA3;BAX;AURKAIP1;PET100;SPTSSA;ATP6V1G1;ATF4;COX6C;PPM1A;SOD2;GLRX;CYCS;OAT;MRPL52;BLOC1S1;EGR1;PLIN2;PCBD1;HSD17B11;UBQLN1;GPX1;FOXK2;ATP6V1D;NAGK;LAMTOR1;ATP6V0E1;PPARD;ATP5PO;MT-CO3;COX4I1;MMP2;NDUFS5;LTC4S;PLD1;MIF;UQCRB;MBOAT7;COX6B1;TNFSF10;TOMM20;MT-ND6;COX16;NDUFB3;MT-CO1;MAPK8;SDHA;FOXO3;ALDH1A1;TIPARP;ADIPOR2;SQSTM1;GABARAP;OSBPL8;PLAAT3;GRPEL1;TOMM6;LARP1;APPL2;PRKAG2;HSPA8,Skin,Mast cell
3,prerank,Common,0.1619647509285196,0.9244965652048188,0.922509225092251,1.0,0.743,327/1525,21.25%,IL5;TRAF1;MYC;FKBP8;DKC1;GNA12;ZBTB38;HYOU1;GIGYF2;MAPKAP1;NFX1;NTRK1;ARHGAP35;EDEM2;TNFRSF4;AKIRIN1;HSPA4;IL13;UCP2;PFKP;TRAPPC4;ST3GAL3;CCL2;ATG7;SUPT20H;ZMYND8;ANXA4;ANAPC5;SERPINB9;CD151;CCNT2;SEL1L;PPP4C;PDCD1LG2;EIF2S1;SETX;GORASP2;CFLAR;DNAJC10;API5;GTPBP4;CLIP1;TNFRSF9;PIK3R1;FURIN;IL2RG;MARK4;CAMKK2;ANXA2;KIF2A;VPS51;NOLC1;PPP1CA;NCOA6;AKT1;ANXA7;TNFRSF18;MASTL;PSMC1;RNF4;FES;NUP188;DDB2;SNX4;SLC4A2;DR1;PAM;BMPR2;EIF3A;NSD2;GPSM3;DICER1;TMEM120A;ANKLE2;PIM1;ANO6;RNF10;LMAN1;ATP2A3;SNW1;FBH1;DCBLD2;NR1H2;FAIM;PSMC4;PRNP;VMP1;RRAGA;CCNT1;E2F3;RUVBL1;CLEC16A;NCK1;ITGAV;TRAF3IP3;CYBA;SUPT3H;CYB5B;UBC;BSG;TNIP1;RAD23A;SGMS2;CRADD;METRNL;MANF;NPLOC4;MTSS1;ANGPTL4;TNFRSF12A;ATP5F1A;TNFAIP8;VPS41;ITPR2;UBA1;ERN1;DDAH2;ILRUN;PSMD1;NINJ1;MAP1LC3A;TAPBP;BNIP2;SLFN11;MPP1;BAG6;RNF216;RASGRP4;LIMD1;IL7R;SLC12A6;SEC13;SLAMF1;PSMC3;PSMD4;IER3;TMX1;ARHGDIA;CDC27;SPIRE1;PSMC5;ATF2;RBBP8;RBBP4;IL4R;COL18A1;PPP1R14B;MTREX;TP53INP1;IL1RL1;TDG;WARS1;PPP6C;CD82;RIPK1;ADAM17;UBA5;UBR4;RHOG;IRAK3;UBA6;CYLD;FBXW11;HM13;DNAJC2;USP14;SNAP23;ASCC1;EGLN1;PIKFYVE;CTSG;CD109;OPTN;TMBIM1;SF3B3;SHLD2;CSNK2A1;ABI2;CTNNB1;PSMC6;RREB1;PPP4R3A;PIM3;ARF4;PRKDC;OPA1;RBM47;PSMD14;AP1G1;UBXN1;NSMCE2;GOLPH3;NUP98;BCL2L1;LYST;KRT1;RAB5A;PTRH2;VKORC1;NOP53;PLAA;ARHGEF2;PSMA6;TBC1D25;AGO4;DNAJC7;HAX1;ERP44;NUDC;C1QBP;ITCH;DDX1;UFD1;DNAJB12;ROCK1;PSMD8;LAT;SELENOS;DDIT4;TIMM23;HIF1A;MDM2;ERMP1;XIAP;SMARCA5;APC;PRDX1;ZNRF1;PDS5B;SMG1;HLA-A;VDAC1;MARCHF7;MALT1;PSMD2;UFC1;TMEM117;PTPN11;SPN;SHPRH;UBE2A;SMC6;PBRM1;ATP2B4;PARP4;TLN1;CD274;DYNLT1;PSMB5;TNFRSF21;RASAL2;RHOA;PRKCI;UCHL3;EXOC4;TNIK;RAB37;MGAT5;RFTN1;CREB3L2;TRIM13;CANX;HLA-E;RAB8A;OS9;CD84;NUB1;MBD4;NT5C2;DERL2;P4HB;ATXN3;ADAR;PHF1;DMD;CLASP1;AKIRIN2;MYDGF;EIF4G1;PPTC7;VEZF1;VPS13C;RNASET2;SLC6A6;PTK2;PPP2R5A;PHF20;ODC1;CALR;STOML2;IFNAR2;UBE2W;SERINC5;CDK6;PPP1CC;CBX5;GALNT1;TERF2IP;CCN3;FYN;ST3GAL2;ACVR1B;PLK3;DHX9;PSMB7;BCL2L11;WDR33;BFAR;AHR;MAP3K8;CHORDC1;MAP4K4;DLC1;VSIR;SFPQ;NPEPPS;SPART;NFATC1;UBAC2;UFM1;TUBB;POLR2I;SMARCC2;DYNC1LI2;YBX1;HSPA5;REL,Skin,Mast cell
4,prerank,OIS,0.16338577758581657,0.8656938903125405,0.9543010752688172,0.9526832083092902,0.804,77/485,15.07%,TRAF1;MYC;GNA12;MAPKAP1;FADS2;NTRK1;DUSP4;HSPA4;IL13;IKZF1;PDCD1LG2;ELOVL6;TBCK;ZNF675;DNMBP;USO1;IL2RG;CAMKK2;PPP1CA;AKT1;ATP6AP2;PIM1;DCBLD2;AP2M1;GLIPR2;PSMC4;RRAGA;E2F3;CLEC16A;NCK1;ITGAV;CYB5B;UBC;TNIP1;G0S2;NMT1;SLA;CCSER2;ANGPTL4;ITPR2;ERN1;PABPN1;OTUD7B;SORD;IL7R;SEC13;MAP4K5;SLAMF1;ARHGDIA;RNF13;AVL9;GRAP2;WARS1;RIPK1;ADAM17;IRAK3;CYLD;ADCYAP1;PIKFYVE;EBP;PSMC6;LAT2;PSMD14;GOLPH3;PDAP1;TNFAIP8L1;TIAM1;CLTC;ACTR3;AGO4;ITCH;ROCK1;LAT;DDIT4;MDM2;XIAP;PRDX1,Skin,Mast cell
0,prerank,RS,-0.23957579601231702,-1.226802200737072,0.018796992481203006,0.013605442176870748,0.01054481546572935,130/447,24.30%,H2BC5;HELQ;H2BC11;ZNF655;TYMS;H1-2;RUVBL1;SHLD1;H2AC6;MRNIP;MAP3K11;H4C3;CCNG1;RBL2;H2AX;GAR1;MCM5;DOT1L;ID2;ING3;MCM7;MDM2;CARM1;CINP;RPS6KB1;REV1;MGME1;FAN1;CCND3;RAD21;RAD51C;MAD2L2;ECD;KAT5;POLR2A;KANK2;MLF1;FBXW7;ASCC2;CTDSP1;TFPT;EZH2;XRCC1;TP53BP1;TOP1MT;PPP1R10;LATS1;ORC3;SMG6;MRE11;SMARCE1;PPP6C;PAGR1;APPL1;DDRGK1;CCT7;POT1;JADE2;SLF2;RAD51B;NAF1;RPTOR;DDX3X;NABP1;FEN1;PIAS1;DKC1;DCLRE1C;RNASEH1;ARID2;CDKN2D;PHF10;PPP2CA;CPSF3;RBBP8;HDGFL2;NUCKS1;POLR2G;POLR2K;MCM9;PTGES3;RECQL;POLR2F;YY1;DHX9;ZNF827;PSMB4;TRIAP1;KMT2E;FAAP20;JADE1;UCHL3;CCT5;TSPYL2;ID4;PPP1CA;RCHY1;PCNA;XRCC6;ACVR1;PELI1;SMC3;MAPK3;APPL2;KLF11;CCT2;SMC5;ZBTB1;ATR;KLF4;GEN1;CDK2AP1;FBXO7;PSME3;H2BC21;EHMT2;SET;H3-3B;TNKS;PBRM1;EPC2;CUL3;GNL3L;GRWD1;PRMT1;RNF169;CREBBP;POLE3;HSP90AB1;HNRNPA2B1,Skin,Melanocyte
1,prerank,TIS,-0.20059870314329914,-1.0719244761877007,0.15300546448087432,0.16666666666666666,0.22495606326889278,199/805,21.24%,H2BC5;IKBIP;HELQ;H2BC11;VRK1;CSRNP2;TYMS;ABRAXAS1;BCL2A1;H1-2;ING2;RUVBL1;SHLD1;NQO1;H2AC6;MRNIP;HMCES;ABCC2;H4C3;CCNG1;H2AX;MCM5;DOT1L;NOL8;FANCC;MLH1;SLC3A2;PCBP4;CDC5L;RNMT;ING3;MCM7;UIMC1;MDM2;SERTAD3;IER5;PPM1D;PNP;CANT1;SUPT7L;REV1;MGME1;FAN1;NDRG1;CCND3;BBC3;KPNA2;RAD21;RAD51C;MAD2L2;PMS1;KAT5;TDP2;POLR2A;CDC14B;CRY1;FBXW7;ASCC2;TFPT;XRCC1;TP53BP1;SMYD2;OTUD4;PPP1R10;STK11;ZNF830;COQ8A;RAD1;COPS4;MRE11;TAF6;SMARCE1;MICA;NT5C3A;DCXR;SNAI2;NET1;DNTTIP2;TXNIP;FOS;AGO4;TRAF4;SIRT7;SMAD5;ADRM1;MLH3;SURF1;SEC61A1;MAPKAPK2;RHBDD1;PTPN14;SLC30A9;KMT5B;TFRC;POT1;NUDT21;ALKBH5;BTG1;SMPD1;PAXX;SLF2;RAD51B;STX3;BAG6;HPRT1;DDIT4;AHR;RPTOR;GADD45A;JUN;NABP1;FMR1;FEN1;XAB2;NRDE2;PIAS1;SLC35D1;DCLRE1C;XRRA1;NME4;ARID2;CDKN2D;GSTM3;PHF10;TAF9;NINJ1;TAF7;VCPIP1;KAT2B;ARL6IP1;PARP2;BABAM1;TMED2;MXD4;PWWP3A;RBBP8;HDGFL2;NUCKS1;FBXO6;POLR2G;GPS1;POLR2K;MCM9;BCL3;AK3;RECQL;DDIT3;CGRRF1;PPP4R3B;UFL1;POLR2F;YY1;CDK5RAP3;DHX9;DDX1;BAX;PSMB4;ABCC5;BPHL;TSC22D1;TRIAP1;CDKN2AIP;EIF1B;ZFP36L1;MXD1;ZDHHC20;AK1;FAAP20;UCHL3;PPP1R15A;GPX4;TSPYL2;LMNA;MPG;PPP1CA;EEF1E1;EIF2AK4;RCHY1;HEXIM1;PCNA;SPIRE1;XRCC6;GTF2B;SF3A3;PELI1;MAPK3;PSEN1;SMC1A;TIPRL;FPGS;UBXN1;SMC5;ZBTB1;ATR;KLF4;DYRK1A;COPS8;ATF3;GEN1,Skin,Melanocyte
2,prerank,Common,0.18674019751072285,0.9572088854197348,0.7020364415862809,1.0,0.946,405/2295,18.38%,KRT16;IGFBP3;CLDN1;CD74;ETS2;PIM1;AQP3;TAF5L;LYPD3;DCN;ZC3H12A;ESR1;ADM;KRT1;FGFBP1;HBEGF;SERPINB2;PDLIM1;NUP62;WDR48;DSG1;HLA-DRB1;ADRB2;SDC4;UNG;MSRB1;RNF144B;SFN;PARP6;PLEKHM2;S100A14;IRF6;PARP4;TMSB4X;ZPR1;LRP1;MTA1;CXCL14;USP40;ADGRE5;RNF4;CD68;PMAIP1;PRKG1;WDR41;MBTD1;SLC25A27;ISG15;MSH3;MYO16;ZNFX1;EGFR;MTR;CCL27;DHFR;FBXO3;ID1;DPF2;RRM1;NPAS2;CASP8AP2;CARD8;EIF4G1;PRKCI;NCOA7;MYOF;USP38;FOSL1;ATG14;CLN3;SIAH2;SKA2;BMP7;NIBAN1;BCL2L1;VPS26B;PDZD8;TYRO3;PRKDC;UTP20;WRNIP1;SEC16A;PDE4B;NFATC3;RAD9A;WARS1;APBB1;ITGB4;ARHGAP26;RNF139;DIS3L2;TNPO2;GRK2;THAP12;STAT2;CAAP1;CDKN1A;KCNMA1;WEE1;ALKBH2;SMUG1;RNASET2;COP1;PIP4K2C;BARD1;NOTCH1;SLC39A8;PTPN11;DCUN1D5;UBR4;TP53;PACS2;ING1;FOXP1;IL17RA;EGR3;TRIM69;MARCHF2;EIF3B;LPCAT3;OPN3;ANKRD17;FBXL2;BRD7;STAT6;SHISA5;CD55;NUB1;PPL;OXSR1;PRKCZ;ATG7;NSMCE4A;DEFB1;MGST2;TP53I11;STK24;NBN;SEMA5A;HIPK1;DGKD;PXN;VPS36;CD58;YPEL3;ATAD3A;BABAM2;ZBTB38;MYO6;LGALS8;BAG5;UBE4A;CFD;SERP2;OARD1;RNF213;RRAGC;HSPA1B;XPA;SHPRH;MAP2K7;P2RX4;LDLR;VPS26A;UBE2Z;TRRAP;SUPT5H;SOCS3;HDAC5;PAQR3;ERLIN1;PTRH2;MAP2K3;ULK2;KRT15;HSPH1;SYNCRIP;KPNA6;CSNK2A1;PPP3CA;TAB2;KARS1;ZNRF1;CHUK;NUP88;EIF3A;DSP;PTBP1;STK38;CDIP1;RGCC;MACROD1;ATG4C;LGR4;IFNAR2;ITGA6;KPNA4;TFDP1;E2F3;NUP98;IL16;PHF23;ADARB1;ARNT;SHMT2;KLHDC10;RNF170;EXOC4;MAGI2;CDH13;DAB2IP;FAIM;RBCK1;AGO3;MAP3K20;NFX1;KCMF1;DDAH2;LRRC8A;PSMD3;SLC4A2;EPM2A;PSME2;SMARCA4;ATG5;WWP1;SNX4;SAV1;CTNNBIP1;MGAT5;CELF1;ARFGEF1;METRNL;MT1A;EIF2B3;MON1B;SLC25A23;DUOX1;RIMOC1;TRAF3IP2;ITPR3;GNL1;OGT;PSMD1;TRIM44;BAG4;IFT20;TNIP2;DNAJB1;MAN2A1;PXK;FAM120A;GORASP2;SF3B3;FOXK1;PNKP;BAG1;VCL;ATG12;SLC20A2;CKS2;ADAM9;TRIM26;GRK5;MFHAS1;PAFAH1B2;VPS51;FLNA;PLSCR1;MLYCD;PNPT1;UBE4B;SCAF4;MAN1A2;RHBDF2;TRIP12;TMEM120A;HSPA1A;IFNGR1;CHMP4B;SETX;CEP63;TMX1;TDG;LYPLAL1;SAR1B;LY6E;TRIM8;CRY2;TRIM63;BRAF;SHLD2;ERCC6L2;MMP14;MTREX;EIF2B1;NDUFAF4;NFKBIZ;PLAT;DDB2;RAD23B;TRIM27;CENPP;BICD1;CASP3;ARNT2;VPS4A;FAM111A;USP3;CDK6;NOTCH2;MVB12A;INIP;GGT7;PPP1R14B;PPP2R5C;IFI27;HDAC4;EI24;DLG5;POM121C;TOR1A;TNFRSF1A;PSMC2;SNX14;BTRC;PPP1R15B;RANGAP1;CCL2;DCAF11;ABL1;WDFY3;DENR;CCND1;FKTN;UBA1;STAT5B;ROCK1;JMY;ERCC3;MAP3K13;ATXN3;CDC16;BRD8;BMPR2;CLEC16A;SPARC;MDFIC;DNAJA4;ADAM15;S100A11;PIK3R4;NPEPPS;SMAD4;VGLL4;PIP4P1;MACF1;RRP8;SOCS6;MINK1;TXNRD1;UBA6;SOD2;ST6GALNAC3;SCOC;PTK2;MTSS1;GRN;RAB24;CALR;RBM14;CORO1B;ZNF580;MT1G;MAPK14;EXOC1;STUB1;VRK2;CKAP5;RRAGB;LRBA;PTMS;ADCY9;GPR137;SNAP23;TINF2;ZDHHC4;SCAP;GTF2H1;HRAS;PSPC1;IFT88;PLEC;CTCF;FER;FTO;RBBP5;VPS25;MAP4K4;FZD3;PPARA;AIMP1;CHMP2B;PHIP;EP400,Skin,Melanocyte
3,prerank,OIS,0.1831787104291091,0.8880328751298666,0.8655569782330346,1.0,0.994,142/635,23.31%,IGFBP3;CD74;ETS2;PIM1;ZC3H12A;HBEGF;SLCO3A1;ADRB2;UNG;SFN;SKAP2;EGFR;DHFR;LAMTOR3;ID1;NIBAN1;THEM4;WARS1;JUP;MTHFD2L;USP32;GRK2;CCN1;STAT2;CDKN1A;NOTCH1;DHCR24;PTPN11;ABCF2;UCHL5;TP53;PRKCZ;LTA4H;SDCCAG8;TIAM1;RRAGC;MKNK1;MAP2K7;LDLR;PAQR3;MAP2K3;TAB2;KARS1;STK38;TFDP1;E2F3;UBR1;SHMT2;KLHDC10;PRELID3B;DAB2IP;AGO3;MAP3K20;EPM2A;BCAR3;OGT;SSR1;EVI5;GAREM1;PPA1;GLA;ADAM9;MFHAS1;USP4;DNMBP;ADD3;EPB41L3;CNKSR3;SAR1B;BRAF;PCSK1N;PLAT;PPP1CB;MAP4K3;OTUD5;SORD;CDK6;NOTCH2;MTURN;CACYBP;TNFRSF1A;PSMC2;FKTN;ROCK1;MAP3K13;ATXN3;DUSP1;CLEC16A;MDFIC;SMAD4;PIP4P1;MINK1;TXNRD1;CALR;MAPK14;STUB1;VRK2;RRAGB;GPR137;SLC2A3;GTF2H1;HRAS;TOMM40;MAP4K4;UBR2;STK25;CYLD;PSMD10;BTBD3;EIF4E;ATP6V1E1;NRAS;TBK1;PNO1;GSTP1;WDR33;SCD;MAPK10;MAP2K4;SBNO1;AKT1;DLG1;ADIPOR2;AVL9;PITPNB;SEMA4C;MEF2C;MAPKAP1;SESN1;EIF2AK2;IDH1;LAMTOR1;P2RX7;UBE2W;RRP9;AKT1S1;ATM;ARPC5L;USP7;ULK4;ITPR2;PSMA3,Skin,Melanocyte
4,prerank,MS,0.17525862109752763,0.8813099180783647,0.9390386869871044,0.9084507042253521,0.994,166/1142,16.65%,PTGDS;IGFBP3;CD74;PIM1;AQP3;DCN;ZC3H12A;ADM;ABHD16A;ITPKC;SDC4;EFR3B;SFN;STARD10;AGPAT4;PKP1;CD68;PMAIP1;MSMO1;FASN;EGFR;SYNJ1;RXRA;NNT;LAMTOR3;DTNA;EIF4G1;NEDD4L;PHKG2;DLD;ATG14;CLN3;SIAH2;BMP7;BCL2L1;THEM4;MRPL39;OSBPL5;PHYH;CYRIB;EFR3A;CCN1;PCYT1A;TPD52;STAT2;CDKN1A;KCNMA1;PGP;HSD17B4;COP1;PIP4K2C;TSFM;NOTCH1;DHCR24;SLC25A51;UBR4;OSBPL10;TP53;KLF7;GALK1;SCO2;GCDH;LPCAT3;ATG7;RPIA;CDS2;MTLN;STK24;TMEM45A;NBN;DGKD;ATAD3A;POR;IVD;MRPS6;ECHDC1;PGD;CCNG2;RRAGC;ALDH3A2;DAP3;LDLR;AGTPBP1;UROS;VAC14;ERLIN1;ULK2;HSPH1;PHKB;RGCC;SELENOI;TMEM242;PTS;MRRF;TIMM10B;ARNT;SHMT2;MTRES1;PRELID3B;LYRM7;ABHD5;MRPL36;NUBPL;EPM2A;ATG5;TIMM50;FIG4;ALAS1;OGT;SERINC2;ACSL1;PLD1;EXT1;HK1;MRPS34;RETSAT;MRPL10;GLUD1;FOXK1;ALAD;TIMM17A;ATG12;PAFAH1B2;COX11;PLSCR1;APOOL;FDX1;DPM2;MLYCD;PNPT1;TRABD;COA5;GNPAT;HSPA1A;CBR1;SAR1B;GPAT4;TRIM63;NDUFAF4;ARNT2;REEP6;PIGG;CS;HDAC4;PITPNC1;MFN1;NDUFAF6;BLOC1S2;HACD2;MRPS28;JMY;IDH2;ATXN3;DUSP1;AASDH;BMPR2;CLEC16A;PCCA;PIK3R4;NPEPPS;TIMM10;SMAD4;PIP4P1;RRP8;AGL;PRKAB2,Skin,Melanocyte
0,prerank,RS,0.35087194679247125,1.5523856566851315,0.001,0.001,0.001,105/441,19.31%,PCLAF;H1-5;TYMS;RRM2;DPF3;HELLS;H2AC14;DTL;CHEK1;UBE2E2;E2F3;CCNJL;PKD2;DUT;ATAD5;H4C3;RFC2;CDKN2A;ORC5;HINFP;SPDYA;UCHL3;MCM3;MYC;PCNA;USP1;TMEM14B;LIG1;POLA1;H1-2;CDC7;MAPKAPK5;MCM7;CDK6;MAP2K7;H1-4;RCC1;MGME1;MBTD1;POLR2H;PARN;USP10;NSMCE1;ACVR1;H2AC20;DAXX;POLH;BCL2;GINS4;ASCC1;EP400;FBXO31;SMC3;RBMS1;TOPBP1;SLF2;PIM2;RNF8;PINX1;HDAC8;PSMB5;DOT1L;HMBOX1;PSMB1;CCT8;GIGYF2;LATS1;ACTL6A;NHP2;H1-3;MSH2;MAD2L2;TP53BP1;RIF1;TP53;WRNIP1;MCM9;POLK;ITGB1;CDK10;RAD50;SMARCD2;GNL3;ZRANB3;PTEN;PSMA6;MCM6;NABP1;SHLD2;RBBP8;KMT5A;PARP1;MAP3K11;ESCO1;ADAM17;ACTR8;PELI1;SLFN11;GSPT1;NUCKS1;PSME3;SMC6;CUL3;CABIN1;SMARCB1,Skin,NK
1,prerank,TIS,0.2655030658732033,1.2140870941965625,0.0368763557483731,0.04477124183006536,0.118,153/742,18.76%,PCLAF;BRIP1;TYMS;RRM2;DPF3;HELLS;SOX4;CLSPN;H2AC14;DTL;TOP2A;CHEK1;UBE2E2;UMPS;CENPF;DUT;PDE4B;H4C3;POLR3C;DDB2;RRAD;RFC2;CDKN2A;INTS7;FANCI;HINFP;SPDYA;UCHL3;MCM3;PRKCD;GFI1;MYC;PCNA;USP1;CD44;RHBDD1;KDM4A;ABAT;GCNA;LIG1;CRIP1;POLA1;LMNA;H1-2;EIF2S1;CDC7;RXRA;COPS7B;AHR;MCM7;NSD2;PTPRM;PPID;MGME1;MBTD1;POLR2H;USP10;TAF4;NSMCE1;COMMD1;METTL14;H2AC20;VRK1;POLH;PVT1;BCL2;GINS4;FEM1B;ASCC1;EP400;FBXO31;HPRT1;BCL2A1;TOPBP1;SMC1A;SLF2;APTX;CBX5;CSTF3;IMPDH2;RNF8;EI24;SLC35D1;PSMB5;DOT1L;TRAF5;PSMB1;GSTO1;NINJ1;PAK1;ACTL6A;USP47;TAF12;MSH2;SOCS1;IRAG2;MAD2L2;COPS8;TP53BP1;RHBDF2;RIF1;GSTP1;UBE2V2;TP53;SSRP1;SMAD5;WRNIP1;MCM9;CBX1;POLK;DCUN1D5;COPS2;BAG6;UVRAG;XPC;RAD50;MKNK2;SMARCD2;POLR1C;TAF2;FAS;ZRANB3;FOXO3;PSMA6;MCM6;NABP1;SHLD2;BCL2L1;RBBP8;LDHB;KMT5A;DEK;NQO1;PARP1;MASTL;SF3A3;ADAM17;RNASEH2C;FAM162A;TEX264;ACTR8;PELI1;SLFN11;RALGDS;AQR;BLCAP;NUCKS1;RALA;UPF3B;ALYREF;ANP32A;NPLOC4;SMC6,Skin,NK
2,prerank,OIS,-0.1865783220523367,-0.9642161738180566,0.6578947368421053,1.0,0.7035928143712575,138/616,20.57%,TNF;CCL3;ERF;PRR5;FGL2;GLA;GRAP2;PDGFD;GADD45B;THBS1;ZFP36L1;ZFP36;TNFRSF14;RIPK2;ADRB2;FCRL3;CYP51A1;LAT;PRDM1;HMGCS1;NFIL3;ERP29;FNIP2;PER1;PYCARD;PTPN6;F2R;SLC2A1;SESN2;SDCBP;CCL5;SLA;RGS2;CD37;INSIG1;PRKCB;RPTOR;DUSP6;SIRT1;MAPK9;CYB5B;SH2D3C;CTSC;CDKN2C;SPARCL1;HSPE1;M6PR;TGFBR3;RAP2A;PGM1;RDH11;PTGER4;ATM;AKT2;ATP6AP1;ERN1;ITGB2;PDK1;UBC;LCK;PTPRC;TFRC;LBH;ZDHHC17;MAPK6;PTPN7;DSTYK;AMMECR1;CACYBP;DUSP1;BPGM;NOTCH1;ATP6V0C;PRKD2;CCDC88C;PPP1R15A;AXIN1;CIB1;BTG2;IDI1;SPAG9;RNF167;TNIK;FASLG;MTOR;JUN;DUSP5;CSF2;HSPA9;BMAL1;RAPGEF2;GCLC;TRIM5;MAP4K5;TNFRSF1A;UBB;IKBKB;DHCR7;LAMTOR4;GGA2;NHERF1;VRK2;LAMTOR1;MAP3K13;STK38;ZNF277;CDADC1;CDKN1B;MAT2A;NR2C2;EVI5;STK4;LTA4H;GBP1;RPS6KA5;TFDP2;IL2RG;ATP6V0D1;ABCB1;TMEM127;GTF2H1;PSMB8;ATP6AP2;STRN;SP1;MAP3K8;ARPC5L;MAPK1;ADAM8;LYN;SLC2A3;LAX1;PTPN22;ATP6V1D;SPRED2;XIAP;SLC1A4;LAPTM5,Skin,NK
3,prerank,Common,0.18726985794166678,0.8823299391327537,0.9495459132189707,0.8705882352941177,0.999,419/2175,20.30%,H3C2;PCLAF;H1-5;BRIP1;USP6NL;ZW10;RRM2;IRAK3;DPF3;HELLS;ENTPD1;SOX4;GNA15;CLSPN;H2AC14;TNFRSF11A;DTL;TOP2A;GPR183;ADCY3;PTK2;TPCN2;IL7R;STMN1;CHEK1;UBE2E2;FES;TPX2;MKI67;CXCR6;CENPF;IL18R1;YBX3;E2F3;PKD2;PDE4B;H4C3;POLR3C;KNL1;IRAK2;TRAF3IP1;CASK;EDEM3;DDB2;RNF157;NUSAP1;DTYMK;HSPA6;HAVCR1;CENPK;RFC2;PPP1R14B;CRTAM;FLNB;SCMH1;CDKN2A;INTS7;FUT8;YWHAH;FANCI;LRRC8D;PRC1;ORC5;AHI1;NUP43;HINFP;SPDYA;ANAPC15;UCHL3;MCM3;TESC;PRKCD;GFI1;MYC;IRF4;GNAQ;PCNA;USP1;MFHAS1;GZMK;CD44;RHBDD1;KDM4A;MDFIC;NCK2;H3C4;TNFAIP8;GCNA;BAG4;RACGAP1;LIG1;SMAD3;CRIP1;SOCS2;POLA1;RCSD1;LMNA;H1-2;CTSA;PLSCR1;UTP20;EIF2S1;STAM;CDC7;PIK3R4;KLHDC10;XCL1;AHR;KLRC2;ACTN1;MAPKAPK5;OMG;MCM7;CDK6;MAP2K7;H1-4;NSD2;PIK3CB;PTPRM;CD83;FAF2;KIF18A;UBE2J2;RCC1;NCOA4;PRKCI;TRIM13;PPID;RNFT1;MGME1;FER;SCAP;ANXA7;DST;TNFSF14;LGALS9;PEA15;MBTD1;WWP2;YARS1;TFEB;SERPINB9;USP10;SPTLC2;TAF4;IL15RA;IFNAR2;NSMCE1;SMC2;ACVR1;MED1;GNA12;TNFRSF9;COMMD1;PXK;METTL14;SH2B3;H2AC20;PHB2;DAXX;TACC3;KARS1;HMGN2;PRKACA;FURIN;VRK1;NUP188;CUEDC2;GRAMD4;POLH;RNF34;SRPK1;BCL2;ATE1;GINS4;ST3GAL1;SLC12A6;TENM1;FEM1B;ASCC1;EP400;FBXO31;ERO1A;CAAP1;BCL2A1;TMEM41B;ULK1;VMP1;TOPBP1;SMC1A;SLF2;ITGB3BP;RPGR;VGLL4;PIM2;APTX;CBX5;GORASP2;DNMT1;SYK;CKS1B;NUP107;NDE1;RNF8;WDFY1;PINX1;CCNT2;EI24;PPARD;PTTG1;YWHAE;PSMB5;DHRSX;DOT1L;TAB2;PSMD12;KIR2DL4;RGS1;CHMP4B;TUBB;TRAF5;FBXW11;PSMB1;PSMC2;ITPR2;GIGYF2;PTK2B;PACS2;LATS1;CRK;IFNAR1;VDAC1;NINJ1;TNPO2;GSR;ENO1;PAK1;MTDH;ACTL6A;NIBAN1;ACAA2;CENPE;USP47;H1-3;TAF12;ANP32B;GLO1;RNF121;NFKB1;MSH2;MAP2K1;MAD2L2;NIPSNAP2;COPS8;SERPINE2;TP53BP1;RHBDF2;ABCB10;HDAC2;RIF1;NF2;NSL1;ST3GAL2;SLFN13;NUP205;GSTP1;UBE2V2;TP53;NAA38;CD2;DCAF12;TWSG1;SMAD5;IL6;IFITM3;PMF1;WRNIP1;MCM9;ANO6;CBX1;POLK;DCUN1D5;ITGB1;SUPV3L1;RNF103;TRIM38;TTC1;PDLIM1;CDK10;MFN2;BAG6;UVRAG;STAP1;XPC;ATP5F1A;RAD50;ANKLE2;PUM1;ATG10;SMARCD2;TNFSF10;WIPI2;TRIM27;ZDHHC3;TAF2;RFFL;FAS;CCM2;PA2G4;AUP1;RTCB;IL32;ZRANB3;PTEN;FOXO3;PSMA6;GCN1;MCM6;CTCF;LCP2;MFSD8;NABP1;NAA35;TCIRG1;SHLD2;BCL2L1;RBBP8;ANAPC10;KMT5A;RNF220;DEK;HDAC1;TYK2;RBCK1;NQO1;TEC;ILK;PDCD6IP;PARP1;MASTL;ADAM17;PPIF;PSMC1;POM121C;ABCA7;TIMM23;NRBF2;RNASEH2C;PLAA;STX17;FAM162A;TEX264;RSL1D1;ACTR8;PDPK1;RANGAP1;PELI1;ANXA2;EED;SLFN11;MSRA;GSPT1;TBC1D25;TNIP1;SEH1L;NUCKS1;HYOU1;TES;PSME3;TPR;OPA1;ANP32A;DNAJC7;NPLOC4;KLRC1;SMC6;PAK2;G6PD;NUP214;CUL3;PRKAR1A;ATG13;SNAP29;MTMR8;PIKFYVE;CABIN1;MTMR3;GAPDH;SUZ12;PSMD1;SMARCB1;UBE2D1;TXK;TOPORS;STXBP3;CENPP;DDX1;FGFR1OP2;FANCC;MCTS1;GSK3A;PLPP1;MARK4;NEDD4;SOCS3;ITPR1;COP1;ASCC3;INPP5F;ACVR2A;ATP2C1;OPRM1;STK24;CHD4;WDR41;RAD18;PTPN11;IL18RAP;RPAP2,Skin,NK
4,prerank,MS,-0.15215236092055132,-0.8038407122061879,1.0,1.0,1.0,246/903,27.09%,PTGDS;IFNG;PRR5;NUBPL;IER3;HSPA1A;FOS;THBS1;ZFP36L1;PPARA;ZFP36;HMOX2;VPS41;SLC25A4;MT2A;MT1E;CSKMT;CITED2;ERRFI1;HMGCS1;NFIL3;RHOT2;EGR1;ERP29;PTPRG;PYCARD;ECHDC2;SLC2A1;NR1H2;SESN2;KLF10;SLC25A13;RORA;LARGE1;ABCD3;RPTOR;PLAAT4;OSBPL5;SOD2;RBKS;SIRT1;SLC25A33;INPP5K;DNAJC19;ISCU;HSD17B11;ANTKMT;BECN1;HACL1;ATP6V0B;HYCC1;PNRC1;NME3;SCP2;KLF6;HSP90AA1;PGM1;RDH11;MAP1LC3A;ATM;HAX1;AKT2;PLAC8;ATP6AP1;PDK1;ABCD4;MPPE1;AKR1C3;TFRC;MRPL41;MRPL34;DCN;MTFP1;ATP5IF1;ACAA1;UBE2L6;PITPNM2;DUSP1;NOTCH1;CHKB;LPCAT1;DGKD;SREBF1;ATP6V0C;PPP1R2;MRPS31;PPP1R15A;ISG20;AXIN1;PNPLA8;GSTM2;IDI1;JMY;RNF167;DLD;HIGD2A;VEGFB;MTOR;CPT1A;JUN;NDUFS2;WDR45;ALKBH5;NDUFS5;IFI6;HSPA9;KDM3A;NBN;ITPKB;TKTL1;SLC25A6;PLCB2;MT-ATP6;SIRT2;TMBIM6;NDUFAF7;LAMTOR4;NDUFB2;HSPH1;SNAP47;LAMTOR1;LCLAT1;POLR2F;ASAH1;PTS;TMEM126B;MRPS18C;LPIN2;COA8;CYCS;CDKN1B;MAT2A;ATG12;RAB29;COX14;WDR45B;UCP2;S100A4;FIS1;TPK1;NEDD4L;TOMM7;TOMM6;MT-ND5;ATG5;VCP;MOAP1;SLC44A2;COX20;NR4A3;EGLN2;NDUFA12;MRPS25;ATG3;CPEB4;MAPK1;ADAM8;SLC2A3;FOSL2;MT-CYB;TMEM126A;ATP6V1D;PIK3C2A;MT-ND4L;ADA;OAT;PAFAH1B2;MAFF;SERINC1;MT-ND4;NNT;NOP53;ACSF3;ATP6V1F;SQSTM1;KLHL24;MT-ND3;BTG1;STX4;PHYH;PLIN2;IDH2;ATP5F1D;IFI16;REST;CEPT1;GLRX;SUCLG2;NDUFAF2;PIK3R3;DLST;TPST2;TECR;ACAT2;DBI;RPE;VDAC3;SESN3;NPRL3;UQCR11;GLUD1;PHKB;NDRG1;UQCRB;ACSL1;MT-ATP8;NDUFAF8;JMJD6;NDUFB9;PCCA;ACOT7;BHLHE40;MAP1LC3B;MT-CO1;MRPL33;IDS;ATG2A;PTGES3;COX4I1;RAB5IF;ATF2;BBC3;ATF3;UQCRH;PANK2;ACSL4;TUFM;SH3GLB1;MT-CO2;ODC1;GOLPH3;COX17;VPS13C;UQCRFS1;GABARAPL1;CPEB2;SIRT7;AGTPBP1;ARNT;EGLN1;AKT1;EP300;PRXL2C;ISCA1;CREBBP;CHP1,Skin,NK
0,prerank,OIS,0.4014305911736419,1.9072552543223653,0.001,0.001,0.001,280/755,24.80%,IRAK2;CXCR4;LIF;PECAM1;IL6;BIRC3;CSF1R;TRAF1;INHBA;IRF8;ADRA1A;SPHK1;ZDHHC9;SLC7A5;ICAM1;AURKA;PIK3R3;SEMA6A;ZC3H12A;LDLR;CNKSR3;DYRK3;AKAP12;PLAUR;RPS6KA3;FBLN1;PLOD2;HBEGF;TRIB1;PREX1;FGF18;TNFAIP3;TES;EPB41L3;DUSP5;CD74;PNP;CTH;SPRY4;THBS1;MFHAS1;PIM1;SPAG9;UBR1;KLF4;FGFR1;FLT1;TFRC;CCND2;TRAF4;PTPN1;MAPK6;DDIT4;SIK3;NFIL3;FZD10;ERF;ST6GAL1;FN1;HIPK2;ANKH;MAP2K3;APOD;NPC1;RIPK2;FOXO1;CDKN1A;GBE1;STK40;GFPT2;SOX9;PDGFC;GPR183;KSR1;MAP2K1;RGS2;BMP2;GLRX;MAPKAPK2;TGFB1;PDGFA;FNIP2;NTF3;INSIG1;DUSP3;EZH2;RRAGC;GPR137B;DNMBP;NAMPT;LPAR1;SFN;YWHAG;MDFIC;PRKCA;BRAF;TGFB2;PHLPP1;TNFRSF1B;USP12;DUSP16;XBP1;PDE8A;PREX2;PLAU;CCL21;MTURN;HSPD1;CX3CL1;EGLN3;PDK1;ELOVL5;LARP1;GLA;CTSH;ITPR2;NOTCH1;AK4;ZFP36L2;SEMA4C;DNAJA1;ALKAL2;SLC2A1;ETV5;ETS1;TUBA4A;USP32;SESN2;NFKBIB;MAP3K11;SEH1L;C9orf72;IGF1R;UBE2W;SPRED2;NIN;CYLD;SLC1A5;FBXW7;EPHA4;PTGER4;SESN1;EMP1;P4HA1;MAPKBP1;SDCBP;MADD;PAK1;CBL;TAB2;GSK3B;RAPGEF2;PNO1;USP9X;PPP2R1B;PRKCD;VEGFA;MAT2A;PAQR3;EDEM1;AGO3;CLEC16A;CDKN2D;ENG;IGFBP3;IDI1;ADIPOR2;ETF1;CSNK1A1;ADD3;TAOK1;GNA12;EZR;WAC;ACSL3;MAP3K8;MAPK8;WARS1;INSR;UBE2D3;LY96;DUSP7;ID1;PIP4P1;MKNK2;ITGAV;PITPNB;HSPA9;TNIP1;STK3;PRDM1;YRDC;LDHA;ETS2;MAP3K3;RAP1A;SQSTM1;ERO1A;TENM1;STK38;NTRK3;SIRT1;BMAL1;WNK2;TP53;TRAF6;EIF4E;ARPC5L;NGF;ADAM17;CUL1;CDK2;MAP7;TXNRD1;CYP51A1;SYAP1;PELI1;ERN1;TNIK;TFDP2;HSPE1;RANBP9;MINK1;CDK6;PTPN2;NOD1;SHC1;RPS6KA5;RPS6KB1;TNRC6C;MAP3K1;ROBO1;DAB2IP;PRKAR2A;CCM2;GOLPH3;RIPK1;MTMR10;ATF1;GADD45A;SBNO1;GRB2;CDK12;PSME3;PPP1R15A;PIK3R2;ATP2A2;RAB1A;F2R;KRAS;EP300;AIDA;RIT1;HMGCR;ROCK2;BTG2;YWHAE;ARMH4;UBE2D1;MAP3K2;CUL3;GAREM1;AKAP13;SH2B3;IFRD1;STK4;MRAS;ANGPTL4;GPI;ARRB1;ACLY;AGO1;LYN;DAXX;PSMD12;AXIN1;MAP3K5;APP;NTRK2;YWHAZ,Skin,Pericyte
1,prerank,Common,0.3059287240409639,1.4764576680152561,0.001,0.001,0.001,840/2665,25.87%,IRAK2;S1PR3;PDE4B;MASTL;UBASH3B;ITGA6;CXCR4;LIF;PRKCH;ITGA5;CXCL2;SPDYA;IL6;SFRP2;CCL14;NFKB1;BIRC3;KDM6B;CSF1R;TRAF1;INHBA;SELE;FOSL1;IRF8;AQP3;ADRA1A;SPHK1;REL;ZDHHC9;CD83;SLC7A5;ICAM1;SOCS2;MBP;ST3GAL1;AURKA;FLNB;PIK3R3;SERINC5;MSX1;ZC3H12A;MCTP1;FYN;LDLR;PTPRE;UCK2;RASA3;SERPINE2;USP36;GCH1;DSP;IL32;DYRK3;PMAIP1;SDC4;RCC1;PEX5;STAT5A;TRIM25;PLAUR;TRAF3;RPS6KA3;CCNH;ARHGAP26;ITGB3;FBLN1;PLOD2;HBEGF;TRIB1;PPARGC1A;KCNMA1;HLA-DRB1;DGKD;BMPR2;CRLF1;FOXK2;PPARD;RASA1;RELB;VPS37B;TNFAIP3;LPCAT3;SLC7A1;TES;NR4A3;SIK2;GPR4;EIF2AK3;CD55;CD74;PPP1R15B;IER3;CTH;CRY1;SSTR2;THBS1;MMP2;SBNO2;MFHAS1;TNFRSF10B;PIM1;NOLC1;AQP1;HLA-DPA1;ACKR1;IL1R1;PIM3;DNAJA4;CDC27;OTUD4;NR4A2;KLF4;JMY;PHF13;WEE1;FLT1;TFRC;NGFR;NFKBIA;RPGR;LMNB1;ASS1;CCND2;PTPN1;MARCKS;CCN3;SLFN11;DDIT4;DNAJB9;MYH10;PPTC7;DPF3;ATF6;NPAS2;NFE2L2;EMILIN2;SCARA3;TNFAIP6;SAP30;SGMS2;PVR;SOD2;ERF;ST6GAL1;MRTFA;FN1;HIPK2;MAP2K3;DOT1L;APOD;NPC1;PSME4;DELEC1;MAGI2;RIPK2;PLSCR1;FOXO1;TIGAR;RBBP8;PPARA;HSPA4L;NABP1;CDKN1A;CLIP1;METRNL;NFATC1;CPEB2;SOX9;CKS2;CYP1B1;GPR183;TLE3;NFAT5;HELB;MAP2K1;CXCL14;BMP2;GABARAPL1;ZC3HAV1;GLRX;SERPINB2;NUP98;BCL3;MAPKAPK2;TGFB1;CCL8;NCOA7;PDGFA;GSPT1;FNIP2;GCLM;DPYSL3;TNC;SMC5;HSPG2;NTF3;BACH1;INSIG1;EZH2;PHF23;RRAGC;LRRC8A;GPR137B;CLOCK;LEPR;MT1A;STAT3;PTPRM;ADAMTS1;SMAD3;PPP3CA;NAMPT;LPAR1;SFN;KPNA2;POLB;YWHAG;SLC12A2;FOXC2;MDFIC;STMN1;HILPDA;PRKCA;BRAF;TGFB2;NECTIN2;RRM1;TNFRSF1B;YES1;NDEL1;KAT6A;WNK1;CH25H;TENT4A;CHMP1B;PTTG1;XBP1;ARHGEF2;BTG3;ERBIN;KLF9;AHI1;AGAP3;ZNF503;EIF4A3;CEBPD;PHLDB2;TMEM131L;CGAS;DUOX1;IRF1;TAP1;PER2;HSPB8;H2BC15;LOXL2;PTN;PLAU;CCL21;TRIM69;HIF1A;MACF1;IL4R;SLC39A8;CTBP2;AXL;ADCY5;NSD2;FOXP1;CD14;SUSD6;HAPSTR1;ABL2;PFKP;LYVE1;HSPD1;RGCC;PCSK5;DGKH;EGR3;KRT1;TIFA;YARS1;USP38;CX3CL1;TGFBR1;EGLN3;PDK1;ADAM15;LARP1;BIRC2;OSMR;THBD;PRNP;ITPR2;ATXN7;MAF;NECTIN1;OGN;GGCX;IFIT3;UBE2S;EIF3A;RANBP2;KDM2A;NUP153;SERPINE1;NOTCH1;TXNDC5;EIF4G1;AK4;PDZD8;CPEB4;RBBP5;TP53I11;ZFP36L2;SMG1;UAP1;SEMA4C;TOB2;CREB3L2;NDRG1;DNAJA1;S100A14;STAT1;GNAQ;SIAH2;PRKD1;ARIH1;PLK2;ETV5;NINJ1;ETS1;PHF10;PRKCE;ADA;SESN2;PLIN2;STXBP1;MARK2;SEH1L;ADGRE5;ABCA1;BCL6;POLA1;C9orf72;LYPD3;IGF1R;MALT1;ZPR1;MYLK;PDK4;UBE2W;HDAC4;SPRED2;TOP1;TAF5L;CYLD;UBN1;FBXW7;EPHA4;PTGER4;SESN1;MAN1A1;ATP6V0A1;BCL2L11;RBBP6;MAPKBP1;SMARCC1;SULF1;TOPORS;NFATC3;PAK1;TNIP2;BAG3;DCN;CBL;YBX3;RANGAP1;TAB2;ACTN1;MCL1;HNRNPU;RAB7A;SNAI2;GSK3B;RAPGEF2;GTF2B;DCLRE1C;YY1;SLC38A1;PARP8;TNFRSF12A;HSPH1;UBR5;USP9X;PPP2R1B;CRK;PRKCD;ATP2B1;PRRG1;ANKRD17;ABL1;ARID2;IRS2;PPIF;KLHL15;VEGFA;STAT4;MGAT5;CXCL8;OXSR1;BNIP3L;NFKBIZ;MGAT4A;DHX15;PAQR3;ZBTB7A;NUP88;EDEM1;VDAC1;VMP1;CHD4;AGO3;CLEC16A;CASP3;MCM6;CDKN2D;RB1CC1;HAS2;FOXK1;ABCC1;AMD1;IGFBP3;ADARB1;CEBPB;CDC14B;KPNA4;ADIPOR2;AKIRIN1;SMURF2;SLC11A2;BBC3;ANKHD1;UBA6;FOXN3;LGR4;CSNK1A1;RAB23;NPEPPS;INTS7;SEC14L1;TAOK1;ZBTB1;MX1;SPTLC2;GNA12;MT1X;KIF5B;CDH13;WFDC2;WAC;TCF7L2;LATS2;RCC2;MAP3K8;SPIDR;MAN2A1;CBX4;KLF10;MAPK8;MT1G;RIPOR1;WARS1;INSR;SREBF1;HMGA1;PARP1;TCIM;KAT2B;PEA15;USP10;LGALS8;LY96;HSPA6;TNKS1BP1;DAB2;MSRA;ID1;SMCHD1;PIP4P1;ATF4;DRAM1;ACVR1B;ARNT2;CNN1;SLC3A2;CLU;PABPC1;ITGAV;GBP2;SFPQ;MT2A;CTSL;SMARCA2;YME1L1;EPB41;AKNA;SCAF4;CUL4A;IFI16;FOXO3;HERC5;NDC1;RAB5A;HSPA9;TNIP1;ALKBH5;HUWE1;CCNT1;DBF4;ING2;RNF169;EGLN2;CRY2;RNF103;ARID1A;JPT1;CASP9;TRIM26;PLEKHM2;NASP;VAV2;STK24;TNFSF9;ETS2;RNF138;EDEM3;KPNA3;DNAJC3;SQSTM1;ERO1A;TENM1;STK38;STAT5B;SKI;ZDHHC20;FAM168A;RTN3;PIP4K2A;ANO6;HLA-E;SIRT1;AJAP1;BMAL1;CTNNB1;ITPR1;WNK2;TP53;NUP93;SYNCRIP;PPM1D;TRAF6;ATG2A;MAN1C1;HIPK1;FZD3;BCL7B;EIF4E;KPNB1;NGF;ADAM17;TANK;CUL1;STAU1;PPP2CA;VCPKMT;REV3L;ILRUN;MYOCD;CDK2;SRPK2;RNF139;MAP7;PPP4R2;NLRP1;TXNRD1;H2AX;SRPK1;DDX3X;PELI1;USP3;KIF1B;UBR4;ULK1;DONSON;MAP3K14;DYRK1A;USP15;SEC22B;RTN4;ZNFX1;CCNY;DNAJB6;ERN1;SPIRE1;TNIK;KLF11;USP6NL;SP100;TMEM117;TFDP2;HSPE1;AHCTF1;ZDHHC5;RIOK3;ILF3;G3BP1;POLG;SMC4;EIF4G3;SLC12A6;YTHDF2;ECPAS;TBC1D14;MSL2;TFEB;KMT5A;EIF4A1;MINK1;DNM2;HOXC10;CDK6;PTPN2;GNL1;STX12;PPP1R10;MSH6;TWSG1;CDK16;KPNA6;NOD1;SMARCA4;SHC1;RPS6KA5;TRIM8;VAPA;RPS6KB1;TNRC6C;BATF3;DDX6;CYREN;KCMF1;RBM24;CSNK1E;DLG5;ROBO1;IFNGR2;POM121;BRD4;DAB2IP;APOL2;PRKG1;ZFAND6;PMF1;PRKAR2A;CCM2;GOLPH3;CCDC117;UBXN8;ZBTB38;ZNRF1;RIPK1;DDAH1;MDC1;UBP1;IL6R;RIGI;PABPC4;PAM;GADD45A;SBNO1;GRB2;CCL2;H2AZ1;TBC1D12;ICOSLG;SLC20A2;ZBTB4;NUAK1;TIPRL;HEXIM1;HCFC1;FBXO31;POLH;WDFY1;BTG1;NUDT15;ERAP1;ACER2;NUP58;IL17RA;NDUFS2;NFATC2;ZFYVE1;MEIS2;PSME3;PPP1R15A;PRKAR1A;LARGE1;EIF4G2;PIK3R2;ATP2A2;KPNA1;RAB1A;HSP90AB1;F2R;DHX36;ABI1;SIRT2;MARK4;IFI27;RSF1;EP300;PHF20;HIC1;EIF3B;IL7;STBD1;ROCK2;BTG2;DDX5;YWHAE;RIF1;ARMH4;UBE2D1;FEM1B;IL16;CUL3;ACVR1;ERMP1;MAPRE1;PTTG1IP;TERF2IP;MON1B;RREB1;COL5A1;SREBF2;ATF5;WWC3;TAPBP;MAP1LC3B;PSPC1;ATG101;AHNAK;SH2B3;SUZ12;KIF2A;HDAC2;CTSK;MERTK;CD58;ANKLE2;VKORC1L1;ATG7;ANGPTL4;NFE2L3;USP47;SETX;KDM2B;TRIM44;CHMP4B;YTHDC1;CENPO;AGO1;TAF1;LYN;ERCC4;DAXX;PSMD12;ATP7A;TBX3;RMC1;AKIRIN2;CFLAR;TLN1;TOB1;TOP2B;HSPA8;TNFAIP8;DHX9;AXIN1;MAP3K5;APP;HYOU1;CREB3;NTRK2;YWHAZ;PBRM1;NUP188;LYST;NCL;ATG4B;DIPK2A;NACC2;DDX39A;RAD23B;TRIM13;UBQLN1;EGLN1;P3H2;IRF2;PAFAH1B2;GALNT1;CISD2;PPP2CB;TUBB4B;ST3GAL3;VPS26B;PTPN14;RHOB;ARL6IP1;JAK1;RNF2;SLC30A1;EPC2;NRP1;MTMR8;PAK2;BICD1;TOP3A;CDKN2AIP;CSRP1;SMUG1;NLK;NIBAN2;LY6E;DCBLD2;TGFB3;USP14,Skin,Pericyte
2,prerank,MS,-0.18177135624639051,-1.1140671663521844,0.001,0.047619047619047616,0.05,402/1267,25.19%,HIGD1B;ANGPT4;MTRES1;STOX1;SDHAF1;PGAM2;NTHL1;TMEM126B;CEPT1;NPRL3;BPHL;ZNF205;PIGU;TEFM;BCS1L;ECHDC2;GSTM4;DPM2;COA5;MTX2;GSTM2;LYRM7;NDUFA3;INPP4B;NDUFS7;COX19;MAIP1;MRPL39;COX4I2;COA3;TIMM22;FOXRED1;PIGC;MRPL10;UQCC1;MRPL46;RWDD3;MT-ATP8;UQCR10;NDUFS4;SLC27A5;MRPL9;CROT;ATP5MC1;MT-ND4L;SLC25A17;CMC1;AFG1L;BDH2;MRPL58;NDUFA7;SELENBP1;MRPL28;MRPL41;PET100;NDUFB7;ATP5ME;HSPA1A;ECSIT;SLC38A9;MRPS14;IVD;MRPL43;COX16;UQCC6;MRPL23;EPHX1;PPP1R3C;NDUFA13;PSME1;BLOC1S1;MECR;BCKDHA;MRPL38;PIGN;CD36;NDUFS8;MRPS34;NDUFB1;MRPL27;CSKMT;ANTKMT;SMDT1;AGK;MRPL44;MRPS18A;PRKAG1;MRPL13;MICOS13;MTLN;PARL;UQCC3;ATP5MC2;HACD1;SUCLG1;PHKB;NDUFC2;ATP5MF;SMAD4;CRAT;TOMM6;MRPS12;TECR;ATP5IF1;COX5B;TMEM223;MRPL11;NDUFAF3;PLPPR4;BCKDHB;TAMM41;DNAJC11;MRPS7;FOS;LIAS;CIBAR1;DECR1;NME3;SDHD;CAVIN3;RPE;PLOD1;DPM3;GABARAP;CDS2;MT-ND3;MRPS11;S100A4;TCIRG1;TIMM8B;NDUFV1;MTFR1L;STRADB;MRPL2;WTIP;CYC1;MGST3;ECHS1;NDUFA8;CAV1;PCTP;NDUFA12;NDUFC1;COX14;GSTZ1;ARL2;UQCR11;SZT2;TAFAZZIN;SMPD4;NQO2;USP19;UQCRQ;LAMTOR5;MBOAT7;MRPS31;ADGRF5;ATP5F1D;COX7A1;NDUFA2;DBI;HADH;UQCC2;IFI6;GSTP1;NUPR1;MRPS18B;SDHC;HS3ST1;MRPL45;CRYZ;CHCHD6;MRPL24;RCC1L;DTNA;CHCHD10;NDUFB3;PDHA1;SDHAF3;MRPL57;LYRM2;COX6C;MRPL18;NDUFAF5;SLC25A11;NDUFS3;CLN3;UQCC4;MTFMT;PDK2;ECH1;COX8A;COX6B1;MRPL16;MTIF3;WDR45;NDUFB4;MRPL36;NDUFA1;ALKBH7;HIGD2A;INMT;NBN;ATP5PD;DNAJC19;MRPS23;MTIF2;MRPS21;MRPL3;COX17;LAMTOR4;NDUFA11;NDUFB10;MRPS5;ISCU;MFF;MPC1;GGT5;PDHB;NUBPL;CEP89;MRPL20;MRPL15;TUFM;SSBP1;PTGES2;ABCB7;TRABD;LAMTOR1;ANG;MRPS18C;PMPCA;TALDO1;MDH1;LAMTOR3;LAMTOR2;MRPL52;MLYCD;NCAPH2;ACADS;GAA;NDUFB9;ABHD8;MRPS9;GCDH;ACSF3;COX6A1;LETMD1;TMEM11;ATP5MC3;CCAR2;IDH3B;SLC35A4;MRPL54;FMC1;MPPE1;MRPL22;MRPL4;PDE2A;GADD45GIP1;UQCRC2;DHDDS;NR1H2;ATP6V1G1;COX15;MT-ATP6;CAB39L;MRPL33;ATP5PO;NDUFS6;AURKAIP1;MSMO1;NDUFAB1;COX7B;PGLS;HADHB;DMAC2;NOL3;NDUFB8;COX10;NNT;ADH5;NDUFB5;PYGM;CITED2;HSD17B10;TIMM9;STUB1;TGFBI;MT-ND2;PHB1;NDUFB11;STMP1;TIMM10;MRPS27;MRPL40;ATP5F1C;PHB2;MAP1LC3A;PEX2;SLC30A9;ATP5PF;COX7A2;STOML2;MRPL19;BAX;APPL2;DELE1;FIS1;COX7A2L;NOP53;MRPL51;IDE;AASDH;LGALS1;CHCHD7;CAV2;MRPL48;ETFB;MDH2;SLC27A4;NDUFAF8;JUN;MT-CYB;ATP6AP1;PFKL;UQCRB;SDHAF2;NDUFB2;TIMM13;COX4I1;HACD4;MRPS2;TSFM;ATPAF1;EIF2AK1;SDHA;NDUFV2;PLAAT4;RRAGA;MIGA1;MRPL42;NIPSNAP2;RHOT2;DEPDC5;ATP5MG;VEGFB;TTC5;MT-ND4;UBE2L6;MT-ND5;MDM4;BLVRA;CHCHD1;HMOX2;MRPL34;MT-ND1;VAC14;LONP2;UQCRH;MTX1;UQCRC1;TRAP1;BCL2L1;CCN1;MRPS15;IMPACT;ROMO1;TMEM126A;EHMT2;AFG3L2;NDUFA4;MFN1;ADSL;GNPDA1;TOMM7;GALK1;MRPL1;UROD;SURF1;ABHD16A;BAD;RRP8;CHKB;EIF6;CCN2;SRPX;COX11;ACAD9;NDUFS5;PCCB;MRPS17;UQCRFS1;FABP3;SDHB;NDUFV3;COX7C;TSC1;TTC7B;VPS41;HMGCL;CBR4,Skin,Pericyte
3,prerank,TIS,0.23276164766357363,1.1049342051066435,0.15995975855130784,0.1947201404361623,0.495,229/927,21.90%,PDE4B;MASTL;LIF;SPDYA;SFRP2;PITPNC1;BIRC3;ADRA1A;SPHK1;UPP1;SEMA3C;MSX1;ZC3H12A;PTPRE;PMAIP1;DCUN1D3;TRIM25;CCNH;HBEGF;VPS37B;CD74;IER3;PNP;PVT1;CRY1;THBS1;MMP2;AQP1;OTUD4;KLF4;PHF13;TFRC;CCND2;TRAF4;SLFN11;DDIT4;DPF3;NPAS2;HIPK2;DOT1L;PSME4;SLC19A2;FOXO1;TIGAR;RBBP8;HSPA4L;NABP1;CDKN1A;POLR1H;CYP1B1;BAIAP2;NFAT5;HELB;BMP2;BCL3;MAPKAPK2;TGFB1;PDGFA;FNIP2;GCLM;SMC5;BACH1;CLOCK;SOCS1;PTPRM;SFN;KPNA2;POLB;RRM1;ELL;TNFRSF1B;WNK1;TENT4A;CGAS;TAP1;H2BC15;PERP;NSD2;FOXP1;SUSD6;BIRC2;ATXN7;KDM2A;NOTCH1;RBBP5;SMG1;KIF13B;NDRG1;PLK2;NINJ1;PHF10;PRKCE;ADA;SESN2;BCL6;POLA1;DNTTIP2;SPRED2;TOP1;TAF5L;POLR1C;FBXW7;SESN1;BCL2L11;RBBP6;SDCBP;SMARCC1;TOPORS;PAK1;MCL1;SNAI2;GTF2B;DCLRE1C;YY1;UBR5;USP9X;PRKCD;ABL1;ARID2;KLHL15;ZBTB7A;SAT1;ABCC5;RALGDS;CHD4;MCM6;CDKN2D;ABCC1;CDC14B;BBC3;UBA6;FOXN3;INTS7;TAOK1;ZBTB1;CSRNP2;CDH13;CES2;TSPYL2;WAC;SPIDR;MAPK8;PARP1;KAT2B;USP10;TNKS1BP1;SMCHD1;ATF4;DRAM1;ACVR1B;ARNT2;MKNK2;SLC3A2;CLU;SFPQ;RNF19B;SMARCA2;CUL4A;IFI16;FOXO3;ALKBH5;HUWE1;DBF4;ING2;RNF169;RRAD;CRY2;ARID1A;CASP9;VAV2;TNFSF9;RNF138;INO80D;STK38;ZDHHC20;FAM168A;CCND3;SIRT1;CTNNB1;WNK2;TP53;PPM1D;HIPK1;BCL7B;ADAM17;TANK;CUL1;REV3L;CDK2;PPP4R2;NLRP1;H2AX;PELI1;USP3;DONSON;DYRK1A;SPIRE1;SP100;RAB40C;POLG;MSL2;KMT5A;GNL1;PPP1R10;MSH6;SMARCA4;CYREN;RBM24;CSNK1E;POM121;BLCAP;CCDC117;ZBTB38;RIPK1;MDC1;GADD45A;TGFBR2;GRB2;ZBTB4;TIPRL;HEXIM1;TAF13;FBXO31;POLH;FZD1;BTG1;NUDT15;ACER2;NFATC2,Skin,Pericyte
4,prerank,RS,0.2093927241383692,0.9778751606150509,0.5541666666666667,0.5839578691513064,0.958,113/518,20.21%,SPDYA;INHBA;USP37;DSP;DCUN1D3;RCC1;CCNH;BAZ1A;KLF4;WEE1;LMNB1;CCND2;SLFN11;DPF3;KCNA5;DOT1L;RBBP8;NABP1;CDKN1A;GNL3;HELB;GSPT1;SMC5;EZH2;ADAMTS1;PPP3CA;POLB;RHOU;RRM1;NAF1;HNRNPC;CGAS;H2BC15;RBMS1;RGCC;SERPINE1;EIF4G1;SMG1;ANKRD28;PLK2;PHF10;MAP3K11;BCL6;POLA1;ZPR1;TOP1;UBN1;FBXW7;RBBP6;KMT2E;SMARCC1;HNRNPU;DCLRE1C;YY1;CRLF3;ANKRD17;ABL1;ARID2;KLHL15;CHD4;TEP1;MCM6;CDKN2D;SMG5;MEPCE;ZBTB1;CCNG2;ELOC;TSPYL2;WAC;LATS2;RASSF1;SPIDR;PHF8;HMGA1;PARP1;TCIM;USP10;TNKS1BP1;SMCHD1;ACVR1B;SFPQ;SMARCA2;CUL4A;DBF4;RNF169;ARID1A;RNF138;INO80D;CCND3;POLG2;CTNNB1;TP53;BCL7B;EIF4E;ADAM17;CUL1;PPP2CA;REV3L;CDK2;PPP4R2;H2AX;DDX3X;PELI1;DONSON;KLF11;SP100;POLG;KMT5A;CDK6;PPP1R10;SMARCA4;RPS6KB1,Skin,Pericyte
0,prerank,MS,0.382366677825374,1.7793916722384988,0.001,0.001,0.001,118/332,22.56%,PGAM1;TOMM5;UCP2;IDH2;ATP5MF;TALDO1;MDH1;ATP5MC3;MRPL23;SSBP1;ATP5F1C;MACROH2A1;PKM;COX8A;NDUFB3;VDAC1;UQCR10;NDUFB2;MT2A;TPI1;BLOC1S1;NDUFB7;ATP6V1F;DBI;NDUFA5;COX6C;PMVK;STING1;COX20;GHITM;GAPDH;SDHA;NDUFB1;TOMM6;NDUFC2;NDUFB6;NDUFB9;NDUFV1;GABARAPL2;ENO1;ATP5F1D;ATP5PF;COX7A2L;TOMM22;SLC25A3;PRDX5;PRKCA;LAMTOR5;ROMO1;GPX1;TKT;NDUFA11;ATP5ME;UQCRFS1;NDUFB10;MICOS10;UQCRH;P4HB;ATP5PB;NDUFB8;ATP5F1A;VDAC2;UQCRQ;MIF;NDUFA2;NDUFA13;NDUFB11;ATP5F1B;PSME1;S100A10;PGK1;VAMP8;BAX;NDUFA4;NDUFA6;PRDX6;COX6B1;NDUFA3;SLC25A5;PRELID1;UQCR11;HSP90B1;NDUFB4;NDUFA1;SCP2;ANXA2;COX7A2;TIPARP;LDHB;ATP5F1E;STK24;SIAH2;COX5B;KDSR;DAP3;H2AZ1;PFKFB3;ATP6V0B;RBPJ;IDH3B;ATP5PD;PET100;SIRT2;YWHAH;PLIN2;GPX4;CYCS;COX5A;SH3GLB1;VDAC3;SESN3;NDUFS5;MICOS13;ATP5MG;COX6A1;ATP5IF1;ATG3;LGALS1,Skin,Treg
1,prerank,RS,0.3630613254201613,1.5718246228710322,0.001,0.001,0.001,48/177,18.39%,TK1;PCLAF;H4C3;TFDP1;PCNA;PPP1CA;RECQL;H1-2;NHP2;SSBP1;NUCKS1;RBMS1;USP1;TMEM14B;PSME2;PSMB2;ACTB;PSMB6;S100A11;SEM1;PSMA4;ROMO1;PSMA2;PSMA6;ANKRD28;SMC3;POLR2L;RAD21;ANXA1;PSMA1;CENPX;CCT3;PSMB3;PSME1;ELOB;EZH2;PSMB1;CCT6A;PSMD14;RASSF1;PSMB7;CCT8;POLR2K;H3-3A;HNRNPA2B1;PSMA7;TMSB4X;PSMB4,Skin,Treg
2,prerank,Common,0.2500705387403537,1.223382873812953,0.024442082890541977,0.09428918590522478,0.239,236/862,24.69%,MKI67;PCLAF;TOP2A;CENPF;H4C3;TFDP1;STMN1;UCP2;TUBB;HMGN2;DENR;NUSAP1;HMGB2;PCNA;ANXA5;PPP1CA;RECQL;MAPRE1;H1-2;NUCKS1;PRDX2;MACROH2A1;CANX;PSMD4;ANAPC11;DEK;VDAC1;PA2G4;PSMC3;CHMP2A;PPP2R1A;MT2A;PDIA6;SIVA1;RAD23A;NAA38;UBE2I;HMGB1;PSMB10;GPSM3;USP1;PTBP1;STING1;MAP3K8;CSNK2B;RBBP7;GHITM;XPO1;CRIP1;PRDX1;LAMP1;PSME2;GAPDH;TSC22D4;PSMB2;SRI;ACTB;PPIA;PSMB6;DNMT1;SPCS1;S100A11;SEM1;DNAJC2;NONO;IFITM2;GABARAPL2;BSG;ENO1;PSMA4;TGFBR3;CORO1A;PRDX5;PRKCA;LAMTOR5;ROMO1;GPX1;PSMA2;PSMA6;ANAPC5;ARHGDIA;TRAT1;PRKAR1A;MYL12A;TRIM28;CD55;DDT;SEC14L1;P4HB;TMPO;ACTG1;CFL1;RHOA;PSMB9;SNX3;TBK1;ATP5F1A;ENY2;LSP1;MACF1;CD82;RAD21;ANXA1;PRKCE;JPT1;VPS29;PSMC5;RAN;MIF;PSMA1;CD6;SEC61B;CENPX;DR1;PSMB3;SMC4;NME2;KDM2A;PSME1;S100A10;PTGER4;PGK1;VAMP8;PSMD8;BAX;ARHGAP26;NDUFA6;PRDX6;LY6E;EZH2;FLNA;ARFGEF1;TMEM258;SUMO2;PABPC4;SLC25A5;PSMB1;PRELID1;HSP90B1;PSMD14;ANP32B;NDUFB4;ANXA2;CALR;IL12RB1;SF3B5;PSMD7;EWSR1;TXN;PSMB7;GNA15;UBE2V1;APOBEC3C;TNFRSF18;STK24;SIAH2;YWHAQ;CKS2;YBX1;CIB1;H3-3A;STAT5A;HSPB1;H2AZ1;BMAL1;YWHAB;RPSA;PSMA7;TMSB4X;ATP6V0B;HCLS1;PSMB4;SYNCRIP;ANXA7;SSB;TMCO1;CBX3;CELF1;BST2;CTNNB1;CD47;TLN1;RELB;AP1G1;SIRT2;ID2;YWHAH;GNLY;PLIN2;GPX4;JAML;SH3GLB1;GNAI3;PTTG1;SESN3;NASP;LAT;DHX36;MEAF6;CORO1B;CST7;SET;ANAPC16;CDC37;HNRNPK;CD4;ILF3;ATP5IF1;TAP1;RCSD1;HLA-C;LYST;ATG3;LGALS1;TIAL1;RBX1;XRCC5;TNFAIP8;MARCHF7;CHMP4B;SOCS3;KPNA1;ADARB1;GYPC;NCL;PUM1;HSPA9;HP1BP3;UBQLN1;TAPBP;KIF2A;ATP6V0E1;HNRNPD;HNRNPA1;LCK;SNRPD1,Skin,Treg
3,prerank,TIS,0.2470973635275541,1.119127021533812,0.22137404580152673,0.20704738760631836,0.538,53/274,17.09%,PCLAF;TOP2A;CENPF;H4C3;NUDT21;HMGB2;PCNA;PPP1CA;RECQL;H1-2;NUCKS1;MACROH2A1;DEK;RAD23A;UBE2I;HMGB1;USP1;CRIP1;PSMB2;ACTB;PSMB6;SEM1;SUMO3;PSMA4;PSMA2;PSMA6;TRIM28;ENY2;CD82;POLR2L;RAD21;PRKCE;MIF;PSMA1;CENPX;PSMB3;KDM2A;S100A10;VAMP8;BAX;SUMO2;PSMB1;PSMD14;HINT1;LDHB;SF3B5;PSMB7;UBE2V1;TMED2;POLR2K;TCEA1;DNTTIP2;CIB1,Skin,Treg
4,prerank,OIS,-0.1719262542286445,-0.8924353993935352,0.8190954773869347,0.8372881355932204,0.8881118881118881,67/267,21.34%,NF1;VAV3;MAP3K5;SC5D;BRAF;CCDC88C;GADD45B;PRDM1;TNIK;GPR55;PJA2;NIBAN1;PHLPP1;GPR183;STK38;FOXO1;SLA;RAP1A;RAF1;BIRC3;TAB2;NPC1;IKZF1;SLC2A3;UBC;CDKN1B;SLAMF1;CXCR4;WAC;MAPK6;PELI1;GADD45G;GLA;ZFP36L1;GRB2;DUSP16;P4HA1;TNFAIP3;SDCBP;SLC7A5;OGT;PTPRC;STK4;BTG2;MAP3K2;DUSP10;RABGAP1L;SBNO1;NAMPT;ATF1;PTPRJ;IL6ST;SIK3;PER1;PPP1R15A;CCM2;CARD11;IQGAP1;FNIP1;TNRC6B;SPRED2;OTUD5;USP12;MAP3K1;LBH;CTSS;CUL3,Skin,Treg
0,prerank,OIS,0.3686509482061058,1.7302356195780897,0.001,0.001,0.001,282/862,22.85%,IL7R;PTPRC;NEK10;CCL3;PRRX1;CXCR4;PDGFRB;CCL5;CD44;LCP1;SLC7A5;BMP2;GPR183;TRAF1;CD37;IGFBP5;MTHFD2;C5AR1;NIBAN1;GPNMB;SLAMF1;IRAK2;ACKR3;NTF3;VAV3;IL6;STC1;APOE;LAT2;DNMBP;MAP2K1;STK40;PRKCA;TGFB2;PTGS2;MFHAS1;PTPRJ;CA2;GATA3;ROBO1;IL34;G0S2;TNFAIP3;OTUD7B;PNP;MAP2K3;BMAL1;FBLN1;GAREM1;HK2;ZC3H12A;CXCL10;CDK6;PTPN1;IGFBP6;DUSP16;MAT2A;TAB2;SH2B3;TRAF4;RASSF2;HIPK2;CNKSR3;CYLD;FAS;RRAGC;DYRK3;YRDC;PTGER4;CPE;NLK;FGFR1;CFH;TNIP1;DHX33;MID1;DUSP6;CCL21;NPC1;CASTOR2;ETF1;SPRED1;SLC2A1;USP12;XBP1;BIRC3;CLEC16A;ERBB4;FNIP2;YWHAG;SNAP25;RIPK2;TNFRSF11A;STK4;GPR137B;ITGAV;PRDM1;SPAG9;FLCN;PRR5L;PIM1;ICAM1;E2F3;PNO1;AKAP12;MPZL2;TFRC;EIF4E;SPRY4;EZR;MAPKAPK2;EGLN3;TXNRD1;VEGFA;NFKBIB;GPAT3;TRIB1;SMCR8;ARPC5L;PTPN6;CDKN1A;TOR1AIP2;SLCO3A1;HBEGF;RPS6KB1;PAK3;TOMM40;LDLR;SASH1;AKT2;MAPK6;DAXX;GALNT3;OGT;NF1;PSMD12;ANKH;SQSTM1;GNGT1;SFN;TMEM97;TP53;HSPA5;THBS1;KCNN4;AGO3;MAFB;AGO1;PLAUR;ACACA;LARP1;IL1RL2;ELOVL6;ETS1;HSPA9;TRIM5;MTHFD2L;ATP2A2;CAB39;PRDM11;ABCF2;CX3CL1;PRELID3B;PSME3;P4HA1;INSIG1;CCND2;STK3;SH3RF3;MAPK8IP3;RFFL;TNFAIP8L3;UBE2N;STARD4;MDFI;RPS6KA3;DUSP4;PDGFA;PGM1;IL15RA;SEMA3B;IRF8;CSNK1A1;MCM4;DUSP3;PPP1R15A;TES;EPHA2;DNAJA1;NFIL3;FNIP1;SEH1L;HSPD1;UBE2D1;DCBLD2;PTPN11;ALDH1A2;SHMT2;MAP3K10;ZNF622;UBE2W;PITPNB;SPRY2;RBM4;MAP4K4;TFPI;USP7;CRKL;FGF2;CDK12;ATP6V1A;DUSP10;PRKAR2A;EGFR;GNA12;NR2C2;EDEM1;GLRX;MKNK1;DHCR24;HSPA4;IDI1;SEC13;BRAF;TFDP1;IRAK1;CUL1;PDE8A;AKAP13;EVI5;PIP4P1;INSR;MAP4K5;GPI;ITGA2;STIP1;SYAP1;JUP;ETV5;CCSER2;HSP90B1;ARRB1;LGMN;MAP2K7;PDGFRA;SDF2L1;TAB3;FGF13;F2R;PDGFC;SHC1;SBNO1;PLAU;RHEB;SIRPA;C9orf72;ATP6V0D1;DLG1;HDAC9;ATP6V1D;GADD45A;TGFB1;RGS2;LBH;KARS1;RAP1A;CDKN1B;DDX39A;PSMD14;BMP4;PAK1;EMP1;RASGRP3;FBXW7;RRP9;SIK3;PAK2;SEMA6A;MEAK7;ADAM9;PPP1CC;PTPN2,Skin,VE
1,prerank,Common,0.2810466132935019,1.3470803485839642,0.001,0.002434570906877663,0.006,784/3076,22.40%,IL7R;PTPRC;CD69;STAT4;CCL3;PARP8;OGN;LRFN5;CCL4;CXCR4;CCL5;C2CD4A;CD44;LCP1;SLC7A5;HCST;ADCY3;THY1;CLDN1;MT1G;MBP;BMP2;NPAS2;CXCL1;DSG1;TNC;LSP1;EFNA5;GPR183;MAF;SLC19A1;TRAF1;SOD3;CSF3;CXCL8;DELEC1;IGFBP5;SFRP2;BCL2;ADGRE5;OMG;C5AR1;SERPINE1;MEIS2;SDC4;NIBAN1;GPNMB;SLAMF1;IRAK2;LYPD3;TP63;ACKR3;VCAM1;IPCEF1;PLSCR2;NTF3;UBASH3B;RBM47;VAV3;IL6;PRKG1;HMOX1;KDM6B;CD274;BATF3;APOE;FOSL1;SGMS2;SOD2;GCNA;SLC8A3;MAP2K1;AEN;RCC1;IL16;PMAIP1;PRKCA;F5;BACH1;NKX3-1;HMGA1;SMAD3;VDR;TGFB3;ICAM4;ZNF385A;NABP1;TGFB2;TRAF3;PTGS2;PTPRE;CENPP;AQP3;ZNF668;MFHAS1;PTPRJ;DDAH1;CXCL14;GATA3;COLEC12;ICOSLG;ISG20;CXCL2;ROBO1;NECTIN1;TNFAIP6;TNFAIP3;PPIF;KRT15;ZNF697;MYO1F;TINCR;MRTFA;MAP2K3;CLIP1;PPP1R15B;KRT1;MT1X;BMAL1;FBLN1;SREBF1;IL6R;NR4A3;CHST2;ITGB3;DMD;HK2;ZC3H12A;TNFAIP8;AKIRIN1;KANK1;SUV39H2;NFKB1;CXCL10;IRGQ;DOT1L;SPDYA;EIF2B3;CDK6;PTPN1;MT2A;COL3A1;IGFBP6;TP53INP2;DLG5;STAT5B;EGR3;SLC7A1;ARHGEF2;TRAF3IP2;SEMA3E;TAB2;HIC1;SH2B3;IL18R1;BTG3;HAS2;SELE;OTUD4;USP10;HIPK2;CYLD;FAS;RRAGC;YARS1;S100A14;LYAR;DYRK3;PEX5;GCLM;PTGER4;SLC38A1;CIP2A;AGAP3;CRYAB;NLK;TOB2;CKS2;CFH;CCL2;DAPK1;RBBP8;REL;TICAM1;CEBPB;TNIP1;DTX4;DHX33;PVR;NOLC1;MID1;ST3GAL1;RELB;NDUFAF4;DUSP6;CCL21;FEM1A;PRNP;NPC1;USP36;SRPK1;CYP1B1;NFKBIA;SPATA2;SPRED1;CREB3L2;ZNFX1;CFLAR;SERPINE2;C2CD4B;ADAMTS1;ABL1;PPP4R2;DCN;PLIN2;TRIM25;USP38;DPF3;XBP1;SAV1;BIRC3;EFHD1;LRG1;ATF6;GSPT1;DAGLB;CLEC16A;ZNF503;IER3;ERBB4;ANKLE2;ARHGAP24;BDKRB2;CD200;TNFRSF12A;KLRD1;PSME4;NUP62;FNIP2;UBE2E1;SERPINB9;SLC12A6;C1QTNF1;CD55;TANK;YWHAG;PGAM5;CTSK;RIPK2;NCOA7;TOP1;TIFA;TNFRSF11A;VMP1;ZBTB7A;PTGES;ACVR1B;GPR137B;POLH;IFNGR2;EID3;ITGAV;PLEKHM1;INTS7;ATG2A;CGAS;FLCN;UBE2E2;UCHL3;STAT5A;PRR5L;PIM1;IRS2;SLF1;NFATC1;YOD1;CCRL2;BDKRB1;TADA2B;ICAM1;E2F3;HPN;TMEM39A;TTC23L;CHMP4B;PRKCE;TICAM2;RNASET2;ANO6;HRH1;SUSD6;PDE4B;KPNA6;MT1E;ZNRF1;DNAJB9;OASL;IL4I1;ARHGAP10;TFRC;AKNA;EIF4E;NUP98;PPARD;NFE2L2;PPARA;RAP2B;TPBG;PPTC7;FHL2;SP100;SENP3;MAPKAPK2;LARGE1;SFRP1;EGLN3;NCK2;TXNRD1;TRIM41;VEGFA;CTPS1;RFWD3;RTEL1;TRIB1;PIM2;AHI1;RBBP6;ZPR1;CRK;MGAT5;FAP;SMCR8;PTPN6;BCL6;TENT4A;DGKD;CDC7;CDKN1A;FBXO5;RANGAP1;SIK2;GGCX;CD82;EIF2S1;ZBTB17;BCL3;EIF2AK3;HBEGF;G3BP1;RPS6KB1;PAK3;CCNH;PTPRS;FOXK2;LDLR;MAN1A1;EXOC8;TNKS1BP1;UBE2S;INHBB;DSP;ABCC1;EIF3A;CYBA;DYNC1I1;NUP88;CXCL16;BRD4;AKT2;GALNT1;SERPINB2;MT1M;MT1A;GCH1;SLC31A2;TYK2;PIK3R1;DAXX;NINJ1;BAZ1B;HILPDA;BCL10;PRRG4;EIF3B;RBPMS;RBBP5;OGT;MTSS1;NF1;PSMD12;SQSTM1;RASA3;SFN;CFD;TMEM97;NPLOC4;TP53;TIGAR;ARL8B;SMURF1;HSPA5;LRSAM1;TDG;SIAH2;THBS1;MAGI2;KCNN4;POM121C;AGO3;PTTG1;NUP153;MAFB;KPNA4;AGO1;PLAUR;DPF2;RARRES1;ILRUN;YTHDF2;LARP1;MANF;GCN1;PLEKHM2;RAB7A;ADAMTS18;CD68;SND1;COL5A1;SPINDOC;DLC1;IL1RL2;BCL2L11;MARK4;ETS1;POM121;CHERP;GBP2;ANKRD17;PER2;SLC31A1;ABCA1;HSPA9;AKIRIN2;TRIM5;SMARCC1;ZBTB40;JPT2;ATP2A2;CAB39;CX3CL1;MGAT2;TRIM59;MOAP1;TNFRSF10B;PEA15;CLCF1;POLN;CLOCK;IER5;PSME3;INSIG1;POLR3D;CCND2;EIF4G3;SPIRE1;LATS2;HIF1A;UBR4;PPP2CA;THBD;EMP3;KPNA1;CASP9;SBNO2;SH3RF3;MAPK8IP3;UBQLN2;RFFL;FSTL1;VGLL4;UBE2N;MED1;HM13;ADGRG1;SREBF2;RPS6KA3;ABL2;HMOX2;PDE12;UPF1;GSTM3;SFPQ;YY1;GNL1;UBQLN4;SLC39A8;HELLS;PDGFA;STX12;TRIM27;H2AZ1;KPNB1;AREL1;NCL;VCL;IL15RA;HYPK;IRF8;RETREG1;SMG9;CSNK1A1;MCM4;PPP1R15A;FOXK1;TES;USP47;LMNB1;GNB1L;HEXIM1;APEX2;SMG1;LGALS8;EPHA2;NUP58;MMP14;DNAJA1;CHMP7;PTRH2;DNAJA4;FNIP1;SPRTN;SYTL4;SEH1L;CHORDC1;PARP14;HSPD1;ABCF1;UBE2D1;DCBLD2;PTPN11;FEM1B;ALDH1A2;DONSON;RHBDF2;ARHGAP35;CHD4;USP27X;PSEN1;IL1R1;EIF4G1;TNPO2;KIF1B;SHMT2;SGF29;ARHGAP26;VPS37C;YTHDF3;YES1;N4BP1;UBE2W;RNF185;HIRA;DDB1;CEBPD;SPRY2;FYN;LONP1;RB1CC1;TLE3;RBM4;MID2;DDX6;HDAC4;MAP4K4;NFAT5;RELA;GPR4;PDPK1;OAS2;BID;LGALS1;TFPI;USP7;NFKBIZ;DNMT1;OAS3;SNAI2;YME1L1;SRSF1;MACF1;STAU1;RSL1D1;MSX1;UCK2;MASTL;RNF111;PUM1;DCLRE1C;FGF2;PMF1;PHF20;RRP8;POLD1;HERPUD1;PAFAH1B1;MCL1;MAP1S;SCARF1;SUZ12;CELF1;KANK2;ATP6V1A;SETD2;PPP2CB;PHF23;RNF4;DUSP10;PRKAR2A;SUPT5H;HAPSTR1;PRC1;EGFR;GNA12;PABPC1;C15orf39;DRAM1;TXN;DFFA;MARK2;PRMT5;PHLDB2;EDEM1;INO80;BTG1;CRY1;RCC2;PSMD3;GLRX;UBE2K;POLA2;NME1;HSPA4;MARCHF5;CBX4;ATP2B4;IPO5;SUPT3H;NF2;SEC13;CCDC47;TACR1;ATF4;BRAF;PXK;SRPK2;TFDP1;PFKP;IRAK1;SMARCA4;PSMD1;CUL1;JAK1;ALKBH5;DR1;PIP4P1;FER;INSR;PRKCI;CRADD;IFIH1;TRIM44;TRIM56;STAT3;AVEN;CAMK2N1;TERF2IP;ITGA2;SLC25A23;SDE2;CPEB4;SMC5;ARID2;BAG4;TLK2;ETV5;NUP93;BRCA1;CACTIN;SNX5;RMC1;HSP90B1;PTPRK;IGHMBP2;MORC2;NUP50;SNX32;LGMN;HYOU1;MUC1;POLE3;TRIM13;ST3GAL4;WNK3;MAP2K7;PDGFRA;NSD2;STX4;ATG101;CSNK1E;TNIP2;ADAR;TAB3;SPG11;RHOG;CDKN3;HSPA8;NDC1;ATXN7;F2R;RAD1;SF3B3;ST3GAL2;HNRNPA0;POLG;MIS12;FOXO3;CREBBP;SHC1;PHF13;GRINA;CASP8;SBNO1;FBXO45;HDAC2;ZBTB1;PPP3CA;PLAU;SMCHD1;TAP1;RHEB;KPNA2;SIRPA;WRAP53;C9orf72;PLIN3;TSC22D4;ATP6V0D1;DNAJA2;NDEL1;NOC2L;TERF2;CD83;SETD6;DCAF12;PSMD11;ARID1A;HDAC9;HCLS1;ATP6V1D;NUDT15;GADD45A;TGFB1;KARS1;MX1;KDM4B;MCAM;ADA;SLC25A5;CADM1;PDZD8;KDM2B;PLK3;CDKN1B;FXN;SCAF4;KDM2A;DDX39A;CSNK2A2;KCMF1;PSMD14;GTF2B;NDE1;PABPC4;BMP4,Skin,VE
2,prerank,MS,-0.16799422626213173,-1.0128192214314966,0.42857142857142855,0.43661971830985913,0.42857142857142855,464/1422,28.49%,EDN1;FOS;GPAM;TEFM;PRDM16;PPP1R3C;CCN2;TAMM41;NSDHL;SLC38A9;GPER1;HSPA1A;ANKZF1;PLD1;USP19;LCAT;SLC25A14;PCTP;MTRES1;BCKDHB;MTX3;GPIHBP1;IGFBP3;MIX23;PIGN;ENPP2;MAOA;ACADS;CYP1A1;NDUFA3;MTM1;ACBD4;PIGM;ZNF205;IGF2;MT-ATP8;NTHL1;ETFBKMT;IDH1;BOK;SLC44A4;JUN;PDGFB;FIG4;MRPL30;PLA2G4A;USF1;CP;EPM2A;TMEM223;PHKB;MBOAT2;ULK3;ABHD6;CIAO3;CAVIN3;MTX2;PRKAB1;ACOT2;MYBBP1A;SIRT3;TCIRG1;CROT;NUDT7;GNPAT;DUSP1;LPCAT2;PHKA2;ACSF3;SLC6A6;MRAP2;SDHAF4;GALK1;EPHA4;SLC44A2;MRPS31;SDHAF3;HSD17B7;EHHADH;SCARB1;ABCA3;ADGRF5;CMC1;COA5;CLU;NQO2;MTOR;MIGA2;MLYCD;COA3;PIGO;NDUFB7;LAMTOR2;DEPDC5;PIK3R3;GYG1;ADM;PET100;APOOL;MRPL28;RWDD3;MAOB;TBC1D5;KLF10;UQCC1;LIAS;COX7A1;LTC4S;MT-ND4L;HIP1R;RHOT2;DGKZ;COX16;AGPAT2;DPM3;LRRK2;CDKN1C;TSC2;HSD17B11;MT-ATP6;TAFAZZIN;OCIAD2;NUDT8;AKR1C1;BCS1L;PIGZ;CEP89;DDIT4;STRADB;FIS1;STMP1;D2HGDH;MRPL49;AFG1L;LPIN3;PTGR2;PLPP2;S100A10;ECI2;SZT2;PCYT2;NDUFC2;SUCLG2;MRPL57;AKR1E2;MT-ND3;SLC25A46;PLCD1;MCEE;NDST2;CHKB;TPD52;KDM3A;UQCR11;NDUFS3;MICOS13;MTIF3;TNFSF10;ARV1;PLPP1;MRPL16;P2RX7;NDUFC1;ATP5ME;ACOT8;NDUFA13;DMAC2;MAPKAP1;S100A4;GAS6;SLC2A3;MECR;AASDH;ABCB7;MTFR1L;NDUFB1;SDHAF1;IFI6;MID1IP1;VPS41;ATP23;MT-ND5;PDK2;STX17;DECR1;GAS2L1;MRPL58;ROMO1;EGLN2;GGT5;ARL2;AGK;MTLN;NDUFAF6;PIGB;SAMM50;WDR81;MRPS9;DECR2;PRXL2B;GDPD3;STPG1;ATP5IF1;NDUFB3;NDUFAF3;ERAL1;GPD2;MIGA1;LYRM2;SMPD1;TIMM21;NDUFA7;DNAJC19;ECHDC1;NDUFA1;SLC30A5;PDE2A;BLOC1S1;FH;ACOX1;PDK4;ENOX2;COX6B1;XYLB;NDUFS7;NDUFA11;ATP5PF;NDUFB9;PEMT;MSMO1;MRPS27;MRPL2;GADD45GIP1;UQCC3;TTC5;NDUFV1;KICS2;TBC1D7;NDUFA12;PRMT1;KAT5;ADH5;MTIF2;AKR1C2;NNT;DERA;EHMT2;NDUFA4;CDON;JMJD8;NDUFS4;MRPS23;CD74;PIGQ;MRPL27;PEX2;ZFP36;ATP5F1E;MRPS33;PIGG;SDHAF2;SLC27A3;BPHL;PLA2G6;SLC27A1;DPM2;MDM4;UQCR10;MBOAT1;BDH2;UQCRQ;MT-ND2;RPE;MAPK3;COX5B;NAPEPLD;ATP5PD;NDUFB4;COA8;MT-CYB;PIK3CB;PSME1;PIGC;LPCAT4;MRPL10;IMPACT;OMA1;MICU1;ATP5MC1;TSC1;FMC1;AGL;ACADM;PDIA5;OCRL;NUBPL;PYCARD;MRPL3;COX6C;HMGCL;MRRF;DGKA;MGST3;IDE;ETFB;PIN1;MRPS14;SMDT1;MYC;MT-ND4;PPP1R3D;COA1;FOXRED1;MRPL42;DNAJC11;CSKMT;DYRK2;NDUFA5;GSTP1;MRPL41;SIRT7;MRPL21;AIFM1;ATP6AP1;TIMM29;PDK1;TMEM126B;PTPMT1;ALAD;NAGK;MTX1;FASTKD3;TIMM8B;MBOAT7;SLC30A9;MRPS5;MT-ND1;SSBP1;LAMTOR1;MRPL23;LONP2;MRPL40;LEPR;NDUFA2;DMAC1;STRADA;SMPD4;ECHS1;TOMM6;MRPL54;MRPL55;PSENEN;CYP4V2;MVK;CHCHD1;KCNB1;NCAPH2;NOP53;ATP5F1D;PIK3C3;AGPAT1;MRPL52;LAMTOR4;PFKL;GLUL;GRHPR;CHRNA7;MICOS10;MTFMT;ECH1;BHLHE40;PAFAH1B3;PGS1;ANTKMT;CHCHD6;CBFA2T3;KAT2B;ATG5;SIRT6;MRPL22;DELE1;NME3;PGAP3;HEXA;NDUFA8;RTL10;EFNA1;MRPL38;MPPE1;MRPS18C;GYS1;PRKAB2;SLC35F6;NDUFS8;LYRM7;GAA;MRPL43;MRPL35;SUCLG1;MRPL34;NDUFB10;MRPS26;MT-CO3;ATP5MC2;XPNPEP1;FAR1;PDHX;STAT2;SIRT5;PNPLA6;PRKAG2;MRPL11;HSD17B4;MRPL51;MAP3K1;ABHD8;ATP5MF;PGAP2;ATP5MC3;STUB1;DHDDS;SLC37A4;NDUFB2;NDUFB8;UQCC2;COX7B;AIG1;GPX4;RRAGB;TUFM;PIGF;CYB5A;MDH2;MRPS11;SERINC2;ULK1;CRYZ;PTGES2;SCP2;SNAP47;ACAD11;MRPL33;MRPS34;ERLIN2;IL10RB;PHKA1;AKR1C3;SLC25A13;IVD;MXI1;AKR1B1;PRDX5;PDHA1;CHCHD4;NDUFAF7;ULK2;ATPAF1;PDHB;DNAJC30;NIPSNAP2;ITFG2;MRPL24;TMEM126A;GDAP1,Skin,VE
3,prerank,RS,0.20703446921457463,0.9562290029912394,0.6105919003115264,0.895110570095354,0.981,198/593,30.19%,ID4;BCL2;SERPINE1;GPNMB;TP63;RCC1;HMGA1;NABP1;DDR2;TWNK;DOT1L;SPDYA;CDK6;USP10;USP37;CCL2;BAZ1A;SMG5;RBBP8;ADAMTS1;ABL1;PPP4R2;DPF3;GSPT1;TOP1;ACVR1B;POLH;EID3;CRLF3;ANKRD28;CGAS;HNRNPC;UBE2E2;UCHL3;SLF1;E2F3;BRPF3;EIF4E;TSPYL2;SP100;SENP3;RFWD3;RTEL1;PIM2;RBBP6;ZPR1;PTPN6;BCL6;CDC7;CDKN1A;FBXO5;RPS6KB1;CCNH;TNKS1BP1;DSP;DAXX;CACUL1;TP53;DPF2;ELOC;DCUN1D3;ANKRD17;SMARCC1;POLN;KMT2E;PSME3;CCND2;LATS2;PPP2CA;UBE2N;UPF1;SFPQ;YY1;UBQLN4;HELLS;RBMS1;MCM4;LMNB1;LRR1;SMG1;SPRTN;GNL3;DONSON;CHD4;ZNF827;EIF4G1;HIRA;DDB1;CCT2;BID;USP7;DCLRE1C;POLD1;KANK2;SETD2;EGFR;INO80;POLA2;ATP2B4;TFDP1;GAR1;SMARCA4;CUL1;WIZ;PDS5A;TERF2IP;SDE2;SMC5;ARID2;TOP1MT;BRCA1;MUC1;POLE3;MAP2K7;NAF1;CDKN3;TNKS2;POLG;CREBBP;ZBTB1;PPP3CA;SMCHD1;WRAP53;WAPL;TERF2;GRWD1;DLG1;PAF1;ARID1A;NAP1L1;PLK3;CDKN1B;PSMD14;H2AX;FBXW7;SLFN11;CCT5;HNRNPU;GTPBP4;PPP6R3;OOEP;PHF10;SPIDR;TENT4B;MCMBP;PHF8;CCNG2;TOP3A;PINX1;TCF3;CUL4A;CDK7;PPP1R10;ACVR1;UBE2A;RGCC;CCT3;DKC1;SMARCA5;PTEN;DHX9;USP1;HUS1;PELI1;CDK4;SMG6;POLA1;HSP90AB1;SET;RAD52;CUL2;PSMA6;POLDIP2;MAGEF1;ZFYVE26;RNF169;NPAT;MEPCE;TAF1;CCT6A;POLR2H;YLPM1;MBTD1;NIPBL;HNRNPD;DHX36;BRCA2;INO80D;UBE2B;CDK2AP1;MAPKAPK5;ACTR2;RASSF1;XRCC6;PPP6C;REV3L;RRM1;CCT8,Skin,VE
4,prerank,TIS,0.18625286079530656,0.8793894479194363,0.8828282828282829,0.8918644755528504,1.0,239/1086,22.61%,MMP1;CD44;BMP2;NPAS2;DSG1;SFRP2;BCL2;TP63;ACKR3;VAV3;HMOX1;GCNA;AEN;PMAIP1;BACH1;NKX3-1;VDR;ZNF385A;NABP1;PTPRE;ZNF668;GATA3;PNP;ZC3H12A;DOT1L;SPDYA;PITPNC1;RRAD;GSTO2;HIC1;TRAF4;OTUD4;USP10;HIPK2;FAS;SERPINB5;GCLM;CIP2A;CRYAB;RBBP8;CLP1;PVT1;CYP1B1;SPRED1;ABL1;PPP4R2;SOCS1;TRIM25;DPF3;BIRC3;POLR1C;RNF19B;AS3MT;IER3;STX3;PSME4;FNIP2;TANK;TOP1;ZBTB7A;ACVR1B;POLH;EID3;INTS7;CGAS;UBE2E2;UCHL3;SLF1;TADA2B;PRKCE;SUSD6;PDE4B;TFRC;TSPYL2;RAP2B;SP100;SENP3;DNTTIP2;MAPKAPK2;CTPS1;RFWD3;RTEL1;RBBP6;TM4SF1;BCL6;TENT4A;CDC7;KCNQ1;CDKN1A;FBXO5;CD82;EIF2S1;BCL3;HBEGF;CCNH;TNKS1BP1;INHBB;ABCC1;RALA;ELOA;NINJ1;BAZ1B;AOC2;RBBP5;SFN;NPLOC4;TP53;TIGAR;TDG;THBS1;PERP;DPF2;SPINDOC;UPP1;BCL2L11;POM121;DCUN1D3;SMARCC1;ZBTB40;MOAP1;POLN;CLOCK;IER5;CCND2;SPIRE1;CBR3;CASP9;UBE2N;UPF1;GSTM3;SFPQ;YY1;GNL1;UBQLN4;ABCC5;HELLS;PDGFA;RAB40C;MCM4;PPP1R15A;USP47;GNB1L;HEXIM1;APEX2;SMG1;EPHA2;SPRTN;FEM1B;DONSON;RHBDF2;CHD4;PSEN1;SGF29;N4BP1;DDB1;NFAT5;BID;USP7;SNAI2;MSX1;MASTL;RNF111;DCLRE1C;RRP8;POLD1;MCL1;SETD2;RNF4;SUPT5H;CSTF3;EGFR;DRAM1;INO80;BTG1;CRY1;POLA2;NME1;SUPT3H;USP11;ATF4;IRAK1;SMARCA4;CUL1;RALGDS;ALKBH5;CRADD;TERF2IP;SDE2;SMC5;ARID2;TLK2;BRCA1;PTPRK;IGHMBP2;MORC2;MUC1;POLE3;WNK3;ELL;NSD2;CSNK1E;FGF13;ATXN7;F2R;RAD1;SF3B3;POLG;FOXO3;CREBBP;PHF13;FBXO45;ZBTB1;SMCHD1;GM2A;TAP1;KPNA2;WRAP53;NOC2L;TERF2;ARID1A;HCLS1;NUDT15;GADD45A;TGFB1;SLC19A2;KDM4B;AHRR;ADA;PLK3;CDKN1B;KDM2A;CSNK2A2;PSMD14;GTF2B;PAK1;H2AX;CDIP1;FBXW7;SLFN11,Skin,VE
